path,sha256,size_bytes,role,action
A_route/problem3/02_batch_run/logs/causality_validation.json,f08fe7b36a921886e857270c18d3f88e217322ec5b1b2b14ad4181d8ccdb06be,24976,batch_log_or_checkpoint,只读冻结；未执行
A_route/problem3/02_batch_run/logs/checkpoint_manifest.json,5a7a294656698c9dfac1e871fa1d0f37ec0a59cbc7a6fa55aad9427b18857091,524381,batch_log_or_checkpoint,只读冻结；未执行
A_route/problem3/02_batch_run/logs/checkpoints/P3_MAIN_MEAN_ROLLOUT_061218/2025-02-01.json.gz,3599227e5dd9f3bfcbf1d904fbfc6fde41217d745679968eb6debe60be772c9a,275845,batch_log_or_checkpoint,只读冻结；未执行
A_route/problem3/02_batch_run/logs/checkpoints/P3_MAIN_MEAN_ROLLOUT_061218/2025-02-02.json.gz,553a5f4ef087cb6c446d99ddce2ba893b4dce52914f0faf7a4f14d3ff2770833,289712,batch_log_or_checkpoint,只读冻结；未执行
A_route/problem3/02_batch_run/logs/checkpoints/P3_MAIN_MEAN_ROLLOUT_061218/2025-02-03.json.gz,20c4c04050cd938c8e24c4d49cde785d11e36fde83278480adf340f8ef24f897,300018,batch_log_or_checkpoint,只读冻结；未执行
A_route/problem3/02_batch_run/logs/checkpoints/P3_MAIN_MEAN_ROLLOUT_061218/2025-02-04.json.gz,7c29641c1d90cd94d2abb3d840661884b3ca76ae322d4b3acc68e1b80cb27dd9,309410,batch_log_or_checkpoint,只读冻结；未执行
A_route/problem3/02_batch_run/logs/checkpoints/P3_MAIN_MEAN_ROLLOUT_061218/2025-02-05.json.gz,dc1866411c7e568ae60f1266ad39a50a9a623e1af18f56f6c6549533b84205ea,323352,batch_log_or_checkpoint,只读冻结；未执行
A_route/problem3/02_batch_run/logs/checkpoints/P3_MAIN_MEAN_ROLLOUT_061218/2025-02-06.json.gz,4ad465897707c05567ca3ecf380bacffd65baad78aefef87d084ccb098e40487,317510,batch_log_or_checkpoint,只读冻结；未执行
A_route/problem3/02_batch_run/logs/checkpoints/P3_MAIN_MEAN_ROLLOUT_061218/2025-02-07.json.gz,80700b80294d65e0fd0ff6190eefcd206a3251ca929c03d63eb037a4262e8615,313220,batch_log_or_checkpoint,只读冻结；未执行
A_route/problem3/02_batch_run/logs/checkpoints/P3_MAIN_MEAN_ROLLOUT_061218/2025-02-08.json.gz,d3fd2a9fc306e7cc1568dbd0452da14ac8fb78a9496f03670c2b2a2cb34bf265,324204,batch_log_or_checkpoint,只读冻结；未执行
A_route/problem3/02_batch_run/logs/checkpoints/P3_MAIN_MEAN_ROLLOUT_061218/2025-02-09.json.gz,7c233083970682af7b13de24e3f7e2ec4458cec8f9cbbe1ce0da951faeca720e,325708,batch_log_or_checkpoint,只读冻结；未执行
A_route/problem3/02_batch_run/logs/checkpoints/P3_MAIN_MEAN_ROLLOUT_061218/2025-02-10.json.gz,d780995c5a3529da84163b0de186c0c77e012d1149a95ac0356496b577028833,326421,batch_log_or_checkpoint,只读冻结；未执行
A_route/problem3/02_batch_run/logs/checkpoints/P3_MAIN_MEAN_ROLLOUT_061218/2025-02-11.json.gz,b05ea7c8a5d26c9b7565a3972f362d9d9d15980955fa9d158380ae7f38094af8,322326,batch_log_or_checkpoint,只读冻结；未执行
A_route/problem3/02_batch_run/logs/checkpoints/P3_MAIN_MEAN_ROLLOUT_061218/2025-02-12.json.gz,2832d578f020bb9344a2c21324aec66db9bdbb59b63a49cbc3cd95915fb544b0,322706,batch_log_or_checkpoint,只读冻结；未执行
A_route/problem3/02_batch_run/logs/checkpoints/P3_MAIN_MEAN_ROLLOUT_061218/2025-02-13.json.gz,09e1958be39834b0076f3c38222d0f90139b520c70f78641108d2717b2f06c9e,328487,batch_log_or_checkpoint,只读冻结；未执行
A_route/problem3/02_batch_run/logs/checkpoints/P3_MAIN_MEAN_ROLLOUT_061218/2025-02-14.json.gz,2004610d7c4f576c351cfc7ea235bb6ee7178412bae3800624634f8c2badd041,322401,batch_log_or_checkpoint,只读冻结；未执行
A_route/problem3/02_batch_run/logs/checkpoints/P3_MAIN_MEAN_ROLLOUT_061218/2025-02-15.json.gz,f8096efc7fa40ba5ad76c1e69f019bb17536acab883ca063cf936c2f6075b593,320388,batch_log_or_checkpoint,只读冻结；未执行
A_route/problem3/02_batch_run/logs/checkpoints/P3_MAIN_MEAN_ROLLOUT_061218/2025-02-16.json.gz,bb0ed698f62ccb28235ed2dd3758de9485150ac99dcaf96618e0f0ebf29f1656,326424,batch_log_or_checkpoint,只读冻结；未执行
A_route/problem3/02_batch_run/logs/checkpoints/P3_MAIN_MEAN_ROLLOUT_061218/2025-02-17.json.gz,1c859c8aeb3c8f6321c95f219841d1b39b237cf2623b9dabff5578d3b72a4dd2,327602,batch_log_or_checkpoint,只读冻结；未执行
A_route/problem3/02_batch_run/logs/checkpoints/P3_MAIN_MEAN_ROLLOUT_061218/2025-02-18.json.gz,da92a3cb87782decec42d1f0b673d866fba1efd3094d40153a26ea57316ab0e5,336715,batch_log_or_checkpoint,只读冻结；未执行
A_route/problem3/02_batch_run/logs/checkpoints/P3_MAIN_MEAN_ROLLOUT_061218/2025-02-19.json.gz,3a1fd029da614f627bef60465a85ff1ea899b255b534995404e117616d0fb248,339015,batch_log_or_checkpoint,只读冻结；未执行
A_route/problem3/02_batch_run/logs/checkpoints/P3_MAIN_MEAN_ROLLOUT_061218/2025-02-20.json.gz,835a586dfcb1892e6e59c682c91b4cb4299bc41810157f5e08888e1d5ba64862,330342,batch_log_or_checkpoint,只读冻结；未执行
A_route/problem3/02_batch_run/logs/checkpoints/P3_MAIN_MEAN_ROLLOUT_061218/2025-02-21.json.gz,e7ce21a69bcce6b32bda19be61459e5d3dfd8813ab395a1b5e716596acb0faac,320461,batch_log_or_checkpoint,只读冻结；未执行
A_route/problem3/02_batch_run/logs/checkpoints/P3_MAIN_MEAN_ROLLOUT_061218/2025-02-22.json.gz,9ed262a849d5b95066c61c10711fa0852ff9e0380e282e0478db3feaa43727ee,327780,batch_log_or_checkpoint,只读冻结；未执行
A_route/problem3/02_batch_run/logs/checkpoints/P3_MAIN_MEAN_ROLLOUT_061218/2025-02-23.json.gz,8fd0e53dda27439f1fd7e6f922a44968498d3c5e8d53b2690c220f95c68b7c6f,334299,batch_log_or_checkpoint,只读冻结；未执行
A_route/problem3/02_batch_run/logs/checkpoints/P3_MAIN_MEAN_ROLLOUT_061218/2025-02-24.json.gz,6e4475f815d75662c36d049e9c0badec674bb3f2c8d5b812b86e9dd67abe8744,330169,batch_log_or_checkpoint,只读冻结；未执行
A_route/problem3/02_batch_run/logs/checkpoints/P3_MAIN_MEAN_ROLLOUT_061218/2025-02-25.json.gz,59d84fa270a7b6280765ab4e6961189d891e5076f3572eb4329cb2233c161474,332269,batch_log_or_checkpoint,只读冻结；未执行
A_route/problem3/02_batch_run/logs/checkpoints/P3_MAIN_MEAN_ROLLOUT_061218/2025-02-26.json.gz,d6712a192f96281d186c487e1d68628b81f1b25f09effc5c505bcb9c6f713c99,342403,batch_log_or_checkpoint,只读冻结；未执行
A_route/problem3/02_batch_run/logs/checkpoints/P3_MAIN_MEAN_ROLLOUT_061218/2025-02-27.json.gz,e04b3f177e024d22e79ba7fa544c93392cbfec4d550dc6d9bbb0ffe1c83ae3d5,327447,batch_log_or_checkpoint,只读冻结；未执行
A_route/problem3/02_batch_run/logs/checkpoints/P3_MAIN_MEAN_ROLLOUT_061218/2025-02-28.json.gz,e411ab674545f3d440978b5891be0a14bc7b0f636d1643585708ff286d157211,315060,batch_log_or_checkpoint,只读冻结；未执行
A_route/problem3/02_batch_run/logs/checkpoints/P3_MAIN_MEAN_ROLLOUT_061218/2025-03-01.json.gz,b699ee5c16be3c1fd994246ad543b7708c4d9ceeb6bc1e4f0c8e7cbe4d60026f,316087,batch_log_or_checkpoint,只读冻结；未执行
A_route/problem3/02_batch_run/logs/checkpoints/P3_MAIN_MEAN_ROLLOUT_061218/2025-03-02.json.gz,8b7a7bb9ddad44717e597971574ab8ab28fdb0a047477b0e24f0b16b603d72ae,327936,batch_log_or_checkpoint,只读冻结；未执行
A_route/problem3/02_batch_run/logs/checkpoints/P3_MAIN_MEAN_ROLLOUT_061218/2025-03-03.json.gz,bb005dae8b5d94e95da5f902b0d617b8a59267594684856bc95b57edc7053e05,331610,batch_log_or_checkpoint,只读冻结；未执行
A_route/problem3/02_batch_run/logs/checkpoints/P3_MAIN_MEAN_ROLLOUT_061218/2025-03-04.json.gz,1c9681112ab4a43d34e279a8c3655d39f49f457b19b0244eda223f8c6c8048e5,329776,batch_log_or_checkpoint,只读冻结；未执行
A_route/problem3/02_batch_run/logs/checkpoints/P3_MAIN_MEAN_ROLLOUT_061218/2025-03-05.json.gz,c9cc54b1ac3b07535af83aa0d388c482dda2a723e7d9b25eeb7052a378f12441,325161,batch_log_or_checkpoint,只读冻结；未执行
A_route/problem3/02_batch_run/logs/checkpoints/P3_MAIN_MEAN_ROLLOUT_061218/2025-03-06.json.gz,6f2773ef8d38bfa30e5989db26f74febe0be54cbc00337eb03642bb2cd98cb87,323914,batch_log_or_checkpoint,只读冻结；未执行
A_route/problem3/02_batch_run/logs/checkpoints/P3_MAIN_MEAN_ROLLOUT_061218/2025-03-07.json.gz,a827618e8f1779ea168a10139c2d6b75b3dfee698fca7ae77514dce39ae0ae4e,311545,batch_log_or_checkpoint,只读冻结；未执行
A_route/problem3/02_batch_run/logs/checkpoints/P3_MAIN_MEAN_ROLLOUT_061218/2025-03-08.json.gz,4b135b92f89b4c6730a9d19c4c9447f45cf796369554b0805350bc28cbd93534,322029,batch_log_or_checkpoint,只读冻结；未执行
A_route/problem3/02_batch_run/logs/checkpoints/P3_MAIN_MEAN_ROLLOUT_061218/2025-03-09.json.gz,73f5193785a6921db68eb702b481c0ac20a5b167755d3a426af65902a176fd93,333772,batch_log_or_checkpoint,只读冻结；未执行
A_route/problem3/02_batch_run/logs/checkpoints/P3_MAIN_MEAN_ROLLOUT_061218/2025-03-10.json.gz,e3affc4712b48d647cea0ca02725a3407f5b6e4040614e77c829d727aa4a7fdc,341189,batch_log_or_checkpoint,只读冻结；未执行
A_route/problem3/02_batch_run/logs/checkpoints/P3_MAIN_MEAN_ROLLOUT_061218/2025-03-11.json.gz,45e061a6b751d96954df2049d56b1e82f0b8af18f4b75c737512e354069b294d,344753,batch_log_or_checkpoint,只读冻结；未执行
A_route/problem3/02_batch_run/logs/checkpoints/P3_MAIN_MEAN_ROLLOUT_061218/2025-03-12.json.gz,03540dc50d093dc7752c0a8fe34b3b0bea8c1dc259fb38783eeb398b66b934f4,333213,batch_log_or_checkpoint,只读冻结；未执行
A_route/problem3/02_batch_run/logs/checkpoints/P3_MAIN_MEAN_ROLLOUT_061218/2025-03-13.json.gz,c4f6a2f0646c6a7ed692af107a74b627c13ef53f83c34059a22ab13c48531724,333879,batch_log_or_checkpoint,只读冻结；未执行
A_route/problem3/02_batch_run/logs/checkpoints/P3_MAIN_MEAN_ROLLOUT_061218/2025-03-14.json.gz,7b21a161663cf9f2084ed3c0f20a2e930c56ae2265ae44135b8f5de88fa3e675,321539,batch_log_or_checkpoint,只读冻结；未执行
A_route/problem3/02_batch_run/logs/checkpoints/P3_MAIN_MEAN_ROLLOUT_061218/2025-03-15.json.gz,03961c9f7b2a7db87fac8830e345eaf361ad751387f4d97d7aecbfa13d9fdc63,330749,batch_log_or_checkpoint,只读冻结；未执行
A_route/problem3/02_batch_run/logs/checkpoints/P3_MAIN_MEAN_ROLLOUT_061218/2025-03-16.json.gz,d651775a00f2cd9b7d503559667099b8d3fee814762502a49388a79b093182bf,339523,batch_log_or_checkpoint,只读冻结；未执行
A_route/problem3/02_batch_run/logs/checkpoints/P3_MAIN_MEAN_ROLLOUT_061218/2025-03-17.json.gz,cd36d3ac9bc0b40601c150c75d56a6c53909e72edd4013d1d0c0ba8cd34833e4,330994,batch_log_or_checkpoint,只读冻结；未执行
A_route/problem3/02_batch_run/logs/checkpoints/P3_MAIN_MEAN_ROLLOUT_061218/2025-03-18.json.gz,72285249afdb2534d8d30d52cb9a74d45f58f90956f9a75c40ad6989ef2b835d,326896,batch_log_or_checkpoint,只读冻结；未执行
A_route/problem3/02_batch_run/logs/checkpoints/P3_MAIN_MEAN_ROLLOUT_061218/2025-03-19.json.gz,6ce96cb37e388dbbbb8c42621352a32ad09ba9bf8a1808a42fc73587b90ceba1,341415,batch_log_or_checkpoint,只读冻结；未执行
A_route/problem3/02_batch_run/logs/checkpoints/P3_MAIN_MEAN_ROLLOUT_061218/2025-03-20.json.gz,0caa44bd1c987b0f8ada96b0a10816f7c93a8fa6253f5f39a58b090a87e8e93e,330938,batch_log_or_checkpoint,只读冻结；未执行
A_route/problem3/02_batch_run/logs/checkpoints/P3_MAIN_MEAN_ROLLOUT_061218/2025-03-21.json.gz,3c526b6de62edc137edc39ae22a4bc8b705385005e88db2c6e9c02f1d007e08e,313538,batch_log_or_checkpoint,只读冻结；未执行
A_route/problem3/02_batch_run/logs/checkpoints/P3_MAIN_MEAN_ROLLOUT_061218/2025-03-22.json.gz,630735fda5456ec36d56412bc7c5a8b0169c489f38771e9fe28d4e877eed4c2b,318269,batch_log_or_checkpoint,只读冻结；未执行
A_route/problem3/02_batch_run/logs/checkpoints/P3_MAIN_MEAN_ROLLOUT_061218/2025-03-23.json.gz,c296073e10e89615f2e171726d7b779129ff32cf71d067e0d100f10af0780e29,330824,batch_log_or_checkpoint,只读冻结；未执行
A_route/problem3/02_batch_run/logs/checkpoints/P3_MAIN_MEAN_ROLLOUT_061218/2025-03-24.json.gz,7ff80f805759522d17a166d7716c9f365c34ff9817b3681f219ddf87243b48da,336538,batch_log_or_checkpoint,只读冻结；未执行
A_route/problem3/02_batch_run/logs/checkpoints/P3_MAIN_MEAN_ROLLOUT_061218/2025-03-25.json.gz,ac0ebc61cac0762cdecc3c9ef4462c98305bb1dc676480cf12d256415273b277,333917,batch_log_or_checkpoint,只读冻结；未执行
A_route/problem3/02_batch_run/logs/checkpoints/P3_MAIN_MEAN_ROLLOUT_061218/2025-03-26.json.gz,655af6d20ebf6eb14fca56cdf53768ac87eb325eff61a76cbffa21c76aada5a0,335722,batch_log_or_checkpoint,只读冻结；未执行
A_route/problem3/02_batch_run/logs/checkpoints/P3_MAIN_MEAN_ROLLOUT_061218/2025-03-27.json.gz,50f2b8ec9aad8702de5adc81831038dd472cd9189d122cfdc769cf77abc79aba,331126,batch_log_or_checkpoint,只读冻结；未执行
A_route/problem3/02_batch_run/logs/checkpoints/P3_MAIN_MEAN_ROLLOUT_061218/2025-03-28.json.gz,5bc8a55df43fe5a253136b50caee54ac5d25d7583d1f235a8a2a52f9f79a2179,313710,batch_log_or_checkpoint,只读冻结；未执行
A_route/problem3/02_batch_run/logs/checkpoints/P3_MAIN_MEAN_ROLLOUT_061218/2025-03-29.json.gz,aef2cdd6eb2c81014e6b30423a0e14d3b9ca26559bd0fde43073b747c0e33181,324280,batch_log_or_checkpoint,只读冻结；未执行
A_route/problem3/02_batch_run/logs/checkpoints/P3_MAIN_MEAN_ROLLOUT_061218/2025-03-30.json.gz,b3d7635f99852fdb9e384ff55c8b07fb6fd6879ad33a6c7552fc625ec6f027fe,330820,batch_log_or_checkpoint,只读冻结；未执行
A_route/problem3/02_batch_run/logs/checkpoints/P3_MAIN_MEAN_ROLLOUT_061218/2025-03-31.json.gz,0bbe0f399b34c3f891e9a3e4dbf433a7f5c734088820d1d1dba6d7f73016458e,346978,batch_log_or_checkpoint,只读冻结；未执行
A_route/problem3/02_batch_run/logs/checkpoints/P3_MAIN_MEAN_ROLLOUT_061218/2025-04-01.json.gz,fc3d4f0e3fe442f3416dd2a896bf9f1a8dc35774dd53f71a57e43cca5dad7866,336122,batch_log_or_checkpoint,只读冻结；未执行
A_route/problem3/02_batch_run/logs/checkpoints/P3_MAIN_MEAN_ROLLOUT_061218/2025-04-02.json.gz,0b4b220ec9d69145257e258187a31fd81a887155f2c7980f55538c78c272d2b9,338421,batch_log_or_checkpoint,只读冻结；未执行
A_route/problem3/02_batch_run/logs/checkpoints/P3_MAIN_MEAN_ROLLOUT_061218/2025-04-03.json.gz,fd179d730e156ca458f94b6216ce4d4f81e4385ea2d4b603ce085b76bd1fab0f,318557,batch_log_or_checkpoint,只读冻结；未执行
A_route/problem3/02_batch_run/logs/checkpoints/P3_MAIN_MEAN_ROLLOUT_061218/2025-04-04.json.gz,9d307f0d6c93fe88b183ba9f18a31e1f50af103239de6f67332bfd181fb8033a,314321,batch_log_or_checkpoint,只读冻结；未执行
A_route/problem3/02_batch_run/logs/checkpoints/P3_MAIN_MEAN_ROLLOUT_061218/2025-04-05.json.gz,1e2dd133329ee6e24a438fba253269bfb66f7a8b7d3a0bf45ff1119bb4f65569,319178,batch_log_or_checkpoint,只读冻结；未执行
A_route/problem3/02_batch_run/logs/checkpoints/P3_MAIN_MEAN_ROLLOUT_061218/2025-04-06.json.gz,6d81d04075b3e4cc2fdcee77844683a4c47c33927af5dfb478b042f8efe0fa58,331493,batch_log_or_checkpoint,只读冻结；未执行
A_route/problem3/02_batch_run/logs/checkpoints/P3_MAIN_MEAN_ROLLOUT_061218/2025-04-07.json.gz,752057f8627ba7705b3827320d20ce560a97456c8b9cc521954117b936359a85,336582,batch_log_or_checkpoint,只读冻结；未执行
A_route/problem3/02_batch_run/logs/checkpoints/P3_MAIN_MEAN_ROLLOUT_061218/2025-04-08.json.gz,b26d30243887d41348d420d10d730049b987b4c035fb9192df2e200059edac31,326433,batch_log_or_checkpoint,只读冻结；未执行
A_route/problem3/02_batch_run/logs/checkpoints/P3_MAIN_MEAN_ROLLOUT_061218/2025-04-09.json.gz,0025eb2b3cc2b0f1422481554ca04ed2b8afaca9ce43793232cd7017aea3ef27,332168,batch_log_or_checkpoint,只读冻结；未执行
A_route/problem3/02_batch_run/logs/checkpoints/P3_MAIN_MEAN_ROLLOUT_061218/2025-04-10.json.gz,acba632da94a8e36bed57fa945dd8dd2a4db414297105cf3631f1b40743561e2,325127,batch_log_or_checkpoint,只读冻结；未执行
A_route/problem3/02_batch_run/logs/checkpoints/P3_MAIN_MEAN_ROLLOUT_061218/2025-04-11.json.gz,8dd4bbca7982f7f0d4a86ff29b86aa58f9a8632e80e7b2a74f34c4778523c1ca,317915,batch_log_or_checkpoint,只读冻结；未执行
A_route/problem3/02_batch_run/logs/checkpoints/P3_MAIN_MEAN_ROLLOUT_061218/2025-04-12.json.gz,ae7243331c6ad6bbf794c2d56de66fa4456b701e52393cbd23dbc482d2630afc,314994,batch_log_or_checkpoint,只读冻结；未执行
A_route/problem3/02_batch_run/logs/checkpoints/P3_MAIN_MEAN_ROLLOUT_061218/2025-04-13.json.gz,cc145c287c0a74ae45c0378cf5082acb61df746e8ba243e6f5c9abe615c3b286,327961,batch_log_or_checkpoint,只读冻结；未执行
A_route/problem3/02_batch_run/logs/checkpoints/P3_MAIN_MEAN_ROLLOUT_061218/2025-04-14.json.gz,42b4c6378cb1c371c0571499d5633bf896a2ebaed1d9611e8a21d73e6f4fcdb1,322307,batch_log_or_checkpoint,只读冻结；未执行
A_route/problem3/02_batch_run/logs/checkpoints/P3_MAIN_MEAN_ROLLOUT_061218/2025-04-15.json.gz,4c489f972fae2f8c13011319cc32bf67bb276263453a39dbe43d38a872e18b5a,337232,batch_log_or_checkpoint,只读冻结；未执行
A_route/problem3/02_batch_run/logs/checkpoints/P3_MAIN_MEAN_ROLLOUT_061218/2025-04-16.json.gz,aa6a9ba59f701332c31b78b459fef02b975706310336e82fa7fdb5d8df3d3664,336779,batch_log_or_checkpoint,只读冻结；未执行
A_route/problem3/02_batch_run/logs/checkpoints/P3_MAIN_MEAN_ROLLOUT_061218/2025-04-17.json.gz,246e681d047b8cade4a1381a81358531f12b82bfbecaee6ee825d8de3de985cb,329877,batch_log_or_checkpoint,只读冻结；未执行
A_route/problem3/02_batch_run/logs/checkpoints/P3_MAIN_MEAN_ROLLOUT_061218/2025-04-18.json.gz,c165e609500449c6deaf33ece9b327ed503bd815ebdc5999519b90cf2bc4b7d8,310743,batch_log_or_checkpoint,只读冻结；未执行
A_route/problem3/02_batch_run/logs/checkpoints/P3_MAIN_MEAN_ROLLOUT_061218/2025-04-19.json.gz,91652c346003b082a233a2e3216ce3ee905c14ae80bc6e00f3f13ac118a136c3,317596,batch_log_or_checkpoint,只读冻结；未执行
A_route/problem3/02_batch_run/logs/checkpoints/P3_MAIN_MEAN_ROLLOUT_061218/2025-04-20.json.gz,2fd93f1011d58934c6eb47e3113e95e3101fb3cbcdbed1f9aa0cf2a8d89fba77,331133,batch_log_or_checkpoint,只读冻结；未执行
A_route/problem3/02_batch_run/logs/checkpoints/P3_MAIN_MEAN_ROLLOUT_061218/2025-04-21.json.gz,42515205e417623dcce4ef2af9a3c6991a268ee64f0b9e06c9cb7c4a15263969,320030,batch_log_or_checkpoint,只读冻结；未执行
A_route/problem3/02_batch_run/logs/checkpoints/P3_MAIN_MEAN_ROLLOUT_061218/2025-04-22.json.gz,373f3248d58358b94f888a73575860309446e307def107bd4efd62e661528e33,340751,batch_log_or_checkpoint,只读冻结；未执行
A_route/problem3/02_batch_run/logs/checkpoints/P3_MAIN_MEAN_ROLLOUT_061218/2025-04-23.json.gz,d0d97120c4178b8de9775ccbab95c39f685a3b70979b97ba8293e1577b1ac92d,340007,batch_log_or_checkpoint,只读冻结；未执行
A_route/problem3/02_batch_run/logs/checkpoints/P3_MAIN_MEAN_ROLLOUT_061218/2025-04-24.json.gz,7814adb41599687360b21e9ca905d04d55afc3492bb7ff772237809daa10a5db,320073,batch_log_or_checkpoint,只读冻结；未执行
A_route/problem3/02_batch_run/logs/checkpoints/P3_MAIN_MEAN_ROLLOUT_061218/2025-04-25.json.gz,551a9449e52f4ed96d9cfdab8389661ce961fac2d53b439fe08700a95b9083da,305499,batch_log_or_checkpoint,只读冻结；未执行
A_route/problem3/02_batch_run/logs/checkpoints/P3_MAIN_MEAN_ROLLOUT_061218/2025-04-26.json.gz,c1bf59a1c3fd1b9262cba6cb46cd297ee28aa7be5179d91d307ff5883cdaa3a3,315279,batch_log_or_checkpoint,只读冻结；未执行
A_route/problem3/02_batch_run/logs/checkpoints/P3_MAIN_MEAN_ROLLOUT_061218/2025-04-27.json.gz,2c34faae3a874cc4c3a0f449ac15a371877ffcc69ace073e2fb572db06fbce6f,335190,batch_log_or_checkpoint,只读冻结；未执行
A_route/problem3/02_batch_run/logs/checkpoints/P3_MAIN_MEAN_ROLLOUT_061218/2025-04-28.json.gz,f9ce4d7c44d4004a66dd71f2aa9904d579b960c6d912a35741ab6be3995d2dd0,328369,batch_log_or_checkpoint,只读冻结；未执行
A_route/problem3/02_batch_run/logs/checkpoints/P3_MAIN_MEAN_ROLLOUT_061218/2025-04-29.json.gz,d61e5e0286bd7103e72de45756696171a27fc20ee2b9bd2e71ac71348fcf6ff5,329064,batch_log_or_checkpoint,只读冻结；未执行
A_route/problem3/02_batch_run/logs/checkpoints/P3_MAIN_MEAN_ROLLOUT_061218/2025-04-30.json.gz,885433f848a862cf025a9d60b4163cc6a0c8d17e02c12b2f95e1639d3c5e027e,323019,batch_log_or_checkpoint,只读冻结；未执行
A_route/problem3/02_batch_run/logs/checkpoints/P3_MAIN_MEAN_ROLLOUT_061218/2025-05-01.json.gz,03ed4582f44367f702caaa6ef005e06447f3fc80ead4dc8b1812a21321f4debf,325060,batch_log_or_checkpoint,只读冻结；未执行
A_route/problem3/02_batch_run/logs/checkpoints/P3_MAIN_MEAN_ROLLOUT_061218/2025-05-02.json.gz,551486774b7b34ca2dafb7a9091b67cb72980691e1af4931ee77d7f8eaa159e5,307561,batch_log_or_checkpoint,只读冻结；未执行
A_route/problem3/02_batch_run/logs/checkpoints/P3_MAIN_MEAN_ROLLOUT_061218/2025-05-03.json.gz,05d27637bfde7e9df231c16679e73887b4cb042e8807cb3f5b58068d65515d5e,315142,batch_log_or_checkpoint,只读冻结；未执行
A_route/problem3/02_batch_run/logs/checkpoints/P3_MAIN_MEAN_ROLLOUT_061218/2025-05-04.json.gz,7f58ca18a4ca584fe204b301c3b427b125ae43289eb313cc8ff0a94c78bd5e9a,327643,batch_log_or_checkpoint,只读冻结；未执行
A_route/problem3/02_batch_run/logs/checkpoints/P3_MAIN_MEAN_ROLLOUT_061218/2025-05-05.json.gz,40fd856370ba3c8e15165a72b115bf502c32bb2e982c76506cd4797ac7e17a91,327233,batch_log_or_checkpoint,只读冻结；未执行
A_route/problem3/02_batch_run/logs/checkpoints/P3_MAIN_MEAN_ROLLOUT_061218/2025-05-06.json.gz,4ee7e4a0dbeac58a6571175feefe5e2cb5ef932647528e6894ce4cf61a157a91,344567,batch_log_or_checkpoint,只读冻结；未执行
A_route/problem3/02_batch_run/logs/checkpoints/P3_MAIN_MEAN_ROLLOUT_061218/2025-05-07.json.gz,d59d9581a9b31651be874400c4c0d6d03188032d7d32ccbc9d156570402932ed,339279,batch_log_or_checkpoint,只读冻结；未执行
A_route/problem3/02_batch_run/logs/checkpoints/P3_MAIN_MEAN_ROLLOUT_061218/2025-05-08.json.gz,b41c6d1d927512540df070606453912c185ab189df42fd1299ff84e8ccc0bf3f,329801,batch_log_or_checkpoint,只读冻结；未执行
A_route/problem3/02_batch_run/logs/checkpoints/P3_MAIN_MEAN_ROLLOUT_061218/2025-05-09.json.gz,1a38bdaa56a37538345a8aa66dfe9625cca22fef28bf3a62a6bbdc60a338f770,315706,batch_log_or_checkpoint,只读冻结；未执行
A_route/problem3/02_batch_run/logs/checkpoints/P3_MAIN_MEAN_ROLLOUT_061218/2025-05-10.json.gz,71baca57011ec2aebf71448f0c2c9df23e05423d5122b69a43a25b0f31edb180,320309,batch_log_or_checkpoint,只读冻结；未执行
A_route/problem3/02_batch_run/logs/checkpoints/P3_MAIN_MEAN_ROLLOUT_061218/2025-05-11.json.gz,23d2dac0994d9e81c519703b552a4d88dab84412faf8730a535a7f3ed5294194,331915,batch_log_or_checkpoint,只读冻结；未执行
A_route/problem3/02_batch_run/logs/checkpoints/P3_MAIN_MEAN_ROLLOUT_061218/2025-05-12.json.gz,e19ce6c9c9b59df3c949f1b98deadeca8c3b071fb2c2c732913fb20ef2a96ecd,341390,batch_log_or_checkpoint,只读冻结；未执行
A_route/problem3/02_batch_run/logs/checkpoints/P3_MAIN_MEAN_ROLLOUT_061218/2025-05-13.json.gz,c3a68a9f7e46ae21db4d0848ef2f07ee763800431c49386ccef83878507afb70,332160,batch_log_or_checkpoint,只读冻结；未执行
A_route/problem3/02_batch_run/logs/checkpoints/P3_MAIN_MEAN_ROLLOUT_061218/2025-05-14.json.gz,fd20377c4a5a93eca82593ed20a15111cb17271ae949213c9bc77639917ef52a,326811,batch_log_or_checkpoint,只读冻结；未执行
A_route/problem3/02_batch_run/logs/checkpoints/P3_MAIN_MEAN_ROLLOUT_061218/2025-05-15.json.gz,8469d3786b4f496e14a9b018ba7e484363a49c018772671666721565b770c2b6,327335,batch_log_or_checkpoint,只读冻结；未执行
A_route/problem3/02_batch_run/logs/checkpoints/P3_MAIN_MEAN_ROLLOUT_061218/2025-05-16.json.gz,d6cc18a46173a47579df9bec46f65457f5fbf3a59e213efc75ccea318d2eed23,309839,batch_log_or_checkpoint,只读冻结；未执行
A_route/problem3/02_batch_run/logs/checkpoints/P3_MAIN_MEAN_ROLLOUT_061218/2025-05-17.json.gz,2eac8d406a9aeab1c41bca20dff620b85d451767c0a3a2df84bc0f685c599db5,315823,batch_log_or_checkpoint,只读冻结；未执行
A_route/problem3/02_batch_run/logs/checkpoints/P3_MAIN_MEAN_ROLLOUT_061218/2025-05-18.json.gz,613150bc5fa91acaa191d854bbb51eadf16a93d123f24ee465f3b2b72dc70fdc,328519,batch_log_or_checkpoint,只读冻结；未执行
A_route/problem3/02_batch_run/logs/checkpoints/P3_MAIN_MEAN_ROLLOUT_061218/2025-05-19.json.gz,30bab97d91f99713dc2c75bc0e1667bda554238f3db9a600e99a7d0f7d8f13e9,326342,batch_log_or_checkpoint,只读冻结；未执行
A_route/problem3/02_batch_run/logs/checkpoints/P3_MAIN_MEAN_ROLLOUT_061218/2025-05-20.json.gz,f60b2d5c43d3e05362d687888afc174796869ed6c9506c1606d736d4b07ed634,331506,batch_log_or_checkpoint,只读冻结；未执行
A_route/problem3/02_batch_run/logs/checkpoints/P3_MAIN_MEAN_ROLLOUT_061218/2025-05-21.json.gz,91fd3994c245f3c239f503716a4e839a949924cb35c21188acc6464b56b563bb,338445,batch_log_or_checkpoint,只读冻结；未执行
A_route/problem3/02_batch_run/logs/checkpoints/P3_MAIN_MEAN_ROLLOUT_061218/2025-05-22.json.gz,efa72c3a0c8c9455186a99f97e59634bf4792c08b7478ae8fd3d5553d7718fd6,319894,batch_log_or_checkpoint,只读冻结；未执行
A_route/problem3/02_batch_run/logs/checkpoints/P3_MAIN_MEAN_ROLLOUT_061218/2025-05-23.json.gz,ce21a1c8dfcc183e475eec54203964c874d723726f61ecbaff4d883f72e4aa21,317359,batch_log_or_checkpoint,只读冻结；未执行
A_route/problem3/02_batch_run/logs/checkpoints/P3_MAIN_MEAN_ROLLOUT_061218/2025-05-24.json.gz,4bc8d9b067e891431a968a4d9dedcffa802572a4e881a7c02a5c48083024cdf8,313416,batch_log_or_checkpoint,只读冻结；未执行
A_route/problem3/02_batch_run/logs/checkpoints/P3_MAIN_MEAN_ROLLOUT_061218/2025-05-25.json.gz,80847aaf67f5dd050f38c9ef6c8e6d63d7d47e712adeb95726bbdd928551ae21,328098,batch_log_or_checkpoint,只读冻结；未执行
A_route/problem3/02_batch_run/logs/checkpoints/P3_MAIN_MEAN_ROLLOUT_061218/2025-05-26.json.gz,a7933134143cbcdfa29ecf65a022e0d8819aa5bf8024c3f93291bbc505adbfc8,338991,batch_log_or_checkpoint,只读冻结；未执行
A_route/problem3/02_batch_run/logs/checkpoints/P3_MAIN_MEAN_ROLLOUT_061218/2025-05-27.json.gz,9237e70977a54aebf34153ea564c0d6a241211235bec6d872573425e3400e960,338588,batch_log_or_checkpoint,只读冻结；未执行
A_route/problem3/02_batch_run/logs/checkpoints/P3_MAIN_MEAN_ROLLOUT_061218/2025-05-28.json.gz,8465d70ebd07e7a3a3b7335e6351e5e1cf50cb6269915184a5c3f0418c02ee37,330216,batch_log_or_checkpoint,只读冻结；未执行
A_route/problem3/02_batch_run/logs/checkpoints/P3_MAIN_MEAN_ROLLOUT_061218/2025-05-29.json.gz,599aa22c14920a283ce191b20991901f7f3981a47cd1a4b9a2b318793912f34a,334620,batch_log_or_checkpoint,只读冻结；未执行
A_route/problem3/02_batch_run/logs/checkpoints/P3_MAIN_MEAN_ROLLOUT_061218/2025-05-30.json.gz,322ced73ef707cce157db7560da6aa50dad02121489e5f2b95d3c11fee636394,313780,batch_log_or_checkpoint,只读冻结；未执行
A_route/problem3/02_batch_run/logs/checkpoints/P3_MAIN_MEAN_ROLLOUT_061218/2025-05-31.json.gz,08116309bf37504a16ca497b6632209f70038a5a573a092399a19d146364b5e4,315588,batch_log_or_checkpoint,只读冻结；未执行
A_route/problem3/02_batch_run/logs/checkpoints/P3_MAIN_MEAN_ROLLOUT_061218/2025-06-01.json.gz,ad9ba91ac257c4088a203740866092eba2e8c599a8c49fe004e4c700947cd973,338450,batch_log_or_checkpoint,只读冻结；未执行
A_route/problem3/02_batch_run/logs/checkpoints/P3_MAIN_MEAN_ROLLOUT_061218/2025-06-02.json.gz,13ea17a5109fae3afa19b1e1259a037cc8f44ee2a27da339e9dc4087816e4e3a,336403,batch_log_or_checkpoint,只读冻结；未执行
A_route/problem3/02_batch_run/logs/checkpoints/P3_MAIN_MEAN_ROLLOUT_061218/2025-06-03.json.gz,f0587c7ee3d4350be0d6741b5549f045b466c3b0bb8693ea16e542f7163e767c,346499,batch_log_or_checkpoint,只读冻结；未执行
A_route/problem3/02_batch_run/logs/checkpoints/P3_MAIN_MEAN_ROLLOUT_061218/2025-06-04.json.gz,3a6c66eb94e76c19b1965b5903681637543f26393c8e91232db91fc3400aef87,344769,batch_log_or_checkpoint,只读冻结；未执行
A_route/problem3/02_batch_run/logs/checkpoints/P3_MAIN_MEAN_ROLLOUT_061218/2025-06-05.json.gz,8055aa86a766c5d8480c42b8447406cbe1ee9644c7f1a8ec9c45c39e0b5d1bab,356199,batch_log_or_checkpoint,只读冻结；未执行
A_route/problem3/02_batch_run/logs/checkpoints/P3_MAIN_MEAN_ROLLOUT_061218/2025-06-06.json.gz,1e22e74bef124a0b5a78b42ccd31a59ebe5d3840f37cf9635c56ebb87c5dae19,331730,batch_log_or_checkpoint,只读冻结；未执行
A_route/problem3/02_batch_run/logs/checkpoints/P3_MAIN_MEAN_ROLLOUT_061218/2025-06-07.json.gz,9086f60c16fd7c66f67b0887d00ef497883be7e3f5c43374a75bc3dffc113cc4,332163,batch_log_or_checkpoint,只读冻结；未执行
A_route/problem3/02_batch_run/logs/checkpoints/P3_MAIN_MEAN_ROLLOUT_061218/2025-06-08.json.gz,ebf480785a668e6072b640fc39b64d06f221366b12c44b9f6c997fe9213af0f5,331532,batch_log_or_checkpoint,只读冻结；未执行
A_route/problem3/02_batch_run/logs/checkpoints/P3_MAIN_MEAN_ROLLOUT_061218/2025-06-09.json.gz,5bca4fe356fcb5fb7a1c80933ed4733bc4505467b80f809d6b69b382ee6948d0,327073,batch_log_or_checkpoint,只读冻结；未执行
A_route/problem3/02_batch_run/logs/checkpoints/P3_MAIN_MEAN_ROLLOUT_061218/2025-06-10.json.gz,bdc576a08648ede0a26dc7871ba80319b9439f1f332871ee47697a78d9010bf6,333412,batch_log_or_checkpoint,只读冻结；未执行
A_route/problem3/02_batch_run/logs/checkpoints/P3_MAIN_MEAN_ROLLOUT_061218/2025-06-11.json.gz,1194b73e898446c5cbbc19fac1fb4ef97675bffb05b6fca4e2f715038bf5680f,332874,batch_log_or_checkpoint,只读冻结；未执行
A_route/problem3/02_batch_run/logs/checkpoints/P3_MAIN_MEAN_ROLLOUT_061218/2025-06-12.json.gz,4eb1a9b3ec4f13cf1c999f24198b4f51167876f84d16c0f0eb771bf44d7b12c5,329486,batch_log_or_checkpoint,只读冻结；未执行
A_route/problem3/02_batch_run/logs/checkpoints/P3_MAIN_MEAN_ROLLOUT_061218/2025-06-13.json.gz,409fef4576e94bec21bf997dd8919805a7d042061d3cf572b2749e97184c2881,318536,batch_log_or_checkpoint,只读冻结；未执行
A_route/problem3/02_batch_run/logs/checkpoints/P3_MAIN_MEAN_ROLLOUT_061218/2025-06-14.json.gz,ebb172e87c7c42c88be48d1b9839ba63142617dcafef4ee654e7835a034ac617,318674,batch_log_or_checkpoint,只读冻结；未执行
A_route/problem3/02_batch_run/logs/checkpoints/P3_MAIN_MEAN_ROLLOUT_061218/2025-06-15.json.gz,c160cacdc7e334673260cd854f9341fb7e04d0eaca94c05cecd96541c9d0b97f,341371,batch_log_or_checkpoint,只读冻结；未执行
A_route/problem3/02_batch_run/logs/checkpoints/P3_MAIN_MEAN_ROLLOUT_061218/2025-06-16.json.gz,9dd1333a654703e59e153deac4059fdd5ddbee5a9c354ef7554da087ebc0d93f,336212,batch_log_or_checkpoint,只读冻结；未执行
A_route/problem3/02_batch_run/logs/checkpoints/P3_MAIN_MEAN_ROLLOUT_061218/2025-06-17.json.gz,dfbf37f58fb19e748528bc9236802f09d3a48d82f0432b38ff693b3f61e626b7,337066,batch_log_or_checkpoint,只读冻结；未执行
A_route/problem3/02_batch_run/logs/checkpoints/P3_MAIN_MEAN_ROLLOUT_061218/2025-06-18.json.gz,c15cc41057e87f6edfd08f160357daad095d6711f4017557e7b9b139c3a59ff4,337342,batch_log_or_checkpoint,只读冻结；未执行
A_route/problem3/02_batch_run/logs/checkpoints/P3_MAIN_MEAN_ROLLOUT_061218/2025-06-19.json.gz,d4fab30a1807634354cb1c7b123d13504d60071ca8f89e4cde0d6c5c5fb854e4,337913,batch_log_or_checkpoint,只读冻结；未执行
A_route/problem3/02_batch_run/logs/checkpoints/P3_MAIN_MEAN_ROLLOUT_061218/2025-06-20.json.gz,b87c82f043dbe742a8bf4f07626a9eabcb6dbd2910f183e6794d73253102e7fc,314656,batch_log_or_checkpoint,只读冻结；未执行
A_route/problem3/02_batch_run/logs/checkpoints/P3_MAIN_MEAN_ROLLOUT_061218/2025-06-21.json.gz,40004e67615aee3726b55c90c8ddee2b74942d56c7b69198ed0ab9ed3af62ee3,315825,batch_log_or_checkpoint,只读冻结；未执行
A_route/problem3/02_batch_run/logs/checkpoints/P3_MAIN_MEAN_ROLLOUT_061218/2025-06-22.json.gz,44850fb82794e9f06461e7a9b34e8db311497022d7512534db5fc38fce8b0b0d,341968,batch_log_or_checkpoint,只读冻结；未执行
A_route/problem3/02_batch_run/logs/checkpoints/P3_MAIN_MEAN_ROLLOUT_061218/2025-06-23.json.gz,a85c6d94217e37faccf07cad60bc80cd7d8e5e0f14f3344770a225ca8146f593,332552,batch_log_or_checkpoint,只读冻结；未执行
A_route/problem3/02_batch_run/logs/checkpoints/P3_MAIN_MEAN_ROLLOUT_061218/2025-06-24.json.gz,3f05181be4df0936635a53c6d36500c7fd0b591d4855087a0481e63b96ea8461,331844,batch_log_or_checkpoint,只读冻结；未执行
A_route/problem3/02_batch_run/logs/checkpoints/P3_MAIN_MEAN_ROLLOUT_061218/2025-06-25.json.gz,8ecb4a7cd3a05f62a8d4941aa2585e4541ad462e35b01a9e7a5bf17b0c7a3399,341371,batch_log_or_checkpoint,只读冻结；未执行
A_route/problem3/02_batch_run/logs/checkpoints/P3_MAIN_MEAN_ROLLOUT_061218/2025-06-26.json.gz,308e0e4fd57a0e881c40e380ce06ecc2ff17e375574bdbd9fc01397ef2af71ff,335020,batch_log_or_checkpoint,只读冻结；未执行
A_route/problem3/02_batch_run/logs/checkpoints/P3_MAIN_MEAN_ROLLOUT_061218/2025-06-27.json.gz,38fb19b3ee1f7b94be7b18a32c3d6a76d4c6a80956e2b791be83d71943fe0a7a,314452,batch_log_or_checkpoint,只读冻结；未执行
A_route/problem3/02_batch_run/logs/checkpoints/P3_MAIN_MEAN_ROLLOUT_061218/2025-06-28.json.gz,a3d3a5bc3ba9d00ca08e95cfee296e9f1075a84ceb93c0c6463c5ce8017ad8a5,318213,batch_log_or_checkpoint,只读冻结；未执行
A_route/problem3/02_batch_run/logs/checkpoints/P3_MAIN_MEAN_ROLLOUT_061218/2025-06-29.json.gz,cb048cba9a8ca7eebf12fdc57a6562cb534455f3633b8aed86de7e4ddcf14985,343278,batch_log_or_checkpoint,只读冻结；未执行
A_route/problem3/02_batch_run/logs/checkpoints/P3_MAIN_MEAN_ROLLOUT_061218/2025-06-30.json.gz,819ba7682727427dbaacc96dae56227d80d3b6d6be15aae1008c8e4e3f632e32,330439,batch_log_or_checkpoint,只读冻结；未执行
A_route/problem3/02_batch_run/logs/checkpoints/P3_MAIN_MEAN_ROLLOUT_061218/2025-07-01.json.gz,e70aa68b756ce775ef10d0877aaf7cf29aa1373e9bd6f7ff9b22b75da6693a09,364214,batch_log_or_checkpoint,只读冻结；未执行
A_route/problem3/02_batch_run/logs/checkpoints/P3_MAIN_MEAN_ROLLOUT_061218/2025-07-02.json.gz,0b8c9381085eac060c48aeddfe8f1aea65bb9a9966daad7811fc2b649def3417,357359,batch_log_or_checkpoint,只读冻结；未执行
A_route/problem3/02_batch_run/logs/checkpoints/P3_MAIN_MEAN_ROLLOUT_061218/2025-07-03.json.gz,3bef5c9f461cb342956b7f836364876f067f82440ab5daa32f75c1e4b42864fd,355811,batch_log_or_checkpoint,只读冻结；未执行
A_route/problem3/02_batch_run/logs/checkpoints/P3_MAIN_MEAN_ROLLOUT_061218/2025-07-04.json.gz,38f146b409adf5258243b992f7d744340f01e72d23ae3b66ad6af1e1e26e6e52,336212,batch_log_or_checkpoint,只读冻结；未执行
A_route/problem3/02_batch_run/logs/checkpoints/P3_MAIN_MEAN_ROLLOUT_061218/2025-07-05.json.gz,8b7cd47bbab3df98fb68b97d2eb32d8c1dc7be7c8d6b4eb3a65e9a21cea70327,342522,batch_log_or_checkpoint,只读冻结；未执行
A_route/problem3/02_batch_run/logs/checkpoints/P3_MAIN_MEAN_ROLLOUT_061218/2025-07-06.json.gz,b9878517f476c35d420eed03434a67e86de3e0384309ed49386c4ca8aea19ed9,364282,batch_log_or_checkpoint,只读冻结；未执行
A_route/problem3/02_batch_run/logs/checkpoints/P3_MAIN_MEAN_ROLLOUT_061218/2025-07-07.json.gz,168b0f96e8aee6ab3bd2eb98d68b9f3287111a04a10d6e54411751a34034f1ce,355830,batch_log_or_checkpoint,只读冻结；未执行
A_route/problem3/02_batch_run/logs/checkpoints/P3_MAIN_MEAN_ROLLOUT_061218/2025-07-08.json.gz,d04469345570b01d9deb05f4993ae48487c315ede105493c603a85873fe40745,329363,batch_log_or_checkpoint,只读冻结；未执行
A_route/problem3/02_batch_run/logs/checkpoints/P3_MAIN_MEAN_ROLLOUT_061218/2025-07-09.json.gz,a86f74d6c61121dc21dc29a8d952f7918e9bac6c034aa1b957febf8e65cb58cc,329448,batch_log_or_checkpoint,只读冻结；未执行
A_route/problem3/02_batch_run/logs/checkpoints/P3_MAIN_MEAN_ROLLOUT_061218/2025-07-10.json.gz,73a5ee7bad7c84918b1ba186df3da7940716a5fd5ca6edf457a4be780b43632e,325383,batch_log_or_checkpoint,只读冻结；未执行
A_route/problem3/02_batch_run/logs/checkpoints/P3_MAIN_MEAN_ROLLOUT_061218/2025-07-11.json.gz,f909832fe4a6f5caa2bcba3c01b6af7f4418548e2325c2781aa78584f7df370b,313871,batch_log_or_checkpoint,只读冻结；未执行
A_route/problem3/02_batch_run/logs/checkpoints/P3_MAIN_MEAN_ROLLOUT_061218/2025-07-12.json.gz,12c46d83b83b554e3f103d773f6743318b97171ec90ab088083ae8005106d6c5,319066,batch_log_or_checkpoint,只读冻结；未执行
A_route/problem3/02_batch_run/logs/checkpoints/P3_MAIN_MEAN_ROLLOUT_061218/2025-07-13.json.gz,f5199bca3dbb4352507b0c5a63b9c92115b3bdbc9ef926e965f03a61a5c0b1e0,327649,batch_log_or_checkpoint,只读冻结；未执行
A_route/problem3/02_batch_run/logs/checkpoints/P3_MAIN_MEAN_ROLLOUT_061218/2025-07-14.json.gz,60e59ed60ec0bee8f6559b7a089652cfe94c2009a8ca52fc9791c7b659c75c0e,329472,batch_log_or_checkpoint,只读冻结；未执行
A_route/problem3/02_batch_run/logs/checkpoints/P3_MAIN_MEAN_ROLLOUT_061218/2025-07-15.json.gz,64497ede601cf3ed5dca5dd1c907075d1b41b341813b940f93b8012a1530e9f2,329337,batch_log_or_checkpoint,只读冻结；未执行
A_route/problem3/02_batch_run/logs/checkpoints/P3_MAIN_MEAN_ROLLOUT_061218/2025-07-16.json.gz,cf2fa181596d0199f05051da4f675946db8656ce4bdfb08f69133a65a8071de1,330451,batch_log_or_checkpoint,只读冻结；未执行
A_route/problem3/02_batch_run/logs/checkpoints/P3_MAIN_MEAN_ROLLOUT_061218/2025-07-17.json.gz,0b81890d4734def8d02a59bb2819b308c5a857cc5fca121de8778854382f078e,328684,batch_log_or_checkpoint,只读冻结；未执行
A_route/problem3/02_batch_run/logs/checkpoints/P3_MAIN_MEAN_ROLLOUT_061218/2025-07-18.json.gz,4f14a22c4113a625776a549242bad438cb7a1d3f77bd437bb0e6753d2f2ad377,313333,batch_log_or_checkpoint,只读冻结；未执行
A_route/problem3/02_batch_run/logs/checkpoints/P3_MAIN_MEAN_ROLLOUT_061218/2025-07-19.json.gz,f59f49ab70ddfbe3978b0dbfdac03b4d1c72cf8024504981521334342cc5b375,316163,batch_log_or_checkpoint,只读冻结；未执行
A_route/problem3/02_batch_run/logs/checkpoints/P3_MAIN_MEAN_ROLLOUT_061218/2025-07-20.json.gz,8871700061211b165793bf1e3c7b1e3acf9aae3b31d7865f05708104611acf07,328051,batch_log_or_checkpoint,只读冻结；未执行
A_route/problem3/02_batch_run/logs/checkpoints/P3_MAIN_MEAN_ROLLOUT_061218/2025-07-21.json.gz,30c4ee141a20418cd824d0ec1c98ed9fa8a3b25ef47903d142b365c3e83e2a87,331733,batch_log_or_checkpoint,只读冻结；未执行
A_route/problem3/02_batch_run/logs/checkpoints/P3_MAIN_MEAN_ROLLOUT_061218/2025-07-22.json.gz,8b1a409aad16b86678ae09b9266751955fa95628a8bd365ec48d15e30abd92ec,341808,batch_log_or_checkpoint,只读冻结；未执行
A_route/problem3/02_batch_run/logs/checkpoints/P3_MAIN_MEAN_ROLLOUT_061218/2025-07-23.json.gz,2876e62a84f0fd8f1ac1ea43cf8333141fe0fe9aa887c1302f90355f7082cee8,329827,batch_log_or_checkpoint,只读冻结；未执行
A_route/problem3/02_batch_run/logs/checkpoints/P3_MAIN_MEAN_ROLLOUT_061218/2025-07-24.json.gz,63930b0ff00a3479203ae5bf40323126df696bd80db5e805f378486348201926,321440,batch_log_or_checkpoint,只读冻结；未执行
A_route/problem3/02_batch_run/logs/checkpoints/P3_MAIN_MEAN_ROLLOUT_061218/2025-07-25.json.gz,b42867e33df61e25dd54b79364130d0262c6fc320f355c8da316d46c07f6902a,311984,batch_log_or_checkpoint,只读冻结；未执行
A_route/problem3/02_batch_run/logs/checkpoints/P3_MAIN_MEAN_ROLLOUT_061218/2025-07-26.json.gz,3aa207827c469be530695f8a4857ef332ba1fe6f64e5e13c31bce25e412deddb,317838,batch_log_or_checkpoint,只读冻结；未执行
A_route/problem3/02_batch_run/logs/checkpoints/P3_MAIN_MEAN_ROLLOUT_061218/2025-07-27.json.gz,9687cbd6c9f883ee4a79f768948a59be255efd95471175aecc46e789de2b7a2a,333857,batch_log_or_checkpoint,只读冻结；未执行
A_route/problem3/02_batch_run/logs/checkpoints/P3_MAIN_MEAN_ROLLOUT_061218/2025-07-28.json.gz,d01a949657e9a8dab7189bd3a5c9aaf247365bd85f21eda11e097013a47dc549,329027,batch_log_or_checkpoint,只读冻结；未执行
A_route/problem3/02_batch_run/logs/checkpoints/P3_MAIN_MEAN_ROLLOUT_061218/2025-07-29.json.gz,5f82128d7c6c81d42a27565b4222a2f6beac60243af18aa6547682c6eddff041,330721,batch_log_or_checkpoint,只读冻结；未执行
A_route/problem3/02_batch_run/logs/checkpoints/P3_MAIN_MEAN_ROLLOUT_061218/2025-07-30.json.gz,c7451924854594f7d0fd1706a126ce8c14934ac619bbd43e0020751f5ebcb5e2,344762,batch_log_or_checkpoint,只读冻结；未执行
A_route/problem3/02_batch_run/logs/checkpoints/P3_MAIN_MEAN_ROLLOUT_061218/2025-07-31.json.gz,52036939a71f8c80fccbec80f2c99dd7e40094ca83ce1aeb2a422eb957001d7a,324271,batch_log_or_checkpoint,只读冻结；未执行
A_route/problem3/02_batch_run/logs/checkpoints/P3_MAIN_MEAN_ROLLOUT_061218/2025-08-01.json.gz,110740ed2bb852e9ba90679d8f4da3e1550e3f0c99601dc519ea4406f452ed06,309020,batch_log_or_checkpoint,只读冻结；未执行
A_route/problem3/02_batch_run/logs/checkpoints/P3_MAIN_MEAN_ROLLOUT_061218/2025-08-02.json.gz,7f3ac7557ff37e181010afa48810e7c348405d8e0f5d6f43920d80198098909e,317161,batch_log_or_checkpoint,只读冻结；未执行
A_route/problem3/02_batch_run/logs/checkpoints/P3_MAIN_MEAN_ROLLOUT_061218/2025-08-03.json.gz,d15444e62b0f9911f9a4c616d4eaeb04932e05fc45194f9b65ccc6ec763a5d39,330354,batch_log_or_checkpoint,只读冻结；未执行
A_route/problem3/02_batch_run/logs/checkpoints/P3_MAIN_MEAN_ROLLOUT_061218/2025-08-04.json.gz,c050f5b6941a3d0e7bc9bcc64b07f0d33c8b251eb9eb5f1786232f151fffa93e,333950,batch_log_or_checkpoint,只读冻结；未执行
A_route/problem3/02_batch_run/logs/checkpoints/P3_MAIN_MEAN_ROLLOUT_061218/2025-08-05.json.gz,66e6cf8e0d127fe9c72cc66b4466d9ea5913431e04f9102e0f7d26baf5bb737a,337432,batch_log_or_checkpoint,只读冻结；未执行
A_route/problem3/02_batch_run/logs/checkpoints/P3_MAIN_MEAN_ROLLOUT_061218/2025-08-06.json.gz,553ff5eacf6f4804ece67768b35f24b379a0cf5b0bcdba4eb858dfa57e4805f5,327820,batch_log_or_checkpoint,只读冻结；未执行
A_route/problem3/02_batch_run/logs/checkpoints/P3_MAIN_MEAN_ROLLOUT_061218/2025-08-07.json.gz,faa9b5243300b482dec2e356daab8448e315c3fb1613c9b4f492ff3acf86fd79,332150,batch_log_or_checkpoint,只读冻结；未执行
A_route/problem3/02_batch_run/logs/checkpoints/P3_MAIN_MEAN_ROLLOUT_061218/2025-08-08.json.gz,d1f591fffb5c2a9e9a2fbf88c5504805f84aa9925dc92ab5a91210eeb0cb6f1b,308322,batch_log_or_checkpoint,只读冻结；未执行
A_route/problem3/02_batch_run/logs/checkpoints/P3_MAIN_MEAN_ROLLOUT_061218/2025-08-09.json.gz,0dc3f90a1123a4e87b83b5d51f6df1c1a9b338c97ccc71f5d96edff30aad09d8,315917,batch_log_or_checkpoint,只读冻结；未执行
A_route/problem3/02_batch_run/logs/checkpoints/P3_MAIN_MEAN_ROLLOUT_061218/2025-08-10.json.gz,02f454c3a1fe5d25d2dfd04d11c7fe82cd49f5f757a7526718bc75e420b3936c,328682,batch_log_or_checkpoint,只读冻结；未执行
A_route/problem3/02_batch_run/logs/checkpoints/P3_MAIN_MEAN_ROLLOUT_061218/2025-08-11.json.gz,47214e4605446bf4a08f1df9d8b4ca18ab07540365691550e13c7568a29b2f05,341507,batch_log_or_checkpoint,只读冻结；未执行
A_route/problem3/02_batch_run/logs/checkpoints/P3_MAIN_MEAN_ROLLOUT_061218/2025-08-12.json.gz,4320e3848a7defa6b4b41adbdf8ec54e90add9464672dc573ae343b4b891dc92,341865,batch_log_or_checkpoint,只读冻结；未执行
A_route/problem3/02_batch_run/logs/checkpoints/P3_MAIN_MEAN_ROLLOUT_061218/2025-08-13.json.gz,edf2657447204b68a013ed38defd13afa193d02cfc525b94d5981ce1a33c329d,345886,batch_log_or_checkpoint,只读冻结；未执行
A_route/problem3/02_batch_run/logs/checkpoints/P3_MAIN_MEAN_ROLLOUT_061218/2025-08-14.json.gz,fe230184ad1a7828d26345688e56927ebd5bd11e9454964acef9e6e5eb74066c,331374,batch_log_or_checkpoint,只读冻结；未执行
A_route/problem3/02_batch_run/logs/checkpoints/P3_MAIN_MEAN_ROLLOUT_061218/2025-08-15.json.gz,d866925e9249c9ea8460c3ce2e882f71aa49ebfa97a931b09681b5f70d87c7a8,312080,batch_log_or_checkpoint,只读冻结；未执行
A_route/problem3/02_batch_run/logs/checkpoints/P3_MAIN_MEAN_ROLLOUT_061218/2025-08-16.json.gz,fd6cdab36d644bb567a2059dd75ef636dd12bdb6ad08d67b3db83c34f9c7e2e9,318529,batch_log_or_checkpoint,只读冻结；未执行
A_route/problem3/02_batch_run/logs/checkpoints/P3_MAIN_MEAN_ROLLOUT_061218/2025-08-17.json.gz,cadd623f9ac5e35ca06f8937b28d68c921d5e1765f191b78cbc1d1aa6a629c7c,330411,batch_log_or_checkpoint,只读冻结；未执行
A_route/problem3/02_batch_run/logs/checkpoints/P3_MAIN_MEAN_ROLLOUT_061218/2025-08-18.json.gz,352064a811017a7b9b9c7254f64d14bbbcaa84cd4f49b6dae6a908179e889132,333852,batch_log_or_checkpoint,只读冻结；未执行
A_route/problem3/02_batch_run/logs/checkpoints/P3_MAIN_MEAN_ROLLOUT_061218/2025-08-19.json.gz,5bfc51a67403271b899b2220eda41cbc10bdc41d9dec7e984cf03854d214a254,332365,batch_log_or_checkpoint,只读冻结；未执行
A_route/problem3/02_batch_run/logs/checkpoints/P3_MAIN_MEAN_ROLLOUT_061218/2025-08-20.json.gz,7351e477e7dd0d14d7478cfd400899738a1988c14328b49fc04054b8dec0bada,337664,batch_log_or_checkpoint,只读冻结；未执行
A_route/problem3/02_batch_run/logs/checkpoints/P3_MAIN_MEAN_ROLLOUT_061218/2025-08-21.json.gz,81b8bb3632c33bbe09da3f7b9038d4963a5cb525860b60ccf89dca7efc7c2674,325967,batch_log_or_checkpoint,只读冻结；未执行
A_route/problem3/02_batch_run/logs/checkpoints/P3_MAIN_MEAN_ROLLOUT_061218/2025-08-22.json.gz,d6d58999f6ff9886ec47b9c8bd0d28a6b66a3c500089abbf7381f8feadd442d2,314355,batch_log_or_checkpoint,只读冻结；未执行
A_route/problem3/02_batch_run/logs/checkpoints/P3_MAIN_MEAN_ROLLOUT_061218/2025-08-23.json.gz,28d780739afa1ba277c0aa9df4104e5dc8d2a4e6a447e9130692fc54c880d5cd,325145,batch_log_or_checkpoint,只读冻结；未执行
A_route/problem3/02_batch_run/logs/checkpoints/P3_MAIN_MEAN_ROLLOUT_061218/2025-08-24.json.gz,8ccd0ef598d956acf9f0a51cef9a9f27f3946c344bb694cb116c1f29ce8f540a,338353,batch_log_or_checkpoint,只读冻结；未执行
A_route/problem3/02_batch_run/logs/checkpoints/P3_MAIN_MEAN_ROLLOUT_061218/2025-08-25.json.gz,8c72990d6b72c357d9211eff3e82a57eeeb3602969825994c1058e676858a540,327231,batch_log_or_checkpoint,只读冻结；未执行
A_route/problem3/02_batch_run/logs/checkpoints/P3_MAIN_MEAN_ROLLOUT_061218/2025-08-26.json.gz,b367c8ef3ecc479fcf4d090dd9124806ffc9be978cf314f959e2cdcf82208630,333960,batch_log_or_checkpoint,只读冻结；未执行
A_route/problem3/02_batch_run/logs/checkpoints/P3_MAIN_MEAN_ROLLOUT_061218/2025-08-27.json.gz,daa518b69ebb06b1070eb0ec86ec2c97619dbd16ee95613cc8640b2fc8910d21,346413,batch_log_or_checkpoint,只读冻结；未执行
A_route/problem3/02_batch_run/logs/checkpoints/P3_MAIN_MEAN_ROLLOUT_061218/2025-08-28.json.gz,09e1dd0d37bf692c64af5a318901e1b7bae615dda7acc7beb4106ded799edba2,343029,batch_log_or_checkpoint,只读冻结；未执行
A_route/problem3/02_batch_run/logs/checkpoints/P3_MAIN_MEAN_ROLLOUT_061218/2025-08-29.json.gz,bfe115bfbfb53a75cfb5813aa0e56072f16076d626d52fc8324af8b0f32a4adf,308996,batch_log_or_checkpoint,只读冻结；未执行
A_route/problem3/02_batch_run/logs/checkpoints/P3_MAIN_MEAN_ROLLOUT_061218/2025-08-30.json.gz,ece06a32898c3675c5c2a87acf60102c6a91d6753e51e0becf0ba0c4008b7956,317593,batch_log_or_checkpoint,只读冻结；未执行
A_route/problem3/02_batch_run/logs/checkpoints/P3_MAIN_MEAN_ROLLOUT_061218/2025-08-31.json.gz,cac1e53cd20807a60960eb3c9d2108f72ff68b71a36c2cab2c269d91b6404f5f,332207,batch_log_or_checkpoint,只读冻结；未执行
A_route/problem3/02_batch_run/logs/checkpoints/P3_MAIN_MEAN_ROLLOUT_061218/2025-09-01.json.gz,eb1045350f9b0fb132649d924bdbabe3b68caf6b312dd359c03cd1ece639dbff,329168,batch_log_or_checkpoint,只读冻结；未执行
A_route/problem3/02_batch_run/logs/checkpoints/P3_MAIN_MEAN_ROLLOUT_061218/2025-09-02.json.gz,edfb094fa1c3f2f9f64760ebe85d33f866d0f915c856797e8fe666c2785ce50d,339212,batch_log_or_checkpoint,只读冻结；未执行
A_route/problem3/02_batch_run/logs/checkpoints/P3_MAIN_MEAN_ROLLOUT_061218/2025-09-03.json.gz,1eeffdbb8267a0dcc7d9261e11d35786dedbf79e464de53d919c33321abfb8f4,329036,batch_log_or_checkpoint,只读冻结；未执行
A_route/problem3/02_batch_run/logs/checkpoints/P3_MAIN_MEAN_ROLLOUT_061218/2025-09-04.json.gz,ec73c04a1cb325810080bf6976c4123ae53fe5f41e7856d93d69fb9c82deb67c,318418,batch_log_or_checkpoint,只读冻结；未执行
A_route/problem3/02_batch_run/logs/checkpoints/P3_MAIN_MEAN_ROLLOUT_061218/2025-09-05.json.gz,fde9b52fbe8c3928f40d6e123610c17f607a876c27d66d5726426f0280730761,305315,batch_log_or_checkpoint,只读冻结；未执行
A_route/problem3/02_batch_run/logs/checkpoints/P3_MAIN_MEAN_ROLLOUT_061218/2025-09-06.json.gz,07a8d3dac589454c8f27bc8a086e0d87c1a06f0e0543647a09bcf65c65a8b8f9,312915,batch_log_or_checkpoint,只读冻结；未执行
A_route/problem3/02_batch_run/logs/checkpoints/P3_MAIN_MEAN_ROLLOUT_061218/2025-09-07.json.gz,fbd012aa263370270ea0b66d7cd000ec3ea2fe508801862aafbfc3c1fa37c256,326962,batch_log_or_checkpoint,只读冻结；未执行
A_route/problem3/02_batch_run/logs/checkpoints/P3_MAIN_MEAN_ROLLOUT_061218/2025-09-08.json.gz,5883472ff306ceb4461ef001960973d84be42e4174f5eb88a3986a6fd0236e01,331901,batch_log_or_checkpoint,只读冻结；未执行
A_route/problem3/02_batch_run/logs/checkpoints/P3_MAIN_MEAN_ROLLOUT_061218/2025-09-09.json.gz,7c957209854f0421b92e3c7c01702c67c37e2de3552012ac35d403f06e1310e3,337448,batch_log_or_checkpoint,只读冻结；未执行
A_route/problem3/02_batch_run/logs/checkpoints/P3_MAIN_MEAN_ROLLOUT_061218/2025-09-10.json.gz,95e5f429543af004092de4dfea62abae599cd71a395f5ddd82a66282784c5c81,334336,batch_log_or_checkpoint,只读冻结；未执行
A_route/problem3/02_batch_run/logs/checkpoints/P3_MAIN_MEAN_ROLLOUT_061218/2025-09-11.json.gz,802be092c56ce8b42703cd57a37e5ac4550aff80b73f96db844dc9a04c18e354,320263,batch_log_or_checkpoint,只读冻结；未执行
A_route/problem3/02_batch_run/logs/checkpoints/P3_MAIN_MEAN_ROLLOUT_061218/2025-09-12.json.gz,3845f6401ae9b2001d57f078fc509822848d1a9deb47a3b20c11562a0b763602,313721,batch_log_or_checkpoint,只读冻结；未执行
A_route/problem3/02_batch_run/logs/checkpoints/P3_MAIN_MEAN_ROLLOUT_061218/2025-09-13.json.gz,515b626f0c763c6fa0e20c45b90a11a0241ad1f0db62eb260d1ccb457fd58f54,314297,batch_log_or_checkpoint,只读冻结；未执行
A_route/problem3/02_batch_run/logs/checkpoints/P3_MAIN_MEAN_ROLLOUT_061218/2025-09-14.json.gz,08b0b14cfbe7bf3890154909ec3ddd5af74b89b7dce144899b7e2b85d1c5767e,323266,batch_log_or_checkpoint,只读冻结；未执行
A_route/problem3/02_batch_run/logs/checkpoints/P3_MAIN_MEAN_ROLLOUT_061218/2025-09-15.json.gz,06996914b01d1acdb24a683416731a04ab17e50e349636766bf00357aab02e05,329015,batch_log_or_checkpoint,只读冻结；未执行
A_route/problem3/02_batch_run/logs/checkpoints/P3_MAIN_MEAN_ROLLOUT_061218/2025-09-16.json.gz,a17e70caa0c680c80a19a81b48b950fee9240643cb703a8c1143521c9805e410,330935,batch_log_or_checkpoint,只读冻结；未执行
A_route/problem3/02_batch_run/logs/checkpoints/P3_MAIN_MEAN_ROLLOUT_061218/2025-09-17.json.gz,1806dfcf6a94ed6be2ed1e9f8ae812c6dffa36b58893d88a031d88198c3389cb,325765,batch_log_or_checkpoint,只读冻结；未执行
A_route/problem3/02_batch_run/logs/checkpoints/P3_MAIN_MEAN_ROLLOUT_061218/2025-09-18.json.gz,1fe3a6dae1fbdff8c3b9f4353f0a8f5e0329dfabb843610c02979515e546f813,335495,batch_log_or_checkpoint,只读冻结；未执行
A_route/problem3/02_batch_run/logs/checkpoints/P3_MAIN_MEAN_ROLLOUT_061218/2025-09-19.json.gz,a00e96aa4878ab06d24ab2b9e401709eb1c3d17d37b45c5a73a8ac1cc82726a5,315109,batch_log_or_checkpoint,只读冻结；未执行
A_route/problem3/02_batch_run/logs/checkpoints/P3_MAIN_MEAN_ROLLOUT_061218/2025-09-20.json.gz,1a363db544709281df2520f2ee69ba63ce08465ff44c3ecb8f3a29cb2b8687c8,319123,batch_log_or_checkpoint,只读冻结；未执行
A_route/problem3/02_batch_run/logs/checkpoints/P3_MAIN_MEAN_ROLLOUT_061218/2025-09-21.json.gz,feca7d1b024850fcc223c14805682f53b3937596ef100032d40fe68c523a4d64,328413,batch_log_or_checkpoint,只读冻结；未执行
A_route/problem3/02_batch_run/logs/checkpoints/P3_MAIN_MEAN_ROLLOUT_061218/2025-09-22.json.gz,9191d3c4c36cc476426d0a2252226706ff3ac2e1ad40899bde3e6ec5364dde24,326686,batch_log_or_checkpoint,只读冻结；未执行
A_route/problem3/02_batch_run/logs/checkpoints/P3_MAIN_MEAN_ROLLOUT_061218/2025-09-23.json.gz,020a4af137cb8ad421965985f6d6925280f5eafb4c8ca1067b58ff2b244e3c6f,324359,batch_log_or_checkpoint,只读冻结；未执行
A_route/problem3/02_batch_run/logs/checkpoints/P3_MAIN_MEAN_ROLLOUT_061218/2025-09-24.json.gz,76d46d612afce7074054f8e7df22b128fdee4ab07d282836eaa60823a7e2076e,344018,batch_log_or_checkpoint,只读冻结；未执行
A_route/problem3/02_batch_run/logs/checkpoints/P3_MAIN_MEAN_ROLLOUT_061218/2025-09-25.json.gz,b8e3b19f4d36e51893d7123c6deac88a06c0a7083e06537c328c6396ccbf34b6,331916,batch_log_or_checkpoint,只读冻结；未执行
A_route/problem3/02_batch_run/logs/checkpoints/P3_MAIN_MEAN_ROLLOUT_061218/2025-09-26.json.gz,06c5d279597c0f4329d7f921d723dc4b63a3ec9a74b91d08ff3f3c198351b644,308159,batch_log_or_checkpoint,只读冻结；未执行
A_route/problem3/02_batch_run/logs/checkpoints/P3_MAIN_MEAN_ROLLOUT_061218/2025-09-27.json.gz,7cfb7a397d0a370d209a0c005eca64abbf0d612ad3eb38c43af6d7a525da4673,323011,batch_log_or_checkpoint,只读冻结；未执行
A_route/problem3/02_batch_run/logs/checkpoints/P3_MAIN_MEAN_ROLLOUT_061218/2025-09-28.json.gz,754a6da22928a409d4b4abfd896460a74485e34e2d00f68251878bbcc3826c73,342097,batch_log_or_checkpoint,只读冻结；未执行
A_route/problem3/02_batch_run/logs/checkpoints/P3_MAIN_MEAN_ROLLOUT_061218/2025-09-29.json.gz,54a5d23e71cd83530d0697f3899825454081b3fce9c5cb2f75a434e86680e4cc,325081,batch_log_or_checkpoint,只读冻结；未执行
A_route/problem3/02_batch_run/logs/checkpoints/P3_MAIN_MEAN_ROLLOUT_061218/2025-09-30.json.gz,0988fc9e0a45d182c260248937d996065cc2c594d42cf1698f8b363036097485,332746,batch_log_or_checkpoint,只读冻结；未执行
A_route/problem3/02_batch_run/logs/checkpoints/P3_MAIN_MEAN_ROLLOUT_061218/2025-10-01.json.gz,4e1cb24cc4248e939e44b2189516ea5d469df9c1c44975bccc268f54f575392c,322102,batch_log_or_checkpoint,只读冻结；未执行
A_route/problem3/02_batch_run/logs/checkpoints/P3_MAIN_MEAN_ROLLOUT_061218/2025-10-02.json.gz,9dbd12b31bfaefa4223b5ca34190e81df360703bffbe9daae59ce7f345fdb4ea,317813,batch_log_or_checkpoint,只读冻结；未执行
A_route/problem3/02_batch_run/logs/checkpoints/P3_MAIN_MEAN_ROLLOUT_061218/2025-10-03.json.gz,fc87a9f47d19a18b623103ced9f15f821298b6c82efca55edbbfb05795dfe27e,310602,batch_log_or_checkpoint,只读冻结；未执行
A_route/problem3/02_batch_run/logs/checkpoints/P3_MAIN_MEAN_ROLLOUT_061218/2025-10-04.json.gz,d3c9115f35b0005c39a298a2eabb93b99892a82f91b75cdbb0edab8412f5d8f9,313968,batch_log_or_checkpoint,只读冻结；未执行
A_route/problem3/02_batch_run/logs/checkpoints/P3_MAIN_MEAN_ROLLOUT_061218/2025-10-05.json.gz,6764511125732f5f2426befe3999a65aa8006efe709ca1a27ebcbb2bff0e18f7,325997,batch_log_or_checkpoint,只读冻结；未执行
A_route/problem3/02_batch_run/logs/checkpoints/P3_MAIN_MEAN_ROLLOUT_061218/2025-10-06.json.gz,1ab00e45aa86f5b2f09eaa8c606e90ec254c03e2dcce777207341262f673ebfd,332409,batch_log_or_checkpoint,只读冻结；未执行
A_route/problem3/02_batch_run/logs/checkpoints/P3_MAIN_MEAN_ROLLOUT_061218/2025-10-07.json.gz,54bbc402e84a9f68452e1d835274f12d3c9d37b51ab6aefa36616a3c9a4962b9,328389,batch_log_or_checkpoint,只读冻结；未执行
A_route/problem3/02_batch_run/logs/checkpoints/P3_MAIN_MEAN_ROLLOUT_061218/2025-10-08.json.gz,f5849c06f146242757a3f1e0e4a9a4ce4ff312b503799f91eb5727953d79ed08,323288,batch_log_or_checkpoint,只读冻结；未执行
A_route/problem3/02_batch_run/logs/checkpoints/P3_MAIN_MEAN_ROLLOUT_061218/2025-10-09.json.gz,4560ba500d8eef8fa9220c346561648232b241738dca9ec0bd438fed98b9ec35,316584,batch_log_or_checkpoint,只读冻结；未执行
A_route/problem3/02_batch_run/logs/checkpoints/P3_MAIN_MEAN_ROLLOUT_061218/2025-10-10.json.gz,2159e5df53dc0c60eb81d56958eca96dc3790963a16a1c78560d3a2aab69b98f,310101,batch_log_or_checkpoint,只读冻结；未执行
A_route/problem3/02_batch_run/logs/checkpoints/P3_MAIN_MEAN_ROLLOUT_061218/2025-10-11.json.gz,1eb78edb93130f7ee7769bbe83f8edef65ded11da5a8efdd8fa34099cae71044,314578,batch_log_or_checkpoint,只读冻结；未执行
A_route/problem3/02_batch_run/logs/checkpoints/P3_MAIN_MEAN_ROLLOUT_061218/2025-10-12.json.gz,a23e8e9060e1042426031c3d33d77bfb82bd6e395ca204ddf6dde1885b13ac0f,328449,batch_log_or_checkpoint,只读冻结；未执行
A_route/problem3/02_batch_run/logs/checkpoints/P3_MAIN_MEAN_ROLLOUT_061218/2025-10-13.json.gz,f1f31a9463fffea06281966ae660d5fac1c55db6fe03067c94fa61b923294961,323495,batch_log_or_checkpoint,只读冻结；未执行
A_route/problem3/02_batch_run/logs/checkpoints/P3_MAIN_MEAN_ROLLOUT_061218/2025-10-14.json.gz,8eb47d3e75879fe8f53f5b292cfb855c8b9785b33bdc5a6d7faa2438395da517,331190,batch_log_or_checkpoint,只读冻结；未执行
A_route/problem3/02_batch_run/logs/checkpoints/P3_MAIN_MEAN_ROLLOUT_061218/2025-10-15.json.gz,07ca05901d3ba2fea3c62cc260220882c7a963e37c9bae57688f26d32c963508,323555,batch_log_or_checkpoint,只读冻结；未执行
A_route/problem3/02_batch_run/logs/checkpoints/P3_MAIN_MEAN_ROLLOUT_061218/2025-10-16.json.gz,3b73c097f9d7ed84d24ca8db28d4636115c55ada3c45a770f3cf8211a46c0d75,326591,batch_log_or_checkpoint,只读冻结；未执行
A_route/problem3/02_batch_run/logs/checkpoints/P3_MAIN_MEAN_ROLLOUT_061218/2025-10-17.json.gz,c4da7c213bd638dbb1cf99464649168638c93a02f32a040bf5f8dc9dfa286be8,316277,batch_log_or_checkpoint,只读冻结；未执行
A_route/problem3/02_batch_run/logs/checkpoints/P3_MAIN_MEAN_ROLLOUT_061218/2025-10-18.json.gz,8efbf2b11ce77e807dca951416245503376af5199135d5316a61d8b519d8c7b7,316305,batch_log_or_checkpoint,只读冻结；未执行
A_route/problem3/02_batch_run/logs/checkpoints/P3_MAIN_MEAN_ROLLOUT_061218/2025-10-19.json.gz,843f540ee4da74275c400603caf91686912f90c913e9fa4b15430532f54d60bb,326442,batch_log_or_checkpoint,只读冻结；未执行
A_route/problem3/02_batch_run/logs/checkpoints/P3_MAIN_MEAN_ROLLOUT_061218/2025-10-20.json.gz,7c8d890e4561cb4b65388edd3bbd1a8b42460115f4e182c8323a8a09f5872740,321849,batch_log_or_checkpoint,只读冻结；未执行
A_route/problem3/02_batch_run/logs/checkpoints/P3_MAIN_MEAN_ROLLOUT_061218/2025-10-21.json.gz,a565b9abcb2403c790538a34ae17c1fdb1da169fafb4cc742735a87208fd2269,325827,batch_log_or_checkpoint,只读冻结；未执行
A_route/problem3/02_batch_run/logs/checkpoints/P3_MAIN_MEAN_ROLLOUT_061218/2025-10-22.json.gz,394fdda6a6675277ad750f0ef3411a57f26c6238507a70bece7f3db50842aeef,326822,batch_log_or_checkpoint,只读冻结；未执行
A_route/problem3/02_batch_run/logs/checkpoints/P3_MAIN_MEAN_ROLLOUT_061218/2025-10-23.json.gz,e2dc7d67386b09530a66f732fa16ae65af9fd429ef8485af1b4faf14ba0375eb,323598,batch_log_or_checkpoint,只读冻结；未执行
A_route/problem3/02_batch_run/logs/checkpoints/P3_MAIN_MEAN_ROLLOUT_061218/2025-10-24.json.gz,84b60906baa631097befe5d90db9b9101f6417fba72fe00aace4bba3e16276cb,313790,batch_log_or_checkpoint,只读冻结；未执行
A_route/problem3/02_batch_run/logs/checkpoints/P3_MAIN_MEAN_ROLLOUT_061218/2025-10-25.json.gz,c5f69c2b9bc53864abab8fd8e70b15e90a7b881d9adb55f95a12604709093d63,316535,batch_log_or_checkpoint,只读冻结；未执行
A_route/problem3/02_batch_run/logs/checkpoints/P3_MAIN_MEAN_ROLLOUT_061218/2025-10-26.json.gz,bfca5c301fcd8650e8579eff543bd386c928f1ae15fbdf24a49c308eea746323,326793,batch_log_or_checkpoint,只读冻结；未执行
A_route/problem3/02_batch_run/logs/checkpoints/P3_MAIN_MEAN_ROLLOUT_061218/2025-10-27.json.gz,486331794545d9e198c69788e9ad4553b36236c144d76a269650b0587299c8d7,339521,batch_log_or_checkpoint,只读冻结；未执行
A_route/problem3/02_batch_run/logs/checkpoints/P3_MAIN_MEAN_ROLLOUT_061218/2025-10-28.json.gz,fea73772f937f0f89f4190f9964ae3f71cb2d7dd53159d451477ce12fda98097,335202,batch_log_or_checkpoint,只读冻结；未执行
A_route/problem3/02_batch_run/logs/checkpoints/P3_MAIN_MEAN_ROLLOUT_061218/2025-10-29.json.gz,3fa7acc41e52cf0ab375eb7f637930ea6ec4ebab6c2f5e1bf3f93b7fb46ecf95,327673,batch_log_or_checkpoint,只读冻结；未执行
A_route/problem3/02_batch_run/logs/checkpoints/P3_MAIN_MEAN_ROLLOUT_061218/2025-10-30.json.gz,b751415543e51f56571dd496b9dc443eed5599dc7812ee32c5b97fb418f3a5e7,327909,batch_log_or_checkpoint,只读冻结；未执行
A_route/problem3/02_batch_run/logs/checkpoints/P3_MAIN_MEAN_ROLLOUT_061218/2025-10-31.json.gz,67e31ef413d541c3460cbca985da4bb2af34af2f015b765b245f43e7f7a49460,315735,batch_log_or_checkpoint,只读冻结；未执行
A_route/problem3/02_batch_run/logs/checkpoints/P3_MAIN_MEAN_ROLLOUT_061218/2025-11-01.json.gz,8bc4d800ba886c82c01b3a2834d8ad184486b4ef58b1a03b50b8a2fdcaadcf9a,320572,batch_log_or_checkpoint,只读冻结；未执行
A_route/problem3/02_batch_run/logs/checkpoints/P3_MAIN_MEAN_ROLLOUT_061218/2025-11-02.json.gz,838d98b64ec0eef2f18b161e71893bc22173e754b80ca36ea86453c223e6ff23,344512,batch_log_or_checkpoint,只读冻结；未执行
A_route/problem3/02_batch_run/logs/checkpoints/P3_MAIN_MEAN_ROLLOUT_061218/2025-11-03.json.gz,abb45671a8f11413c5aa8022078aa2a16e2f32195b52a0d2ec0001b48c62933a,334098,batch_log_or_checkpoint,只读冻结；未执行
A_route/problem3/02_batch_run/logs/checkpoints/P3_MAIN_MEAN_ROLLOUT_061218/2025-11-04.json.gz,8ad07adeffa7d78ef09c1f3ff76952805dd7a14798924fcef31ead32d299f78d,336769,batch_log_or_checkpoint,只读冻结；未执行
A_route/problem3/02_batch_run/logs/checkpoints/P3_MAIN_MEAN_ROLLOUT_061218/2025-11-05.json.gz,7d809260a0decb02e25d1ed613f96015eaca41f537594b2b9222fc2226b14663,330948,batch_log_or_checkpoint,只读冻结；未执行
A_route/problem3/02_batch_run/logs/checkpoints/P3_MAIN_MEAN_ROLLOUT_061218/2025-11-06.json.gz,8ce86c9858bfe1fb8abd61c738074f158f4eadf2e406fd02ab4cba8d83f71117,343987,batch_log_or_checkpoint,只读冻结；未执行
A_route/problem3/02_batch_run/logs/checkpoints/P3_MAIN_MEAN_ROLLOUT_061218/2025-11-07.json.gz,7d2da54203fa1f8d5a33aae310a1b37f6756af27c22adc7d9e0bff67e3001015,325048,batch_log_or_checkpoint,只读冻结；未执行
A_route/problem3/02_batch_run/logs/checkpoints/P3_MAIN_MEAN_ROLLOUT_061218/2025-11-08.json.gz,69bd280f405e4cdf8028f19de55a4e9d5c7920eed8324e97f94327df68d220ce,318134,batch_log_or_checkpoint,只读冻结；未执行
A_route/problem3/02_batch_run/logs/checkpoints/P3_MAIN_MEAN_ROLLOUT_061218/2025-11-09.json.gz,2c0f0a8a46a86b22359539f18669be880153af1371210c11f528417c6e5042e4,330344,batch_log_or_checkpoint,只读冻结；未执行
A_route/problem3/02_batch_run/logs/checkpoints/P3_MAIN_MEAN_ROLLOUT_061218/2025-11-10.json.gz,322e005e5389cf5b51f27e9eee8865d4ec670b7c81acf2e37e16266ec5ef401a,339260,batch_log_or_checkpoint,只读冻结；未执行
A_route/problem3/02_batch_run/logs/checkpoints/P3_MAIN_MEAN_ROLLOUT_061218/2025-11-11.json.gz,80828ada29146ded28b206e796d51ad3785f0803438d5900885b49707ac11e6d,330237,batch_log_or_checkpoint,只读冻结；未执行
A_route/problem3/02_batch_run/logs/checkpoints/P3_MAIN_MEAN_ROLLOUT_061218/2025-11-12.json.gz,bdf7255549f00ff69e53113d60064188a16d338fb1b617fba2235cc0c3575e5d,335642,batch_log_or_checkpoint,只读冻结；未执行
A_route/problem3/02_batch_run/logs/checkpoints/P3_MAIN_MEAN_ROLLOUT_061218/2025-11-13.json.gz,5de093b454ac8c39c0aeb218cfbeaab7e7dc3c2ca383f4a98af265a578f54102,338171,batch_log_or_checkpoint,只读冻结；未执行
A_route/problem3/02_batch_run/logs/checkpoints/P3_MAIN_MEAN_ROLLOUT_061218/2025-11-14.json.gz,4b0800bf853c30f334c3918a6d361b620fecebb4997f5fc51edccf91ac386b63,313412,batch_log_or_checkpoint,只读冻结；未执行
A_route/problem3/02_batch_run/logs/checkpoints/P3_MAIN_MEAN_ROLLOUT_061218/2025-11-15.json.gz,fd27d6be5fe1990862b3a43d00fb77480463120dc238b9ed737f7bcb3bbe02ee,321101,batch_log_or_checkpoint,只读冻结；未执行
A_route/problem3/02_batch_run/logs/checkpoints/P3_MAIN_MEAN_ROLLOUT_061218/2025-11-16.json.gz,60f98a9e76e3df1e3a7190cd9d696d5d99eac85d3bbb6514a9659613d9ff08f4,342480,batch_log_or_checkpoint,只读冻结；未执行
A_route/problem3/02_batch_run/logs/checkpoints/P3_MAIN_MEAN_ROLLOUT_061218/2025-11-17.json.gz,1a2ecc5dab1ad1b1ce688c8b4af07c570c988bb0151bf65adb7c2fd785526d68,341340,batch_log_or_checkpoint,只读冻结；未执行
A_route/problem3/02_batch_run/logs/checkpoints/P3_MAIN_MEAN_ROLLOUT_061218/2025-11-18.json.gz,184bb232987f6cea058847a11b38027bec12360a13b004c468fee8fd499864a6,329434,batch_log_or_checkpoint,只读冻结；未执行
A_route/problem3/02_batch_run/logs/checkpoints/P3_MAIN_MEAN_ROLLOUT_061218/2025-11-19.json.gz,dec8e58f2391dd74edb25c96229d42c317cdac17394dd53677f4105c4df06a77,349130,batch_log_or_checkpoint,只读冻结；未执行
A_route/problem3/02_batch_run/logs/checkpoints/P3_MAIN_MEAN_ROLLOUT_061218/2025-11-20.json.gz,bab43bd4965f6cdde186ad8e6d25e342a17a55f43ef18043ec8586eaf99dbc20,335931,batch_log_or_checkpoint,只读冻结；未执行
A_route/problem3/02_batch_run/logs/checkpoints/P3_MAIN_MEAN_ROLLOUT_061218/2025-11-21.json.gz,71da79cc996529a50a2d08c2b2c74b2c95f8926c6a9ed53fb79d492534ae1145,326212,batch_log_or_checkpoint,只读冻结；未执行
A_route/problem3/02_batch_run/logs/checkpoints/P3_MAIN_MEAN_ROLLOUT_061218/2025-11-22.json.gz,ba6ecec299be86cc266c71c77aa7f851112f529d4040c77b0eaea2cd0d128444,319502,batch_log_or_checkpoint,只读冻结；未执行
A_route/problem3/02_batch_run/logs/checkpoints/P3_MAIN_MEAN_ROLLOUT_061218/2025-11-23.json.gz,c67772a0e0411c925b8eb4fd28c33fd3d679e74786dcbfc7e4f81e84e06fcec7,334724,batch_log_or_checkpoint,只读冻结；未执行
A_route/problem3/02_batch_run/logs/checkpoints/P3_MAIN_MEAN_ROLLOUT_061218/2025-11-24.json.gz,697c3c18e29c1c9a3e7e0a7ccf2c5f6a29ac6cd20cc4d7182b3631aa097e8048,332428,batch_log_or_checkpoint,只读冻结；未执行
A_route/problem3/02_batch_run/logs/checkpoints/P3_MAIN_MEAN_ROLLOUT_061218/2025-11-25.json.gz,1ed3eab66faf3e8aed9b9744ca82ad40ade1001cbf41d47497b0f07ddac85ed0,322505,batch_log_or_checkpoint,只读冻结；未执行
A_route/problem3/02_batch_run/logs/checkpoints/P3_MAIN_MEAN_ROLLOUT_061218/2025-11-26.json.gz,0bb8bdfe6d9da79bbde109a7ad16673a060c04fda9ce3b68f3567d43c35d35f4,326351,batch_log_or_checkpoint,只读冻结；未执行
A_route/problem3/02_batch_run/logs/checkpoints/P3_MAIN_MEAN_ROLLOUT_061218/2025-11-27.json.gz,f260092fa1e0679a39624fdd2f8436e5f013178a4a82600044234341cfb4a421,326164,batch_log_or_checkpoint,只读冻结；未执行
A_route/problem3/02_batch_run/logs/checkpoints/P3_MAIN_MEAN_ROLLOUT_061218/2025-11-28.json.gz,98d4e4436c69107302d9b6cb05c26ad8aa227746096438a496507e640b7feeb6,317221,batch_log_or_checkpoint,只读冻结；未执行
A_route/problem3/02_batch_run/logs/checkpoints/P3_MAIN_MEAN_ROLLOUT_061218/2025-11-29.json.gz,0b332f9dc5d1ecaf6693cc295f2ec7741a94368a436f1e7c3c83a911adba10fc,319059,batch_log_or_checkpoint,只读冻结；未执行
A_route/problem3/02_batch_run/logs/checkpoints/P3_MAIN_MEAN_ROLLOUT_061218/2025-11-30.json.gz,d69884fa1d134b0df82de2578b182bc909e4be8dd899d6933c7da0c39ffda85d,338904,batch_log_or_checkpoint,只读冻结；未执行
A_route/problem3/02_batch_run/logs/checkpoints/P3_MAIN_MEAN_ROLLOUT_061218/2025-12-01.json.gz,d5c1984bfc99be7a41de822263bf11136694371eae6067ae83debd7e33096f76,334155,batch_log_or_checkpoint,只读冻结；未执行
A_route/problem3/02_batch_run/logs/checkpoints/P3_MAIN_MEAN_ROLLOUT_061218/2025-12-02.json.gz,d59c826c0c10c31ed5e2643028be9ac540a3d87d95d608da7736d1380312b493,334990,batch_log_or_checkpoint,只读冻结；未执行
A_route/problem3/02_batch_run/logs/checkpoints/P3_MAIN_MEAN_ROLLOUT_061218/2025-12-03.json.gz,1ff820183e14b7628a3e211eff3b18919b9a1220ed1dece4189916caf8023343,354109,batch_log_or_checkpoint,只读冻结；未执行
A_route/problem3/02_batch_run/logs/checkpoints/P3_MAIN_MEAN_ROLLOUT_061218/2025-12-04.json.gz,c3eea9b48d2ed4e9582c7b6b8557e89e0b5792439c208071ada46816456ecc3c,340420,batch_log_or_checkpoint,只读冻结；未执行
A_route/problem3/02_batch_run/logs/checkpoints/P3_MAIN_MEAN_ROLLOUT_061218/2025-12-05.json.gz,326054bb5cbd7fb5588ca9afa108d51a5b7f2b38f0cd2aee8a241b59170cdd87,341430,batch_log_or_checkpoint,只读冻结；未执行
A_route/problem3/02_batch_run/logs/checkpoints/P3_MAIN_MEAN_ROLLOUT_061218/2025-12-06.json.gz,94ad39e68dbf97548e2c49cf92f616733a74ce460adfb0d7b8bfc33683039ae5,338579,batch_log_or_checkpoint,只读冻结；未执行
A_route/problem3/02_batch_run/logs/checkpoints/P3_MAIN_MEAN_ROLLOUT_061218/2025-12-07.json.gz,67d07faa84693682a11f704bb0e4a52280a993f370d77c0339dd059cb319739c,340035,batch_log_or_checkpoint,只读冻结；未执行
A_route/problem3/02_batch_run/logs/checkpoints/P3_MAIN_MEAN_ROLLOUT_061218/2025-12-08.json.gz,5b401cac1044cdee2b83f4990d0bec590135a1f2dde67235ef3eb46497b4a229,324279,batch_log_or_checkpoint,只读冻结；未执行
A_route/problem3/02_batch_run/logs/checkpoints/P3_MAIN_MEAN_ROLLOUT_061218/2025-12-09.json.gz,369548e059578590f948469c422515d26a5d395c55a2d2ef7d55bca223e4d83d,324710,batch_log_or_checkpoint,只读冻结；未执行
A_route/problem3/02_batch_run/logs/checkpoints/P3_MAIN_MEAN_ROLLOUT_061218/2025-12-10.json.gz,d461fe1cecfa1bb7e1fc2e6ed0f1792ee060dcb0470feb2ddd3c8e021f38d45b,329189,batch_log_or_checkpoint,只读冻结；未执行
A_route/problem3/02_batch_run/logs/checkpoints/P3_MAIN_MEAN_ROLLOUT_061218/2025-12-11.json.gz,06a63c36ac9dfa0537453fc6f9158e654470a13865c34019952a23b075d43e8d,321555,batch_log_or_checkpoint,只读冻结；未执行
A_route/problem3/02_batch_run/logs/checkpoints/P3_MAIN_MEAN_ROLLOUT_061218/2025-12-12.json.gz,3a5267f61aa0a426d495e0a682d91437af02ad9398aee1b1d124ebc50fc81c50,328254,batch_log_or_checkpoint,只读冻结；未执行
A_route/problem3/02_batch_run/logs/checkpoints/P3_MAIN_MEAN_ROLLOUT_061218/2025-12-13.json.gz,e35c1b5393a3b75585dcffef85ae959614e8d120c10c38d107a8cf2edc8366c1,327847,batch_log_or_checkpoint,只读冻结；未执行
A_route/problem3/02_batch_run/logs/checkpoints/P3_MAIN_MEAN_ROLLOUT_061218/2025-12-14.json.gz,a0a2d3cc21a177b66f85a7adab435dfcf1eeefb94f010df0ec2d6f9346a0813f,332398,batch_log_or_checkpoint,只读冻结；未执行
A_route/problem3/02_batch_run/logs/checkpoints/P3_MAIN_MEAN_ROLLOUT_061218/2025-12-15.json.gz,45fe28af4ce1de927eb2e2831aedc1604dcd075a02e985a9edea8aeb71660cec,335168,batch_log_or_checkpoint,只读冻结；未执行
A_route/problem3/02_batch_run/logs/checkpoints/P3_MAIN_MEAN_ROLLOUT_061218/2025-12-16.json.gz,f984d098a312cb1d8b81c9ae577188cb825a3f2203b9319438174fc4cc63fca5,322262,batch_log_or_checkpoint,只读冻结；未执行
A_route/problem3/02_batch_run/logs/checkpoints/P3_MAIN_MEAN_ROLLOUT_061218/2025-12-17.json.gz,1aca40846c94269daa493841dc3edf4f277d93abcc19d8aa12b831496ee5ae04,321258,batch_log_or_checkpoint,只读冻结；未执行
A_route/problem3/02_batch_run/logs/checkpoints/P3_MAIN_MEAN_ROLLOUT_061218/2025-12-18.json.gz,b38ad418360e5d5546118c407f547285f5971e5a1818ca17d58a21d25d9b3106,329015,batch_log_or_checkpoint,只读冻结；未执行
A_route/problem3/02_batch_run/logs/checkpoints/P3_MAIN_MEAN_ROLLOUT_061218/2025-12-19.json.gz,a99fcd71d89e3d0239af13fd9573382d849153801aba5945dc5cf3d9cd05c640,325589,batch_log_or_checkpoint,只读冻结；未执行
A_route/problem3/02_batch_run/logs/checkpoints/P3_MAIN_MEAN_ROLLOUT_061218/2025-12-20.json.gz,ee4c0e258721b59c275a89c62ae00772976dd91f10805e4b38e34d39c2996718,320578,batch_log_or_checkpoint,只读冻结；未执行
A_route/problem3/02_batch_run/logs/checkpoints/P3_MAIN_MEAN_ROLLOUT_061218/2025-12-21.json.gz,7d7e8f70244151152f8ff8890c2c0137a5f9b025d57014d7dead8d953a7f132f,322826,batch_log_or_checkpoint,只读冻结；未执行
A_route/problem3/02_batch_run/logs/checkpoints/P3_MAIN_MEAN_ROLLOUT_061218/2025-12-22.json.gz,7cdf3ff5eee9c9ddcdc18b127c5bd2f5321dee3cea83e71cdc31c250adff3f18,324361,batch_log_or_checkpoint,只读冻结；未执行
A_route/problem3/02_batch_run/logs/checkpoints/P3_MAIN_MEAN_ROLLOUT_061218/2025-12-23.json.gz,6e527fa8117f66f32317eacf6b0c22db401ecae7b907c07ce4d37ee30fb1ed48,323115,batch_log_or_checkpoint,只读冻结；未执行
A_route/problem3/02_batch_run/logs/checkpoints/P3_MAIN_MEAN_ROLLOUT_061218/2025-12-24.json.gz,ad762b3c39e5b971353522637ea97e6e8c7eb1e3a2b88b1c14cd88084f700980,320174,batch_log_or_checkpoint,只读冻结；未执行
A_route/problem3/02_batch_run/logs/checkpoints/P3_MAIN_MEAN_ROLLOUT_061218/2025-12-25.json.gz,ad9577ee414893b66e0b97fbe188f5432e8236ecadb7f27522c56293a9947900,326485,batch_log_or_checkpoint,只读冻结；未执行
A_route/problem3/02_batch_run/logs/checkpoints/P3_MAIN_MEAN_ROLLOUT_061218/2025-12-26.json.gz,462b702e45b8d753b257dfa548a47efbfa85f719f5012982fb22ccf7eca34f27,321594,batch_log_or_checkpoint,只读冻结；未执行
A_route/problem3/02_batch_run/logs/checkpoints/P3_MAIN_MEAN_ROLLOUT_061218/2025-12-27.json.gz,4978abb097d482f8644c9331c2bf2ee225ae90fbe95aea4f8b611dbe775dee6e,321140,batch_log_or_checkpoint,只读冻结；未执行
A_route/problem3/02_batch_run/logs/checkpoints/P3_MAIN_MEAN_ROLLOUT_061218/2025-12-28.json.gz,346a548432cb3faaf1466c6a40d8507c1a07f3fc7ac086418a55dec0fe850361,321931,batch_log_or_checkpoint,只读冻结；未执行
A_route/problem3/02_batch_run/logs/checkpoints/P3_MAIN_MEAN_ROLLOUT_061218/2025-12-29.json.gz,07f15589289e692cfe16615ead78c18a9737a18c65b6ac269e3334291cc40662,327107,batch_log_or_checkpoint,只读冻结；未执行
A_route/problem3/02_batch_run/logs/checkpoints/P3_MAIN_MEAN_ROLLOUT_061218/2025-12-30.json.gz,f51246173f4b82f6eb00af8dc315f3dbff2086ac1152ecd1d5fe47e827a62c7e,325067,batch_log_or_checkpoint,只读冻结；未执行
A_route/problem3/02_batch_run/logs/checkpoints/P3_MAIN_MEAN_ROLLOUT_061218/2025-12-31.json.gz,091d6facec405dc7ffe6e0581f794e76444d4cf71b434cac625456ed509e8ed3,322814,batch_log_or_checkpoint,只读冻结；未执行
A_route/problem3/02_batch_run/logs/checkpoints/P3_MEAN_ROLLOUT_06/2025-02-01.json.gz,6eb2088a64aa0c25d7a452f8f007b69a4215f2c02eebbe33213fd7765853ddfb,128586,batch_log_or_checkpoint,只读冻结；未执行
A_route/problem3/02_batch_run/logs/checkpoints/P3_MEAN_ROLLOUT_06/2025-02-02.json.gz,7331c73c6466db4ab9c2a74bf8ac7eabbab882cb6a008dd9fada01d02522d569,137100,batch_log_or_checkpoint,只读冻结；未执行
A_route/problem3/02_batch_run/logs/checkpoints/P3_MEAN_ROLLOUT_06/2025-02-03.json.gz,4f5fe8237f99aca51d26fdf91fa15b636c1cafe78fcffa23d7c10ec414db96b8,141642,batch_log_or_checkpoint,只读冻结；未执行
A_route/problem3/02_batch_run/logs/checkpoints/P3_MEAN_ROLLOUT_06/2025-02-04.json.gz,a805f3e1e3f203666391575d7e41a04b07417d0c6d309c78322223d14b07d2bb,146573,batch_log_or_checkpoint,只读冻结；未执行
A_route/problem3/02_batch_run/logs/checkpoints/P3_MEAN_ROLLOUT_06/2025-02-05.json.gz,ff065e38429ddabb3bc3bd85176c2e3cae0f8762051cd71a446ad5636b8151a9,154244,batch_log_or_checkpoint,只读冻结；未执行
A_route/problem3/02_batch_run/logs/checkpoints/P3_MEAN_ROLLOUT_06/2025-02-06.json.gz,82be990ff4b4b7d26b010c5f01b6a1097b8e00f30f2a63e5876aff3d8c14b2af,150693,batch_log_or_checkpoint,只读冻结；未执行
A_route/problem3/02_batch_run/logs/checkpoints/P3_MEAN_ROLLOUT_06/2025-02-07.json.gz,04a054682a275e407e45550e5a81134935e92b9b5b2c3107eb8b8d0976f5b1fa,147652,batch_log_or_checkpoint,只读冻结；未执行
A_route/problem3/02_batch_run/logs/checkpoints/P3_MEAN_ROLLOUT_06/2025-02-08.json.gz,2350b05617a1cfc1f566b2e89fc160d84bd8811ec95414ed1f424415f4f63352,150419,batch_log_or_checkpoint,只读冻结；未执行
A_route/problem3/02_batch_run/logs/checkpoints/P3_MEAN_ROLLOUT_06/2025-02-09.json.gz,2291ae65b2542cbdd8003fe7a828a06ccc608d617f02ac0d93ce9ec2daa0fcba,152945,batch_log_or_checkpoint,只读冻结；未执行
A_route/problem3/02_batch_run/logs/checkpoints/P3_MEAN_ROLLOUT_06/2025-02-10.json.gz,bc3cb9480adf656a340fe4bcb90a2b7651dae2ff4188c9b3d6568186c27918bb,151932,batch_log_or_checkpoint,只读冻结；未执行
A_route/problem3/02_batch_run/logs/checkpoints/P3_MEAN_ROLLOUT_06/2025-02-11.json.gz,2c4bbb719b20382bbefef5950b73da66068e29667c7ebf0a30613c58b3242efb,151643,batch_log_or_checkpoint,只读冻结；未执行
A_route/problem3/02_batch_run/logs/checkpoints/P3_MEAN_ROLLOUT_06/2025-02-12.json.gz,cd2e10f7a2cdbdebe6b66c4eff758f81cf1b37510e30cd0e51c821bcc1c055b7,152042,batch_log_or_checkpoint,只读冻结；未执行
A_route/problem3/02_batch_run/logs/checkpoints/P3_MEAN_ROLLOUT_06/2025-02-13.json.gz,7dd4c0aadce3daf1534bc9e97db853d7f60267338113966e7125bc0cf45bc3d8,155715,batch_log_or_checkpoint,只读冻结；未执行
A_route/problem3/02_batch_run/logs/checkpoints/P3_MEAN_ROLLOUT_06/2025-02-14.json.gz,7d594df35d38185b341b4a7e31918cdd64e2c67e9afd26b2a7c4b5de0a8f5c49,150589,batch_log_or_checkpoint,只读冻结；未执行
A_route/problem3/02_batch_run/logs/checkpoints/P3_MEAN_ROLLOUT_06/2025-02-15.json.gz,6e7f1c0ca91c4f170cae9418efaf6ffaa513c4d0b30b6e0e1ef34d9faa220868,147583,batch_log_or_checkpoint,只读冻结；未执行
A_route/problem3/02_batch_run/logs/checkpoints/P3_MEAN_ROLLOUT_06/2025-02-16.json.gz,678e0baa87cff61b609849f41c7d824085220eaaa15c75f61ffb9e7002d61ab7,152749,batch_log_or_checkpoint,只读冻结；未执行
A_route/problem3/02_batch_run/logs/checkpoints/P3_MEAN_ROLLOUT_06/2025-02-17.json.gz,30d1eb43984246ec6e7cb80ebeb8e21975c701e5f50148c0048718fa39859ec1,155016,batch_log_or_checkpoint,只读冻结；未执行
A_route/problem3/02_batch_run/logs/checkpoints/P3_MEAN_ROLLOUT_06/2025-02-18.json.gz,ccebf93d78652a461e540ae207cf740421bf6d4a534790231da515818f6e8538,160975,batch_log_or_checkpoint,只读冻结；未执行
A_route/problem3/02_batch_run/logs/checkpoints/P3_MEAN_ROLLOUT_06/2025-02-19.json.gz,7c3b6b900af570e76cc210213737bdad26167becea8daac74d34583d0d2bf6fb,159543,batch_log_or_checkpoint,只读冻结；未执行
A_route/problem3/02_batch_run/logs/checkpoints/P3_MEAN_ROLLOUT_06/2025-02-20.json.gz,b100e5bebba718cd6cfa6c22b982ab8a64397940a9473d44ecbce08fb730e0a4,159302,batch_log_or_checkpoint,只读冻结；未执行
A_route/problem3/02_batch_run/logs/checkpoints/P3_MEAN_ROLLOUT_06/2025-02-21.json.gz,fe35a97e07fe398fc845ad4c944351b655ad4c68b7d48795d2cc36af5d1805b6,148907,batch_log_or_checkpoint,只读冻结；未执行
A_route/problem3/02_batch_run/logs/checkpoints/P3_MEAN_ROLLOUT_06/2025-02-22.json.gz,2efa65c7cae4a7e1edc52dd46b31e8169970c3b6aa9947e9f4061bdaf92b185c,152771,batch_log_or_checkpoint,只读冻结；未执行
A_route/problem3/02_batch_run/logs/checkpoints/P3_MEAN_ROLLOUT_06/2025-02-23.json.gz,fd9d0bf416e7d28120453445f9c7928b956c5b692aee191c00dfa9ca383d32a2,158778,batch_log_or_checkpoint,只读冻结；未执行
A_route/problem3/02_batch_run/logs/checkpoints/P3_MEAN_ROLLOUT_06/2025-02-24.json.gz,1efd23c72321360635b8bced5baaf23e9c748f07bbe9c689fefed51981911ba9,156051,batch_log_or_checkpoint,只读冻结；未执行
A_route/problem3/02_batch_run/logs/checkpoints/P3_MEAN_ROLLOUT_06/2025-02-25.json.gz,e770bae4ca20c5642bb34f935a2eb514dbc40bf0a4b364d502f32e1f4fe718a1,156864,batch_log_or_checkpoint,只读冻结；未执行
A_route/problem3/02_batch_run/logs/checkpoints/P3_MEAN_ROLLOUT_06/2025-02-26.json.gz,362765db994b001515d4857a535eb129613d87e696cdb86086318931ede3a5f2,159753,batch_log_or_checkpoint,只读冻结；未执行
A_route/problem3/02_batch_run/logs/checkpoints/P3_MEAN_ROLLOUT_06/2025-02-27.json.gz,afcab8a7431ab5612d106161f55ff8b92fd46f2a79852ccbd5a4e19db24b9345,157661,batch_log_or_checkpoint,只读冻结；未执行
A_route/problem3/02_batch_run/logs/checkpoints/P3_MEAN_ROLLOUT_06/2025-02-28.json.gz,36b99d22ddc6d50a3cbcf3b90dce49ebc4b22689afadb5572ce8c8855c97e32f,145705,batch_log_or_checkpoint,只读冻结；未执行
A_route/problem3/02_batch_run/logs/checkpoints/P3_MEAN_ROLLOUT_06/2025-03-01.json.gz,631b1da96fad0ff421f4b98f92085d783cd90e3a9a8cddf6f44887ddf22e2b87,146210,batch_log_or_checkpoint,只读冻结；未执行
A_route/problem3/02_batch_run/logs/checkpoints/P3_MEAN_ROLLOUT_06/2025-03-02.json.gz,8e3430a9e96454dba4623b6e5f2e17737c5d8d47b6858a791a57542d591f102b,156325,batch_log_or_checkpoint,只读冻结；未执行
A_route/problem3/02_batch_run/logs/checkpoints/P3_MEAN_ROLLOUT_06/2025-03-03.json.gz,12980f718047c3460157ef54fbd7bf39231d915217235b3652aea3da2b03a468,157486,batch_log_or_checkpoint,只读冻结；未执行
A_route/problem3/02_batch_run/logs/checkpoints/P3_MEAN_ROLLOUT_06/2025-03-04.json.gz,7b0fd459ac003fa5ea66b46f9d2c618e5590612ef21fb79793644a2dcc4dded3,158234,batch_log_or_checkpoint,只读冻结；未执行
A_route/problem3/02_batch_run/logs/checkpoints/P3_MEAN_ROLLOUT_06/2025-03-05.json.gz,3dd370a3df19e4eb00d38f52cbba77623deac59c1404c6a6ff9ddc9db0634039,153635,batch_log_or_checkpoint,只读冻结；未执行
A_route/problem3/02_batch_run/logs/checkpoints/P3_MEAN_ROLLOUT_06/2025-03-06.json.gz,cd4d1e543b4d76ec79c3d31927840630f04e9b7914042e87d65ccfad1c9ee9a7,156641,batch_log_or_checkpoint,只读冻结；未执行
A_route/problem3/02_batch_run/logs/checkpoints/P3_MEAN_ROLLOUT_06/2025-03-07.json.gz,8b3148ba1df25cf7e2ab3433a85b67b5422ec06f50ea99bc970086abd9be4b13,145837,batch_log_or_checkpoint,只读冻结；未执行
A_route/problem3/02_batch_run/logs/checkpoints/P3_MEAN_ROLLOUT_06/2025-03-08.json.gz,f745528477ddc3404e8960084978737da4b60e547f4839af25650d43a222183f,147121,batch_log_or_checkpoint,只读冻结；未执行
A_route/problem3/02_batch_run/logs/checkpoints/P3_MEAN_ROLLOUT_06/2025-03-09.json.gz,c4698fdc218e27c7c994c29bf34c3cab0c4f34277c7b5e3aef8995a10408e543,155433,batch_log_or_checkpoint,只读冻结；未执行
A_route/problem3/02_batch_run/logs/checkpoints/P3_MEAN_ROLLOUT_06/2025-03-10.json.gz,b89bd9ceb51a5082ec95203aeb3813fa0f8e595aaf29fd53c6e53a8c76710c75,164056,batch_log_or_checkpoint,只读冻结；未执行
A_route/problem3/02_batch_run/logs/checkpoints/P3_MEAN_ROLLOUT_06/2025-03-11.json.gz,ab1f220c09d120cf0816414bf80705a31a6b4c6dc9394fd45f941979f7ce5460,169169,batch_log_or_checkpoint,只读冻结；未执行
A_route/problem3/02_batch_run/logs/checkpoints/P3_MEAN_ROLLOUT_06/2025-03-12.json.gz,8d2793db5107b3c0dddadce5a96b4b3b5e90686599e780e353902882503b8ce5,154915,batch_log_or_checkpoint,只读冻结；未执行
A_route/problem3/02_batch_run/logs/checkpoints/P3_MEAN_ROLLOUT_06/2025-03-13.json.gz,21975075d9b9dc744ad955f464ff5ef852b8a8bce851e68625bd0ba4f50d32a5,160802,batch_log_or_checkpoint,只读冻结；未执行
A_route/problem3/02_batch_run/logs/checkpoints/P3_MEAN_ROLLOUT_06/2025-03-14.json.gz,86a5727157e4eac5f24020a62ef40ffea01064b0217b5675373af07d862dea36,151809,batch_log_or_checkpoint,只读冻结；未执行
A_route/problem3/02_batch_run/logs/checkpoints/P3_MEAN_ROLLOUT_06/2025-03-15.json.gz,e07f128b11abc08a70488cbf4d2334e2aeaf3a6673767875f0037c233e34f5ea,156623,batch_log_or_checkpoint,只读冻结；未执行
A_route/problem3/02_batch_run/logs/checkpoints/P3_MEAN_ROLLOUT_06/2025-03-16.json.gz,577e8a4b8f1d731acb4e532372282f22da77e4ae3d88ff7defa94f217004a0ba,162738,batch_log_or_checkpoint,只读冻结；未执行
A_route/problem3/02_batch_run/logs/checkpoints/P3_MEAN_ROLLOUT_06/2025-03-17.json.gz,d8565e89da21134b263e1af4dbe886b0cdc311a4d4d556f79416e3bd3b4fe099,152177,batch_log_or_checkpoint,只读冻结；未执行
A_route/problem3/02_batch_run/logs/checkpoints/P3_MEAN_ROLLOUT_06/2025-03-18.json.gz,0050c2cb53bcdc838c99be91ddd948d698e45291b31775e019af4962ca157381,155968,batch_log_or_checkpoint,只读冻结；未执行
A_route/problem3/02_batch_run/logs/checkpoints/P3_MEAN_ROLLOUT_06/2025-03-19.json.gz,ffa5e0b2febdbf262ae1151802e7eb2aaa1b276419e8d8716d2d9fd9b0372e0a,167407,batch_log_or_checkpoint,只读冻结；未执行
A_route/problem3/02_batch_run/logs/checkpoints/P3_MEAN_ROLLOUT_06/2025-03-20.json.gz,0142d6f1abb2453bb306130cd6f705ea068c248eea32e64376919c768dd00497,159268,batch_log_or_checkpoint,只读冻结；未执行
A_route/problem3/02_batch_run/logs/checkpoints/P3_MEAN_ROLLOUT_06/2025-03-21.json.gz,cab30e091ce7f0d626ec1554a676c45dd833fbb305b8825cd8d2c6b75167e4bc,147131,batch_log_or_checkpoint,只读冻结；未执行
A_route/problem3/02_batch_run/logs/checkpoints/P3_MEAN_ROLLOUT_06/2025-03-22.json.gz,2af91f791d88e662cbcce99f41d256ff0b2a8520d6a1f1163d58765cac966b4b,144867,batch_log_or_checkpoint,只读冻结；未执行
A_route/problem3/02_batch_run/logs/checkpoints/P3_MEAN_ROLLOUT_06/2025-03-23.json.gz,c0a516e343c77ef612993eb4b9f9197cb376db539235c869e3b3f3a95e10b2f9,156679,batch_log_or_checkpoint,只读冻结；未执行
A_route/problem3/02_batch_run/logs/checkpoints/P3_MEAN_ROLLOUT_06/2025-03-24.json.gz,92f61cd478b85917903079b45e384fb0f1b53da4d94d6d5ac6eec6bdf4c6d520,158950,batch_log_or_checkpoint,只读冻结；未执行
A_route/problem3/02_batch_run/logs/checkpoints/P3_MEAN_ROLLOUT_06/2025-03-25.json.gz,19549aaf92b7d5a92c0e05bdf08cbb0e141be332cff7b046c1267a88f2a0c970,157314,batch_log_or_checkpoint,只读冻结；未执行
A_route/problem3/02_batch_run/logs/checkpoints/P3_MEAN_ROLLOUT_06/2025-03-26.json.gz,37261335c69447b45a8c7ef335d5f6a3dddad85aeb94dc23a03aec4a42ebd340,160199,batch_log_or_checkpoint,只读冻结；未执行
A_route/problem3/02_batch_run/logs/checkpoints/P3_MEAN_ROLLOUT_06/2025-03-27.json.gz,13fa5f9a3df3df08730ed265c164708b09195ccb94e66634bce8bd85419f4122,161220,batch_log_or_checkpoint,只读冻结；未执行
A_route/problem3/02_batch_run/logs/checkpoints/P3_MEAN_ROLLOUT_06/2025-03-28.json.gz,3b5bfc22b6d1fd32aceab58305616674c844402218428d4e463cf1def944143f,144761,batch_log_or_checkpoint,只读冻结；未执行
A_route/problem3/02_batch_run/logs/checkpoints/P3_MEAN_ROLLOUT_06/2025-03-29.json.gz,0cea6a17079f62b744dee984444f4f7e6791d0227d35e8366c6cae62d2f619e8,149716,batch_log_or_checkpoint,只读冻结；未执行
A_route/problem3/02_batch_run/logs/checkpoints/P3_MEAN_ROLLOUT_06/2025-03-30.json.gz,9f19771d73a299dcf9d214c7d349793a6ca193178fb859020bcbff0daf566589,155572,batch_log_or_checkpoint,只读冻结；未执行
A_route/problem3/02_batch_run/logs/checkpoints/P3_MEAN_ROLLOUT_06/2025-03-31.json.gz,cdb45ec0bac28f3549301f46fd581575d5d9988bf4d3ca6515b6a108fc0d55c5,172387,batch_log_or_checkpoint,只读冻结；未执行
A_route/problem3/02_batch_run/logs/checkpoints/P3_MEAN_ROLLOUT_06/2025-04-01.json.gz,3b67ebe827f85b90fd76340298c3c580572ca31d9937448216760cb6ee330deb,160323,batch_log_or_checkpoint,只读冻结；未执行
A_route/problem3/02_batch_run/logs/checkpoints/P3_MEAN_ROLLOUT_06/2025-04-02.json.gz,73625e289c9941f6483c0557c81e5d2c1b4de59d8b32d25c398d011a859d227c,163521,batch_log_or_checkpoint,只读冻结；未执行
A_route/problem3/02_batch_run/logs/checkpoints/P3_MEAN_ROLLOUT_06/2025-04-03.json.gz,064ce3dfd66a081923f968768dfc43bad3167edf4121cda82373a9332240aadd,153356,batch_log_or_checkpoint,只读冻结；未执行
A_route/problem3/02_batch_run/logs/checkpoints/P3_MEAN_ROLLOUT_06/2025-04-04.json.gz,ebd4de5b39f8006ab2d44a8c7edef8e290f38186ce0a036b6521811a4319e508,144164,batch_log_or_checkpoint,只读冻结；未执行
A_route/problem3/02_batch_run/logs/checkpoints/P3_MEAN_ROLLOUT_06/2025-04-05.json.gz,4b4788992079c56e2b567f66cc12b281389634ae27a4f53f70111936b94df54a,145361,batch_log_or_checkpoint,只读冻结；未执行
A_route/problem3/02_batch_run/logs/checkpoints/P3_MEAN_ROLLOUT_06/2025-04-06.json.gz,6f0024811830b50e66ec0180fa00a2e4068b3d41f36b73b884e13da6e98b754d,155549,batch_log_or_checkpoint,只读冻结；未执行
A_route/problem3/02_batch_run/logs/checkpoints/P3_MEAN_ROLLOUT_06/2025-04-07.json.gz,54a6229e9bc3a2a362de4e6fa718b11067969e76039ae5878ced61e39f3c7af4,162194,batch_log_or_checkpoint,只读冻结；未执行
A_route/problem3/02_batch_run/logs/checkpoints/P3_MEAN_ROLLOUT_06/2025-04-08.json.gz,253bbd09315cdf80f49518881bf52e8bbf10104e2ad410b8ebb22dc593d5f509,152954,batch_log_or_checkpoint,只读冻结；未执行
A_route/problem3/02_batch_run/logs/checkpoints/P3_MEAN_ROLLOUT_06/2025-04-09.json.gz,b3310d0ac80f0293313480405a3769a52850bbc82109e1a6e47b3087b97fa46c,157477,batch_log_or_checkpoint,只读冻结；未执行
A_route/problem3/02_batch_run/logs/checkpoints/P3_MEAN_ROLLOUT_06/2025-04-10.json.gz,ba226c380ef0aac57073ed18759b75436be22313d18b59957ca7be41555b351c,157632,batch_log_or_checkpoint,只读冻结；未执行
A_route/problem3/02_batch_run/logs/checkpoints/P3_MEAN_ROLLOUT_06/2025-04-11.json.gz,34daece826b044d0231b6811c614bf6facfdfe4a877ad0eb80d6b49bced2ceb6,148103,batch_log_or_checkpoint,只读冻结；未执行
A_route/problem3/02_batch_run/logs/checkpoints/P3_MEAN_ROLLOUT_06/2025-04-12.json.gz,8114208f8b6ce416c853c81720f5c941de730dc8e66c5c588f8a9da10be4c135,144500,batch_log_or_checkpoint,只读冻结；未执行
A_route/problem3/02_batch_run/logs/checkpoints/P3_MEAN_ROLLOUT_06/2025-04-13.json.gz,6957b3197b54d661601f431e021fd542c1bbf40184c1cceffd73e30c310308f4,152090,batch_log_or_checkpoint,只读冻结；未执行
A_route/problem3/02_batch_run/logs/checkpoints/P3_MEAN_ROLLOUT_06/2025-04-14.json.gz,010b858027eb78f250ce6f110ababd6e49350ead22e53142605ae664dfa1f3be,153153,batch_log_or_checkpoint,只读冻结；未执行
A_route/problem3/02_batch_run/logs/checkpoints/P3_MEAN_ROLLOUT_06/2025-04-15.json.gz,63360eb8bc7d61bdbd79b12d87991ca5b6706cd9ee97687a3968bc461a6f20e8,160831,batch_log_or_checkpoint,只读冻结；未执行
A_route/problem3/02_batch_run/logs/checkpoints/P3_MEAN_ROLLOUT_06/2025-04-16.json.gz,648db41eb4a00a37e91855f3f82ea4b1822f77b8a1f4164346ec9f14ed1911ee,162089,batch_log_or_checkpoint,只读冻结；未执行
A_route/problem3/02_batch_run/logs/checkpoints/P3_MEAN_ROLLOUT_06/2025-04-17.json.gz,55d39dde7952043ae1dcc6bcadfbfa9b95f039c41a8713a74ce5575588db0fe6,163446,batch_log_or_checkpoint,只读冻结；未执行
A_route/problem3/02_batch_run/logs/checkpoints/P3_MEAN_ROLLOUT_06/2025-04-18.json.gz,879eae35e8460eca81b0bef550cb0a3294c8d775b80e8a009ab73a82f11a8c8a,144323,batch_log_or_checkpoint,只读冻结；未执行
A_route/problem3/02_batch_run/logs/checkpoints/P3_MEAN_ROLLOUT_06/2025-04-19.json.gz,7b5f478fa9fcbba6199809a986fcb8fbb648b4cba6ffc38942899f39c03a74ae,142773,batch_log_or_checkpoint,只读冻结；未执行
A_route/problem3/02_batch_run/logs/checkpoints/P3_MEAN_ROLLOUT_06/2025-04-20.json.gz,f3cb309aa40974e692fd3e4f6a2005c12e43cae677be297a1572255cfbbb5af3,156636,batch_log_or_checkpoint,只读冻结；未执行
A_route/problem3/02_batch_run/logs/checkpoints/P3_MEAN_ROLLOUT_06/2025-04-21.json.gz,a739a940c689ea857b08f01943270571f0618dc5c1df3950ef0b2706991a3f53,149850,batch_log_or_checkpoint,只读冻结；未执行
A_route/problem3/02_batch_run/logs/checkpoints/P3_MEAN_ROLLOUT_06/2025-04-22.json.gz,fd7c0db553ba3070b8926a94a2853493282c4fc1b8bf6f91f8accb2b827e5e01,167151,batch_log_or_checkpoint,只读冻结；未执行
A_route/problem3/02_batch_run/logs/checkpoints/P3_MEAN_ROLLOUT_06/2025-04-23.json.gz,f9f4d1bf1b4bf4df201af44109e5ff1af51dd8723cd86a6b42c7c3f777e0720b,164148,batch_log_or_checkpoint,只读冻结；未执行
A_route/problem3/02_batch_run/logs/checkpoints/P3_MEAN_ROLLOUT_06/2025-04-24.json.gz,5775c9f795e0d8c9c3c45a383c20b4d6a23bf04cc0cb452d54f9167f203e301d,151299,batch_log_or_checkpoint,只读冻结；未执行
A_route/problem3/02_batch_run/logs/checkpoints/P3_MEAN_ROLLOUT_06/2025-04-25.json.gz,4b8622b55a2e32b8885c1db13458609fbef11530a839ce56b34981b167a946d7,143037,batch_log_or_checkpoint,只读冻结；未执行
A_route/problem3/02_batch_run/logs/checkpoints/P3_MEAN_ROLLOUT_06/2025-04-26.json.gz,28b609c7fe877c6f790ff23797dc5df33e78eb704c214a991b70eabbace8b643,143047,batch_log_or_checkpoint,只读冻结；未执行
A_route/problem3/02_batch_run/logs/checkpoints/P3_MEAN_ROLLOUT_06/2025-04-27.json.gz,f0432defff10c4a9bafc414d8d9cc61f2d6646ecd8e255a86a9645aaba152ede,157248,batch_log_or_checkpoint,只读冻结；未执行
A_route/problem3/02_batch_run/logs/checkpoints/P3_MEAN_ROLLOUT_06/2025-04-28.json.gz,019ea0324625682ef751a1055d6a112bc72e5f9ef5b657d5e75c25cc387f7752,156225,batch_log_or_checkpoint,只读冻结；未执行
A_route/problem3/02_batch_run/logs/checkpoints/P3_MEAN_ROLLOUT_06/2025-04-29.json.gz,992dd01928c03f39a85356a8ec6d582e9e456453e2c92c03098f44b2e232c5cd,153915,batch_log_or_checkpoint,只读冻结；未执行
A_route/problem3/02_batch_run/logs/checkpoints/P3_MEAN_ROLLOUT_06/2025-04-30.json.gz,85ff271b5743a1f0cb30c88b86aa1c65cc1f247a0e0a6900c1151c83badd9b41,152348,batch_log_or_checkpoint,只读冻结；未执行
A_route/problem3/02_batch_run/logs/checkpoints/P3_MEAN_ROLLOUT_06/2025-05-01.json.gz,5a89c5fda6c8762923c2514f60a0a1b29ead20fe1e49eac1a6da89c0cec10f0c,155214,batch_log_or_checkpoint,只读冻结；未执行
A_route/problem3/02_batch_run/logs/checkpoints/P3_MEAN_ROLLOUT_06/2025-05-02.json.gz,215a9cf2bb280fb73fa8a0f40a011bf7c6801d5f75c5302435c311fa2c00d6a5,144986,batch_log_or_checkpoint,只读冻结；未执行
A_route/problem3/02_batch_run/logs/checkpoints/P3_MEAN_ROLLOUT_06/2025-05-03.json.gz,a13f99942b29842ee8e167de1f33a0a5c5a2cb4e4a2dc40f05ae5e088fca2e81,144483,batch_log_or_checkpoint,只读冻结；未执行
A_route/problem3/02_batch_run/logs/checkpoints/P3_MEAN_ROLLOUT_06/2025-05-04.json.gz,f62e9ea8df9a7c6ca3c2767e09c2615c46a532b3a8d0f6f9d8156a12e529324a,152577,batch_log_or_checkpoint,只读冻结；未执行
A_route/problem3/02_batch_run/logs/checkpoints/P3_MEAN_ROLLOUT_06/2025-05-05.json.gz,4b706d31416da24ffb1392cb346f9edbc0f8f7c0ca5f29f12f21be696740d63d,153317,batch_log_or_checkpoint,只读冻结；未执行
A_route/problem3/02_batch_run/logs/checkpoints/P3_MEAN_ROLLOUT_06/2025-05-06.json.gz,2254541620cc354f80e602e9d32f166ca63ed0701b512b3ce6c349601d94f36a,161051,batch_log_or_checkpoint,只读冻结；未执行
A_route/problem3/02_batch_run/logs/checkpoints/P3_MEAN_ROLLOUT_06/2025-05-07.json.gz,75a39a31c25b2e07739d655e6b001bdfc5a7bb6019c86bbf8c3cf07d1b41aba1,161950,batch_log_or_checkpoint,只读冻结；未执行
A_route/problem3/02_batch_run/logs/checkpoints/P3_MEAN_ROLLOUT_06/2025-05-08.json.gz,188eafb05d27dbe9c09eb2102ac5eb7a59986a69ccad04f352ad260c420ed1c6,155645,batch_log_or_checkpoint,只读冻结；未执行
A_route/problem3/02_batch_run/logs/checkpoints/P3_MEAN_ROLLOUT_06/2025-05-09.json.gz,75d980ab4ec661511ad92f47eb9e96bff09f502326dc19246b117ae3555f5a94,146609,batch_log_or_checkpoint,只读冻结；未执行
A_route/problem3/02_batch_run/logs/checkpoints/P3_MEAN_ROLLOUT_06/2025-05-10.json.gz,b8bbebee3435c29d1c64229f48f281c27f2af5a9fcf0c8d88a636a13babd4e74,149191,batch_log_or_checkpoint,只读冻结；未执行
A_route/problem3/02_batch_run/logs/checkpoints/P3_MEAN_ROLLOUT_06/2025-05-11.json.gz,319894ae186454c7c75469f9f45b868a6719179c98317367342bbbebf65a0659,157306,batch_log_or_checkpoint,只读冻结；未执行
A_route/problem3/02_batch_run/logs/checkpoints/P3_MEAN_ROLLOUT_06/2025-05-12.json.gz,9d458e6cd329d4341591a7be0eff8a82efc26d56c8ca0558365b2c756f8cf1aa,165632,batch_log_or_checkpoint,只读冻结；未执行
A_route/problem3/02_batch_run/logs/checkpoints/P3_MEAN_ROLLOUT_06/2025-05-13.json.gz,5bcd0bed862ddb75d115abe07a0252f44799de7261f8f7426e6d5ef613e035f4,155572,batch_log_or_checkpoint,只读冻结；未执行
A_route/problem3/02_batch_run/logs/checkpoints/P3_MEAN_ROLLOUT_06/2025-05-14.json.gz,06539c0ce62f7dcf8b516155c7d2761ac29d0778d3ac4e471a9e0de6bebcd299,155957,batch_log_or_checkpoint,只读冻结；未执行
A_route/problem3/02_batch_run/logs/checkpoints/P3_MEAN_ROLLOUT_06/2025-05-15.json.gz,0b0ee8e880f8c0ecf0b8b99ffa4cb6da577a0599b82586fa4254aa47c28920b8,159658,batch_log_or_checkpoint,只读冻结；未执行
A_route/problem3/02_batch_run/logs/checkpoints/P3_MEAN_ROLLOUT_06/2025-05-16.json.gz,5212855b6cef7721e71bfa6ef343c67544b93af1b69d2ceb8b89d7055c0e199f,143767,batch_log_or_checkpoint,只读冻结；未执行
A_route/problem3/02_batch_run/logs/checkpoints/P3_MEAN_ROLLOUT_06/2025-05-17.json.gz,d8460d42b49b1abb328e263b383f29e8c206db6e2771efe611073855365b8e86,144393,batch_log_or_checkpoint,只读冻结；未执行
A_route/problem3/02_batch_run/logs/checkpoints/P3_MEAN_ROLLOUT_06/2025-05-18.json.gz,7670c3cb2ef8b5f16185625b54b0825864403a783e9ac73a945baec3af619287,154161,batch_log_or_checkpoint,只读冻结；未执行
A_route/problem3/02_batch_run/logs/checkpoints/P3_MEAN_ROLLOUT_06/2025-05-19.json.gz,fd18474f7dc5c155b47226460bb3b9edc44e3ba74065e1a8f16a71883f00edbb,152527,batch_log_or_checkpoint,只读冻结；未执行
A_route/problem3/02_batch_run/logs/checkpoints/P3_MEAN_ROLLOUT_06/2025-05-20.json.gz,dba47362a6c2e5bdfcf63df8646fe7bef5a3f62b198bf0ae5828a0aad96f342c,158368,batch_log_or_checkpoint,只读冻结；未执行
A_route/problem3/02_batch_run/logs/checkpoints/P3_MEAN_ROLLOUT_06/2025-05-21.json.gz,76860f4fe45be5f89ddaac4d75bfc3f6f50a83d4772d5109bf6593df68a3680e,163965,batch_log_or_checkpoint,只读冻结；未执行
A_route/problem3/02_batch_run/logs/checkpoints/P3_MEAN_ROLLOUT_06/2025-05-22.json.gz,e32313ecd79b82832d95730cabcb8a790a5c0907c6efd63aad399597617cbd07,153161,batch_log_or_checkpoint,只读冻结；未执行
A_route/problem3/02_batch_run/logs/checkpoints/P3_MEAN_ROLLOUT_06/2025-05-23.json.gz,9f91ffe4306cc839913a12c4eca5b8f98d8c7ad2c2a3f9ac23d0521e352dfc5d,145310,batch_log_or_checkpoint,只读冻结；未执行
A_route/problem3/02_batch_run/logs/checkpoints/P3_MEAN_ROLLOUT_06/2025-05-24.json.gz,af8d045c38bf2a647525bf5c590f44b7077bbeea6b93379c1803fc49a6aead19,143092,batch_log_or_checkpoint,只读冻结；未执行
A_route/problem3/02_batch_run/logs/checkpoints/P3_MEAN_ROLLOUT_06/2025-05-25.json.gz,f58c5a0b724314a86f03bffb1e0ba6ecdf01abe80c17a68a3fb0d53bd31fb0ff,153465,batch_log_or_checkpoint,只读冻结；未执行
A_route/problem3/02_batch_run/logs/checkpoints/P3_MEAN_ROLLOUT_06/2025-05-26.json.gz,5b4905de75852a96b1666a7147e1cb33e575d27207273755d2a03a2761a1276c,159182,batch_log_or_checkpoint,只读冻结；未执行
A_route/problem3/02_batch_run/logs/checkpoints/P3_MEAN_ROLLOUT_06/2025-05-27.json.gz,e4dfd6a0b6ac65696f2de7422ccbca2bdff88260709334ae617a2634805ee68b,164660,batch_log_or_checkpoint,只读冻结；未执行
A_route/problem3/02_batch_run/logs/checkpoints/P3_MEAN_ROLLOUT_06/2025-05-28.json.gz,c35725a5631bceea4b031619f14be7995ac80839a9e936588d77bbafdf4c56c1,155426,batch_log_or_checkpoint,只读冻结；未执行
A_route/problem3/02_batch_run/logs/checkpoints/P3_MEAN_ROLLOUT_06/2025-05-29.json.gz,874a7fe4319826d4de5f2fc38cc44a7a2b71931d9b996d9efc21336296868c0f,163628,batch_log_or_checkpoint,只读冻结；未执行
A_route/problem3/02_batch_run/logs/checkpoints/P3_MEAN_ROLLOUT_06/2025-05-30.json.gz,2c2a46742173c8a7bd371e3e67ccde3583a3413329c461ce4282d1eeed6232a6,145886,batch_log_or_checkpoint,只读冻结；未执行
A_route/problem3/02_batch_run/logs/checkpoints/P3_MEAN_ROLLOUT_06/2025-05-31.json.gz,603e28df3365fb57d0d5d954ce126e62a151d75e31079fdbaf6e7da8a7d93202,144013,batch_log_or_checkpoint,只读冻结；未执行
A_route/problem3/02_batch_run/logs/checkpoints/P3_MEAN_ROLLOUT_06/2025-06-01.json.gz,b93b9f78ed811642d71a2083f17ccd16570707e8c0ba7ecb9acb358b2998f5b9,159777,batch_log_or_checkpoint,只读冻结；未执行
A_route/problem3/02_batch_run/logs/checkpoints/P3_MEAN_ROLLOUT_06/2025-06-02.json.gz,1fd056bce577ac3c6806152c3d8329c10b3eb1e4944f20651c4297879709757c,156057,batch_log_or_checkpoint,只读冻结；未执行
A_route/problem3/02_batch_run/logs/checkpoints/P3_MEAN_ROLLOUT_06/2025-06-03.json.gz,69d69d6956f8eb8dcb1a0f0027cdf4e5279377a3ad88cb3cd1c78f8b0b454b6a,165482,batch_log_or_checkpoint,只读冻结；未执行
A_route/problem3/02_batch_run/logs/checkpoints/P3_MEAN_ROLLOUT_06/2025-06-04.json.gz,25afb536e1abdcd1b0c7a6c831c66b6a83213d391ce5c7fb1342401abbf5e1b8,159333,batch_log_or_checkpoint,只读冻结；未执行
A_route/problem3/02_batch_run/logs/checkpoints/P3_MEAN_ROLLOUT_06/2025-06-05.json.gz,8b9c576d1f38a5891536bb401329b52e66ee4cda8e0f1164f29747f6b820f25a,174284,batch_log_or_checkpoint,只读冻结；未执行
A_route/problem3/02_batch_run/logs/checkpoints/P3_MEAN_ROLLOUT_06/2025-06-06.json.gz,66da5157c1da651385627ab70534b0857aebc8ca39ce8c4ae7b46c0bed135593,156467,batch_log_or_checkpoint,只读冻结；未执行
A_route/problem3/02_batch_run/logs/checkpoints/P3_MEAN_ROLLOUT_06/2025-06-07.json.gz,5c38f543ed947c13e6057d74e7043fd845fbc9210e2753bd1c4cef5fb9165b94,153143,batch_log_or_checkpoint,只读冻结；未执行
A_route/problem3/02_batch_run/logs/checkpoints/P3_MEAN_ROLLOUT_06/2025-06-08.json.gz,f9bcafe286c81ec37adff53b6a919c33ddf8e54e307ecd1311835ea8769731f4,155940,batch_log_or_checkpoint,只读冻结；未执行
A_route/problem3/02_batch_run/logs/checkpoints/P3_MEAN_ROLLOUT_06/2025-06-09.json.gz,fcbbda6c02dfac22371276aa3dba5fe2e84a037162a703fb474dce55b97cac28,154008,batch_log_or_checkpoint,只读冻结；未执行
A_route/problem3/02_batch_run/logs/checkpoints/P3_MEAN_ROLLOUT_06/2025-06-10.json.gz,a5c2622564bc9eded7abb2137ce6864c69bf57752a6dd7f57f8c2b642fde14d9,154945,batch_log_or_checkpoint,只读冻结；未执行
A_route/problem3/02_batch_run/logs/checkpoints/P3_MEAN_ROLLOUT_06/2025-06-11.json.gz,4a688d9440f587371372111f2216eba43a4586c4bcf3ea1afeb8a2b82119bf83,156587,batch_log_or_checkpoint,只读冻结；未执行
A_route/problem3/02_batch_run/logs/checkpoints/P3_MEAN_ROLLOUT_06/2025-06-12.json.gz,9654349640eae85fff063bb6a6bef3285a3c5dac50182e2825004a3ad0c9005b,155757,batch_log_or_checkpoint,只读冻结；未执行
A_route/problem3/02_batch_run/logs/checkpoints/P3_MEAN_ROLLOUT_06/2025-06-13.json.gz,a95c61e403cc7ca0814859caa6bcd932c748f84cb3a5d1065c525ee1bf5600f6,148509,batch_log_or_checkpoint,只读冻结；未执行
A_route/problem3/02_batch_run/logs/checkpoints/P3_MEAN_ROLLOUT_06/2025-06-14.json.gz,543708435af8b445c535090694c82e118c27abe708bec71ae1c6e308d22a3a2a,147547,batch_log_or_checkpoint,只读冻结；未执行
A_route/problem3/02_batch_run/logs/checkpoints/P3_MEAN_ROLLOUT_06/2025-06-15.json.gz,1d63e97014aaa37aa3d198e5bba5f26ca14da22e1e61da8888aac1f0d9e90834,159579,batch_log_or_checkpoint,只读冻结；未执行
A_route/problem3/02_batch_run/logs/checkpoints/P3_MEAN_ROLLOUT_06/2025-06-16.json.gz,6ab635a11ab93c738ab31c82a26ac9250857020e68ae7620b881693a59c92d12,158546,batch_log_or_checkpoint,只读冻结；未执行
A_route/problem3/02_batch_run/logs/checkpoints/P3_MEAN_ROLLOUT_06/2025-06-17.json.gz,8f3abb11c47a486ef0e8f49ec6bf7e07d3cb796d383d501b3723c8575da2d9ce,160165,batch_log_or_checkpoint,只读冻结；未执行
A_route/problem3/02_batch_run/logs/checkpoints/P3_MEAN_ROLLOUT_06/2025-06-18.json.gz,e1ffbb5dbf041d6a28a0a22b0d22a0190632bc582f2890fa97769b03805bd5d0,159180,batch_log_or_checkpoint,只读冻结；未执行
A_route/problem3/02_batch_run/logs/checkpoints/P3_MEAN_ROLLOUT_06/2025-06-19.json.gz,9bcebc7287b8b1d048920268b8dbe25810af4adf263d4e46f9abb714a62396e4,158778,batch_log_or_checkpoint,只读冻结；未执行
A_route/problem3/02_batch_run/logs/checkpoints/P3_MEAN_ROLLOUT_06/2025-06-20.json.gz,0d42d9bce7e8c791f1664feb3919b47a940aeaaf48e193579f6d7f4be6d9a27d,147562,batch_log_or_checkpoint,只读冻结；未执行
A_route/problem3/02_batch_run/logs/checkpoints/P3_MEAN_ROLLOUT_06/2025-06-21.json.gz,6cc319ceb12bafc832c202faa1cceff5b478e4f66a9380e2d9a81ce1fa3b3691,145398,batch_log_or_checkpoint,只读冻结；未执行
A_route/problem3/02_batch_run/logs/checkpoints/P3_MEAN_ROLLOUT_06/2025-06-22.json.gz,03f5dce2e191d824a398a6c64631642d84e9368f4455c6fa32170f1a93583293,162545,batch_log_or_checkpoint,只读冻结；未执行
A_route/problem3/02_batch_run/logs/checkpoints/P3_MEAN_ROLLOUT_06/2025-06-23.json.gz,fefc8b28014e53734958b200d7f99657a0ad016fc41a87176e4edf60a2eb6d0e,156453,batch_log_or_checkpoint,只读冻结；未执行
A_route/problem3/02_batch_run/logs/checkpoints/P3_MEAN_ROLLOUT_06/2025-06-24.json.gz,f4a56db159ab6a8836d949a81098611304d49551429298b8f1b71ee20515ce7a,155788,batch_log_or_checkpoint,只读冻结；未执行
A_route/problem3/02_batch_run/logs/checkpoints/P3_MEAN_ROLLOUT_06/2025-06-25.json.gz,df04ff0ae1fefb91f7236884fdf81ce8f64d1eb53b2977befcc81ce78c06e64a,159407,batch_log_or_checkpoint,只读冻结；未执行
A_route/problem3/02_batch_run/logs/checkpoints/P3_MEAN_ROLLOUT_06/2025-06-26.json.gz,de3bf665571b70f7a127f26ceebd6d693f32fa7301a6d2442afdc43f71c641f6,159473,batch_log_or_checkpoint,只读冻结；未执行
A_route/problem3/02_batch_run/logs/checkpoints/P3_MEAN_ROLLOUT_06/2025-06-27.json.gz,90157339f9cfd9b440224cdd081c5f90673fe570102ac722a7b51e7cb96c2c4b,146269,batch_log_or_checkpoint,只读冻结；未执行
A_route/problem3/02_batch_run/logs/checkpoints/P3_MEAN_ROLLOUT_06/2025-06-28.json.gz,f94ec7c169773cd9258545645019720a4a4f1816ecf3f353f2e25b129070b83d,145920,batch_log_or_checkpoint,只读冻结；未执行
A_route/problem3/02_batch_run/logs/checkpoints/P3_MEAN_ROLLOUT_06/2025-06-29.json.gz,18c5d9eca0c3a03621efe98892530b1b60880029c138eb3ae77b56a642e9e18e,163387,batch_log_or_checkpoint,只读冻结；未执行
A_route/problem3/02_batch_run/logs/checkpoints/P3_MEAN_ROLLOUT_06/2025-06-30.json.gz,2b942f0fdad39d27e96b2b0e90b1eff95641e182e6790ae52e801e3dc440b9c3,156857,batch_log_or_checkpoint,只读冻结；未执行
A_route/problem3/02_batch_run/logs/checkpoints/P3_MEAN_ROLLOUT_06/2025-07-01.json.gz,fa978e92dd618d9df3be714c032c12afc3be3ac85dfcfe52f2fe9c3d1138b365,177126,batch_log_or_checkpoint,只读冻结；未执行
A_route/problem3/02_batch_run/logs/checkpoints/P3_MEAN_ROLLOUT_06/2025-07-02.json.gz,f803371f4ad2afa712061b331207cbffd383b282d379cb83aac0abe33a495ed5,171955,batch_log_or_checkpoint,只读冻结；未执行
A_route/problem3/02_batch_run/logs/checkpoints/P3_MEAN_ROLLOUT_06/2025-07-03.json.gz,ce5e767c8a1406d4e88eb08f6b42ae83da035bcab5d895eab7658b84aaf7c435,176343,batch_log_or_checkpoint,只读冻结；未执行
A_route/problem3/02_batch_run/logs/checkpoints/P3_MEAN_ROLLOUT_06/2025-07-04.json.gz,5019e3b8bb261b20e1f3e5b9b473afdf873e423fc766fea62565e175df774507,160956,batch_log_or_checkpoint,只读冻结；未执行
A_route/problem3/02_batch_run/logs/checkpoints/P3_MEAN_ROLLOUT_06/2025-07-05.json.gz,1b747dbb4f9488d16fa5a0392655a89e3ca52687a94a203da9ded83d77da793a,160662,batch_log_or_checkpoint,只读冻结；未执行
A_route/problem3/02_batch_run/logs/checkpoints/P3_MEAN_ROLLOUT_06/2025-07-06.json.gz,41561c7a7e8beac01cd48728e47b97b2403c788254a73d92ffd4979474e6ab21,180871,batch_log_or_checkpoint,只读冻结；未执行
A_route/problem3/02_batch_run/logs/checkpoints/P3_MEAN_ROLLOUT_06/2025-07-07.json.gz,8f230c095230350d47b9db1970705030f34c998b52fa399a934b5bcab2cdff40,166783,batch_log_or_checkpoint,只读冻结；未执行
A_route/problem3/02_batch_run/logs/checkpoints/P3_MEAN_ROLLOUT_06/2025-07-08.json.gz,8bdf6feddbcebf3d545b334255039ac4232f2683cc9887c8cbee3426e664a989,154115,batch_log_or_checkpoint,只读冻结；未执行
A_route/problem3/02_batch_run/logs/checkpoints/P3_MEAN_ROLLOUT_06/2025-07-09.json.gz,c30078a995a286c4b0b66b8fb35c37b7666b21c593d3076cefbf81c7231710af,154440,batch_log_or_checkpoint,只读冻结；未执行
A_route/problem3/02_batch_run/logs/checkpoints/P3_MEAN_ROLLOUT_06/2025-07-10.json.gz,47e3a4dff592f46a12bc1ece880fdd2a29ef95ed124c689447f8af47ffac66e3,154411,batch_log_or_checkpoint,只读冻结；未执行
A_route/problem3/02_batch_run/logs/checkpoints/P3_MEAN_ROLLOUT_06/2025-07-11.json.gz,fc72fefce9596ffed454ea31badc180531acaf731b548aaf9f10c56b8777fd86,146677,batch_log_or_checkpoint,只读冻结；未执行
A_route/problem3/02_batch_run/logs/checkpoints/P3_MEAN_ROLLOUT_06/2025-07-12.json.gz,483845e1002179953ebdf69e6f98f8fd5341187ab3faf771754916174846a5a8,145387,batch_log_or_checkpoint,只读冻结；未执行
A_route/problem3/02_batch_run/logs/checkpoints/P3_MEAN_ROLLOUT_06/2025-07-13.json.gz,427fe69f3f4a752477b744947da3c45e2adf2f1d28275194e8bfc835250bc65a,154103,batch_log_or_checkpoint,只读冻结；未执行
A_route/problem3/02_batch_run/logs/checkpoints/P3_MEAN_ROLLOUT_06/2025-07-14.json.gz,6502ad8c68e6aafa405e0fa220c906c03288c5bf373202cbf1eb07a04fb8afbb,154712,batch_log_or_checkpoint,只读冻结；未执行
A_route/problem3/02_batch_run/logs/checkpoints/P3_MEAN_ROLLOUT_06/2025-07-15.json.gz,ad387c491a60d430432c78f1a316f2329ccf887cd5907b8c3b5c52500833b00f,154021,batch_log_or_checkpoint,只读冻结；未执行
A_route/problem3/02_batch_run/logs/checkpoints/P3_MEAN_ROLLOUT_06/2025-07-16.json.gz,e3bdda0c5ed411e43d4472a4fc6300bf32f60bf8e7661d8f0bd9af29c3ba7ddd,153717,batch_log_or_checkpoint,只读冻结；未执行
A_route/problem3/02_batch_run/logs/checkpoints/P3_MEAN_ROLLOUT_06/2025-07-17.json.gz,22edd74457b9f7dc633ee6322bc4c2da26e9080ebab512df9d8603d93bfed154,156222,batch_log_or_checkpoint,只读冻结；未执行
A_route/problem3/02_batch_run/logs/checkpoints/P3_MEAN_ROLLOUT_06/2025-07-18.json.gz,e11c8ea399452defe8ec6c21680075d35bc57764b99311fd3a193f5d35399084,146977,batch_log_or_checkpoint,只读冻结；未执行
A_route/problem3/02_batch_run/logs/checkpoints/P3_MEAN_ROLLOUT_06/2025-07-19.json.gz,de0ce72efb56d912b4cee09b6bc9272ff031c14cf7f0254fd8387243e8ea3a70,145307,batch_log_or_checkpoint,只读冻结；未执行
A_route/problem3/02_batch_run/logs/checkpoints/P3_MEAN_ROLLOUT_06/2025-07-20.json.gz,7802bcaf28522ce19d5ce591f9807891b7ca6b5c30bd2de792e6576f39a01c20,154823,batch_log_or_checkpoint,只读冻结；未执行
A_route/problem3/02_batch_run/logs/checkpoints/P3_MEAN_ROLLOUT_06/2025-07-21.json.gz,dfefa359d255c90f4e04f880a4b745402cbc9f6c7487e873edc3ead36884e96c,154394,batch_log_or_checkpoint,只读冻结；未执行
A_route/problem3/02_batch_run/logs/checkpoints/P3_MEAN_ROLLOUT_06/2025-07-22.json.gz,3d19bfeeddb4580cf74445bfec84b3d177fdf1c4ffb59ff2f38595263c55c4c2,167692,batch_log_or_checkpoint,只读冻结；未执行
A_route/problem3/02_batch_run/logs/checkpoints/P3_MEAN_ROLLOUT_06/2025-07-23.json.gz,eab0d55a19297805dcf24c0c44327f6e18edf34bf96832b49191c413cdf19c10,154238,batch_log_or_checkpoint,只读冻结；未执行
A_route/problem3/02_batch_run/logs/checkpoints/P3_MEAN_ROLLOUT_06/2025-07-24.json.gz,ae204409085a8c65bdbfec4b07d083016ff339c84d03e24e74244c1cacbe2a38,154594,batch_log_or_checkpoint,只读冻结；未执行
A_route/problem3/02_batch_run/logs/checkpoints/P3_MEAN_ROLLOUT_06/2025-07-25.json.gz,f0fd16cd8cb50f6b7b803f57ebf96a2aaf203e93344288da32c4a3b2f8a36eaa,145404,batch_log_or_checkpoint,只读冻结；未执行
A_route/problem3/02_batch_run/logs/checkpoints/P3_MEAN_ROLLOUT_06/2025-07-26.json.gz,2fd0f85d2e735c3092bbe4e961e9ae6d7ca24de39ef9c6b0ff2908a33153f99f,147109,batch_log_or_checkpoint,只读冻结；未执行
A_route/problem3/02_batch_run/logs/checkpoints/P3_MEAN_ROLLOUT_06/2025-07-27.json.gz,b4dba22a7f937b2401afbe8488fd8bfae6b2c4652c36fa99e88c6d40b4274a46,156347,batch_log_or_checkpoint,只读冻结；未执行
A_route/problem3/02_batch_run/logs/checkpoints/P3_MEAN_ROLLOUT_06/2025-07-28.json.gz,2c3857f23580f3faab025fe62a100bfad17ea7cbba2978ed1ae21946f11e7344,155253,batch_log_or_checkpoint,只读冻结；未执行
A_route/problem3/02_batch_run/logs/checkpoints/P3_MEAN_ROLLOUT_06/2025-07-29.json.gz,db64d4d57704612f383d4c3d7d32f93f4bb97978f1e891adb2aa6ee3f071a9bd,157355,batch_log_or_checkpoint,只读冻结；未执行
A_route/problem3/02_batch_run/logs/checkpoints/P3_MEAN_ROLLOUT_06/2025-07-30.json.gz,92a12a7e23e8ca2aab10dec2981845662ef0d94e9a04dcfaa8a3a15675f953e5,166656,batch_log_or_checkpoint,只读冻结；未执行
A_route/problem3/02_batch_run/logs/checkpoints/P3_MEAN_ROLLOUT_06/2025-07-31.json.gz,3aa05fe651cf01f2dcdc6192ccd6a0f61bdbe1d128e63c76321079392db5eda1,156762,batch_log_or_checkpoint,只读冻结；未执行
A_route/problem3/02_batch_run/logs/checkpoints/P3_MEAN_ROLLOUT_06/2025-08-01.json.gz,8a785c02da83bc8462a92e26ae8c353a93f3682e9dcc5766257a1e5888ce6280,145121,batch_log_or_checkpoint,只读冻结；未执行
A_route/problem3/02_batch_run/logs/checkpoints/P3_MEAN_ROLLOUT_06/2025-08-02.json.gz,a1c88a790682253dd6cf1be3f559a1c73160f5072b4af18177a7f3532e21d92d,146647,batch_log_or_checkpoint,只读冻结；未执行
A_route/problem3/02_batch_run/logs/checkpoints/P3_MEAN_ROLLOUT_06/2025-08-03.json.gz,56560eec16be8cfff8614921aebbd7ee8c57cc6a6b0dc7627d8dd6de3489f9d5,156810,batch_log_or_checkpoint,只读冻结；未执行
A_route/problem3/02_batch_run/logs/checkpoints/P3_MEAN_ROLLOUT_06/2025-08-04.json.gz,60d0e1e8eb89b9a8b21e96ea197a704644de6bd3e8c1b44c9ce7c87eda57aa9e,158075,batch_log_or_checkpoint,只读冻结；未执行
A_route/problem3/02_batch_run/logs/checkpoints/P3_MEAN_ROLLOUT_06/2025-08-05.json.gz,fec5009f80db45d062698ac29067ff85aae89ca4c7d9b6e489adeae622964b90,160273,batch_log_or_checkpoint,只读冻结；未执行
A_route/problem3/02_batch_run/logs/checkpoints/P3_MEAN_ROLLOUT_06/2025-08-06.json.gz,7bb572543b39bff5bf9142cbdd5d5a30d17d085b927f502dd77933cbe0005cca,153086,batch_log_or_checkpoint,只读冻结；未执行
A_route/problem3/02_batch_run/logs/checkpoints/P3_MEAN_ROLLOUT_06/2025-08-07.json.gz,c97e135e3c2d50fa6a8828504d396c6185b925f14cedf8e0e37eb85ad290ea2e,159421,batch_log_or_checkpoint,只读冻结；未执行
A_route/problem3/02_batch_run/logs/checkpoints/P3_MEAN_ROLLOUT_06/2025-08-08.json.gz,34556a307d9423d5f8763c3e124718fadd1fa6431509a2d7a49d6cadaae56931,144480,batch_log_or_checkpoint,只读冻结；未执行
A_route/problem3/02_batch_run/logs/checkpoints/P3_MEAN_ROLLOUT_06/2025-08-09.json.gz,d325c9c5da6743ba5eedbf7a7365a7e8835755a577ad8eaa50ebfbc6cf139a5b,144353,batch_log_or_checkpoint,只读冻结；未执行
A_route/problem3/02_batch_run/logs/checkpoints/P3_MEAN_ROLLOUT_06/2025-08-10.json.gz,17142adb733cb7c1f084b5d7e4b94fef53e74826798a211031c25fb11d78db3e,153783,batch_log_or_checkpoint,只读冻结；未执行
A_route/problem3/02_batch_run/logs/checkpoints/P3_MEAN_ROLLOUT_06/2025-08-11.json.gz,5991b14a75ab44960f38849343c6a865fc8a01fc031ace6b072661b45c3128e4,162135,batch_log_or_checkpoint,只读冻结；未执行
A_route/problem3/02_batch_run/logs/checkpoints/P3_MEAN_ROLLOUT_06/2025-08-12.json.gz,4d932cfce627d6f1cec00804281f4a3a5f22d3d0efc87c421a2beae116326ae3,160625,batch_log_or_checkpoint,只读冻结；未执行
A_route/problem3/02_batch_run/logs/checkpoints/P3_MEAN_ROLLOUT_06/2025-08-13.json.gz,a5e1d0b5c0f9129585c2ae1070220ba4bfcb11aa18347bf545388f6aa62e389f,160814,batch_log_or_checkpoint,只读冻结；未执行
A_route/problem3/02_batch_run/logs/checkpoints/P3_MEAN_ROLLOUT_06/2025-08-14.json.gz,26ca01ebc67afe13067597f3254599a4d6ab8b825d8c1e5a8dc43560e403d3e1,162609,batch_log_or_checkpoint,只读冻结；未执行
A_route/problem3/02_batch_run/logs/checkpoints/P3_MEAN_ROLLOUT_06/2025-08-15.json.gz,dec5a9b17833c64b82b90c13e83248944b8f4af1e5d6547b02fb15f558c050d1,148171,batch_log_or_checkpoint,只读冻结；未执行
A_route/problem3/02_batch_run/logs/checkpoints/P3_MEAN_ROLLOUT_06/2025-08-16.json.gz,fc5341d6f3a8be55151bb086645a92dc7267f826eceaee5bd841bb0e94f4fafc,146284,batch_log_or_checkpoint,只读冻结；未执行
A_route/problem3/02_batch_run/logs/checkpoints/P3_MEAN_ROLLOUT_06/2025-08-17.json.gz,ce0d7470acbe155738f9c986c71e46923e5b18bea02f6db601dd77a8a356ca28,154994,batch_log_or_checkpoint,只读冻结；未执行
A_route/problem3/02_batch_run/logs/checkpoints/P3_MEAN_ROLLOUT_06/2025-08-18.json.gz,09705ef6b2e2ed4fe5010a60f89140e81f9a9d1875979d3a43afe740434f59c8,158710,batch_log_or_checkpoint,只读冻结；未执行
A_route/problem3/02_batch_run/logs/checkpoints/P3_MEAN_ROLLOUT_06/2025-08-19.json.gz,5fa7e89b2db7c52c58d58e14751ebb494415143120fbb165d3d8181e509c62a7,155623,batch_log_or_checkpoint,只读冻结；未执行
A_route/problem3/02_batch_run/logs/checkpoints/P3_MEAN_ROLLOUT_06/2025-08-20.json.gz,0dbc2c193af27e7eca1f68292e5e51d74c546487894fb93f211a286cfa72b33f,160568,batch_log_or_checkpoint,只读冻结；未执行
A_route/problem3/02_batch_run/logs/checkpoints/P3_MEAN_ROLLOUT_06/2025-08-21.json.gz,ece2dc4738b736f3e3c75033b8978870709ba067ef033382bed58a0491004d50,158232,batch_log_or_checkpoint,只读冻结；未执行
A_route/problem3/02_batch_run/logs/checkpoints/P3_MEAN_ROLLOUT_06/2025-08-22.json.gz,c0126b31260f37646345176db6529e4425cb58722b9ef5d2e5d1a5ce1b87adf5,146307,batch_log_or_checkpoint,只读冻结；未执行
A_route/problem3/02_batch_run/logs/checkpoints/P3_MEAN_ROLLOUT_06/2025-08-23.json.gz,69368eea823eb90635dc7e5e962541720acbfd5c38f753618474bbbd8a56cbed,147822,batch_log_or_checkpoint,只读冻结；未执行
A_route/problem3/02_batch_run/logs/checkpoints/P3_MEAN_ROLLOUT_06/2025-08-24.json.gz,f2f9b49a42457a53f76fd0b66bfbb703516513447c5e253284fa477f5d3aebf8,153206,batch_log_or_checkpoint,只读冻结；未执行
A_route/problem3/02_batch_run/logs/checkpoints/P3_MEAN_ROLLOUT_06/2025-08-25.json.gz,080426ebdbe565b22e3f33f430812b11498ffbaa0df28970de809c96b63ebacb,154307,batch_log_or_checkpoint,只读冻结；未执行
A_route/problem3/02_batch_run/logs/checkpoints/P3_MEAN_ROLLOUT_06/2025-08-26.json.gz,d04ad59c69ae9bada693be713864fd588f09de16a0d3bcc196f172de677546ef,157722,batch_log_or_checkpoint,只读冻结；未执行
A_route/problem3/02_batch_run/logs/checkpoints/P3_MEAN_ROLLOUT_06/2025-08-27.json.gz,0fa749ecf39daef89c574600ce5ef267546974a321b19b614dbc55d0d81518d4,168481,batch_log_or_checkpoint,只读冻结；未执行
A_route/problem3/02_batch_run/logs/checkpoints/P3_MEAN_ROLLOUT_06/2025-08-28.json.gz,89ed16376fd25b46cf4caba723017e64b8fc6848b63da5f83b33d9a64d03cb56,167645,batch_log_or_checkpoint,只读冻结；未执行
A_route/problem3/02_batch_run/logs/checkpoints/P3_MEAN_ROLLOUT_06/2025-08-29.json.gz,44b206d684c31b556334f61855690b1531d9996a4269336d5427085bfde5fa39,144045,batch_log_or_checkpoint,只读冻结；未执行
A_route/problem3/02_batch_run/logs/checkpoints/P3_MEAN_ROLLOUT_06/2025-08-30.json.gz,7c6fa874939054909d87a7cb2ac2fc2b87c56990db923613cd39fbe5b69c9446,146770,batch_log_or_checkpoint,只读冻结；未执行
A_route/problem3/02_batch_run/logs/checkpoints/P3_MEAN_ROLLOUT_06/2025-08-31.json.gz,a3b6209c0e4f753a8b7a74e277f2da5084fa5bf1743621044208f5a6fea7ac6e,157669,batch_log_or_checkpoint,只读冻结；未执行
A_route/problem3/02_batch_run/logs/checkpoints/P3_MEAN_ROLLOUT_06/2025-09-01.json.gz,a8944157500219d354dc02ae1c55670c6b06593c01891ce7f821508cba264535,152488,batch_log_or_checkpoint,只读冻结；未执行
A_route/problem3/02_batch_run/logs/checkpoints/P3_MEAN_ROLLOUT_06/2025-09-02.json.gz,cc1ad9b5945f36513e5f2f63911de3cfd578e18a903300ef9d98706b545cef44,165325,batch_log_or_checkpoint,只读冻结；未执行
A_route/problem3/02_batch_run/logs/checkpoints/P3_MEAN_ROLLOUT_06/2025-09-03.json.gz,868a6e7c22c9cbb7d6a884b7b89c6d336fd8bed418529cdb774dafbf064e6226,154609,batch_log_or_checkpoint,只读冻结；未执行
A_route/problem3/02_batch_run/logs/checkpoints/P3_MEAN_ROLLOUT_06/2025-09-04.json.gz,1ee5ecab6d216d9dc0c40161c40a6c65539bb4b7c119095b6c522611a865a6e3,152795,batch_log_or_checkpoint,只读冻结；未执行
A_route/problem3/02_batch_run/logs/checkpoints/P3_MEAN_ROLLOUT_06/2025-09-05.json.gz,f0bb2f04162912b6016b4cf22c8d8ac5581d47d584774b14a9048740fbd4e64d,142689,batch_log_or_checkpoint,只读冻结；未执行
A_route/problem3/02_batch_run/logs/checkpoints/P3_MEAN_ROLLOUT_06/2025-09-06.json.gz,1246a896727add6059a141c795d06f385cd10c327403d6ca9a29a54d40b24626,143243,batch_log_or_checkpoint,只读冻结；未执行
A_route/problem3/02_batch_run/logs/checkpoints/P3_MEAN_ROLLOUT_06/2025-09-07.json.gz,8c52d492a78435f3e8b2390831ba637178bfd4a61deaf16da326ad3e42cee0da,155319,batch_log_or_checkpoint,只读冻结；未执行
A_route/problem3/02_batch_run/logs/checkpoints/P3_MEAN_ROLLOUT_06/2025-09-08.json.gz,864d4a62843d70c88287dc143cb61c3409c7c0d52bf68494c1ca0ccc4519e561,157135,batch_log_or_checkpoint,只读冻结；未执行
A_route/problem3/02_batch_run/logs/checkpoints/P3_MEAN_ROLLOUT_06/2025-09-09.json.gz,e0834b7fa1d37f7bdc5dbb025b07d7257488df2bd6d1f6079d6f3e671eb6f603,162116,batch_log_or_checkpoint,只读冻结；未执行
A_route/problem3/02_batch_run/logs/checkpoints/P3_MEAN_ROLLOUT_06/2025-09-10.json.gz,5e64218e44d37b776121f4baa1c9870be55fe5892d3f3be529a0ba9a525cddb2,155005,batch_log_or_checkpoint,只读冻结；未执行
A_route/problem3/02_batch_run/logs/checkpoints/P3_MEAN_ROLLOUT_06/2025-09-11.json.gz,cc842c71c071c221e37ee5dba3c21605c4253dd87c2402ced0dced02ef824e68,154604,batch_log_or_checkpoint,只读冻结；未执行
A_route/problem3/02_batch_run/logs/checkpoints/P3_MEAN_ROLLOUT_06/2025-09-12.json.gz,761ceabd19d898d272b0f4fee36f93d620b7386d6629be23992e9ed3918f9daa,146071,batch_log_or_checkpoint,只读冻结；未执行
A_route/problem3/02_batch_run/logs/checkpoints/P3_MEAN_ROLLOUT_06/2025-09-13.json.gz,f8b78a77970c73166ac5b007ebb9744f0606e968b7b92e6ef33b0e73a57c2277,143740,batch_log_or_checkpoint,只读冻结；未执行
A_route/problem3/02_batch_run/logs/checkpoints/P3_MEAN_ROLLOUT_06/2025-09-14.json.gz,e2d924fa67851d6bb439dd70ee1b3b1dd29ba2c31677eddaefa2336a456da5a6,152397,batch_log_or_checkpoint,只读冻结；未执行
A_route/problem3/02_batch_run/logs/checkpoints/P3_MEAN_ROLLOUT_06/2025-09-15.json.gz,6a586b7809e6c580fb54573df4956b61cc30e86d1df01561da57a478b520ce3c,156233,batch_log_or_checkpoint,只读冻结；未执行
A_route/problem3/02_batch_run/logs/checkpoints/P3_MEAN_ROLLOUT_06/2025-09-16.json.gz,5d309ac2cff5cb78d25929c7f88f9614b5d416e833b2a8bedcb3c0151d5487c4,157138,batch_log_or_checkpoint,只读冻结；未执行
A_route/problem3/02_batch_run/logs/checkpoints/P3_MEAN_ROLLOUT_06/2025-09-17.json.gz,54d2e89cb1c654363471f7b4483309ce3a7a99e8a858d08347c4b22f1696b7e5,153522,batch_log_or_checkpoint,只读冻结；未执行
A_route/problem3/02_batch_run/logs/checkpoints/P3_MEAN_ROLLOUT_06/2025-09-18.json.gz,f420c53c81c0981de6dfd0e80167ca436b896371d1cc88afeba7d028b790d636,169056,batch_log_or_checkpoint,只读冻结；未执行
A_route/problem3/02_batch_run/logs/checkpoints/P3_MEAN_ROLLOUT_06/2025-09-19.json.gz,3b395090f77b39633e4793b84b210d2ac6aad79986286b95ac924c6bf87c9004,148549,batch_log_or_checkpoint,只读冻结；未执行
A_route/problem3/02_batch_run/logs/checkpoints/P3_MEAN_ROLLOUT_06/2025-09-20.json.gz,4ab2665dca0821ad8bd1d7b2c312a3899139b123c5731aa0c4780bde390ea0ff,146602,batch_log_or_checkpoint,只读冻结；未执行
A_route/problem3/02_batch_run/logs/checkpoints/P3_MEAN_ROLLOUT_06/2025-09-21.json.gz,0a4db8737e4ae3392e4f2c2802d1107363e249b7d22bf20a8561e8e8f11db17f,156226,batch_log_or_checkpoint,只读冻结；未执行
A_route/problem3/02_batch_run/logs/checkpoints/P3_MEAN_ROLLOUT_06/2025-09-22.json.gz,4e0f2e8844ff857fde574956a7a3f22fdc29389957f0dc9503eee1f9103d6ece,154790,batch_log_or_checkpoint,只读冻结；未执行
A_route/problem3/02_batch_run/logs/checkpoints/P3_MEAN_ROLLOUT_06/2025-09-23.json.gz,11c5266674a6cb5ad288b4efcc251adf52af8a8a3aed5878cd7839f5537b296f,151986,batch_log_or_checkpoint,只读冻结；未执行
A_route/problem3/02_batch_run/logs/checkpoints/P3_MEAN_ROLLOUT_06/2025-09-24.json.gz,612c5884c7f986a202d3422071aa66133c7dc47094cacbe293104fa308c2d549,160877,batch_log_or_checkpoint,只读冻结；未执行
A_route/problem3/02_batch_run/logs/checkpoints/P3_MEAN_ROLLOUT_06/2025-09-25.json.gz,464f6ac264824413410d33ed3c8dcbb5a4a0b787fb44627905c0f768fe571868,161284,batch_log_or_checkpoint,只读冻结；未执行
A_route/problem3/02_batch_run/logs/checkpoints/P3_MEAN_ROLLOUT_06/2025-09-26.json.gz,6d4226bda8edd03b4d596e45bc3e2d5a097534631a53228600f4e58c47a9ef21,144976,batch_log_or_checkpoint,只读冻结；未执行
A_route/problem3/02_batch_run/logs/checkpoints/P3_MEAN_ROLLOUT_06/2025-09-27.json.gz,abfa72a682dff07bd2cec040510d8bb0506a8abbbfc55fa8f35e7e0073153be8,150733,batch_log_or_checkpoint,只读冻结；未执行
A_route/problem3/02_batch_run/logs/checkpoints/P3_MEAN_ROLLOUT_06/2025-09-28.json.gz,430b7713504d82fa11281f956c047ba309f66f3491ab179ad93e02d177086f20,166782,batch_log_or_checkpoint,只读冻结；未执行
A_route/problem3/02_batch_run/logs/checkpoints/P3_MEAN_ROLLOUT_06/2025-09-29.json.gz,e0c180fdeb759b534b3e7a5ad5827fe43e47b49c9f9846dcc6d55e9c813df28f,152193,batch_log_or_checkpoint,只读冻结；未执行
A_route/problem3/02_batch_run/logs/checkpoints/P3_MEAN_ROLLOUT_06/2025-09-30.json.gz,a97c71326726fbef99f4330ce12a2f7412a2ed639bb247a3fca4da4c52a3f39a,158895,batch_log_or_checkpoint,只读冻结；未执行
A_route/problem3/02_batch_run/logs/checkpoints/P3_MEAN_ROLLOUT_06/2025-10-01.json.gz,72587dbe2a70c86354fcfe0f26e3cce63e1fbe820788c6be5839322273518290,152437,batch_log_or_checkpoint,只读冻结；未执行
A_route/problem3/02_batch_run/logs/checkpoints/P3_MEAN_ROLLOUT_06/2025-10-02.json.gz,281f2aca7ac6dcba0d9cb14fc467a27f5ff4c5229caecca6624fbe68c804369a,152570,batch_log_or_checkpoint,只读冻结；未执行
A_route/problem3/02_batch_run/logs/checkpoints/P3_MEAN_ROLLOUT_06/2025-10-03.json.gz,7bd95b9f6062a31864211c1589f119e8e00bd8a0f5f62b9e2f3f55fa7dc7a25b,144457,batch_log_or_checkpoint,只读冻结；未执行
A_route/problem3/02_batch_run/logs/checkpoints/P3_MEAN_ROLLOUT_06/2025-10-04.json.gz,022855933c122b35cdf6c98c8e73ea15933f0ab5b9a9feb0364c2181ef14db11,144125,batch_log_or_checkpoint,只读冻结；未执行
A_route/problem3/02_batch_run/logs/checkpoints/P3_MEAN_ROLLOUT_06/2025-10-05.json.gz,55ba2aa56a8a3e21f9426f9be966b9d5d8026b332cd1fecd83006a4a066be045,153602,batch_log_or_checkpoint,只读冻结；未执行
A_route/problem3/02_batch_run/logs/checkpoints/P3_MEAN_ROLLOUT_06/2025-10-06.json.gz,c60d0242694b3860f5f7cbc6d7cadbc0ba208999b5701b5196cd20581d723e62,157638,batch_log_or_checkpoint,只读冻结；未执行
A_route/problem3/02_batch_run/logs/checkpoints/P3_MEAN_ROLLOUT_06/2025-10-07.json.gz,f649126607085ac9e524198f2f9c6d556883b476521ef29dd22874ddd2fe566a,153059,batch_log_or_checkpoint,只读冻结；未执行
A_route/problem3/02_batch_run/logs/checkpoints/P3_MEAN_ROLLOUT_06/2025-10-08.json.gz,1b086c1a41ee8ac3942bae7df744f9c0785c9a4e8ec3e600c406c459c2140175,151492,batch_log_or_checkpoint,只读冻结；未执行
A_route/problem3/02_batch_run/logs/checkpoints/P3_MEAN_ROLLOUT_06/2025-10-09.json.gz,4c71dcdf0038dc4dc12fab078cb3ac5b0715de311a776832759deaef9f3dea0f,151942,batch_log_or_checkpoint,只读冻结；未执行
A_route/problem3/02_batch_run/logs/checkpoints/P3_MEAN_ROLLOUT_06/2025-10-10.json.gz,fc25acc619f7bcf26b8c10dfa8c42dd38532262cf7cfbb3275c743201df1c902,145185,batch_log_or_checkpoint,只读冻结；未执行
A_route/problem3/02_batch_run/logs/checkpoints/P3_MEAN_ROLLOUT_06/2025-10-11.json.gz,7cf1581f73e59a3c6c2368ccac70199d7894d5a4e4546fe0141e2da975c872c3,144476,batch_log_or_checkpoint,只读冻结；未执行
A_route/problem3/02_batch_run/logs/checkpoints/P3_MEAN_ROLLOUT_06/2025-10-12.json.gz,63fe790c8c727bc37289a7c9a8efb4470bf4a972b48e89e739f9040ca051d125,153521,batch_log_or_checkpoint,只读冻结；未执行
A_route/problem3/02_batch_run/logs/checkpoints/P3_MEAN_ROLLOUT_06/2025-10-13.json.gz,bc994ecd354e972ba5f1097135f89a9e5958749d80338eceb583632b8cd55913,152909,batch_log_or_checkpoint,只读冻结；未执行
A_route/problem3/02_batch_run/logs/checkpoints/P3_MEAN_ROLLOUT_06/2025-10-14.json.gz,6e341e2cad0db622e99a96635436d1470a4f6285d15d95d0f7bfcacd9817d8ae,153846,batch_log_or_checkpoint,只读冻结；未执行
A_route/problem3/02_batch_run/logs/checkpoints/P3_MEAN_ROLLOUT_06/2025-10-15.json.gz,a5f163f9057eaf6eeae98539beb565d3820becf6af2aa5b47e6de8246e10a3d6,151453,batch_log_or_checkpoint,只读冻结；未执行
A_route/problem3/02_batch_run/logs/checkpoints/P3_MEAN_ROLLOUT_06/2025-10-16.json.gz,124e85f308d9c4efe5d100c9ba6ece0c1f8d18244e387f46e6a51f05c16f5a98,159394,batch_log_or_checkpoint,只读冻结；未执行
A_route/problem3/02_batch_run/logs/checkpoints/P3_MEAN_ROLLOUT_06/2025-10-17.json.gz,534b0a86ea70bcf89c05bce38bc551d19597f60af087318c662361a122d022bb,147913,batch_log_or_checkpoint,只读冻结；未执行
A_route/problem3/02_batch_run/logs/checkpoints/P3_MEAN_ROLLOUT_06/2025-10-18.json.gz,1aed8ca605e5681122c2a482a1547dbb1577783a526b41290c1fc175c8769e8b,145911,batch_log_or_checkpoint,只读冻结；未执行
A_route/problem3/02_batch_run/logs/checkpoints/P3_MEAN_ROLLOUT_06/2025-10-19.json.gz,7235c308d831371d79d7705a12509b02483ba9e7a3a612275e58222753e0aae1,155379,batch_log_or_checkpoint,只读冻结；未执行
A_route/problem3/02_batch_run/logs/checkpoints/P3_MEAN_ROLLOUT_06/2025-10-20.json.gz,858e2cd006bf232c4042a49c74db35b374cbe53b6e9964fc04a6320119dc2ecb,151945,batch_log_or_checkpoint,只读冻结；未执行
A_route/problem3/02_batch_run/logs/checkpoints/P3_MEAN_ROLLOUT_06/2025-10-21.json.gz,c336df2cbe07503af56248eee588a75dff133583c183ca5505886daf4962d25e,155241,batch_log_or_checkpoint,只读冻结；未执行
A_route/problem3/02_batch_run/logs/checkpoints/P3_MEAN_ROLLOUT_06/2025-10-22.json.gz,18f46488116c3c59b57a59ee943d50da5009366abf7ac136ede451e2e501824c,152657,batch_log_or_checkpoint,只读冻结；未执行
A_route/problem3/02_batch_run/logs/checkpoints/P3_MEAN_ROLLOUT_06/2025-10-23.json.gz,26a65553e936efb756a7c4a4c46e77d5638735b7887571450bfaa140a3e899c5,153754,batch_log_or_checkpoint,只读冻结；未执行
A_route/problem3/02_batch_run/logs/checkpoints/P3_MEAN_ROLLOUT_06/2025-10-24.json.gz,ba10b5ae572ff7a94df3703a0bf1b31e8442714fce0b49d83a5e0a3c90925146,146441,batch_log_or_checkpoint,只读冻结；未执行
A_route/problem3/02_batch_run/logs/checkpoints/P3_MEAN_ROLLOUT_06/2025-10-25.json.gz,ac6628fc6395150a726bd1cbe9601b94c5ca8811b358afe67a19b11b85843ba9,144699,batch_log_or_checkpoint,只读冻结；未执行
A_route/problem3/02_batch_run/logs/checkpoints/P3_MEAN_ROLLOUT_06/2025-10-26.json.gz,bdc8b37514512905ca16b36651061579bff516becc94e34b5ab87e7188f9727d,153362,batch_log_or_checkpoint,只读冻结；未执行
A_route/problem3/02_batch_run/logs/checkpoints/P3_MEAN_ROLLOUT_06/2025-10-27.json.gz,ef208d4fdf13d7b735041ee77da7c511d4b442f8495b3fbda79b3f2e2b3f4380,166482,batch_log_or_checkpoint,只读冻结；未执行
A_route/problem3/02_batch_run/logs/checkpoints/P3_MEAN_ROLLOUT_06/2025-10-28.json.gz,9dacf0116cee773657a6c63c08beec3f4d6ba91184c7570294ff1e72016cd26e,162353,batch_log_or_checkpoint,只读冻结；未执行
A_route/problem3/02_batch_run/logs/checkpoints/P3_MEAN_ROLLOUT_06/2025-10-29.json.gz,d37a78904ecd87b7d94baf4208f7aa7b334120b617af4af739232f7c467c9259,154447,batch_log_or_checkpoint,只读冻结；未执行
A_route/problem3/02_batch_run/logs/checkpoints/P3_MEAN_ROLLOUT_06/2025-10-30.json.gz,8f58a26b45e743148374cf394f36eb693da0e8522f209f9e864a279241cc6314,158641,batch_log_or_checkpoint,只读冻结；未执行
A_route/problem3/02_batch_run/logs/checkpoints/P3_MEAN_ROLLOUT_06/2025-10-31.json.gz,522e23bb70883e37ed8f6efca97db6a96d7c427170cf8bf78e632c4570093b40,145958,batch_log_or_checkpoint,只读冻结；未执行
A_route/problem3/02_batch_run/logs/checkpoints/P3_MEAN_ROLLOUT_06/2025-11-01.json.gz,95fa199c81e0a5929274604d68500a7736972634a024d6d6a00cd66403e8bcd5,144991,batch_log_or_checkpoint,只读冻结；未执行
A_route/problem3/02_batch_run/logs/checkpoints/P3_MEAN_ROLLOUT_06/2025-11-02.json.gz,90ca7a80835aaf0c495311fab1e44f2a917505023ee30ae7f2ae31e4b16d2112,166525,batch_log_or_checkpoint,只读冻结；未执行
A_route/problem3/02_batch_run/logs/checkpoints/P3_MEAN_ROLLOUT_06/2025-11-03.json.gz,437c2aec48e62ccc432779a6f91625a99bb3373cb829be4ee25a18186f8651cd,156026,batch_log_or_checkpoint,只读冻结；未执行
A_route/problem3/02_batch_run/logs/checkpoints/P3_MEAN_ROLLOUT_06/2025-11-04.json.gz,9cfc8822a254cde4ba8638920a2e7b54afc2ead439d4216937a1155e12e4948d,160208,batch_log_or_checkpoint,只读冻结；未执行
A_route/problem3/02_batch_run/logs/checkpoints/P3_MEAN_ROLLOUT_06/2025-11-05.json.gz,ef6357dbcbe3e735e54b86c4ffe525da6b368eece6c4d19058e8b0eb06b0a66e,153147,batch_log_or_checkpoint,只读冻结；未执行
A_route/problem3/02_batch_run/logs/checkpoints/P3_MEAN_ROLLOUT_06/2025-11-06.json.gz,5e45f63084a0b41071da8da0d307acebfcfea68baeb5e8054e867ad5fa59d4d9,165452,batch_log_or_checkpoint,只读冻结；未执行
A_route/problem3/02_batch_run/logs/checkpoints/P3_MEAN_ROLLOUT_06/2025-11-07.json.gz,bd7f2e6e62ab702ca2d4babaa08aa334b6070e787976665adfa39e90526204e8,149912,batch_log_or_checkpoint,只读冻结；未执行
A_route/problem3/02_batch_run/logs/checkpoints/P3_MEAN_ROLLOUT_06/2025-11-08.json.gz,b04636614aaf6af0ea98ebf6ce7067213eaf32f617f6351b35cbb63cfced4a3b,144993,batch_log_or_checkpoint,只读冻结；未执行
A_route/problem3/02_batch_run/logs/checkpoints/P3_MEAN_ROLLOUT_06/2025-11-09.json.gz,aea008683a5316d6d7b17bf0e8bd5bbb4fa27b75296c19d0599573efc0e06a9b,153833,batch_log_or_checkpoint,只读冻结；未执行
A_route/problem3/02_batch_run/logs/checkpoints/P3_MEAN_ROLLOUT_06/2025-11-10.json.gz,efe779cf640251425f7baf452cc2777e0a316644fab4fd02a7c68f98155873fc,162502,batch_log_or_checkpoint,只读冻结；未执行
A_route/problem3/02_batch_run/logs/checkpoints/P3_MEAN_ROLLOUT_06/2025-11-11.json.gz,c361281a3574c92829897636018a3c5c55c3d258b1e6f907c2cc85c883029d6d,152056,batch_log_or_checkpoint,只读冻结；未执行
A_route/problem3/02_batch_run/logs/checkpoints/P3_MEAN_ROLLOUT_06/2025-11-12.json.gz,1ef35b1dd0923c6268ec3cba5aef9fb5c8dd11f92e3b66558c59b3613ee16454,163334,batch_log_or_checkpoint,只读冻结；未执行
A_route/problem3/02_batch_run/logs/checkpoints/P3_MEAN_ROLLOUT_06/2025-11-13.json.gz,a03170fbc8bab62259d2251cd6effc0e525e1050872d34a10d3e13316584e6b7,159069,batch_log_or_checkpoint,只读冻结；未执行
A_route/problem3/02_batch_run/logs/checkpoints/P3_MEAN_ROLLOUT_06/2025-11-14.json.gz,5ab96c7a6ce8e0746a8b79e2cc0ac0d8655e6309cb0d22482c3c6a2994d7cb5c,145271,batch_log_or_checkpoint,只读冻结；未执行
A_route/problem3/02_batch_run/logs/checkpoints/P3_MEAN_ROLLOUT_06/2025-11-15.json.gz,6dc2eb0294122a9899efd723fd265ee66f8fa9e1b0ed40fe3dd6648d631c6224,147385,batch_log_or_checkpoint,只读冻结；未执行
A_route/problem3/02_batch_run/logs/checkpoints/P3_MEAN_ROLLOUT_06/2025-11-16.json.gz,4ba8a99296916a102b33a2f30e001d2458fd50f78ed12cb568cc47fac80230ae,163994,batch_log_or_checkpoint,只读冻结；未执行
A_route/problem3/02_batch_run/logs/checkpoints/P3_MEAN_ROLLOUT_06/2025-11-17.json.gz,1af9b2a5e1b2cd62c9cce3d72d0585aa5f947268506d81ff7b2601f779dd41dc,168933,batch_log_or_checkpoint,只读冻结；未执行
A_route/problem3/02_batch_run/logs/checkpoints/P3_MEAN_ROLLOUT_06/2025-11-18.json.gz,36a4596f0d46981d5ca1cc2a6f9ec2d545c8f769a06c0605b672ac7cfd152281,155417,batch_log_or_checkpoint,只读冻结；未执行
A_route/problem3/02_batch_run/logs/checkpoints/P3_MEAN_ROLLOUT_06/2025-11-19.json.gz,90118b0cad15f8d24943f039c12ad5a94d3e99a1d1e6be41b47e6b4576a407c7,171144,batch_log_or_checkpoint,只读冻结；未执行
A_route/problem3/02_batch_run/logs/checkpoints/P3_MEAN_ROLLOUT_06/2025-11-20.json.gz,1820f11c94d3eb715be9117a644dbdaee479114d81761e1a283b22d563b3b34e,160344,batch_log_or_checkpoint,只读冻结；未执行
A_route/problem3/02_batch_run/logs/checkpoints/P3_MEAN_ROLLOUT_06/2025-11-21.json.gz,077ed4213390bb45ed70f7c2f887df05d4228f70f9b8e658e7fc0cf4a7565c01,155894,batch_log_or_checkpoint,只读冻结；未执行
A_route/problem3/02_batch_run/logs/checkpoints/P3_MEAN_ROLLOUT_06/2025-11-22.json.gz,0d9fb7a9001305e6464985adcf3573c55ae8857041f0b1503b34857bf97236ae,147452,batch_log_or_checkpoint,只读冻结；未执行
A_route/problem3/02_batch_run/logs/checkpoints/P3_MEAN_ROLLOUT_06/2025-11-23.json.gz,c4c6281051c5a64c6fdfbf62d9969ad5c42b3e22bffeaa2add6abc1bc21a06ce,164489,batch_log_or_checkpoint,只读冻结；未执行
A_route/problem3/02_batch_run/logs/checkpoints/P3_MEAN_ROLLOUT_06/2025-11-24.json.gz,002d9ec7b7d6142dcbf2bf41ceebc6bb6ac94022fbc770600adc3b370adba8e3,157264,batch_log_or_checkpoint,只读冻结；未执行
A_route/problem3/02_batch_run/logs/checkpoints/P3_MEAN_ROLLOUT_06/2025-11-25.json.gz,5c29388ee5a5cc4dce02b657f4aaf9a4f5d4dcb5bbc02d2baf95814842e7a6a1,152355,batch_log_or_checkpoint,只读冻结；未执行
A_route/problem3/02_batch_run/logs/checkpoints/P3_MEAN_ROLLOUT_06/2025-11-26.json.gz,b888f23686260142cceb5876609c185fe95cce8d1753fcf38968160c297f745d,155238,batch_log_or_checkpoint,只读冻结；未执行
A_route/problem3/02_batch_run/logs/checkpoints/P3_MEAN_ROLLOUT_06/2025-11-27.json.gz,a8f1c3fb233a341910855ee106c76df97c7387db43716dbd35d0bd40f5ff3f2d,158081,batch_log_or_checkpoint,只读冻结；未执行
A_route/problem3/02_batch_run/logs/checkpoints/P3_MEAN_ROLLOUT_06/2025-11-28.json.gz,1b69f3fda285e7d0ad9673e32e9f08ebb76acb60a4dbf3ac43ff7a400aa1ddb7,150314,batch_log_or_checkpoint,只读冻结；未执行
A_route/problem3/02_batch_run/logs/checkpoints/P3_MEAN_ROLLOUT_06/2025-11-29.json.gz,9dbe04f74f7bc9f7c50fa7a0ec01faf16599159dcb7b85b4edcc36cd4440e03e,147923,batch_log_or_checkpoint,只读冻结；未执行
A_route/problem3/02_batch_run/logs/checkpoints/P3_MEAN_ROLLOUT_06/2025-11-30.json.gz,e80b154b99b1afc2e8bb9d4033762dd94210d6d84b7a5740142fda68cfaa638b,162000,batch_log_or_checkpoint,只读冻结；未执行
A_route/problem3/02_batch_run/logs/checkpoints/P3_MEAN_ROLLOUT_06/2025-12-01.json.gz,54264c72e833b85d30342ac853e5846698d7bf008b37942b5b2a449f0b33c059,157408,batch_log_or_checkpoint,只读冻结；未执行
A_route/problem3/02_batch_run/logs/checkpoints/P3_MEAN_ROLLOUT_06/2025-12-02.json.gz,4a46159dbc9566f6765670f9dbad28e40fd3e77d448e57e0f7e43c044defde60,158360,batch_log_or_checkpoint,只读冻结；未执行
A_route/problem3/02_batch_run/logs/checkpoints/P3_MEAN_ROLLOUT_06/2025-12-03.json.gz,5a5ee8eb9b45b5d68f34ba45ade61bfb98513db07eb0323fef8784f14002e686,170859,batch_log_or_checkpoint,只读冻结；未执行
A_route/problem3/02_batch_run/logs/checkpoints/P3_MEAN_ROLLOUT_06/2025-12-04.json.gz,7a711bfe31ffa16335d12e469f0f4d3441ab3a88c5692b2c5671ccb4202dcba5,163886,batch_log_or_checkpoint,只读冻结；未执行
A_route/problem3/02_batch_run/logs/checkpoints/P3_MEAN_ROLLOUT_06/2025-12-05.json.gz,d298560a8f6e40941beffdc1b810096e82eaf128095f7e81a4d14141814ecbb1,166519,batch_log_or_checkpoint,只读冻结；未执行
A_route/problem3/02_batch_run/logs/checkpoints/P3_MEAN_ROLLOUT_06/2025-12-06.json.gz,8aa1ee0198bd347e1ec612ac80edb5f1e63ec3e24dd14ee778d0302eba4195ed,163329,batch_log_or_checkpoint,只读冻结；未执行
A_route/problem3/02_batch_run/logs/checkpoints/P3_MEAN_ROLLOUT_06/2025-12-07.json.gz,e8d7a3fd3f4263838ac17d3474465a754cb2c9f5df8d42707ba61acda9b8974c,162946,batch_log_or_checkpoint,只读冻结；未执行
A_route/problem3/02_batch_run/logs/checkpoints/P3_MEAN_ROLLOUT_06/2025-12-08.json.gz,ca02c7949cae2094b0401edba2817433365a684c665adb5910dd642c44829646,153864,batch_log_or_checkpoint,只读冻结；未执行
A_route/problem3/02_batch_run/logs/checkpoints/P3_MEAN_ROLLOUT_06/2025-12-09.json.gz,163a4200651869d3ff39af9b26dfa31179d248c98a19bb5e25ccb56cefa6b12c,153155,batch_log_or_checkpoint,只读冻结；未执行
A_route/problem3/02_batch_run/logs/checkpoints/P3_MEAN_ROLLOUT_06/2025-12-10.json.gz,d9d3766ad457a91f2e13632f94b1c4bbe802b7ac21022e19edb9b8dcffa84759,158411,batch_log_or_checkpoint,只读冻结；未执行
A_route/problem3/02_batch_run/logs/checkpoints/P3_MEAN_ROLLOUT_06/2025-12-11.json.gz,099fe29970be3192af8f61e54b36f3da08cc0662124e3ff0b60de2f0dc37216b,152384,batch_log_or_checkpoint,只读冻结；未执行
A_route/problem3/02_batch_run/logs/checkpoints/P3_MEAN_ROLLOUT_06/2025-12-12.json.gz,8b3152e124528b3ed8d5d8bbf5874d2cff813c08ffc885ac36913ea3d7ae79df,154700,batch_log_or_checkpoint,只读冻结；未执行
A_route/problem3/02_batch_run/logs/checkpoints/P3_MEAN_ROLLOUT_06/2025-12-13.json.gz,60315f57e089c08669b0e6d9e8b31c8a73865b899a6308f6117954712cadc574,156427,batch_log_or_checkpoint,只读冻结；未执行
A_route/problem3/02_batch_run/logs/checkpoints/P3_MEAN_ROLLOUT_06/2025-12-14.json.gz,b288c708d53221e471a8de48b5f8b4bb21537fa950f7f942174e48f4a388a8cf,158086,batch_log_or_checkpoint,只读冻结；未执行
A_route/problem3/02_batch_run/logs/checkpoints/P3_MEAN_ROLLOUT_06/2025-12-15.json.gz,8e6d0c645b6288736c0414128f0f9b6e89e0aa4c3e26ad8b25e335dd5517c7a9,163410,batch_log_or_checkpoint,只读冻结；未执行
A_route/problem3/02_batch_run/logs/checkpoints/P3_MEAN_ROLLOUT_06/2025-12-16.json.gz,5ab70564362279b17171e2babfb8815e12f059b71b9bbbc2eedea0cf024ed319,152168,batch_log_or_checkpoint,只读冻结；未执行
A_route/problem3/02_batch_run/logs/checkpoints/P3_MEAN_ROLLOUT_06/2025-12-17.json.gz,c3cc906b5451880d3c318d5827dabdc9c3d024e03fa6a14532d75dd189f52dcb,151517,batch_log_or_checkpoint,只读冻结；未执行
A_route/problem3/02_batch_run/logs/checkpoints/P3_MEAN_ROLLOUT_06/2025-12-18.json.gz,07b7feec443df0cc564dbb41e8b2863a9c74cb017283f7a151120a66897f4f27,158105,batch_log_or_checkpoint,只读冻结；未执行
A_route/problem3/02_batch_run/logs/checkpoints/P3_MEAN_ROLLOUT_06/2025-12-19.json.gz,d7405a97e07a85d009df61402ab4b232ea1aa6cde9251bb480806bb45a6bbe67,155199,batch_log_or_checkpoint,只读冻结；未执行
A_route/problem3/02_batch_run/logs/checkpoints/P3_MEAN_ROLLOUT_06/2025-12-20.json.gz,b6fd8056ee3fa5003adf13b383a9db38758221275d5dac5b358595280ca69c25,150641,batch_log_or_checkpoint,只读冻结；未执行
A_route/problem3/02_batch_run/logs/checkpoints/P3_MEAN_ROLLOUT_06/2025-12-21.json.gz,cd05b148bfbaa363c29f1b0fdb3d4f74e25d08b1d8fd647197a8cbbf3977a5e1,152748,batch_log_or_checkpoint,只读冻结；未执行
A_route/problem3/02_batch_run/logs/checkpoints/P3_MEAN_ROLLOUT_06/2025-12-22.json.gz,e8f8f293d27539a5f896d524ea11655b4f40e4a34cd2042f94d8aaf763bb9eb4,154577,batch_log_or_checkpoint,只读冻结；未执行
A_route/problem3/02_batch_run/logs/checkpoints/P3_MEAN_ROLLOUT_06/2025-12-23.json.gz,964c9fb7897e94beee8cccae126f4d78981e2e7d406102fe03cd666345f7cdfa,153366,batch_log_or_checkpoint,只读冻结；未执行
A_route/problem3/02_batch_run/logs/checkpoints/P3_MEAN_ROLLOUT_06/2025-12-24.json.gz,54bff161998fcb8aac651a9aac971210759cdc1999894e4468abd09c5dbe248e,151755,batch_log_or_checkpoint,只读冻结；未执行
A_route/problem3/02_batch_run/logs/checkpoints/P3_MEAN_ROLLOUT_06/2025-12-25.json.gz,0905189d75efed62b5a48892b71fc5955671c6d893c45f509c029b309ebf5c07,152805,batch_log_or_checkpoint,只读冻结；未执行
A_route/problem3/02_batch_run/logs/checkpoints/P3_MEAN_ROLLOUT_06/2025-12-26.json.gz,3e37d80bd57cb4b8e758631cc29066c0c6dbc0ae913b29e58cef8fee8226108b,152108,batch_log_or_checkpoint,只读冻结；未执行
A_route/problem3/02_batch_run/logs/checkpoints/P3_MEAN_ROLLOUT_06/2025-12-27.json.gz,b557e2c769d72395f7d25fe6e5e37a04478bcbc3395c3f0428b976513cb53fc4,150351,batch_log_or_checkpoint,只读冻结；未执行
A_route/problem3/02_batch_run/logs/checkpoints/P3_MEAN_ROLLOUT_06/2025-12-28.json.gz,e066d42995bbf5d627060344f0046e9fdb9a99dbd8a1dfb9dc6f2eb431ac073a,152655,batch_log_or_checkpoint,只读冻结；未执行
A_route/problem3/02_batch_run/logs/checkpoints/P3_MEAN_ROLLOUT_06/2025-12-29.json.gz,ba2f44c9d2f5574c4f4cefe16b86592e410f63763a262bb377052468ff70e213,156237,batch_log_or_checkpoint,只读冻结；未执行
A_route/problem3/02_batch_run/logs/checkpoints/P3_MEAN_ROLLOUT_06/2025-12-30.json.gz,03e9da251df0cf4748449fe04102d699deddb3b093ec9e3df2bc099384c898ec,155442,batch_log_or_checkpoint,只读冻结；未执行
A_route/problem3/02_batch_run/logs/checkpoints/P3_MEAN_ROLLOUT_06/2025-12-31.json.gz,5bcf6d596dcac954dd927ea80f0bf8153cc38dfff4b8924480386c63f86e915b,152553,batch_log_or_checkpoint,只读冻结；未执行
A_route/problem3/02_batch_run/logs/checkpoints/P3_MEAN_ROLLOUT_0612/2025-02-01.json.gz,d1caf6d66d454111b6bb1ef36ef463ed38bf5b4aa2ce350a66cb83115258d940,203554,batch_log_or_checkpoint,只读冻结；未执行
A_route/problem3/02_batch_run/logs/checkpoints/P3_MEAN_ROLLOUT_0612/2025-02-02.json.gz,093351c835ae1d912b54d785ac7697a4061588da93835d3d7579cfab18e3b9af,214925,batch_log_or_checkpoint,只读冻结；未执行
A_route/problem3/02_batch_run/logs/checkpoints/P3_MEAN_ROLLOUT_0612/2025-02-03.json.gz,5666c3e381e1ae346a3f0842d70b4442a3e95eda3fa3cc5ee5c8882d9d517af1,221803,batch_log_or_checkpoint,只读冻结；未执行
A_route/problem3/02_batch_run/logs/checkpoints/P3_MEAN_ROLLOUT_0612/2025-02-04.json.gz,762b5420ab388f94d57c7653fccb1939c84ce18b58395204cbad62e928bdbb97,228925,batch_log_or_checkpoint,只读冻结；未执行
A_route/problem3/02_batch_run/logs/checkpoints/P3_MEAN_ROLLOUT_0612/2025-02-05.json.gz,9a90a50b4481ff1a5796089b123f952ae58379e8334a0701203430ed8f4b86ab,239980,batch_log_or_checkpoint,只读冻结；未执行
A_route/problem3/02_batch_run/logs/checkpoints/P3_MEAN_ROLLOUT_0612/2025-02-06.json.gz,40a4a88076c55a0ab1c6a4b2978a02e0a514b7b46c3936f9ce4c2b5aa9e676cc,235998,batch_log_or_checkpoint,只读冻结；未执行
A_route/problem3/02_batch_run/logs/checkpoints/P3_MEAN_ROLLOUT_0612/2025-02-07.json.gz,96104ae131a4e98ba2ccbf76b5aaa6b49dc99b216a8aa8055c3b0b56038ea725,230673,batch_log_or_checkpoint,只读冻结；未执行
A_route/problem3/02_batch_run/logs/checkpoints/P3_MEAN_ROLLOUT_0612/2025-02-08.json.gz,e1b0e19eeb7bff9c77b32e88832fc082dfd03c464bf474c025de1af619fee260,238714,batch_log_or_checkpoint,只读冻结；未执行
A_route/problem3/02_batch_run/logs/checkpoints/P3_MEAN_ROLLOUT_0612/2025-02-09.json.gz,720bc99cf05d3d4c1e238d05520d4563ebde99f969228c4aced82df389cd642d,241088,batch_log_or_checkpoint,只读冻结；未执行
A_route/problem3/02_batch_run/logs/checkpoints/P3_MEAN_ROLLOUT_0612/2025-02-10.json.gz,ff03e97be80c9132660f029f9a1094d629eb178774fce1c9a1d22b2ee5319df8,242378,batch_log_or_checkpoint,只读冻结；未执行
A_route/problem3/02_batch_run/logs/checkpoints/P3_MEAN_ROLLOUT_0612/2025-02-11.json.gz,1ce75f7662f8a160d6032c6313b2c31c325690ae4a1a6ec47bb39c7f8cd07625,238143,batch_log_or_checkpoint,只读冻结；未执行
A_route/problem3/02_batch_run/logs/checkpoints/P3_MEAN_ROLLOUT_0612/2025-02-12.json.gz,b8a043eaf4750353f787be394a65c834409a43fc965b6cfb0dbf9a343a5bfee1,238987,batch_log_or_checkpoint,只读冻结；未执行
A_route/problem3/02_batch_run/logs/checkpoints/P3_MEAN_ROLLOUT_0612/2025-02-13.json.gz,a00370163111061da4c374bddc9501143a01e75f4f11ac0ca3768c8148c3ebb5,245797,batch_log_or_checkpoint,只读冻结；未执行
A_route/problem3/02_batch_run/logs/checkpoints/P3_MEAN_ROLLOUT_0612/2025-02-14.json.gz,a6f5ece577ffdcb842e29d9ba27330d23de42a0a991588591078857ff8cd7183,239914,batch_log_or_checkpoint,只读冻结；未执行
A_route/problem3/02_batch_run/logs/checkpoints/P3_MEAN_ROLLOUT_0612/2025-02-15.json.gz,db7f2f42c7beccfbd03e47db0bab327c1b70fc39900a42793f276ae60ff4fe9b,234408,batch_log_or_checkpoint,只读冻结；未执行
A_route/problem3/02_batch_run/logs/checkpoints/P3_MEAN_ROLLOUT_0612/2025-02-16.json.gz,c8e7ad50e06b4a0aee7a07068d00d0dc0792aa5a754f418a9eda813be74039f2,240168,batch_log_or_checkpoint,只读冻结；未执行
A_route/problem3/02_batch_run/logs/checkpoints/P3_MEAN_ROLLOUT_0612/2025-02-17.json.gz,152b2d7bad67d45d61babf52dd5565076b895da1f3d1c0e2f01483f15c9fae52,242825,batch_log_or_checkpoint,只读冻结；未执行
A_route/problem3/02_batch_run/logs/checkpoints/P3_MEAN_ROLLOUT_0612/2025-02-18.json.gz,36d06ab6e21a21e72277633bc1372eabf9b15adc1ccabc9dd1eb028591167ccf,250037,batch_log_or_checkpoint,只读冻结；未执行
A_route/problem3/02_batch_run/logs/checkpoints/P3_MEAN_ROLLOUT_0612/2025-02-19.json.gz,614a2b08d8205fab8ed18d00e40ffda16d6bbde8d8ec9583d052b215be222e61,252739,batch_log_or_checkpoint,只读冻结；未执行
A_route/problem3/02_batch_run/logs/checkpoints/P3_MEAN_ROLLOUT_0612/2025-02-20.json.gz,90bb702f8f6ff7cf9bad5b78dbd371e639fff2ca74d940035e9688d4367543ee,247627,batch_log_or_checkpoint,只读冻结；未执行
A_route/problem3/02_batch_run/logs/checkpoints/P3_MEAN_ROLLOUT_0612/2025-02-21.json.gz,86a75d4fa01b268a956fc02b0a3ee8a0982ee2dc21625a6ff35da130e70796cb,237127,batch_log_or_checkpoint,只读冻结；未执行
A_route/problem3/02_batch_run/logs/checkpoints/P3_MEAN_ROLLOUT_0612/2025-02-22.json.gz,85969a49a61364b9152e95dff297231690fac1131dd6c5d0de61f51d92ce8a27,241674,batch_log_or_checkpoint,只读冻结；未执行
A_route/problem3/02_batch_run/logs/checkpoints/P3_MEAN_ROLLOUT_0612/2025-02-23.json.gz,2dd4075726299fb24bedfed96f06244b8a0879f418259f5184edcd7faa8143fe,248850,batch_log_or_checkpoint,只读冻结；未执行
A_route/problem3/02_batch_run/logs/checkpoints/P3_MEAN_ROLLOUT_0612/2025-02-24.json.gz,7a7378479eebc8f112b3faa4b88277f2d83fb2736901f1b457b7bf7698de24e8,243729,batch_log_or_checkpoint,只读冻结；未执行
A_route/problem3/02_batch_run/logs/checkpoints/P3_MEAN_ROLLOUT_0612/2025-02-25.json.gz,db319fa4c687634cbcbafb630ba8ce188e98ccd29f5cd3204e6d0e21f6263493,246594,batch_log_or_checkpoint,只读冻结；未执行
A_route/problem3/02_batch_run/logs/checkpoints/P3_MEAN_ROLLOUT_0612/2025-02-26.json.gz,ab589787b2230705d2ca7276f3feaaad833e6d2072b8ab674cd4d5944d9dfa3d,255552,batch_log_or_checkpoint,只读冻结；未执行
A_route/problem3/02_batch_run/logs/checkpoints/P3_MEAN_ROLLOUT_0612/2025-02-27.json.gz,d6f6acf830bd4b54e545913b4ce0573221fac9f22b3e8c037c12ad7de0fc7d16,246530,batch_log_or_checkpoint,只读冻结；未执行
A_route/problem3/02_batch_run/logs/checkpoints/P3_MEAN_ROLLOUT_0612/2025-02-28.json.gz,1b50792294d285e0d5d154e279befbd24d70cc009cb43c7495993eef5279171e,232306,batch_log_or_checkpoint,只读冻结；未执行
A_route/problem3/02_batch_run/logs/checkpoints/P3_MEAN_ROLLOUT_0612/2025-03-01.json.gz,4f194d551709a5b788a79ab95986810db32a02a09c0b213910fe3be6fe62e521,231781,batch_log_or_checkpoint,只读冻结；未执行
A_route/problem3/02_batch_run/logs/checkpoints/P3_MEAN_ROLLOUT_0612/2025-03-02.json.gz,394ff803db488700918476b59d976f875ebd864b5d70c3395b68a46da42174bc,243059,batch_log_or_checkpoint,只读冻结；未执行
A_route/problem3/02_batch_run/logs/checkpoints/P3_MEAN_ROLLOUT_0612/2025-03-03.json.gz,a1c91b0a216eaea149e6903e7a4b90e9cff6132c7407dba0ce8666268905b302,247316,batch_log_or_checkpoint,只读冻结；未执行
A_route/problem3/02_batch_run/logs/checkpoints/P3_MEAN_ROLLOUT_0612/2025-03-04.json.gz,81843a1921f438bc4fd13a9de2cf94ac9a33af81eebcd34aa760a4e2832624f9,245914,batch_log_or_checkpoint,只读冻结；未执行
A_route/problem3/02_batch_run/logs/checkpoints/P3_MEAN_ROLLOUT_0612/2025-03-05.json.gz,c4e89341ffe0626a6aa82d8d671c13e7ca9fabf314f426c401db516b72c6b0d6,240803,batch_log_or_checkpoint,只读冻结；未执行
A_route/problem3/02_batch_run/logs/checkpoints/P3_MEAN_ROLLOUT_0612/2025-03-06.json.gz,09f87983b3a2b025ab0f3c5a27da4f053887f8dec2f0b902a509586124b6fad0,241882,batch_log_or_checkpoint,只读冻结；未执行
A_route/problem3/02_batch_run/logs/checkpoints/P3_MEAN_ROLLOUT_0612/2025-03-07.json.gz,ce8dd9470ba6ec80e68b36d5183dee8626782b0a9dc8a5eb7c2e803928acad84,231446,batch_log_or_checkpoint,只读冻结；未执行
A_route/problem3/02_batch_run/logs/checkpoints/P3_MEAN_ROLLOUT_0612/2025-03-08.json.gz,0ad51f94b8085427dd0a6992ac335a020b5d27669851566d23b2cf7fbf03ca0b,235647,batch_log_or_checkpoint,只读冻结；未执行
A_route/problem3/02_batch_run/logs/checkpoints/P3_MEAN_ROLLOUT_0612/2025-03-09.json.gz,70660ee595cc082b3a55b7640137b9209de3070b21228127f3087c048442e770,248959,batch_log_or_checkpoint,只读冻结；未执行
A_route/problem3/02_batch_run/logs/checkpoints/P3_MEAN_ROLLOUT_0612/2025-03-10.json.gz,9022240fd9ab16403589c60510adf04c3058698913a70868167fdcc51019ee48,254725,batch_log_or_checkpoint,只读冻结；未执行
A_route/problem3/02_batch_run/logs/checkpoints/P3_MEAN_ROLLOUT_0612/2025-03-11.json.gz,b110fd0717ddb51a46cd4932830d7eecc0a8b255954411dce388f61da6818989,258449,batch_log_or_checkpoint,只读冻结；未执行
A_route/problem3/02_batch_run/logs/checkpoints/P3_MEAN_ROLLOUT_0612/2025-03-12.json.gz,eca0053ea748915a84e24286337ba6d9703428e928c8dad130ae583b4de8fe2f,247464,batch_log_or_checkpoint,只读冻结；未执行
A_route/problem3/02_batch_run/logs/checkpoints/P3_MEAN_ROLLOUT_0612/2025-03-13.json.gz,d9f32aa0ba3676aac2b25f6894d3396fc76870bd82dd18aee9a3fd821c853e09,252439,batch_log_or_checkpoint,只读冻结；未执行
A_route/problem3/02_batch_run/logs/checkpoints/P3_MEAN_ROLLOUT_0612/2025-03-14.json.gz,93c3e0d7978482cfe5967185d40d29013bf989109c0c1668d11ba33fe2ce91fc,238114,batch_log_or_checkpoint,只读冻结；未执行
A_route/problem3/02_batch_run/logs/checkpoints/P3_MEAN_ROLLOUT_0612/2025-03-15.json.gz,fd31c711652b7e18c63d4fc4ed05f2fa6fc910c7cd209e7496da938550b02342,245918,batch_log_or_checkpoint,只读冻结；未执行
A_route/problem3/02_batch_run/logs/checkpoints/P3_MEAN_ROLLOUT_0612/2025-03-16.json.gz,c89a7fd168c2e96d5595c95af14aa134bfdb57c6dab8d42cf4de70fe3eda8c71,253024,batch_log_or_checkpoint,只读冻结；未执行
A_route/problem3/02_batch_run/logs/checkpoints/P3_MEAN_ROLLOUT_0612/2025-03-17.json.gz,52b61a016cd1aa6d8b896e282362c4485a003c3c90b938b357a63ff0c6acb862,245711,batch_log_or_checkpoint,只读冻结；未执行
A_route/problem3/02_batch_run/logs/checkpoints/P3_MEAN_ROLLOUT_0612/2025-03-18.json.gz,bb73e3017b91fffbb0d8efacfdd182ee1fcac145258127d2a2f47ce762edfca5,242924,batch_log_or_checkpoint,只读冻结；未执行
A_route/problem3/02_batch_run/logs/checkpoints/P3_MEAN_ROLLOUT_0612/2025-03-19.json.gz,ced82f95e278dc192ee863e0e141afbfddf10bda7d9743c6b2659d1da4147089,256406,batch_log_or_checkpoint,只读冻结；未执行
A_route/problem3/02_batch_run/logs/checkpoints/P3_MEAN_ROLLOUT_0612/2025-03-20.json.gz,24f2047effcc26e03c835b452b3d8413c25571909709b82566fb02aaf3d2f0ac,251037,batch_log_or_checkpoint,只读冻结；未执行
A_route/problem3/02_batch_run/logs/checkpoints/P3_MEAN_ROLLOUT_0612/2025-03-21.json.gz,d67cb5bbcbb433ff70af7a4b95c9f2ab171988a4dd4bfceb4ecf90be38c0cddd,233110,batch_log_or_checkpoint,只读冻结；未执行
A_route/problem3/02_batch_run/logs/checkpoints/P3_MEAN_ROLLOUT_0612/2025-03-22.json.gz,2c2246f4ff08ba3cde0e09d0bd2f91c52524c0b5804ae1466d60d53714f35ab4,232428,batch_log_or_checkpoint,只读冻结；未执行
A_route/problem3/02_batch_run/logs/checkpoints/P3_MEAN_ROLLOUT_0612/2025-03-23.json.gz,2dda2a0746b8bd294f7a90e4833e00f5baad3dc8d56c810fc79d85943646f305,244886,batch_log_or_checkpoint,只读冻结；未执行
A_route/problem3/02_batch_run/logs/checkpoints/P3_MEAN_ROLLOUT_0612/2025-03-24.json.gz,329716bac884407479da1d0e29bd5ce2885c4bd97f9137dc5d7f98b548fc406a,250737,batch_log_or_checkpoint,只读冻结；未执行
A_route/problem3/02_batch_run/logs/checkpoints/P3_MEAN_ROLLOUT_0612/2025-03-25.json.gz,e6cced7a3a30bb967eff8ad8a2d06670a9ecea923f4596aa687f4e68f31169a4,247541,batch_log_or_checkpoint,只读冻结；未执行
A_route/problem3/02_batch_run/logs/checkpoints/P3_MEAN_ROLLOUT_0612/2025-03-26.json.gz,9e500cbb5cadcbb54856ed37c6ad602eec23c9853d5147e8b2e953c59c403caa,248890,batch_log_or_checkpoint,只读冻结；未执行
A_route/problem3/02_batch_run/logs/checkpoints/P3_MEAN_ROLLOUT_0612/2025-03-27.json.gz,34dc2f3d7a512f56883134919c375f5ac760c6ba6b74d204ccef1463b162e1ea,249326,batch_log_or_checkpoint,只读冻结；未执行
A_route/problem3/02_batch_run/logs/checkpoints/P3_MEAN_ROLLOUT_0612/2025-03-28.json.gz,e320c188e9590b35fbac012341d2da3e81db7026e96ccbb70d2dfd584762e0ae,231254,batch_log_or_checkpoint,只读冻结；未执行
A_route/problem3/02_batch_run/logs/checkpoints/P3_MEAN_ROLLOUT_0612/2025-03-29.json.gz,794d137322f622bae2ed7623a744b1fe124731e306bfa4576bb4e5ae5105a003,238339,batch_log_or_checkpoint,只读冻结；未执行
A_route/problem3/02_batch_run/logs/checkpoints/P3_MEAN_ROLLOUT_0612/2025-03-30.json.gz,83d66cdc9ba5f5a4e94a5ce72ff70257501136eb26a85b53e41a4ae5242fa0d6,244453,batch_log_or_checkpoint,只读冻结；未执行
A_route/problem3/02_batch_run/logs/checkpoints/P3_MEAN_ROLLOUT_0612/2025-03-31.json.gz,56891c54593159562e7d9fcd4a62d8a8f2d5d99189072fe5eac0cbe33a709722,261060,batch_log_or_checkpoint,只读冻结；未执行
A_route/problem3/02_batch_run/logs/checkpoints/P3_MEAN_ROLLOUT_0612/2025-04-01.json.gz,c60eec8562d9a233cb44c9917cb1b22a45917a6b32dbd629203fb92f4075fbb5,250322,batch_log_or_checkpoint,只读冻结；未执行
A_route/problem3/02_batch_run/logs/checkpoints/P3_MEAN_ROLLOUT_0612/2025-04-02.json.gz,dddae20c322ab2db351dc39fc3869fec103a8b23927bf3736856e9363a171269,252113,batch_log_or_checkpoint,只读冻结；未执行
A_route/problem3/02_batch_run/logs/checkpoints/P3_MEAN_ROLLOUT_0612/2025-04-03.json.gz,a087aace74700bc1139bfbc40edc0b8dbd6c498866d0c721bb3ae485dfd98e2f,238946,batch_log_or_checkpoint,只读冻结；未执行
A_route/problem3/02_batch_run/logs/checkpoints/P3_MEAN_ROLLOUT_0612/2025-04-04.json.gz,63a225eb82f38ee9d55455491a09bd1abf519e4e849b492a6b8e6dea6c6b5670,231705,batch_log_or_checkpoint,只读冻结；未执行
A_route/problem3/02_batch_run/logs/checkpoints/P3_MEAN_ROLLOUT_0612/2025-04-05.json.gz,2faefdd00aa4c908556d649a69a0bd8267f02ff225deaed8eab4c2fd0abc00f9,233100,batch_log_or_checkpoint,只读冻结；未执行
A_route/problem3/02_batch_run/logs/checkpoints/P3_MEAN_ROLLOUT_0612/2025-04-06.json.gz,03a112b1d7f33d775ac90da16d422f365052fe8b9156ba790f1051e868b64be7,246691,batch_log_or_checkpoint,只读冻结；未执行
A_route/problem3/02_batch_run/logs/checkpoints/P3_MEAN_ROLLOUT_0612/2025-04-07.json.gz,acba906f675f3649812338fe46b847bc9d099760030c87b9cb7280a8dea7712b,252094,batch_log_or_checkpoint,只读冻结；未执行
A_route/problem3/02_batch_run/logs/checkpoints/P3_MEAN_ROLLOUT_0612/2025-04-08.json.gz,f385beac168508e9f713db7454131eec73d7e47a0558594d19a86b57d0d8ec62,241077,batch_log_or_checkpoint,只读冻结；未执行
A_route/problem3/02_batch_run/logs/checkpoints/P3_MEAN_ROLLOUT_0612/2025-04-09.json.gz,59e3164eea05395aa51682bf48ab9d773df78a621a025623c21f230c79ab6d4b,247065,batch_log_or_checkpoint,只读冻结；未执行
A_route/problem3/02_batch_run/logs/checkpoints/P3_MEAN_ROLLOUT_0612/2025-04-10.json.gz,12731f6aeb2c06f9ab4861c45c4273a64c2fd5ddef2ea7411b07872c90a4fa57,245057,batch_log_or_checkpoint,只读冻结；未执行
A_route/problem3/02_batch_run/logs/checkpoints/P3_MEAN_ROLLOUT_0612/2025-04-11.json.gz,dd4e817533741eb263e747e33bd324a0ff409d478c2c3a1806c0cfc356075a38,233285,batch_log_or_checkpoint,只读冻结；未执行
A_route/problem3/02_batch_run/logs/checkpoints/P3_MEAN_ROLLOUT_0612/2025-04-12.json.gz,07a44f041ddb0bcd1c51b0e3a1492d07a9ce63969054a92cd68b0ec84cb6b50e,229937,batch_log_or_checkpoint,只读冻结；未执行
A_route/problem3/02_batch_run/logs/checkpoints/P3_MEAN_ROLLOUT_0612/2025-04-13.json.gz,69f71533d2f615f3dfbc763266f0cf18306c253a88ab2c1b8337d382e4331f0b,242626,batch_log_or_checkpoint,只读冻结；未执行
A_route/problem3/02_batch_run/logs/checkpoints/P3_MEAN_ROLLOUT_0612/2025-04-14.json.gz,9c7072e18e5fa3a597d839f48f57ddf1a727025acdd2919b4ed4a7b0fc240bf5,238407,batch_log_or_checkpoint,只读冻结；未执行
A_route/problem3/02_batch_run/logs/checkpoints/P3_MEAN_ROLLOUT_0612/2025-04-15.json.gz,02cc9286a291d1ca4bf125cb43899e2df6a8e9016e21f4275169922898920c67,250928,batch_log_or_checkpoint,只读冻结；未执行
A_route/problem3/02_batch_run/logs/checkpoints/P3_MEAN_ROLLOUT_0612/2025-04-16.json.gz,16641ab8a06334d25628975040e50872e2c78dd84f1338d3b7f674e11cc8ee87,251014,batch_log_or_checkpoint,只读冻结；未执行
A_route/problem3/02_batch_run/logs/checkpoints/P3_MEAN_ROLLOUT_0612/2025-04-17.json.gz,831d2fbf55b06cdfc7bb58f087c58e0660cbf224cbda9afbc14a7fcb9d7020ed,249945,batch_log_or_checkpoint,只读冻结；未执行
A_route/problem3/02_batch_run/logs/checkpoints/P3_MEAN_ROLLOUT_0612/2025-04-18.json.gz,ed087745504f2274a317cc0a4c7b0a2ec040524258b96b5f89d85479fb776efe,229398,batch_log_or_checkpoint,只读冻结；未执行
A_route/problem3/02_batch_run/logs/checkpoints/P3_MEAN_ROLLOUT_0612/2025-04-19.json.gz,918b6dd6c076ec03087683740e61aed69439891ec35c00ee679cdbefb4a1d9c0,233392,batch_log_or_checkpoint,只读冻结；未执行
A_route/problem3/02_batch_run/logs/checkpoints/P3_MEAN_ROLLOUT_0612/2025-04-20.json.gz,37195200269aded66454229e4603a086e41477642080ef133e26ac1f8ec78a13,247016,batch_log_or_checkpoint,只读冻结；未执行
A_route/problem3/02_batch_run/logs/checkpoints/P3_MEAN_ROLLOUT_0612/2025-04-21.json.gz,b167fe78387a996d5d0717e0a56a60c2331662eb57f2a60f4441e9700a7f1a8e,236025,batch_log_or_checkpoint,只读冻结；未执行
A_route/problem3/02_batch_run/logs/checkpoints/P3_MEAN_ROLLOUT_0612/2025-04-22.json.gz,fd24a8aefd8a2e0fd69d41b66e832ec83825ba6c1016993ddbf609cf40dbfa0c,255804,batch_log_or_checkpoint,只读冻结；未执行
A_route/problem3/02_batch_run/logs/checkpoints/P3_MEAN_ROLLOUT_0612/2025-04-23.json.gz,9b1b92c465ebe1dbf0d5700aba22ba189ce15ee4cece28b343384aea7ec382de,254676,batch_log_or_checkpoint,只读冻结；未执行
A_route/problem3/02_batch_run/logs/checkpoints/P3_MEAN_ROLLOUT_0612/2025-04-24.json.gz,7c0dd84d5f76baf83d909d74bf5463d51f5026c65194420eda2c1e5f26fa461f,240580,batch_log_or_checkpoint,只读冻结；未执行
A_route/problem3/02_batch_run/logs/checkpoints/P3_MEAN_ROLLOUT_0612/2025-04-25.json.gz,35479c1b49692b55ccae8bb531be605801e5ecb4ac7fb660887dd2488adba4fa,225159,batch_log_or_checkpoint,只读冻结；未执行
A_route/problem3/02_batch_run/logs/checkpoints/P3_MEAN_ROLLOUT_0612/2025-04-26.json.gz,2ffdbb43b75116dce6cae68de4204a8f74677d5ca11c78c3a2c21fd38dd6e5a9,230529,batch_log_or_checkpoint,只读冻结；未执行
A_route/problem3/02_batch_run/logs/checkpoints/P3_MEAN_ROLLOUT_0612/2025-04-27.json.gz,ef448ef4f5cedc07982f9817d0eec5f9ff057723c4076571b00f7daf053cb4c9,247925,batch_log_or_checkpoint,只读冻结；未执行
A_route/problem3/02_batch_run/logs/checkpoints/P3_MEAN_ROLLOUT_0612/2025-04-28.json.gz,1326dbe65cb85f51cc4a44991981e7dc7d17eeb138be2a402e8cbb7e8eee960d,244036,batch_log_or_checkpoint,只读冻结；未执行
A_route/problem3/02_batch_run/logs/checkpoints/P3_MEAN_ROLLOUT_0612/2025-04-29.json.gz,9a200978de0701c8f15ad51ecfd96a008fe666f397d6010d927a9e69f10e1076,244150,batch_log_or_checkpoint,只读冻结；未执行
A_route/problem3/02_batch_run/logs/checkpoints/P3_MEAN_ROLLOUT_0612/2025-04-30.json.gz,ebc58bf39a0cbfa3641e13eb5cf6a3c4113b84fbd8ce883d90a14d406999b6aa,239718,batch_log_or_checkpoint,只读冻结；未执行
A_route/problem3/02_batch_run/logs/checkpoints/P3_MEAN_ROLLOUT_0612/2025-05-01.json.gz,8cc3d80c248756cdaffea0d92e9d6e02beeff4adee4d4bbafcd67563b5707290,241460,batch_log_or_checkpoint,只读冻结；未执行
A_route/problem3/02_batch_run/logs/checkpoints/P3_MEAN_ROLLOUT_0612/2025-05-02.json.gz,634bb1893f51ec77767d55f2bc63b16c3845938874ffac98fed4492c0381dedd,227587,batch_log_or_checkpoint,只读冻结；未执行
A_route/problem3/02_batch_run/logs/checkpoints/P3_MEAN_ROLLOUT_0612/2025-05-03.json.gz,b5c8d4ea790add23dd995d142d6345d4406cb98c22bc57243891235a43a769a1,230484,batch_log_or_checkpoint,只读冻结；未执行
A_route/problem3/02_batch_run/logs/checkpoints/P3_MEAN_ROLLOUT_0612/2025-05-04.json.gz,f43930f240f557677b97d98c7aabaedec38573583bddf4dfde474f7d0362bfd1,239408,batch_log_or_checkpoint,只读冻结；未执行
A_route/problem3/02_batch_run/logs/checkpoints/P3_MEAN_ROLLOUT_0612/2025-05-05.json.gz,1ad5ba38d860a90c93121103c0f53782e38f32acf7969b772eeae803875974b3,240745,batch_log_or_checkpoint,只读冻结；未执行
A_route/problem3/02_batch_run/logs/checkpoints/P3_MEAN_ROLLOUT_0612/2025-05-06.json.gz,83ec7bc2012376ae40df158fdfef28088ea656ece7c44a2c28d775ceb024242c,253657,batch_log_or_checkpoint,只读冻结；未执行
A_route/problem3/02_batch_run/logs/checkpoints/P3_MEAN_ROLLOUT_0612/2025-05-07.json.gz,8c2dcab326ab49c8a8673429a8ba1dee433713d3275124a084c1763504b7b989,252068,batch_log_or_checkpoint,只读冻结；未执行
A_route/problem3/02_batch_run/logs/checkpoints/P3_MEAN_ROLLOUT_0612/2025-05-08.json.gz,a23a6998a5d0a8100d506cf0bce43fe640137b9a9b5e6cf1818c20625f5a58f7,247093,batch_log_or_checkpoint,只读冻结；未执行
A_route/problem3/02_batch_run/logs/checkpoints/P3_MEAN_ROLLOUT_0612/2025-05-09.json.gz,029c7743e54da44684238b2bf546b462bac84081b6d49d5f17770bbeee1b3e8d,235003,batch_log_or_checkpoint,只读冻结；未执行
A_route/problem3/02_batch_run/logs/checkpoints/P3_MEAN_ROLLOUT_0612/2025-05-10.json.gz,34ebb1276dc0423cf0c8d68c3f2eef93d3fb6cb36bba8f207c69d167b54eff8c,235165,batch_log_or_checkpoint,只读冻结；未执行
A_route/problem3/02_batch_run/logs/checkpoints/P3_MEAN_ROLLOUT_0612/2025-05-11.json.gz,5a1183e16d1bd34fcab0954f963a8a430bb20674556a66a5002177095cfac295,246894,batch_log_or_checkpoint,只读冻结；未执行
A_route/problem3/02_batch_run/logs/checkpoints/P3_MEAN_ROLLOUT_0612/2025-05-12.json.gz,818f5285cef7f22766a174577145925586b092d28acdaed30da2f38caa75fbcc,254684,batch_log_or_checkpoint,只读冻结；未执行
A_route/problem3/02_batch_run/logs/checkpoints/P3_MEAN_ROLLOUT_0612/2025-05-13.json.gz,5117411b7a30ff800761ac7bf9c6bf95148dc1299bd73f951c948e86052566ec,246573,batch_log_or_checkpoint,只读冻结；未执行
A_route/problem3/02_batch_run/logs/checkpoints/P3_MEAN_ROLLOUT_0612/2025-05-14.json.gz,1452d8612e4a19744145990ac241a6224021e6a2eb3a01ff0b0b6d6c4c5586fe,242385,batch_log_or_checkpoint,只读冻结；未执行
A_route/problem3/02_batch_run/logs/checkpoints/P3_MEAN_ROLLOUT_0612/2025-05-15.json.gz,6869c32a24491cb875386f13e969386528797d0cea30e290eae965d454629009,247432,batch_log_or_checkpoint,只读冻结；未执行
A_route/problem3/02_batch_run/logs/checkpoints/P3_MEAN_ROLLOUT_0612/2025-05-16.json.gz,9fb411384d595cca0936335b128b0daf5f69d18256b3b7ff49e3a4e8bb53a465,228273,batch_log_or_checkpoint,只读冻结；未执行
A_route/problem3/02_batch_run/logs/checkpoints/P3_MEAN_ROLLOUT_0612/2025-05-17.json.gz,60e0d12ba839ce80fe30c4cf12318ae698cf7ee9ea66ec1608c5c8cc3a1de52e,230521,batch_log_or_checkpoint,只读冻结；未执行
A_route/problem3/02_batch_run/logs/checkpoints/P3_MEAN_ROLLOUT_0612/2025-05-18.json.gz,3bd2722d0a09baa9b312e046f6cbcb73070ff9b8241eade6eb2e7cfda1ec589c,243078,batch_log_or_checkpoint,只读冻结；未执行
A_route/problem3/02_batch_run/logs/checkpoints/P3_MEAN_ROLLOUT_0612/2025-05-19.json.gz,5697551e5f378a1010e210b13eea1811211c11d01761edacccf8087660528433,242513,batch_log_or_checkpoint,只读冻结；未执行
A_route/problem3/02_batch_run/logs/checkpoints/P3_MEAN_ROLLOUT_0612/2025-05-20.json.gz,117f10f8919e10de052e33c200449db862af24935ea19dde2850b3a37151a9ee,246768,batch_log_or_checkpoint,只读冻结；未执行
A_route/problem3/02_batch_run/logs/checkpoints/P3_MEAN_ROLLOUT_0612/2025-05-21.json.gz,33217b56f8168f9132445b0fffc96eb805aa8f5f81b72d76dba64e3019a66c27,253556,batch_log_or_checkpoint,只读冻结；未执行
A_route/problem3/02_batch_run/logs/checkpoints/P3_MEAN_ROLLOUT_0612/2025-05-22.json.gz,3ff4c618de7ead53af531a77a68b235b2ec8b7a82755648d50dae5142a1c183b,239262,batch_log_or_checkpoint,只读冻结；未执行
A_route/problem3/02_batch_run/logs/checkpoints/P3_MEAN_ROLLOUT_0612/2025-05-23.json.gz,ca4eca98045126ad6caf9e11c96973f1684344dab3a31c5cac46bad8f189eb16,235667,batch_log_or_checkpoint,只读冻结；未执行
A_route/problem3/02_batch_run/logs/checkpoints/P3_MEAN_ROLLOUT_0612/2025-05-24.json.gz,b9af76620cc4d00595ea2a5e7d83ab9e64dce04279dbccb7e0ba9cb8a67d0246,228805,batch_log_or_checkpoint,只读冻结；未执行
A_route/problem3/02_batch_run/logs/checkpoints/P3_MEAN_ROLLOUT_0612/2025-05-25.json.gz,1a22312514d9592d69a299eabcd7a73aaac7876f56e7ac7e3024554cbe6957e7,243029,batch_log_or_checkpoint,只读冻结；未执行
A_route/problem3/02_batch_run/logs/checkpoints/P3_MEAN_ROLLOUT_0612/2025-05-26.json.gz,b5d0878cb67c61f6acf3ea1d301910f051a8e180a04a6a35fa7cdfdd78dee61f,253672,batch_log_or_checkpoint,只读冻结；未执行
A_route/problem3/02_batch_run/logs/checkpoints/P3_MEAN_ROLLOUT_0612/2025-05-27.json.gz,be9a169473b32481d5b76f90b8355864188e12b4bd3237c66abac254e6ed4cc9,252937,batch_log_or_checkpoint,只读冻结；未执行
A_route/problem3/02_batch_run/logs/checkpoints/P3_MEAN_ROLLOUT_0612/2025-05-28.json.gz,faec39e32a9297283c388d327f1d84aab9c264bd0058d257bccc578ad079e363,245321,batch_log_or_checkpoint,只读冻结；未执行
A_route/problem3/02_batch_run/logs/checkpoints/P3_MEAN_ROLLOUT_0612/2025-05-29.json.gz,6b7edab8a2d09851c7a0691d35896a491427ea81863cbf2afeae9fdbdaf8b135,251364,batch_log_or_checkpoint,只读冻结；未执行
A_route/problem3/02_batch_run/logs/checkpoints/P3_MEAN_ROLLOUT_0612/2025-05-30.json.gz,75bf5b8465e707580fe423c337d815a5db96f26bc2e24dec21d089599b8dd314,232180,batch_log_or_checkpoint,只读冻结；未执行
A_route/problem3/02_batch_run/logs/checkpoints/P3_MEAN_ROLLOUT_0612/2025-05-31.json.gz,a8475a804b03f076e64af3a1e491c42c2642ff8c6ea9d21a8b2ce1b6d5258514,230406,batch_log_or_checkpoint,只读冻结；未执行
A_route/problem3/02_batch_run/logs/checkpoints/P3_MEAN_ROLLOUT_0612/2025-06-01.json.gz,fd053aa8351a038c77c4cb219376b64ea4e2f00ac8c146efaa5a8e7f9ddaf373,248458,batch_log_or_checkpoint,只读冻结；未执行
A_route/problem3/02_batch_run/logs/checkpoints/P3_MEAN_ROLLOUT_0612/2025-06-02.json.gz,b5f7622c08b2fc457a7785106f7fdba3d944fe3af2bf572f57ac673a20a19a7f,245688,batch_log_or_checkpoint,只读冻结；未执行
A_route/problem3/02_batch_run/logs/checkpoints/P3_MEAN_ROLLOUT_0612/2025-06-03.json.gz,42fabb53e9dc177ff20e03ad403070eb23c3bd099e2a5ccc5b7cbe6a4752a9f2,254614,batch_log_or_checkpoint,只读冻结；未执行
A_route/problem3/02_batch_run/logs/checkpoints/P3_MEAN_ROLLOUT_0612/2025-06-04.json.gz,e80ccf61ae0e9c9ed1a6a2830f259ceb15c28feafcea412a51d2ea77aa2a8ea3,254871,batch_log_or_checkpoint,只读冻结；未执行
A_route/problem3/02_batch_run/logs/checkpoints/P3_MEAN_ROLLOUT_0612/2025-06-05.json.gz,4c134155981cdbf3260e0157f3a2dbd9cc815d7b737ba525a15eb638fb219b30,266408,batch_log_or_checkpoint,只读冻结；未执行
A_route/problem3/02_batch_run/logs/checkpoints/P3_MEAN_ROLLOUT_0612/2025-06-06.json.gz,ec327d05fbe316ae5998d05ff9ca6c2de92b4fc0e08b19ec5cf9963963a6dd62,242652,batch_log_or_checkpoint,只读冻结；未执行
A_route/problem3/02_batch_run/logs/checkpoints/P3_MEAN_ROLLOUT_0612/2025-06-07.json.gz,ba893e693e6753a744b9f04dd7a9b9fcdd2ca5c78fdfca5ad70962ff4e0198fc,243291,batch_log_or_checkpoint,只读冻结；未执行
A_route/problem3/02_batch_run/logs/checkpoints/P3_MEAN_ROLLOUT_0612/2025-06-08.json.gz,407ecb2fd1546e183248107f950bcf062a4622a3ab1a092ea9c3e5ec14441a14,245978,batch_log_or_checkpoint,只读冻结；未执行
A_route/problem3/02_batch_run/logs/checkpoints/P3_MEAN_ROLLOUT_0612/2025-06-09.json.gz,c8918d6d800ba7741fb991ecb67ec63b88752b2ed52dba4141905e9d934c1e7e,242314,batch_log_or_checkpoint,只读冻结；未执行
A_route/problem3/02_batch_run/logs/checkpoints/P3_MEAN_ROLLOUT_0612/2025-06-10.json.gz,2f9cf5297d2f125f1ac89e0a05f2f8a2e0107ca3b35238d42b0a2ea380b6790c,247057,batch_log_or_checkpoint,只读冻结；未执行
A_route/problem3/02_batch_run/logs/checkpoints/P3_MEAN_ROLLOUT_0612/2025-06-11.json.gz,f62717344c375293828388d87e0c5e1b233ade5a1dbd9aec3427d797792e904d,246692,batch_log_or_checkpoint,只读冻结；未执行
A_route/problem3/02_batch_run/logs/checkpoints/P3_MEAN_ROLLOUT_0612/2025-06-12.json.gz,9c18c0ee583ba1eb4dd7ef8ab22a23483cc5e80003f93b7eb81828d1ec83788d,244932,batch_log_or_checkpoint,只读冻结；未执行
A_route/problem3/02_batch_run/logs/checkpoints/P3_MEAN_ROLLOUT_0612/2025-06-13.json.gz,e1b6dbccfbcf6e8a0382d1ba0cbdc1e9dd77e15d72a74f4056bdd94b88bf8945,234767,batch_log_or_checkpoint,只读冻结；未执行
A_route/problem3/02_batch_run/logs/checkpoints/P3_MEAN_ROLLOUT_0612/2025-06-14.json.gz,4dd47c413af9825746494f78efb1e7094af5ffe1458af8f8dea3604e1815e024,233181,batch_log_or_checkpoint,只读冻结；未执行
A_route/problem3/02_batch_run/logs/checkpoints/P3_MEAN_ROLLOUT_0612/2025-06-15.json.gz,bd56a103332574d62acc7757486c8a9721553f88a6efa69a84db16a2feb63585,254212,batch_log_or_checkpoint,只读冻结；未执行
A_route/problem3/02_batch_run/logs/checkpoints/P3_MEAN_ROLLOUT_0612/2025-06-16.json.gz,895e6b9399b0337414a74780eee2a672a9897a684739f7e8e110d679950e1f98,248831,batch_log_or_checkpoint,只读冻结；未执行
A_route/problem3/02_batch_run/logs/checkpoints/P3_MEAN_ROLLOUT_0612/2025-06-17.json.gz,c68e72761abc95b5de2d2c503a49a17b0e1c332cb128b0689dafe65b571ef3e2,250778,batch_log_or_checkpoint,只读冻结；未执行
A_route/problem3/02_batch_run/logs/checkpoints/P3_MEAN_ROLLOUT_0612/2025-06-18.json.gz,2950a6a3f1840610448a4bad99a1f6198727ed3cf5f8f2a8b88b72120487eb9d,249510,batch_log_or_checkpoint,只读冻结；未执行
A_route/problem3/02_batch_run/logs/checkpoints/P3_MEAN_ROLLOUT_0612/2025-06-19.json.gz,52d1517dee9b34d807bd5ca1feeb12ee6d257d256cc44df1618499fa9d216a38,253295,batch_log_or_checkpoint,只读冻结；未执行
A_route/problem3/02_batch_run/logs/checkpoints/P3_MEAN_ROLLOUT_0612/2025-06-20.json.gz,1cb4c02710bd139228b60f40fc35c809a69722a6db22d51f4589937a169c01ae,234183,batch_log_or_checkpoint,只读冻结；未执行
A_route/problem3/02_batch_run/logs/checkpoints/P3_MEAN_ROLLOUT_0612/2025-06-21.json.gz,f04e7d827e92aa482080063767dcaeb32e0d0f61e149a52e65b7c3ed9d58a7d9,231638,batch_log_or_checkpoint,只读冻结；未执行
A_route/problem3/02_batch_run/logs/checkpoints/P3_MEAN_ROLLOUT_0612/2025-06-22.json.gz,a365eaee9966e023c8c6e99d07ee637d6a525f574b3736c86cdde7852156e777,254733,batch_log_or_checkpoint,只读冻结；未执行
A_route/problem3/02_batch_run/logs/checkpoints/P3_MEAN_ROLLOUT_0612/2025-06-23.json.gz,18f6894d7bb619298506f39404b8e11bfb85224889fafdca5a8083fa8a041da9,245501,batch_log_or_checkpoint,只读冻结；未执行
A_route/problem3/02_batch_run/logs/checkpoints/P3_MEAN_ROLLOUT_0612/2025-06-24.json.gz,a9421e79da0f78d2ca40291d7e9a4a398308ddde87bfe7b6ee3f2b95f0f57689,244691,batch_log_or_checkpoint,只读冻结；未执行
A_route/problem3/02_batch_run/logs/checkpoints/P3_MEAN_ROLLOUT_0612/2025-06-25.json.gz,cda1662c0e55004da0fb72484faf666063bae05d64c99333c91d1aec8e15b943,254068,batch_log_or_checkpoint,只读冻结；未执行
A_route/problem3/02_batch_run/logs/checkpoints/P3_MEAN_ROLLOUT_0612/2025-06-26.json.gz,9f850ef1b76b0ddac96ad79115558bc0e45287d7011b6b0cbbb306b761e0012d,251270,batch_log_or_checkpoint,只读冻结；未执行
A_route/problem3/02_batch_run/logs/checkpoints/P3_MEAN_ROLLOUT_0612/2025-06-27.json.gz,81f464f7dc0249ece3965190983d746bbb18efeba43ffebeb8888c4e929b86d8,231377,batch_log_or_checkpoint,只读冻结；未执行
A_route/problem3/02_batch_run/logs/checkpoints/P3_MEAN_ROLLOUT_0612/2025-06-28.json.gz,fce48fdfece798993eb6c84529605d04d6faa425c6a04df3a2a9e4a2620b4cd6,232429,batch_log_or_checkpoint,只读冻结；未执行
A_route/problem3/02_batch_run/logs/checkpoints/P3_MEAN_ROLLOUT_0612/2025-06-29.json.gz,e556063b6dc7bdc3ad6a14927152b3bd2021ea8ec8334eeecc88e45c55f7a4ba,256749,batch_log_or_checkpoint,只读冻结；未执行
A_route/problem3/02_batch_run/logs/checkpoints/P3_MEAN_ROLLOUT_0612/2025-06-30.json.gz,18b12e98fbba260660e35a8caaea2d57015f2dd1d271b1f7b33a6b7de84f76b0,245291,batch_log_or_checkpoint,只读冻结；未执行
A_route/problem3/02_batch_run/logs/checkpoints/P3_MEAN_ROLLOUT_0612/2025-07-01.json.gz,18c16ccb3d28c323463a149bb8bf107bbd0edeebe08f4db0e434033102ce9558,271192,batch_log_or_checkpoint,只读冻结；未执行
A_route/problem3/02_batch_run/logs/checkpoints/P3_MEAN_ROLLOUT_0612/2025-07-02.json.gz,9000d0817deef45a5390ff988b8d0794ecf46e2df4ff497e85cabf9adb69c179,263981,batch_log_or_checkpoint,只读冻结；未执行
A_route/problem3/02_batch_run/logs/checkpoints/P3_MEAN_ROLLOUT_0612/2025-07-03.json.gz,c563600fa786fa480acd764ba48996f5296c2060dd64a21b736a08253962d081,265837,batch_log_or_checkpoint,只读冻结；未执行
A_route/problem3/02_batch_run/logs/checkpoints/P3_MEAN_ROLLOUT_0612/2025-07-04.json.gz,f5eaad310bdb29f6966547629d0868cc5e2737bb534e6732cc75a1140e2ef0ef,249535,batch_log_or_checkpoint,只读冻结；未执行
A_route/problem3/02_batch_run/logs/checkpoints/P3_MEAN_ROLLOUT_0612/2025-07-05.json.gz,61fc5da255a40c2a50f9cc5c1f87ccfc8fa5b4e9f88af2bddc46c7e57bd0194a,251830,batch_log_or_checkpoint,只读冻结；未执行
A_route/problem3/02_batch_run/logs/checkpoints/P3_MEAN_ROLLOUT_0612/2025-07-06.json.gz,492b6087f1cd5c6659afcd3593195c75815bd56ee0f00854592dd813537b0682,275657,batch_log_or_checkpoint,只读冻结；未执行
A_route/problem3/02_batch_run/logs/checkpoints/P3_MEAN_ROLLOUT_0612/2025-07-07.json.gz,e8d871fe34370278b909d18c09641b79963d34b1b6dc335193864b799ee2acfc,264705,batch_log_or_checkpoint,只读冻结；未执行
A_route/problem3/02_batch_run/logs/checkpoints/P3_MEAN_ROLLOUT_0612/2025-07-08.json.gz,ecc651fd527da02e84cb1828e65e08bcd1731c72a99cfe0343b38e4ee3d6b2ec,242832,batch_log_or_checkpoint,只读冻结；未执行
A_route/problem3/02_batch_run/logs/checkpoints/P3_MEAN_ROLLOUT_0612/2025-07-09.json.gz,649fd87ce7b33342cbfb05fe5503984682090328208a4a842758167e5f29c502,242906,batch_log_or_checkpoint,只读冻结；未执行
A_route/problem3/02_batch_run/logs/checkpoints/P3_MEAN_ROLLOUT_0612/2025-07-10.json.gz,f2d5d01b58982654bb0d58ad16373760ee1c87938d777225ffd07feb798d620e,241760,batch_log_or_checkpoint,只读冻结；未执行
A_route/problem3/02_batch_run/logs/checkpoints/P3_MEAN_ROLLOUT_0612/2025-07-11.json.gz,77da7a4c488e941f4df64d44e1db5e62def8d0bffc2f712e351a2d8ae92360fd,230680,batch_log_or_checkpoint,只读冻结；未执行
A_route/problem3/02_batch_run/logs/checkpoints/P3_MEAN_ROLLOUT_0612/2025-07-12.json.gz,5375ec4b5b302c62a91cb62727257dc803648e957d2ac9a7f53c5e80084017db,233675,batch_log_or_checkpoint,只读冻结；未执行
A_route/problem3/02_batch_run/logs/checkpoints/P3_MEAN_ROLLOUT_0612/2025-07-13.json.gz,ac7461b2b0a9260b3767c819bd80682e5b160f4df32d40a5a64281b544843417,241885,batch_log_or_checkpoint,只读冻结；未执行
A_route/problem3/02_batch_run/logs/checkpoints/P3_MEAN_ROLLOUT_0612/2025-07-14.json.gz,93276eb9e3e30b23b70260edb78e0934f71a08f09d70f353c1c62161094b291a,242744,batch_log_or_checkpoint,只读冻结；未执行
A_route/problem3/02_batch_run/logs/checkpoints/P3_MEAN_ROLLOUT_0612/2025-07-15.json.gz,a6e5628729a08cdc6b877e1c424859e758035f6e23d86aa269df6fb272023a99,242916,batch_log_or_checkpoint,只读冻结；未执行
A_route/problem3/02_batch_run/logs/checkpoints/P3_MEAN_ROLLOUT_0612/2025-07-16.json.gz,31367720c4ec5352778a28387dee4ec3cd3651a1d31ad7cd5e6a8da447681955,243279,batch_log_or_checkpoint,只读冻结；未执行
A_route/problem3/02_batch_run/logs/checkpoints/P3_MEAN_ROLLOUT_0612/2025-07-17.json.gz,b355f0037f97694a5b29bae23f518760e3119e2e7c264a8f81aec01165e10a71,243786,batch_log_or_checkpoint,只读冻结；未执行
A_route/problem3/02_batch_run/logs/checkpoints/P3_MEAN_ROLLOUT_0612/2025-07-18.json.gz,ce81ca5c7f934987e130aa003343b5bf155c314eb309c8e7ee7a8c0dcb2f493f,230738,batch_log_or_checkpoint,只读冻结；未执行
A_route/problem3/02_batch_run/logs/checkpoints/P3_MEAN_ROLLOUT_0612/2025-07-19.json.gz,c7904653e61f2cccd40f058ae56d24b879825d3f9ba77eb0e440055a2de2263a,231448,batch_log_or_checkpoint,只读冻结；未执行
A_route/problem3/02_batch_run/logs/checkpoints/P3_MEAN_ROLLOUT_0612/2025-07-20.json.gz,d96aab286100c100dfff044f988538ed7f3831d4a21b321271b4641c4019d21b,242605,batch_log_or_checkpoint,只读冻结；未执行
A_route/problem3/02_batch_run/logs/checkpoints/P3_MEAN_ROLLOUT_0612/2025-07-21.json.gz,26d0079b43ccd232ccb15d9a980a86f810b2cccad0b751f5eb3591518b9cfedd,246362,batch_log_or_checkpoint,只读冻结；未执行
A_route/problem3/02_batch_run/logs/checkpoints/P3_MEAN_ROLLOUT_0612/2025-07-22.json.gz,64631dc28576722c0ec49f893db40220c81307cffde48aaed83db24208d92588,255652,batch_log_or_checkpoint,只读冻结；未执行
A_route/problem3/02_batch_run/logs/checkpoints/P3_MEAN_ROLLOUT_0612/2025-07-23.json.gz,22ba666a02acbbc16d571c6bad8e36bea0e1133ab0b9e5a428fbc341ad31a40b,243661,batch_log_or_checkpoint,只读冻结；未执行
A_route/problem3/02_batch_run/logs/checkpoints/P3_MEAN_ROLLOUT_0612/2025-07-24.json.gz,6c14b36f890bb76cb02b17aa00486dd01a1dd5acda1fd481f3093139892bec04,240848,batch_log_or_checkpoint,只读冻结；未执行
A_route/problem3/02_batch_run/logs/checkpoints/P3_MEAN_ROLLOUT_0612/2025-07-25.json.gz,810e7b7275aa57915e24f36afb2c8d4d79427b506f788905777421227cc66c81,230209,batch_log_or_checkpoint,只读冻结；未执行
A_route/problem3/02_batch_run/logs/checkpoints/P3_MEAN_ROLLOUT_0612/2025-07-26.json.gz,86210bf2c2a158396b1031d91499d7986cff142977598ff6862f4f9e512f4e63,233162,batch_log_or_checkpoint,只读冻结；未执行
A_route/problem3/02_batch_run/logs/checkpoints/P3_MEAN_ROLLOUT_0612/2025-07-27.json.gz,1254eedfd4e07440206288f3c6f720fcd1b83c74a992ed433a7701e5f58d811c,246548,batch_log_or_checkpoint,只读冻结；未执行
A_route/problem3/02_batch_run/logs/checkpoints/P3_MEAN_ROLLOUT_0612/2025-07-28.json.gz,7b20384c376d5abdcc7085aaac6c64adb0073e8dce76156c368a275775b18bcd,243526,batch_log_or_checkpoint,只读冻结；未执行
A_route/problem3/02_batch_run/logs/checkpoints/P3_MEAN_ROLLOUT_0612/2025-07-29.json.gz,cb0c7e9312ac3bc1fd14778cc279027606b7e4083075af7a8cef8de7d944d5a9,245462,batch_log_or_checkpoint,只读冻结；未执行
A_route/problem3/02_batch_run/logs/checkpoints/P3_MEAN_ROLLOUT_0612/2025-07-30.json.gz,9bcd9776b661ee084f79abf3a4244445845b2d8901df3eea79a83d9ba22eaaf0,257855,batch_log_or_checkpoint,只读冻结；未执行
A_route/problem3/02_batch_run/logs/checkpoints/P3_MEAN_ROLLOUT_0612/2025-07-31.json.gz,ccfe12bb97f3f7cfb615bd5b2f078066c3e4d84945d4b18be00dcd4047febd2f,243802,batch_log_or_checkpoint,只读冻结；未执行
A_route/problem3/02_batch_run/logs/checkpoints/P3_MEAN_ROLLOUT_0612/2025-08-01.json.gz,a8819f6d88bce5ecb761b309f92df4866ff76dad0ac7788aae7d41f84ad806d0,228606,batch_log_or_checkpoint,只读冻结；未执行
A_route/problem3/02_batch_run/logs/checkpoints/P3_MEAN_ROLLOUT_0612/2025-08-02.json.gz,2599506029cacdd9b1473af24d44e145dcb6091ef4abaa98d61bdca687cb1ec3,232140,batch_log_or_checkpoint,只读冻结；未执行
A_route/problem3/02_batch_run/logs/checkpoints/P3_MEAN_ROLLOUT_0612/2025-08-03.json.gz,fb087dba56df4dddc39e587f4a6d2ad33d9d456f3c9f5fc19cf413d2375ebec2,244036,batch_log_or_checkpoint,只读冻结；未执行
A_route/problem3/02_batch_run/logs/checkpoints/P3_MEAN_ROLLOUT_0612/2025-08-04.json.gz,e46463be4043ef45d3a6bb6fc06291b40a0153741d839d528e91246b8b5cd1ff,247066,batch_log_or_checkpoint,只读冻结；未执行
A_route/problem3/02_batch_run/logs/checkpoints/P3_MEAN_ROLLOUT_0612/2025-08-05.json.gz,bf14287ce05006b6eb324df15d331cf1697e365f0c255c2390d1f1788550dccc,250333,batch_log_or_checkpoint,只读冻结；未执行
A_route/problem3/02_batch_run/logs/checkpoints/P3_MEAN_ROLLOUT_0612/2025-08-06.json.gz,ded687c0466118c104e27f9d5b137e0dbac846b40dc2d2e5799dba3f3de8b49e,242567,batch_log_or_checkpoint,只读冻结；未执行
A_route/problem3/02_batch_run/logs/checkpoints/P3_MEAN_ROLLOUT_0612/2025-08-07.json.gz,d5b6c484797ade5f83c283553e5142458e6f377010c0717c920041b5d429b947,249738,batch_log_or_checkpoint,只读冻结；未执行
A_route/problem3/02_batch_run/logs/checkpoints/P3_MEAN_ROLLOUT_0612/2025-08-08.json.gz,f75d53351ba7edef4be00d695f2d4bf78172f507d6b78d836343e496c6f55f7c,228009,batch_log_or_checkpoint,只读冻结；未执行
A_route/problem3/02_batch_run/logs/checkpoints/P3_MEAN_ROLLOUT_0612/2025-08-09.json.gz,a6c6627f9a2fffd4873095b02f33ad1c7b1206ff81638922ae4f9bb73ac68446,229757,batch_log_or_checkpoint,只读冻结；未执行
A_route/problem3/02_batch_run/logs/checkpoints/P3_MEAN_ROLLOUT_0612/2025-08-10.json.gz,40bdec6ae30179f97ca5b5cde1418e3b8b659336c07b4f8fcdfbd7b04cb8198e,241712,batch_log_or_checkpoint,只读冻结；未执行
A_route/problem3/02_batch_run/logs/checkpoints/P3_MEAN_ROLLOUT_0612/2025-08-11.json.gz,83412f966fe54d9d9dc7036d5421785af89bcaded540a490a7d81bd694d24e28,253599,batch_log_or_checkpoint,只读冻结；未执行
A_route/problem3/02_batch_run/logs/checkpoints/P3_MEAN_ROLLOUT_0612/2025-08-12.json.gz,7117be20ea4b8cfc739c758d435062c58a3afee73524c18a09de0aaedf9cb199,252197,batch_log_or_checkpoint,只读冻结；未执行
A_route/problem3/02_batch_run/logs/checkpoints/P3_MEAN_ROLLOUT_0612/2025-08-13.json.gz,a18001d5bf2c8374c646e4af2f44c8370b36a8db59cce89c86dcecc99c214412,256049,batch_log_or_checkpoint,只读冻结；未执行
A_route/problem3/02_batch_run/logs/checkpoints/P3_MEAN_ROLLOUT_0612/2025-08-14.json.gz,8904307ac102e9690b36afb0faa8bca28dc3653b6c2e79439bcff86ce7c27e7c,250583,batch_log_or_checkpoint,只读冻结；未执行
A_route/problem3/02_batch_run/logs/checkpoints/P3_MEAN_ROLLOUT_0612/2025-08-15.json.gz,6cfb83f0db484184ad554698e7c643023c1a6d761a47a8dcec8598a92cf40136,232372,batch_log_or_checkpoint,只读冻结；未执行
A_route/problem3/02_batch_run/logs/checkpoints/P3_MEAN_ROLLOUT_0612/2025-08-16.json.gz,61b15c6eb3e0135c66ae632fa80bb1a663d15cd555ea6892f599f2b9f13f836b,233331,batch_log_or_checkpoint,只读冻结；未执行
A_route/problem3/02_batch_run/logs/checkpoints/P3_MEAN_ROLLOUT_0612/2025-08-17.json.gz,f3c0ecf2b0d6c1fe5e56357503d2dfa642a38ebf23a40a7e3cda926e80836353,244339,batch_log_or_checkpoint,只读冻结；未执行
A_route/problem3/02_batch_run/logs/checkpoints/P3_MEAN_ROLLOUT_0612/2025-08-18.json.gz,64813d5ff345523cb15c2e90892ed7d4c2a34a01b4c3a529488a4a6988105fa6,246927,batch_log_or_checkpoint,只读冻结；未执行
A_route/problem3/02_batch_run/logs/checkpoints/P3_MEAN_ROLLOUT_0612/2025-08-19.json.gz,741b2da125238730f6f7be29ba200f642e3c5057ce6702e5c0ff84f9c3ef19ea,245986,batch_log_or_checkpoint,只读冻结；未执行
A_route/problem3/02_batch_run/logs/checkpoints/P3_MEAN_ROLLOUT_0612/2025-08-20.json.gz,d3fad63706eff11688e0b172242686940085964977bf2d06e1a4173a207be68c,250984,batch_log_or_checkpoint,只读冻结；未执行
A_route/problem3/02_batch_run/logs/checkpoints/P3_MEAN_ROLLOUT_0612/2025-08-21.json.gz,fd30b09287e5e18cdcd5027f7e7de4fb0b781d0b72363d70ad778ec7988b8309,245334,batch_log_or_checkpoint,只读冻结；未执行
A_route/problem3/02_batch_run/logs/checkpoints/P3_MEAN_ROLLOUT_0612/2025-08-22.json.gz,004f6c516306945c3355869b506a97e594d6ac4aff2d20a1e1f45e4bf5aaec05,232539,batch_log_or_checkpoint,只读冻结；未执行
A_route/problem3/02_batch_run/logs/checkpoints/P3_MEAN_ROLLOUT_0612/2025-08-23.json.gz,d26a8dc2e2e6dcc09832f16422ce730791459d3283ee1cc70ec7ca689e7b867b,238073,batch_log_or_checkpoint,只读冻结；未执行
A_route/problem3/02_batch_run/logs/checkpoints/P3_MEAN_ROLLOUT_0612/2025-08-24.json.gz,7fec62436ce41e51aacef978a355a3f6a3bf326c3edc6f1ad4f979fc4cfe7bd5,249987,batch_log_or_checkpoint,只读冻结；未执行
A_route/problem3/02_batch_run/logs/checkpoints/P3_MEAN_ROLLOUT_0612/2025-08-25.json.gz,c97ea8ef50b90645c43efc3b6c7d0e66a2a0383de71c54ec61894d9d03a19c19,241147,batch_log_or_checkpoint,只读冻结；未执行
A_route/problem3/02_batch_run/logs/checkpoints/P3_MEAN_ROLLOUT_0612/2025-08-26.json.gz,a11cb7ff3016b140a3e0b48aadb7c1f29e5bd965baf9934092523ea38ac08453,246819,batch_log_or_checkpoint,只读冻结；未执行
A_route/problem3/02_batch_run/logs/checkpoints/P3_MEAN_ROLLOUT_0612/2025-08-27.json.gz,7fe221194425c72fefe8c7e62fcec680d5afa1a2a9f68c0232b2555b4888836f,259434,batch_log_or_checkpoint,只读冻结；未执行
A_route/problem3/02_batch_run/logs/checkpoints/P3_MEAN_ROLLOUT_0612/2025-08-28.json.gz,1a37e7ec9d87c4d5e0ceb056e08392cdf614a46063e33eeb2905242b05f2b402,257427,batch_log_or_checkpoint,只读冻结；未执行
A_route/problem3/02_batch_run/logs/checkpoints/P3_MEAN_ROLLOUT_0612/2025-08-29.json.gz,9ddb121ee4ae70ef1385283bdfdae299960c45de8570c1e06fe689a811277762,229236,batch_log_or_checkpoint,只读冻结；未执行
A_route/problem3/02_batch_run/logs/checkpoints/P3_MEAN_ROLLOUT_0612/2025-08-30.json.gz,c8115d762c27ff9020dd70fa64e2541e61e34ba3e756e9d9d662fc935dafeef4,232611,batch_log_or_checkpoint,只读冻结；未执行
A_route/problem3/02_batch_run/logs/checkpoints/P3_MEAN_ROLLOUT_0612/2025-08-31.json.gz,761904b9d6229eaf340b4ba865946e74190e9e53fc3e0a1b5662c512cbe8b520,246262,batch_log_or_checkpoint,只读冻结；未执行
A_route/problem3/02_batch_run/logs/checkpoints/P3_MEAN_ROLLOUT_0612/2025-09-01.json.gz,2caa0f303360b82b2d8a5518ba36a16e53d1e3de56b5ce63b69fa13e57f41247,243156,batch_log_or_checkpoint,只读冻结；未执行
A_route/problem3/02_batch_run/logs/checkpoints/P3_MEAN_ROLLOUT_0612/2025-09-02.json.gz,e439015090062956dfc95a621028abb2d111386363b90576d2a910c669683dfb,253485,batch_log_or_checkpoint,只读冻结；未执行
A_route/problem3/02_batch_run/logs/checkpoints/P3_MEAN_ROLLOUT_0612/2025-09-03.json.gz,d6fa91f87cfe931f16f4c2675541587ff0ee403649fd309626c56af86e75350c,244269,batch_log_or_checkpoint,只读冻结；未执行
A_route/problem3/02_batch_run/logs/checkpoints/P3_MEAN_ROLLOUT_0612/2025-09-04.json.gz,9a90294a054aef051b2acf37fa3b650e757aa1ac11b53c9c0f6fa64e6a33c91a,238935,batch_log_or_checkpoint,只读冻结；未执行
A_route/problem3/02_batch_run/logs/checkpoints/P3_MEAN_ROLLOUT_0612/2025-09-05.json.gz,1d77106e06220cedf4ab8c84fec5bcad9ca5047556e4d389084a23f495a6c46e,225630,batch_log_or_checkpoint,只读冻结；未执行
A_route/problem3/02_batch_run/logs/checkpoints/P3_MEAN_ROLLOUT_0612/2025-09-06.json.gz,e0c05fd4da5d08c9818cd610eaa106c0350362cd364a3250c24aa606754888fb,227260,batch_log_or_checkpoint,只读冻结；未执行
A_route/problem3/02_batch_run/logs/checkpoints/P3_MEAN_ROLLOUT_0612/2025-09-07.json.gz,f6891cd89a408e3f09f6bdd450381e2412b774ebaf0b57ff8a59f9e91d2838d9,241832,batch_log_or_checkpoint,只读冻结；未执行
A_route/problem3/02_batch_run/logs/checkpoints/P3_MEAN_ROLLOUT_0612/2025-09-08.json.gz,6d6591b9f322066f243492d614db5127dc602726ab926aca4654cef892eb615d,246074,batch_log_or_checkpoint,只读冻结；未执行
A_route/problem3/02_batch_run/logs/checkpoints/P3_MEAN_ROLLOUT_0612/2025-09-09.json.gz,55b840bfe37ec4172b7c52958b0bcfe4473e574f803a8cb722009bcc3bdd47a2,249575,batch_log_or_checkpoint,只读冻结；未执行
A_route/problem3/02_batch_run/logs/checkpoints/P3_MEAN_ROLLOUT_0612/2025-09-10.json.gz,a6738b3ebf4074e3aca47c9e3dd05669db47efa655d97cd93d4f531c14eaeb61,247988,batch_log_or_checkpoint,只读冻结；未执行
A_route/problem3/02_batch_run/logs/checkpoints/P3_MEAN_ROLLOUT_0612/2025-09-11.json.gz,b674fa7edb2fe56ddea2c26ea70f13065ec88fd28623e277dddb4c3f794b0cd5,240014,batch_log_or_checkpoint,只读冻结；未执行
A_route/problem3/02_batch_run/logs/checkpoints/P3_MEAN_ROLLOUT_0612/2025-09-12.json.gz,a250f15613182048c9db3ffb5b599b255a209d62e947f0cc548278e8b3935c42,232858,batch_log_or_checkpoint,只读冻结；未执行
A_route/problem3/02_batch_run/logs/checkpoints/P3_MEAN_ROLLOUT_0612/2025-09-13.json.gz,2c948048d529195b0340385fb2ae5d944538a28f5c7ef66f4e04ab4bbda7abdb,229111,batch_log_or_checkpoint,只读冻结；未执行
A_route/problem3/02_batch_run/logs/checkpoints/P3_MEAN_ROLLOUT_0612/2025-09-14.json.gz,264aa20e6d45ab8e7a6f42726cb65862d6f1ed4cc81667f0fee73d405c50f984,238476,batch_log_or_checkpoint,只读冻结；未执行
A_route/problem3/02_batch_run/logs/checkpoints/P3_MEAN_ROLLOUT_0612/2025-09-15.json.gz,5214aaefa9d7d18ce1e15365fae592d370b9f8eda147fe767a7c3b19cc8c1585,244224,batch_log_or_checkpoint,只读冻结；未执行
A_route/problem3/02_batch_run/logs/checkpoints/P3_MEAN_ROLLOUT_0612/2025-09-16.json.gz,91820c88dd2aa1506ba42a8c72344dc6402d7efb2718b649947a470d76f7324d,244526,batch_log_or_checkpoint,只读冻结；未执行
A_route/problem3/02_batch_run/logs/checkpoints/P3_MEAN_ROLLOUT_0612/2025-09-17.json.gz,b27a645424444afadb9c160314077dfedcc4c1f7f9a03e6d6c936cc40e62ee29,241001,batch_log_or_checkpoint,只读冻结；未执行
A_route/problem3/02_batch_run/logs/checkpoints/P3_MEAN_ROLLOUT_0612/2025-09-18.json.gz,c1ad17af55c8c016abbd1016bd8a4d5bae1374c3c6875ab063f8063063ae87df,254754,batch_log_or_checkpoint,只读冻结；未执行
A_route/problem3/02_batch_run/logs/checkpoints/P3_MEAN_ROLLOUT_0612/2025-09-19.json.gz,4098c5c3b6596b3c84cad413b69f4b7b17583bdfb0bfff886e4d2ff54a60e47e,232562,batch_log_or_checkpoint,只读冻结；未执行
A_route/problem3/02_batch_run/logs/checkpoints/P3_MEAN_ROLLOUT_0612/2025-09-20.json.gz,df428c90f9d21c0d5765b83e829a45b6209b1fdd952d217fa836364d5d11685d,233716,batch_log_or_checkpoint,只读冻结；未执行
A_route/problem3/02_batch_run/logs/checkpoints/P3_MEAN_ROLLOUT_0612/2025-09-21.json.gz,51bc006de3b1614ed222507de22a23af918656366a4f5b1c49993dee585c1420,244235,batch_log_or_checkpoint,只读冻结；未执行
A_route/problem3/02_batch_run/logs/checkpoints/P3_MEAN_ROLLOUT_0612/2025-09-22.json.gz,c48c225b6c66d1fc5073c56c102fbb162dc0b558641f91475d5a35af6a739280,241375,batch_log_or_checkpoint,只读冻结；未执行
A_route/problem3/02_batch_run/logs/checkpoints/P3_MEAN_ROLLOUT_0612/2025-09-23.json.gz,999438cd1743e44eddba5edc89b8b55aebe82ae29e83de1bc27f7ccafeda81ce,239290,batch_log_or_checkpoint,只读冻结；未执行
A_route/problem3/02_batch_run/logs/checkpoints/P3_MEAN_ROLLOUT_0612/2025-09-24.json.gz,cd5d0de55b80c8531ec42370958b9647f8adeed972b931f055d5d49c3315307f,257580,batch_log_or_checkpoint,只读冻结；未执行
A_route/problem3/02_batch_run/logs/checkpoints/P3_MEAN_ROLLOUT_0612/2025-09-25.json.gz,a6204079d5520082466238b4e58fa35d30703df3ddb2aefddb0515a822c92c8d,251208,batch_log_or_checkpoint,只读冻结；未执行
A_route/problem3/02_batch_run/logs/checkpoints/P3_MEAN_ROLLOUT_0612/2025-09-26.json.gz,8bb8f002666607c2e72545af73d24976bbb5446d39b07da26a5ac875476fd0a2,228429,batch_log_or_checkpoint,只读冻结；未执行
A_route/problem3/02_batch_run/logs/checkpoints/P3_MEAN_ROLLOUT_0612/2025-09-27.json.gz,830ee72ad47ccfa9159c5d4fea541e9a13b285002485d1373dd9c7697e990b4c,238508,batch_log_or_checkpoint,只读冻结；未执行
A_route/problem3/02_batch_run/logs/checkpoints/P3_MEAN_ROLLOUT_0612/2025-09-28.json.gz,4368c39504fa883d7de0e0b79dcdcb94f36ceb2da5d3a503b384474b089824c2,256308,batch_log_or_checkpoint,只读冻结；未执行
A_route/problem3/02_batch_run/logs/checkpoints/P3_MEAN_ROLLOUT_0612/2025-09-29.json.gz,a006fd68461519a758dd39df9a3938c45915fe7e8a1492d084b3ae91799e1693,240173,batch_log_or_checkpoint,只读冻结；未执行
A_route/problem3/02_batch_run/logs/checkpoints/P3_MEAN_ROLLOUT_0612/2025-09-30.json.gz,d5f755aa0da42bccf63de6852637e0a92ad08983863acf042873d73be3a50bc2,247692,batch_log_or_checkpoint,只读冻结；未执行
A_route/problem3/02_batch_run/logs/checkpoints/P3_MEAN_ROLLOUT_0612/2025-10-01.json.gz,7b8073980d46bea1131c364dc2bc1feccf5517b7a08788e578391a326affe574,238522,batch_log_or_checkpoint,只读冻结；未执行
A_route/problem3/02_batch_run/logs/checkpoints/P3_MEAN_ROLLOUT_0612/2025-10-02.json.gz,72d92d4af02b4f2e362fbc76baaa84c5839a966bec1d9b61e302fdfd88c5c5f3,237855,batch_log_or_checkpoint,只读冻结；未执行
A_route/problem3/02_batch_run/logs/checkpoints/P3_MEAN_ROLLOUT_0612/2025-10-03.json.gz,526f01bff5008beaf3fa00ceed4029ffacefde461d2801b68157911adda19ea2,230542,batch_log_or_checkpoint,只读冻结；未执行
A_route/problem3/02_batch_run/logs/checkpoints/P3_MEAN_ROLLOUT_0612/2025-10-04.json.gz,9684363a78b7ae983bcfd1909af01cf371053f7958510015c375d26d468bed89,229530,batch_log_or_checkpoint,只读冻结；未执行
A_route/problem3/02_batch_run/logs/checkpoints/P3_MEAN_ROLLOUT_0612/2025-10-05.json.gz,f0dfc590824e8c16cdfe7c42a42cc507f49706cdd29bd576330f8c364564a2d6,242092,batch_log_or_checkpoint,只读冻结；未执行
A_route/problem3/02_batch_run/logs/checkpoints/P3_MEAN_ROLLOUT_0612/2025-10-06.json.gz,ad5f8226d688698bd9353037ed5600618774056aa0631dd5ec59f3d39c626750,248299,batch_log_or_checkpoint,只读冻结；未执行
A_route/problem3/02_batch_run/logs/checkpoints/P3_MEAN_ROLLOUT_0612/2025-10-07.json.gz,fdb7bbf1b3637c6983667406263d7ef5519732c822dd53130d32768da1c62153,244632,batch_log_or_checkpoint,只读冻结；未执行
A_route/problem3/02_batch_run/logs/checkpoints/P3_MEAN_ROLLOUT_0612/2025-10-08.json.gz,3941943886f07e2c36e8b4a99b096ec470d0d3692e235ccffcbf8700f32936bb,239081,batch_log_or_checkpoint,只读冻结；未执行
A_route/problem3/02_batch_run/logs/checkpoints/P3_MEAN_ROLLOUT_0612/2025-10-09.json.gz,7ad9895c2adae65b1e00464cb03280881ea5e86fa8462ea6cd1dc5d3a1bbac2d,236788,batch_log_or_checkpoint,只读冻结；未执行
A_route/problem3/02_batch_run/logs/checkpoints/P3_MEAN_ROLLOUT_0612/2025-10-10.json.gz,e26212193b485596cab57ca0869daf0bf08184dae35b6073a1aafe8ed7bb19c8,229211,batch_log_or_checkpoint,只读冻结；未执行
A_route/problem3/02_batch_run/logs/checkpoints/P3_MEAN_ROLLOUT_0612/2025-10-11.json.gz,50fd65dfc3766a51fc2d43c630484f1d401f25b9df89e2fcd5d9561f75d7e182,230146,batch_log_or_checkpoint,只读冻结；未执行
A_route/problem3/02_batch_run/logs/checkpoints/P3_MEAN_ROLLOUT_0612/2025-10-12.json.gz,93be694a7d2204704fc021c61bb9b5d4259b7b1dc92257833762892b0835c9aa,241054,batch_log_or_checkpoint,只读冻结；未执行
A_route/problem3/02_batch_run/logs/checkpoints/P3_MEAN_ROLLOUT_0612/2025-10-13.json.gz,5714b45c78f9ec4a626e7437b6cd03266f16489613f7e666a74ee2109ab139ff,239200,batch_log_or_checkpoint,只读冻结；未执行
A_route/problem3/02_batch_run/logs/checkpoints/P3_MEAN_ROLLOUT_0612/2025-10-14.json.gz,26adeb4b6a77c76685f0827d25b9ccf4f48f5ef9e92e97e6947f7fc31c7f8224,247374,batch_log_or_checkpoint,只读冻结；未执行
A_route/problem3/02_batch_run/logs/checkpoints/P3_MEAN_ROLLOUT_0612/2025-10-15.json.gz,a2b3f12f6882405de1cc4ec62b91c0eec6607eab4b0ee588c25746be307bd971,239628,batch_log_or_checkpoint,只读冻结；未执行
A_route/problem3/02_batch_run/logs/checkpoints/P3_MEAN_ROLLOUT_0612/2025-10-16.json.gz,cd48708c612afacdcab33d41a3e1c3dd58296c113dac8e459666fa69e49a32bb,247061,batch_log_or_checkpoint,只读冻结；未执行
A_route/problem3/02_batch_run/logs/checkpoints/P3_MEAN_ROLLOUT_0612/2025-10-17.json.gz,c861a3ccd219f2c6701f4278c48550c3b8e1f36aa2fd1e7903a13f053690d5df,233472,batch_log_or_checkpoint,只读冻结；未执行
A_route/problem3/02_batch_run/logs/checkpoints/P3_MEAN_ROLLOUT_0612/2025-10-18.json.gz,3d9d8f28890b795f2bacac2e945afe4b8f3b9ba3dac489d6193b1ba22e3da9c0,231631,batch_log_or_checkpoint,只读冻结；未执行
A_route/problem3/02_batch_run/logs/checkpoints/P3_MEAN_ROLLOUT_0612/2025-10-19.json.gz,38e920b4e472b6cec40910906c2b89467f65941b75e90d746fd7dd52e8baadd0,242218,batch_log_or_checkpoint,只读冻结；未执行
A_route/problem3/02_batch_run/logs/checkpoints/P3_MEAN_ROLLOUT_0612/2025-10-20.json.gz,f205b140a7ed2c958e5871a319d04f4b4f5c536209e09e95da7e7292902f710e,237837,batch_log_or_checkpoint,只读冻结；未执行
A_route/problem3/02_batch_run/logs/checkpoints/P3_MEAN_ROLLOUT_0612/2025-10-21.json.gz,c090b830f91a7d30126beecbfe075b4e5ee0cc78667e38558f6a2b0114ea3271,242160,batch_log_or_checkpoint,只读冻结；未执行
A_route/problem3/02_batch_run/logs/checkpoints/P3_MEAN_ROLLOUT_0612/2025-10-22.json.gz,e876cf34b4d4f6e85c069324b34c8368957897b762ac41f85b000897cf5e2741,242762,batch_log_or_checkpoint,只读冻结；未执行
A_route/problem3/02_batch_run/logs/checkpoints/P3_MEAN_ROLLOUT_0612/2025-10-23.json.gz,d3a639e975cb23e54bcf6c924b8840e40c6b25e3e37d802790239ec31b097c1e,241364,batch_log_or_checkpoint,只读冻结；未执行
A_route/problem3/02_batch_run/logs/checkpoints/P3_MEAN_ROLLOUT_0612/2025-10-24.json.gz,7cb44bbd61c8699f04098c77f349cb9ea24e3d913fbbbc8f39c7d982edc98565,232424,batch_log_or_checkpoint,只读冻结；未执行
A_route/problem3/02_batch_run/logs/checkpoints/P3_MEAN_ROLLOUT_0612/2025-10-25.json.gz,b85dab7d352a0e7b9eabf22e909f1b5eb12d7006c8675abdbbb72cacf9e671a4,231946,batch_log_or_checkpoint,只读冻结；未执行
A_route/problem3/02_batch_run/logs/checkpoints/P3_MEAN_ROLLOUT_0612/2025-10-26.json.gz,867af9688280ddb1665d8915cb4717d95426b57ba08ee9d0a2598ffdbf8705ef,241802,batch_log_or_checkpoint,只读冻结；未执行
A_route/problem3/02_batch_run/logs/checkpoints/P3_MEAN_ROLLOUT_0612/2025-10-27.json.gz,62d2f4e2be159e7a0d3afe64a9f5467fe3333526420b951de3f65427a5b8cd4f,255405,batch_log_or_checkpoint,只读冻结；未执行
A_route/problem3/02_batch_run/logs/checkpoints/P3_MEAN_ROLLOUT_0612/2025-10-28.json.gz,475c17c2d06a1d70139565169518a8706d85585a5e93a9330f0e3dfd96ee347f,251607,batch_log_or_checkpoint,只读冻结；未执行
A_route/problem3/02_batch_run/logs/checkpoints/P3_MEAN_ROLLOUT_0612/2025-10-29.json.gz,bd64057e38a9e4958c6cf8898249507a01e933c8f7cb2367a4bf7dc00f49ea5a,243063,batch_log_or_checkpoint,只读冻结；未执行
A_route/problem3/02_batch_run/logs/checkpoints/P3_MEAN_ROLLOUT_0612/2025-10-30.json.gz,020ff5807edd58488ea95add8705a17f73d40cfdd110ebd6b0875ac285fbb6f3,248399,batch_log_or_checkpoint,只读冻结；未执行
A_route/problem3/02_batch_run/logs/checkpoints/P3_MEAN_ROLLOUT_0612/2025-10-31.json.gz,0be90ec11fd18d57350a53ff403ba82c2cad011b90a1ea80519e2a80f3d71dd6,232310,batch_log_or_checkpoint,只读冻结；未执行
A_route/problem3/02_batch_run/logs/checkpoints/P3_MEAN_ROLLOUT_0612/2025-11-01.json.gz,5a376f8179eedd15fabd4e0825d69cc11e9f70bffe80a46a80ab3445e88f1dc2,235110,batch_log_or_checkpoint,只读冻结；未执行
A_route/problem3/02_batch_run/logs/checkpoints/P3_MEAN_ROLLOUT_0612/2025-11-02.json.gz,042fc0d8bad0bf146663ab24d58959e013fd0edff03baaafb5abcb3fb5eff11d,257750,batch_log_or_checkpoint,只读冻结；未执行
A_route/problem3/02_batch_run/logs/checkpoints/P3_MEAN_ROLLOUT_0612/2025-11-03.json.gz,c35ff864e7ec192113961fad1944f8b94c1f5a6b26a07e13ffb641d21dd22ac5,246506,batch_log_or_checkpoint,只读冻结；未执行
A_route/problem3/02_batch_run/logs/checkpoints/P3_MEAN_ROLLOUT_0612/2025-11-04.json.gz,f73dbd40b2b9061d67cb33845b4de54405617c57d9cf90836c756bd17a884db0,251247,batch_log_or_checkpoint,只读冻结；未执行
A_route/problem3/02_batch_run/logs/checkpoints/P3_MEAN_ROLLOUT_0612/2025-11-05.json.gz,20d63c207b570a4bf92806a5dd375cd1f37640170ac050642aeebed679b9cd36,244854,batch_log_or_checkpoint,只读冻结；未执行
A_route/problem3/02_batch_run/logs/checkpoints/P3_MEAN_ROLLOUT_0612/2025-11-06.json.gz,0c398f81395cef74675524ae12aecea0adef366a8c640ad9332b90d8d0494bac,257529,batch_log_or_checkpoint,只读冻结；未执行
A_route/problem3/02_batch_run/logs/checkpoints/P3_MEAN_ROLLOUT_0612/2025-11-07.json.gz,cdb731734b3c702cb08d7f212ccfd9238a42f82fbb2893685a9172b76507cda4,240550,batch_log_or_checkpoint,只读冻结；未执行
A_route/problem3/02_batch_run/logs/checkpoints/P3_MEAN_ROLLOUT_0612/2025-11-08.json.gz,865e45b8ceabf349feeba31861646c8bb620d0242c9de7fc175f626016c3be61,232787,batch_log_or_checkpoint,只读冻结；未执行
A_route/problem3/02_batch_run/logs/checkpoints/P3_MEAN_ROLLOUT_0612/2025-11-09.json.gz,1a4701986e256e80ba906071b41c9cbc884e7e298ac3c5ba701a1a5bfe762cd6,244350,batch_log_or_checkpoint,只读冻结；未执行
A_route/problem3/02_batch_run/logs/checkpoints/P3_MEAN_ROLLOUT_0612/2025-11-10.json.gz,0f663f2fb12ee70ceadd3346254454ed4295696c8fbef063db71ecf79c7dff4a,252936,batch_log_or_checkpoint,只读冻结；未执行
A_route/problem3/02_batch_run/logs/checkpoints/P3_MEAN_ROLLOUT_0612/2025-11-11.json.gz,bbe73548131dee48e69ebca7037e0fd1bad38ee8af6a2b3cd5b5ccbd4d3b58ff,243616,batch_log_or_checkpoint,只读冻结；未执行
A_route/problem3/02_batch_run/logs/checkpoints/P3_MEAN_ROLLOUT_0612/2025-11-12.json.gz,8aea709dff1e7c8ba3fa52e11b3dca98eff14f5ce8b5490b1a4f4119bcc16b50,251626,batch_log_or_checkpoint,只读冻结；未执行
A_route/problem3/02_batch_run/logs/checkpoints/P3_MEAN_ROLLOUT_0612/2025-11-13.json.gz,b4452a906b886812406b2f7cd496a93f0fcd2d1e270269166037d444ac308447,252740,batch_log_or_checkpoint,只读冻结；未执行
A_route/problem3/02_batch_run/logs/checkpoints/P3_MEAN_ROLLOUT_0612/2025-11-14.json.gz,014a3bc17190b6ca8fe7d823fce397e0c9961c321c0d22b77bd582b5e6b73d32,230488,batch_log_or_checkpoint,只读冻结；未执行
A_route/problem3/02_batch_run/logs/checkpoints/P3_MEAN_ROLLOUT_0612/2025-11-15.json.gz,cd2788b19ce065a10d001f60999f3dac1f47138d9412305460015a087dc61812,235719,batch_log_or_checkpoint,只读冻结；未执行
A_route/problem3/02_batch_run/logs/checkpoints/P3_MEAN_ROLLOUT_0612/2025-11-16.json.gz,19cb8e6ddc56d2bcce3c63fd220be99243fda2c0677b841d903ca75ae2ca73b2,255433,batch_log_or_checkpoint,只读冻结；未执行
A_route/problem3/02_batch_run/logs/checkpoints/P3_MEAN_ROLLOUT_0612/2025-11-17.json.gz,b7d127d248ee03b57210f23fc6ffdab4a174956a22e633d87e93ed9789ebb3b4,257354,batch_log_or_checkpoint,只读冻结；未执行
A_route/problem3/02_batch_run/logs/checkpoints/P3_MEAN_ROLLOUT_0612/2025-11-18.json.gz,12c42024cbdbebd285c40fce0f87495bd259c3047332fc3cf37de8052e2565d6,245000,batch_log_or_checkpoint,只读冻结；未执行
A_route/problem3/02_batch_run/logs/checkpoints/P3_MEAN_ROLLOUT_0612/2025-11-19.json.gz,d29106868bb51714d8c04511ead4963b31b0aaa72ff15af58dba8cc812b73599,262953,batch_log_or_checkpoint,只读冻结；未执行
A_route/problem3/02_batch_run/logs/checkpoints/P3_MEAN_ROLLOUT_0612/2025-11-20.json.gz,620316dee74dac414e5ba0c13bc88c620f99db2c59d6867c4cd425f1d7a9a1d4,252267,batch_log_or_checkpoint,只读冻结；未执行
A_route/problem3/02_batch_run/logs/checkpoints/P3_MEAN_ROLLOUT_0612/2025-11-21.json.gz,bc64639ad05c2a848af3040e6d89e1bb165c16cffb7489dfa0f77a01b2706d5f,243868,batch_log_or_checkpoint,只读冻结；未执行
A_route/problem3/02_batch_run/logs/checkpoints/P3_MEAN_ROLLOUT_0612/2025-11-22.json.gz,f38d4ba3e3dcd1337dbabc8d5f3328d65e34dbba25e87ad58032b158637383fe,235113,batch_log_or_checkpoint,只读冻结；未执行
A_route/problem3/02_batch_run/logs/checkpoints/P3_MEAN_ROLLOUT_0612/2025-11-23.json.gz,d0edff351dab4b5598345c1e0984aeb2c51e49cbc6d51b4d5d211367ecdd8a6b,251271,batch_log_or_checkpoint,只读冻结；未执行
A_route/problem3/02_batch_run/logs/checkpoints/P3_MEAN_ROLLOUT_0612/2025-11-24.json.gz,6b36e7c04504040395e8ed5a627f3cefc496c27468dfd0c3fee09e5176c65a31,247442,batch_log_or_checkpoint,只读冻结；未执行
A_route/problem3/02_batch_run/logs/checkpoints/P3_MEAN_ROLLOUT_0612/2025-11-25.json.gz,27a6f429e9f543a353007372c7367bd4f2917b2c027b73243561abed5f175587,238965,batch_log_or_checkpoint,只读冻结；未执行
A_route/problem3/02_batch_run/logs/checkpoints/P3_MEAN_ROLLOUT_0612/2025-11-26.json.gz,8d3ca893cfca4cd8b642d032c09a5683864abfae0b7486217a1afb473c0b1be0,242604,batch_log_or_checkpoint,只读冻结；未执行
A_route/problem3/02_batch_run/logs/checkpoints/P3_MEAN_ROLLOUT_0612/2025-11-27.json.gz,bc8f74d5cd63edb7b1587cefe8d6f563496a9bf3cbdf485014c4a662d3e9279c,246420,batch_log_or_checkpoint,只读冻结；未执行
A_route/problem3/02_batch_run/logs/checkpoints/P3_MEAN_ROLLOUT_0612/2025-11-28.json.gz,c3ea1bb37d6ec91ad60682ae1c704836593fd65327247d313c554b7c7dce320b,235824,batch_log_or_checkpoint,只读冻结；未执行
A_route/problem3/02_batch_run/logs/checkpoints/P3_MEAN_ROLLOUT_0612/2025-11-29.json.gz,cf276bad1212fc618fe6568ebd7d39c3275907b99e853c3d917d1ea4eeebd329,235456,batch_log_or_checkpoint,只读冻结；未执行
A_route/problem3/02_batch_run/logs/checkpoints/P3_MEAN_ROLLOUT_0612/2025-11-30.json.gz,9be3f1d4b839ec86654125a1ba4d84198190e868b093cf1f71f6cc3cf965b59e,252144,batch_log_or_checkpoint,只读冻结；未执行
A_route/problem3/02_batch_run/logs/checkpoints/P3_MEAN_ROLLOUT_0612/2025-12-01.json.gz,3609d08287baa7f8a4c24411880f4a3382a546d4ae4954ffe88615bcb2b4f9d2,247462,batch_log_or_checkpoint,只读冻结；未执行
A_route/problem3/02_batch_run/logs/checkpoints/P3_MEAN_ROLLOUT_0612/2025-12-02.json.gz,b68b7c326fa1fd1152f870b5f1e2911b20400def9ce7df18f75cc7c12fb8174f,248495,batch_log_or_checkpoint,只读冻结；未执行
A_route/problem3/02_batch_run/logs/checkpoints/P3_MEAN_ROLLOUT_0612/2025-12-03.json.gz,44f090bbfb3f61b6ee4b27d079038eb05dfbc54d394dbcf5223c2cdbc246e8e3,267278,batch_log_or_checkpoint,只读冻结；未执行
A_route/problem3/02_batch_run/logs/checkpoints/P3_MEAN_ROLLOUT_0612/2025-12-04.json.gz,24c03f48de2641d40f03e42d06646a821055e620a30d195da79e939730ef9031,253481,batch_log_or_checkpoint,只读冻结；未执行
A_route/problem3/02_batch_run/logs/checkpoints/P3_MEAN_ROLLOUT_0612/2025-12-05.json.gz,5da7edb62525b39c34618e48452db3d90441459abcbd33904e859c2bef40cab6,255963,batch_log_or_checkpoint,只读冻结；未执行
A_route/problem3/02_batch_run/logs/checkpoints/P3_MEAN_ROLLOUT_0612/2025-12-06.json.gz,eb0670cbee8fca81c116c4373f3608f03e0d891648dfd2cb5344425cea436a3c,252161,batch_log_or_checkpoint,只读冻结；未执行
A_route/problem3/02_batch_run/logs/checkpoints/P3_MEAN_ROLLOUT_0612/2025-12-07.json.gz,2af5aa2f8b68bb44f2542ba7615634a02a8044e17e28592ab8aabc79af3a36d1,253901,batch_log_or_checkpoint,只读冻结；未执行
A_route/problem3/02_batch_run/logs/checkpoints/P3_MEAN_ROLLOUT_0612/2025-12-08.json.gz,37ee0c1d95c7d99ed8dd8340322f765aadc0ca7c5d6d9e353b040160f734db7f,241032,batch_log_or_checkpoint,只读冻结；未执行
A_route/problem3/02_batch_run/logs/checkpoints/P3_MEAN_ROLLOUT_0612/2025-12-09.json.gz,46f3b04eab38210bf4a5569233b79e747732d9aacde9d79794b45d446a433508,240042,batch_log_or_checkpoint,只读冻结；未执行
A_route/problem3/02_batch_run/logs/checkpoints/P3_MEAN_ROLLOUT_0612/2025-12-10.json.gz,fb8ec373f1fc1923887f889405705ac3c5e7349fd215e5dfb46353f88681fc74,245390,batch_log_or_checkpoint,只读冻结；未执行
A_route/problem3/02_batch_run/logs/checkpoints/P3_MEAN_ROLLOUT_0612/2025-12-11.json.gz,142d5db275fa8aa414d095ee686036a2ba2831b063ac7383177862a157a50325,238042,batch_log_or_checkpoint,只读冻结；未执行
A_route/problem3/02_batch_run/logs/checkpoints/P3_MEAN_ROLLOUT_0612/2025-12-12.json.gz,8b4f0c52f34eedd57e670c2828e32f37608f37bb60b9eac6d1237ca78d3d49b2,245324,batch_log_or_checkpoint,只读冻结；未执行
A_route/problem3/02_batch_run/logs/checkpoints/P3_MEAN_ROLLOUT_0612/2025-12-13.json.gz,061394398b6f565a40675e5071935ed57b1d76fd50c8e6c4a51ad81cf49805c1,244732,batch_log_or_checkpoint,只读冻结；未执行
A_route/problem3/02_batch_run/logs/checkpoints/P3_MEAN_ROLLOUT_0612/2025-12-14.json.gz,d67edf4155e6987fb51202b5b0d1bee162b9857cfe9b2aceec303025ded9dc7a,248431,batch_log_or_checkpoint,只读冻结；未执行
A_route/problem3/02_batch_run/logs/checkpoints/P3_MEAN_ROLLOUT_0612/2025-12-15.json.gz,5236ec27374ccf20edfaa786e0a71ef5faeb968b7841a30b09e2b87a56ba15c6,251377,batch_log_or_checkpoint,只读冻结；未执行
A_route/problem3/02_batch_run/logs/checkpoints/P3_MEAN_ROLLOUT_0612/2025-12-16.json.gz,88b5297ac2bfaf6601a24666898b84b352c2c65f23f17bd39398116f01e6bb6a,238509,batch_log_or_checkpoint,只读冻结；未执行
A_route/problem3/02_batch_run/logs/checkpoints/P3_MEAN_ROLLOUT_0612/2025-12-17.json.gz,9acf8193c917786c147a2de82c72abbae0ddde1e5ea819f5ec3e54cf68bf48c8,237967,batch_log_or_checkpoint,只读冻结；未执行
A_route/problem3/02_batch_run/logs/checkpoints/P3_MEAN_ROLLOUT_0612/2025-12-18.json.gz,8645d1825a9a85abdd9ab1e4a13c1992e51e92eb27bdcd02b20cc9e7d7c5c6f0,246021,batch_log_or_checkpoint,只读冻结；未执行
A_route/problem3/02_batch_run/logs/checkpoints/P3_MEAN_ROLLOUT_0612/2025-12-19.json.gz,15677861800d0627a786ba574e5759d1b54762a817041934dceb1acb882a29ed,241703,batch_log_or_checkpoint,只读冻结；未执行
A_route/problem3/02_batch_run/logs/checkpoints/P3_MEAN_ROLLOUT_0612/2025-12-20.json.gz,e3490167715d806ccbcc0e8f08732793bbc0a221b8da78a23b4627e481cdb3d1,236968,batch_log_or_checkpoint,只读冻结；未执行
A_route/problem3/02_batch_run/logs/checkpoints/P3_MEAN_ROLLOUT_0612/2025-12-21.json.gz,98ae3f5a07e95cdd5286049f67b42e0ca66768f9714927f4884f1c0c7351486f,240130,batch_log_or_checkpoint,只读冻结；未执行
A_route/problem3/02_batch_run/logs/checkpoints/P3_MEAN_ROLLOUT_0612/2025-12-22.json.gz,ca53c9364470963d324e2b8d6b1418bd2eb5ad29378a7d773d988049b64747fa,241369,batch_log_or_checkpoint,只读冻结；未执行
A_route/problem3/02_batch_run/logs/checkpoints/P3_MEAN_ROLLOUT_0612/2025-12-23.json.gz,62c7cd9996552e404ec6500a9d2da6e8802e66f51763c509974dc2b18f5957b3,239780,batch_log_or_checkpoint,只读冻结；未执行
A_route/problem3/02_batch_run/logs/checkpoints/P3_MEAN_ROLLOUT_0612/2025-12-24.json.gz,df92b2bff36c18ba45178230e22708eff1f8b61e7933c3caa9daf2d782da2bdb,237548,batch_log_or_checkpoint,只读冻结；未执行
A_route/problem3/02_batch_run/logs/checkpoints/P3_MEAN_ROLLOUT_0612/2025-12-25.json.gz,e1f3c18090584a3a8365b9da5db9a573ab7dce8afeb3f11ee71ae52a24a5e9f6,243168,batch_log_or_checkpoint,只读冻结；未执行
A_route/problem3/02_batch_run/logs/checkpoints/P3_MEAN_ROLLOUT_0612/2025-12-26.json.gz,69ebf4f2ffab29f6f82c02cc49750063e07016e9390e3532fd2b8bc1e41d30c7,238490,batch_log_or_checkpoint,只读冻结；未执行
A_route/problem3/02_batch_run/logs/checkpoints/P3_MEAN_ROLLOUT_0612/2025-12-27.json.gz,46e3f6e628fe6ba5981de341fcbca4a5907a17b9d9d7098adba44ea2533a60d9,237419,batch_log_or_checkpoint,只读冻结；未执行
A_route/problem3/02_batch_run/logs/checkpoints/P3_MEAN_ROLLOUT_0612/2025-12-28.json.gz,4334eba3d606fa97d426c51c68a831926776907989c4f4925749b46eef7c42cc,238367,batch_log_or_checkpoint,只读冻结；未执行
A_route/problem3/02_batch_run/logs/checkpoints/P3_MEAN_ROLLOUT_0612/2025-12-29.json.gz,d87ea6630dafd2f94bdd85a265eaccead7d9a400fc4fcdea73f300646d7029e8,243841,batch_log_or_checkpoint,只读冻结；未执行
A_route/problem3/02_batch_run/logs/checkpoints/P3_MEAN_ROLLOUT_0612/2025-12-30.json.gz,8fedda886218a18b637f8c930d2d32e76caee8bbbd2de7aaadbdcf46b7890971,241777,batch_log_or_checkpoint,只读冻结；未执行
A_route/problem3/02_batch_run/logs/checkpoints/P3_MEAN_ROLLOUT_0612/2025-12-31.json.gz,31154f3d4e162bc8ccf337c2e72a0c5e2b9b75da671291de95cd7936387f5020,239300,batch_log_or_checkpoint,只读冻结；未执行
A_route/problem3/02_batch_run/logs/checkpoints/P3_MEAN_ROLLOUT_0618/2025-02-01.json.gz,69cbc25dc4e0ec7d3692e118f053c1dc794e9d5adf0fa4875ceaf324e9aa1b21,200949,batch_log_or_checkpoint,只读冻结；未执行
A_route/problem3/02_batch_run/logs/checkpoints/P3_MEAN_ROLLOUT_0618/2025-02-02.json.gz,a64653091bb3eab94c092e5ae2fa9950b389f878c47c6fd969abaf0f3a0d03d3,212312,batch_log_or_checkpoint,只读冻结；未执行
A_route/problem3/02_batch_run/logs/checkpoints/P3_MEAN_ROLLOUT_0618/2025-02-03.json.gz,c16cdb39a665e04cd785b65c94ed6c1e7152416d7c2f903f4d71162b9a25aa47,220360,batch_log_or_checkpoint,只读冻结；未执行
A_route/problem3/02_batch_run/logs/checkpoints/P3_MEAN_ROLLOUT_0618/2025-02-04.json.gz,17433debbd7a217dd70a5b5455d195e250ded7be89402a6bf7c67ed5bf8a2f00,226601,batch_log_or_checkpoint,只读冻结；未执行
A_route/problem3/02_batch_run/logs/checkpoints/P3_MEAN_ROLLOUT_0618/2025-02-05.json.gz,a2b96cf0e842d1d541c0b02a8d9cbeb658b9d3897a82303b2916cbcec4739b51,237504,batch_log_or_checkpoint,只读冻结；未执行
A_route/problem3/02_batch_run/logs/checkpoints/P3_MEAN_ROLLOUT_0618/2025-02-06.json.gz,633b7c4cb5c5da067b2a9990e76cde2e58daad418993b3ac684a2b97b8e830d8,231600,batch_log_or_checkpoint,只读冻结；未执行
A_route/problem3/02_batch_run/logs/checkpoints/P3_MEAN_ROLLOUT_0618/2025-02-07.json.gz,f63f2cb0a1ab0d539b6df065d822f6b9c027115903401ddafb3bc0aa3efe11ed,230158,batch_log_or_checkpoint,只读冻结；未执行
A_route/problem3/02_batch_run/logs/checkpoints/P3_MEAN_ROLLOUT_0618/2025-02-08.json.gz,a11d55143f14985182f310ca0f5e5d564768454d535593cd7f6184794c763f23,236275,batch_log_or_checkpoint,只读冻结；未执行
A_route/problem3/02_batch_run/logs/checkpoints/P3_MEAN_ROLLOUT_0618/2025-02-09.json.gz,341b016a1e9d633e8cb9aad779276e38dbad942df7a6fbf5bc47998635e60267,237655,batch_log_or_checkpoint,只读冻结；未执行
A_route/problem3/02_batch_run/logs/checkpoints/P3_MEAN_ROLLOUT_0618/2025-02-10.json.gz,e59870a2dd2e39998ab703d9da890339f196e42d718ad2be8f02bc689546fa4e,236364,batch_log_or_checkpoint,只读冻结；未执行
A_route/problem3/02_batch_run/logs/checkpoints/P3_MEAN_ROLLOUT_0618/2025-02-11.json.gz,c2dc4cfd3a28f4d42ff1508d85b3e0fdb282a49fb74552f21881a149d4ee3d9e,235818,batch_log_or_checkpoint,只读冻结；未执行
A_route/problem3/02_batch_run/logs/checkpoints/P3_MEAN_ROLLOUT_0618/2025-02-12.json.gz,68f9ac40d8e743222476824dc4eddd0e3e3f8727ae952b5edc485320a33a6205,236109,batch_log_or_checkpoint,只读冻结；未执行
A_route/problem3/02_batch_run/logs/checkpoints/P3_MEAN_ROLLOUT_0618/2025-02-13.json.gz,324bb048aa5bf4a97215566a9ba9123e2620976b1512147f84fd00a9d5688a64,238581,batch_log_or_checkpoint,只读冻结；未执行
A_route/problem3/02_batch_run/logs/checkpoints/P3_MEAN_ROLLOUT_0618/2025-02-14.json.gz,51bb9f233279b23820f82d5b138c345a4cdd43cc8c701f1bc46e427ca91cc634,233220,batch_log_or_checkpoint,只读冻结；未执行
A_route/problem3/02_batch_run/logs/checkpoints/P3_MEAN_ROLLOUT_0618/2025-02-15.json.gz,36d7ff238b4b1162bee1850f434a7680e7878e5bbdd18b647ddb23f7e199637b,233585,batch_log_or_checkpoint,只读冻结；未执行
A_route/problem3/02_batch_run/logs/checkpoints/P3_MEAN_ROLLOUT_0618/2025-02-16.json.gz,fdd3ce180cee4a505a6a3f4d38dd4b278d33e4315e5b433a58a5c83562b40df8,238212,batch_log_or_checkpoint,只读冻结；未执行
A_route/problem3/02_batch_run/logs/checkpoints/P3_MEAN_ROLLOUT_0618/2025-02-17.json.gz,477227f8595c19726f87e7d3e09f90ec4f1e9af3ae7e85a3feeb6e3d74bf0d18,240048,batch_log_or_checkpoint,只读冻结；未执行
A_route/problem3/02_batch_run/logs/checkpoints/P3_MEAN_ROLLOUT_0618/2025-02-18.json.gz,b2359b2c70a036098abf6b4b62ce8b9ea0ce0bc2e70d08385529cea5241a888b,247939,batch_log_or_checkpoint,只读冻结；未执行
A_route/problem3/02_batch_run/logs/checkpoints/P3_MEAN_ROLLOUT_0618/2025-02-19.json.gz,c1f7a2fed693b51767c0001587ff7875439c389b6bbbdc95ac8285cd85bdde07,245947,batch_log_or_checkpoint,只读冻结；未执行
A_route/problem3/02_batch_run/logs/checkpoints/P3_MEAN_ROLLOUT_0618/2025-02-20.json.gz,1064cf2f52c5a936caf09bbfbfba9644eff13044d3411c1da7b7d3d23174fba4,242453,batch_log_or_checkpoint,只读冻结；未执行
A_route/problem3/02_batch_run/logs/checkpoints/P3_MEAN_ROLLOUT_0618/2025-02-21.json.gz,4e9284c1d4d27fa5e5e1a31ca6c28503fcbae46efc9a7b171fec626ec1dc2d94,232266,batch_log_or_checkpoint,只读冻结；未执行
A_route/problem3/02_batch_run/logs/checkpoints/P3_MEAN_ROLLOUT_0618/2025-02-22.json.gz,eee9847b9a726dcf24f45e48168215cbb1c8ebe831924f1ff0124950d14d5175,239440,batch_log_or_checkpoint,只读冻结；未执行
A_route/problem3/02_batch_run/logs/checkpoints/P3_MEAN_ROLLOUT_0618/2025-02-23.json.gz,c0d4973ecf9e31395248b7e0ed7b470317e9ad2ffd49e9ec53ca6fec8d79f170,244355,batch_log_or_checkpoint,只读冻结；未执行
A_route/problem3/02_batch_run/logs/checkpoints/P3_MEAN_ROLLOUT_0618/2025-02-24.json.gz,e6a01490bee5f252182110ec845d3687a2435b53bdf5bc2f6d1b9864dd511cd1,242648,batch_log_or_checkpoint,只读冻结；未执行
A_route/problem3/02_batch_run/logs/checkpoints/P3_MEAN_ROLLOUT_0618/2025-02-25.json.gz,3dfe9dd23c71105c17b6f438fd2ae1163541ab1e072773d0b88067b58483c80f,242341,batch_log_or_checkpoint,只读冻结；未执行
A_route/problem3/02_batch_run/logs/checkpoints/P3_MEAN_ROLLOUT_0618/2025-02-26.json.gz,a13ca8f25bbfb44e387dfd7c6cc205114f54c1084334f2f0554f895b1d573175,247735,batch_log_or_checkpoint,只读冻结；未执行
A_route/problem3/02_batch_run/logs/checkpoints/P3_MEAN_ROLLOUT_0618/2025-02-27.json.gz,6118e67be1117c1f8cfb7915b27ffc8bfa7ec316d9a77288656314c760221008,238073,batch_log_or_checkpoint,只读冻结；未执行
A_route/problem3/02_batch_run/logs/checkpoints/P3_MEAN_ROLLOUT_0618/2025-02-28.json.gz,dc3d1ec66e88279243e0eb953c58410b6cf39e4b5648ea646f62d64644e4b8a6,227892,batch_log_or_checkpoint,只读冻结；未执行
A_route/problem3/02_batch_run/logs/checkpoints/P3_MEAN_ROLLOUT_0618/2025-03-01.json.gz,01bce993a0f8bbf75a3a6fb29b74a14c7aae4a68866e797a46e626903e7097e5,230229,batch_log_or_checkpoint,只读冻结；未执行
A_route/problem3/02_batch_run/logs/checkpoints/P3_MEAN_ROLLOUT_0618/2025-03-02.json.gz,c0b251b2b3bc2470d8faaa9e3d95b12bca07982939b60c34bf29f2f0e99de7dd,241073,batch_log_or_checkpoint,只读冻结；未执行
A_route/problem3/02_batch_run/logs/checkpoints/P3_MEAN_ROLLOUT_0618/2025-03-03.json.gz,878b8733c80d954ee4ed70a919afc640ee551557a09d9e6c4d46dcdeaab79606,241631,batch_log_or_checkpoint,只读冻结；未执行
A_route/problem3/02_batch_run/logs/checkpoints/P3_MEAN_ROLLOUT_0618/2025-03-04.json.gz,1fc612a96b4407508caa8b20fe45b6ac01c722212d26733b5a777fc80a7e9b27,242557,batch_log_or_checkpoint,只读冻结；未执行
A_route/problem3/02_batch_run/logs/checkpoints/P3_MEAN_ROLLOUT_0618/2025-03-05.json.gz,72888b2b29d35438f7368a001739475476acb355a1a6182d5f26aa750f3c0720,238166,batch_log_or_checkpoint,只读冻结；未执行
A_route/problem3/02_batch_run/logs/checkpoints/P3_MEAN_ROLLOUT_0618/2025-03-06.json.gz,c68df485596094785d575150b80ab33b35a99902fe8a41f26989d04a7dcd27ec,239115,batch_log_or_checkpoint,只读冻结；未执行
A_route/problem3/02_batch_run/logs/checkpoints/P3_MEAN_ROLLOUT_0618/2025-03-07.json.gz,e4a09847d5d40c001c32328a2aebb0536a9a9cd3e2d8de499f64acfa95deab0e,225506,batch_log_or_checkpoint,只读冻结；未执行
A_route/problem3/02_batch_run/logs/checkpoints/P3_MEAN_ROLLOUT_0618/2025-03-08.json.gz,3a7632ab272cc3153e2a7d326cb12d9d59ba5a37b2dca562583120a205ec5b12,233533,batch_log_or_checkpoint,只读冻结；未执行
A_route/problem3/02_batch_run/logs/checkpoints/P3_MEAN_ROLLOUT_0618/2025-03-09.json.gz,2d8aa68b4c6093d9afb7bdb0608944d02e16730cc480f855355af4402450fcd5,241230,batch_log_or_checkpoint,只读冻结；未执行
A_route/problem3/02_batch_run/logs/checkpoints/P3_MEAN_ROLLOUT_0618/2025-03-10.json.gz,6e9c45824f7340fd3b66d2ac2854f3cbabdd2507846e011de465b85e7101a61a,249916,batch_log_or_checkpoint,只读冻结；未执行
A_route/problem3/02_batch_run/logs/checkpoints/P3_MEAN_ROLLOUT_0618/2025-03-11.json.gz,9af5fbdce9915176896e7fab338cc6f636f0bf2b72964d4ec7daec7b0dae01b8,255072,batch_log_or_checkpoint,只读冻结；未执行
A_route/problem3/02_batch_run/logs/checkpoints/P3_MEAN_ROLLOUT_0618/2025-03-12.json.gz,c32578d80058e26aa75d26a4956a288b78e0d8c6d8bafbb6af817d6f48019767,241592,batch_log_or_checkpoint,只读冻结；未执行
A_route/problem3/02_batch_run/logs/checkpoints/P3_MEAN_ROLLOUT_0618/2025-03-13.json.gz,c9885c6bd591e61a7a6b788d691da4df456b998b937d60dc4cbf286fdeea9638,242445,batch_log_or_checkpoint,只读冻结；未执行
A_route/problem3/02_batch_run/logs/checkpoints/P3_MEAN_ROLLOUT_0618/2025-03-14.json.gz,5ba55f8b610df7441f20afa13da6a68bf1668cea92e9fedc3d7a36e3e7269ffb,234355,batch_log_or_checkpoint,只读冻结；未执行
A_route/problem3/02_batch_run/logs/checkpoints/P3_MEAN_ROLLOUT_0618/2025-03-15.json.gz,fd052fd4b98a73c8253b2d83b4e0a26630181dd8e9f9e9329956ebc49ee25c3a,241875,batch_log_or_checkpoint,只读冻结；未执行
A_route/problem3/02_batch_run/logs/checkpoints/P3_MEAN_ROLLOUT_0618/2025-03-16.json.gz,e5384af9133dec3175b10bc3b6d0e04a527289b5c8a232e4966258935434d2ea,249020,batch_log_or_checkpoint,只读冻结；未执行
A_route/problem3/02_batch_run/logs/checkpoints/P3_MEAN_ROLLOUT_0618/2025-03-17.json.gz,9eb83d1de73f16c55264c30d339759e07a5ccef4650e98bee7384ae4d7143017,240362,batch_log_or_checkpoint,只读冻结；未执行
A_route/problem3/02_batch_run/logs/checkpoints/P3_MEAN_ROLLOUT_0618/2025-03-18.json.gz,cc4e721d4987a98eef7144984627ebe699314edfad49cceaa22784bb494d62ca,239735,batch_log_or_checkpoint,只读冻结；未执行
A_route/problem3/02_batch_run/logs/checkpoints/P3_MEAN_ROLLOUT_0618/2025-03-19.json.gz,ead83c63cf884b94e442b849907c4f1d45f83af27c95d91814a1c4b8b23c39f2,252391,batch_log_or_checkpoint,只读冻结；未执行
A_route/problem3/02_batch_run/logs/checkpoints/P3_MEAN_ROLLOUT_0618/2025-03-20.json.gz,274ba48340efcc3794f678fb1788a8eb23a0087e75676802885a02245d90356c,239613,batch_log_or_checkpoint,只读冻结；未执行
A_route/problem3/02_batch_run/logs/checkpoints/P3_MEAN_ROLLOUT_0618/2025-03-21.json.gz,9965c829dbfebb50e2ddc0488a69f44d79606c828f24abaff35e5a46ba7c451f,226847,batch_log_or_checkpoint,只读冻结；未执行
A_route/problem3/02_batch_run/logs/checkpoints/P3_MEAN_ROLLOUT_0618/2025-03-22.json.gz,7f1ba7dacc3b729e7c842970dee02c8dcf0fb397f4d29cb9b2d866106bd24087,230699,batch_log_or_checkpoint,只读冻结；未执行
A_route/problem3/02_batch_run/logs/checkpoints/P3_MEAN_ROLLOUT_0618/2025-03-23.json.gz,e65b838a5fe967af6886d817a1d6352e6d18177923dc93d0f024be7e0b2d8040,242928,batch_log_or_checkpoint,只读冻结；未执行
A_route/problem3/02_batch_run/logs/checkpoints/P3_MEAN_ROLLOUT_0618/2025-03-24.json.gz,57e7fb34cedbc97feabc71d70fc708f0dc1e6fef0670d6efee7fa1f216d8e79b,245026,batch_log_or_checkpoint,只读冻结；未执行
A_route/problem3/02_batch_run/logs/checkpoints/P3_MEAN_ROLLOUT_0618/2025-03-25.json.gz,5c00e4f13d919c47b59226fb181b06d71feee0cc8e6893d4360a89f6d86d7953,243338,batch_log_or_checkpoint,只读冻结；未执行
A_route/problem3/02_batch_run/logs/checkpoints/P3_MEAN_ROLLOUT_0618/2025-03-26.json.gz,2d0b98099e27abce4fc2070ed3a812a789d3a54a1ea43ca6846b37f3f1f1f524,247736,batch_log_or_checkpoint,只读冻结；未执行
A_route/problem3/02_batch_run/logs/checkpoints/P3_MEAN_ROLLOUT_0618/2025-03-27.json.gz,03deebd64ae78b1745054f07db7632a2f24a6af962672128f90305b8716adddc,243611,batch_log_or_checkpoint,只读冻结；未执行
A_route/problem3/02_batch_run/logs/checkpoints/P3_MEAN_ROLLOUT_0618/2025-03-28.json.gz,c458dd8df21879d9f1008211595068bccc17c165766bfa394cf615c5b16097dd,226809,batch_log_or_checkpoint,只读冻结；未执行
A_route/problem3/02_batch_run/logs/checkpoints/P3_MEAN_ROLLOUT_0618/2025-03-29.json.gz,c90c0331b1e05574c53a83942f78cfba55165a6051fc8e04fc9d32478005bf1c,235644,batch_log_or_checkpoint,只读冻结；未执行
A_route/problem3/02_batch_run/logs/checkpoints/P3_MEAN_ROLLOUT_0618/2025-03-30.json.gz,2829f00b3a3985886520ba03a26a2d2d6c0c1c44f411c2ea2173db9eb681053b,241801,batch_log_or_checkpoint,只读冻结；未执行
A_route/problem3/02_batch_run/logs/checkpoints/P3_MEAN_ROLLOUT_0618/2025-03-31.json.gz,073fb36bcccc67fc6d70250938c08e470c113f48cdd6547422ec65cc2111d693,258422,batch_log_or_checkpoint,只读冻结；未执行
A_route/problem3/02_batch_run/logs/checkpoints/P3_MEAN_ROLLOUT_0618/2025-04-01.json.gz,3dafcc7a8cc05fae57a9525c67840550148a83d426a1839e2e1147104671db87,246436,batch_log_or_checkpoint,只读冻结；未执行
A_route/problem3/02_batch_run/logs/checkpoints/P3_MEAN_ROLLOUT_0618/2025-04-02.json.gz,601ba76c929c4586422a2ad6e1769c85e4faf7cc4533408193c6ff56d93d5338,249842,batch_log_or_checkpoint,只读冻结；未执行
A_route/problem3/02_batch_run/logs/checkpoints/P3_MEAN_ROLLOUT_0618/2025-04-03.json.gz,d35f10edd556e5ee47ff73baeb43761646e938d0e349d1ecb1f071d84ebe0656,233449,batch_log_or_checkpoint,只读冻结；未执行
A_route/problem3/02_batch_run/logs/checkpoints/P3_MEAN_ROLLOUT_0618/2025-04-04.json.gz,61ecf835d043608aacec3b3de34c8bdee036cf6b9db0756f711affdf0f0d986f,226229,batch_log_or_checkpoint,只读冻结；未执行
A_route/problem3/02_batch_run/logs/checkpoints/P3_MEAN_ROLLOUT_0618/2025-04-05.json.gz,15f1cfaf38b61bb2d0f29de350c507e27f4d312f3c246679e4dacc9506e74be7,231346,batch_log_or_checkpoint,只读冻结；未执行
A_route/problem3/02_batch_run/logs/checkpoints/P3_MEAN_ROLLOUT_0618/2025-04-06.json.gz,d9fdbdcc21bb39067c3b3bc5414d1037d6f6b7bcb90c41fce03dbbdba7debba8,240468,batch_log_or_checkpoint,只读冻结；未执行
A_route/problem3/02_batch_run/logs/checkpoints/P3_MEAN_ROLLOUT_0618/2025-04-07.json.gz,7a8c644dee603db571634a8df00a3305621d598221e145fefb9d5bf5c5e955d3,246945,batch_log_or_checkpoint,只读冻结；未执行
A_route/problem3/02_batch_run/logs/checkpoints/P3_MEAN_ROLLOUT_0618/2025-04-08.json.gz,61ea0d9c118387ae87d81e643608c2f9ed1d51722b5f2dfce58c4d3b7069d59f,238356,batch_log_or_checkpoint,只读冻结；未执行
A_route/problem3/02_batch_run/logs/checkpoints/P3_MEAN_ROLLOUT_0618/2025-04-09.json.gz,bc0702766342c452da64379fd7ef2567609cca1d18a45e22a2ad5afde5bd9dd2,243004,batch_log_or_checkpoint,只读冻结；未执行
A_route/problem3/02_batch_run/logs/checkpoints/P3_MEAN_ROLLOUT_0618/2025-04-10.json.gz,b9e765eb1a8da0d6c7fd9dee5e0d251630359f567d8e31ab74730a2efd960123,238608,batch_log_or_checkpoint,只读冻结；未执行
A_route/problem3/02_batch_run/logs/checkpoints/P3_MEAN_ROLLOUT_0618/2025-04-11.json.gz,8ea0fd9b71e8d2955aee73bef42448d871dd5f8e865726e59b3a950b1b883784,232651,batch_log_or_checkpoint,只读冻结；未执行
A_route/problem3/02_batch_run/logs/checkpoints/P3_MEAN_ROLLOUT_0618/2025-04-12.json.gz,a56ecff5f0886c8b9fdb1e0ebc2f7a0260c27c5906e2c669f86bcbfe4db6ebda,229118,batch_log_or_checkpoint,只读冻结；未执行
A_route/problem3/02_batch_run/logs/checkpoints/P3_MEAN_ROLLOUT_0618/2025-04-13.json.gz,e20587ec22caab3ef3d8d233159a1742b26a0450e730b355b6473d6a891b5dc0,239546,batch_log_or_checkpoint,只读冻结；未执行
A_route/problem3/02_batch_run/logs/checkpoints/P3_MEAN_ROLLOUT_0618/2025-04-14.json.gz,da6f496e835d70e55b2524c4b6bd2c7a6339bc99f011b46a13d5c6348f17977a,237535,batch_log_or_checkpoint,只读冻结；未执行
A_route/problem3/02_batch_run/logs/checkpoints/P3_MEAN_ROLLOUT_0618/2025-04-15.json.gz,53e6c6bb911fa146276e51c2a627fc48e1ac4622579cc49b71a289b9be396307,247261,batch_log_or_checkpoint,只读冻结；未执行
A_route/problem3/02_batch_run/logs/checkpoints/P3_MEAN_ROLLOUT_0618/2025-04-16.json.gz,974c505c219c507aaeb738a127c8a44a2ce5b3a9e7d864bf63fd59107a755ad4,248309,batch_log_or_checkpoint,只读冻结；未执行
A_route/problem3/02_batch_run/logs/checkpoints/P3_MEAN_ROLLOUT_0618/2025-04-17.json.gz,05ff52b972a207c2abe293ba51e299c0d275b60f3688eb3951d03d4556a693d3,243884,batch_log_or_checkpoint,只读冻结；未执行
A_route/problem3/02_batch_run/logs/checkpoints/P3_MEAN_ROLLOUT_0618/2025-04-18.json.gz,5ec099494caa9c7058eed3e3cd49abb80b039e6110d11e8b8b12e19060648f96,225103,batch_log_or_checkpoint,只读冻结；未执行
A_route/problem3/02_batch_run/logs/checkpoints/P3_MEAN_ROLLOUT_0618/2025-04-19.json.gz,42fde247a1cec988d5064f04a5cc3c1982b7074bf79c524e87bf7923b170646b,226883,batch_log_or_checkpoint,只读冻结；未执行
A_route/problem3/02_batch_run/logs/checkpoints/P3_MEAN_ROLLOUT_0618/2025-04-20.json.gz,f9e7f532197275ba600be5b5d51f85e5ddabf0245569f5da50aa14c3945ad0f3,240843,batch_log_or_checkpoint,只读冻结；未执行
A_route/problem3/02_batch_run/logs/checkpoints/P3_MEAN_ROLLOUT_0618/2025-04-21.json.gz,4ba235a4c9e54b83c25ed8bbb1aee7c101ea8c73fe03304ded65b57fd024553b,234140,batch_log_or_checkpoint,只读冻结；未执行
A_route/problem3/02_batch_run/logs/checkpoints/P3_MEAN_ROLLOUT_0618/2025-04-22.json.gz,4eb3d731b105c3abcbea54bd0d10550e5381d2f74051c9fab5fe5f532c0f1c56,252164,batch_log_or_checkpoint,只读冻结；未执行
A_route/problem3/02_batch_run/logs/checkpoints/P3_MEAN_ROLLOUT_0618/2025-04-23.json.gz,3f0c9373282f73f66c6c3b4a18d7cd67d0a68722195ecf05b4d8697b84e028eb,249368,batch_log_or_checkpoint,只读冻结；未执行
A_route/problem3/02_batch_run/logs/checkpoints/P3_MEAN_ROLLOUT_0618/2025-04-24.json.gz,7b756b9dba33d1f2391a62ae930641777d85e8aee5803653c491d853bbc16bca,231538,batch_log_or_checkpoint,只读冻结；未执行
A_route/problem3/02_batch_run/logs/checkpoints/P3_MEAN_ROLLOUT_0618/2025-04-25.json.gz,5e4b819de7e69a6896f9f43030e629e84b82b28d12f87079a82b7ddba7420848,222673,batch_log_or_checkpoint,只读冻结；未执行
A_route/problem3/02_batch_run/logs/checkpoints/P3_MEAN_ROLLOUT_0618/2025-04-26.json.gz,9978deda49332782ba92279c4f366fe305950f3f4926250d71cb526e8184a469,227478,batch_log_or_checkpoint,只读冻结；未执行
A_route/problem3/02_batch_run/logs/checkpoints/P3_MEAN_ROLLOUT_0618/2025-04-27.json.gz,036649820e57d2229adc6c1e20917fd2ca392f47ac064f5474df814fb1ef5844,246564,batch_log_or_checkpoint,只读冻结；未执行
A_route/problem3/02_batch_run/logs/checkpoints/P3_MEAN_ROLLOUT_0618/2025-04-28.json.gz,3f13a7204c010aa80606e2db6769abe6c93212f071920c90f982c3f515122c15,240865,batch_log_or_checkpoint,只读冻结；未执行
A_route/problem3/02_batch_run/logs/checkpoints/P3_MEAN_ROLLOUT_0618/2025-04-29.json.gz,bef06a4626bdca852250d37acbed634583cc09546e97ac9b92a398d1e9def9bd,239063,batch_log_or_checkpoint,只读冻结；未执行
A_route/problem3/02_batch_run/logs/checkpoints/P3_MEAN_ROLLOUT_0618/2025-04-30.json.gz,e08e0cdbaf15ab51939214fcf52ea7b1e2ebdeb01f78dce49af71c1c8721adc7,236061,batch_log_or_checkpoint,只读冻结；未执行
A_route/problem3/02_batch_run/logs/checkpoints/P3_MEAN_ROLLOUT_0618/2025-05-01.json.gz,3fd4b92b1d0c35317458897eb4d55e0958ca5261f1be616c5fd1520aadcdcc9b,239150,batch_log_or_checkpoint,只读冻结；未执行
A_route/problem3/02_batch_run/logs/checkpoints/P3_MEAN_ROLLOUT_0618/2025-05-02.json.gz,bfc3adbe0721d977babd085c8b34b7af6ea41bedcd6ea7a8d27240f7aecd2438,224338,batch_log_or_checkpoint,只读冻结；未执行
A_route/problem3/02_batch_run/logs/checkpoints/P3_MEAN_ROLLOUT_0618/2025-05-03.json.gz,1fd976171eaddedad83099632c7bbb05e1c9784b1de61b8e6c6b7564ea06e280,228615,batch_log_or_checkpoint,只读冻结；未执行
A_route/problem3/02_batch_run/logs/checkpoints/P3_MEAN_ROLLOUT_0618/2025-05-04.json.gz,4d81aeece1b9092d065248acbdc0bfda0c13c31c96016d61727d40faade68dff,240363,batch_log_or_checkpoint,只读冻结；未执行
A_route/problem3/02_batch_run/logs/checkpoints/P3_MEAN_ROLLOUT_0618/2025-05-05.json.gz,bc3979fa444a3af7204d3d366d7adb76ccf9f403f0fd789611d2f2bc77a1ac72,241779,batch_log_or_checkpoint,只读冻结；未执行
A_route/problem3/02_batch_run/logs/checkpoints/P3_MEAN_ROLLOUT_0618/2025-05-06.json.gz,216aefed0a9b2b8c10fcac5945cadba700c22ee239df072d9f246495af26ac64,251935,batch_log_or_checkpoint,只读冻结；未执行
A_route/problem3/02_batch_run/logs/checkpoints/P3_MEAN_ROLLOUT_0618/2025-05-07.json.gz,8cab7b27e071ce73fc29fd8270bd1186024f3f1285ffba401322efaf2a98615a,249226,batch_log_or_checkpoint,只读冻结；未执行
A_route/problem3/02_batch_run/logs/checkpoints/P3_MEAN_ROLLOUT_0618/2025-05-08.json.gz,bfdf64739f5924f705899dd5dfc332a902f8d9d9458b3d012288e57a9e63ce1f,237761,batch_log_or_checkpoint,只读冻结；未执行
A_route/problem3/02_batch_run/logs/checkpoints/P3_MEAN_ROLLOUT_0618/2025-05-09.json.gz,30326d4e9088065c43949310f1b4d2f66742b4034357ae79ca66969bc994d48f,227332,batch_log_or_checkpoint,只读冻结；未执行
A_route/problem3/02_batch_run/logs/checkpoints/P3_MEAN_ROLLOUT_0618/2025-05-10.json.gz,52c85ab967403703ef1f0334ee091b9e1b8cd64a25c244ab08823e3ae3023d04,234069,batch_log_or_checkpoint,只读冻结；未执行
A_route/problem3/02_batch_run/logs/checkpoints/P3_MEAN_ROLLOUT_0618/2025-05-11.json.gz,cb486b7d2b9decd564b6128c80e9148086410e0d7a7dac219de7323f0de7ccbf,242348,batch_log_or_checkpoint,只读冻结；未执行
A_route/problem3/02_batch_run/logs/checkpoints/P3_MEAN_ROLLOUT_0618/2025-05-12.json.gz,73229882e724cd99c9a343737bdbdae88e92dc393bb71ff3ed86c3c1fab2a9b1,252362,batch_log_or_checkpoint,只读冻结；未执行
A_route/problem3/02_batch_run/logs/checkpoints/P3_MEAN_ROLLOUT_0618/2025-05-13.json.gz,113d378e333220dbfe8a383cf6648aee8f54c02a4fd6b5a4f7277622ddbea063,241032,batch_log_or_checkpoint,只读冻结；未执行
A_route/problem3/02_batch_run/logs/checkpoints/P3_MEAN_ROLLOUT_0618/2025-05-14.json.gz,dd2c290627df615e554877e0caf9207c84b94a9cc9675d294f49aca53ebaa4dc,240829,batch_log_or_checkpoint,只读冻结；未执行
A_route/problem3/02_batch_run/logs/checkpoints/P3_MEAN_ROLLOUT_0618/2025-05-15.json.gz,970b55ac4b289e43a1a9d9640e0abc3872ae4ce882255cc5e28a01f1743be306,240461,batch_log_or_checkpoint,只读冻结；未执行
A_route/problem3/02_batch_run/logs/checkpoints/P3_MEAN_ROLLOUT_0618/2025-05-16.json.gz,dec9d68b78ef9f7ac9b80a0032b5f8213152183ddf14a6cc0e4d9aed549e7322,224751,batch_log_or_checkpoint,只读冻结；未执行
A_route/problem3/02_batch_run/logs/checkpoints/P3_MEAN_ROLLOUT_0618/2025-05-17.json.gz,35cc39eb178827117241aa6178376e3df073e3ef145c9e6b899c8033ca4a18db,229596,batch_log_or_checkpoint,只读冻结；未执行
A_route/problem3/02_batch_run/logs/checkpoints/P3_MEAN_ROLLOUT_0618/2025-05-18.json.gz,0e4a57c0c299330fd6d6db046b7a5e7cb8b65d06b8b504a1e75b016cd9f94e87,240013,batch_log_or_checkpoint,只读冻结；未执行
A_route/problem3/02_batch_run/logs/checkpoints/P3_MEAN_ROLLOUT_0618/2025-05-19.json.gz,6a1e3b533c0879dc3ff52f9be2c3d564e19d7466ebbfe86cf2f0e4757d5c3c7f,236678,batch_log_or_checkpoint,只读冻结；未执行
A_route/problem3/02_batch_run/logs/checkpoints/P3_MEAN_ROLLOUT_0618/2025-05-20.json.gz,a35c00e45de4302874556e4b00137b18f03d331b960b89784ab5e11eabfdcd6b,243680,batch_log_or_checkpoint,只读冻结；未执行
A_route/problem3/02_batch_run/logs/checkpoints/P3_MEAN_ROLLOUT_0618/2025-05-21.json.gz,083e258499f7daf82516f7f2090ade9faf52929b9623f4f146ee77293c5f8191,248800,batch_log_or_checkpoint,只读冻结；未执行
A_route/problem3/02_batch_run/logs/checkpoints/P3_MEAN_ROLLOUT_0618/2025-05-22.json.gz,6c857ff7923762b29993d3f11cb7592ef53308c069d103c86dcc3d5cf72489fe,234130,batch_log_or_checkpoint,只读冻结；未执行
A_route/problem3/02_batch_run/logs/checkpoints/P3_MEAN_ROLLOUT_0618/2025-05-23.json.gz,ae8bca9663fe797af0e7d2c90bfba11fc35f8aa92676f5f396ba6cdddf9609c8,227099,batch_log_or_checkpoint,只读冻结；未执行
A_route/problem3/02_batch_run/logs/checkpoints/P3_MEAN_ROLLOUT_0618/2025-05-24.json.gz,89dda58b6c9df130b465c5d9cb150b869390d06cefb76c6de206546b19a37487,227320,batch_log_or_checkpoint,只读冻结；未执行
A_route/problem3/02_batch_run/logs/checkpoints/P3_MEAN_ROLLOUT_0618/2025-05-25.json.gz,f1543d7bba88816a4cfe5e73fc13a2858fa9df80eaab3981c7a5430157651099,239144,batch_log_or_checkpoint,只读冻结；未执行
A_route/problem3/02_batch_run/logs/checkpoints/P3_MEAN_ROLLOUT_0618/2025-05-26.json.gz,631f257a57894cfcb2462cfcd109c44daed80f9b5296e93e99df5ca4d1ef19aa,244474,batch_log_or_checkpoint,只读冻结；未执行
A_route/problem3/02_batch_run/logs/checkpoints/P3_MEAN_ROLLOUT_0618/2025-05-27.json.gz,0dea7dc0c74a7c616201b0e138ab8f2e2fa0d76d4d9c24ba651d40c2b727330a,250185,batch_log_or_checkpoint,只读冻结；未执行
A_route/problem3/02_batch_run/logs/checkpoints/P3_MEAN_ROLLOUT_0618/2025-05-28.json.gz,4689ddba24db2a03520a410bb054efc77bb7fcb8caf0ae5ff2eda0a0b0794856,240410,batch_log_or_checkpoint,只读冻结；未执行
A_route/problem3/02_batch_run/logs/checkpoints/P3_MEAN_ROLLOUT_0618/2025-05-29.json.gz,7cb3e660eaf023a2374babc1a5e9451d6e5bd0aa82fa7bb823899b24017001b7,247565,batch_log_or_checkpoint,只读冻结；未执行
A_route/problem3/02_batch_run/logs/checkpoints/P3_MEAN_ROLLOUT_0618/2025-05-30.json.gz,dd3ce94e2e7276eadd153a8f3a3ddacac1062528fc102c5fe34f37799af850f1,227058,batch_log_or_checkpoint,只读冻结；未执行
A_route/problem3/02_batch_run/logs/checkpoints/P3_MEAN_ROLLOUT_0618/2025-05-31.json.gz,ea69e6296b0cad0c9e684fbd33b4d0716e2e4206df2528c60d4d815b8607b27a,228968,batch_log_or_checkpoint,只读冻结；未执行
A_route/problem3/02_batch_run/logs/checkpoints/P3_MEAN_ROLLOUT_0618/2025-06-01.json.gz,3b78c62576c8852469292a0c2a184d7dd46db729b0e80b497a08d876d51056e5,247600,batch_log_or_checkpoint,只读冻结；未执行
A_route/problem3/02_batch_run/logs/checkpoints/P3_MEAN_ROLLOUT_0618/2025-06-02.json.gz,cfe3d00ab3152688c378ad4068477245a7ecbaafd14c0ec743687bb904073911,246052,batch_log_or_checkpoint,只读冻结；未执行
A_route/problem3/02_batch_run/logs/checkpoints/P3_MEAN_ROLLOUT_0618/2025-06-03.json.gz,da1bab5340e9ab1825db7bca4251bcb23fb0164207b26f198002c169e56d0845,254199,batch_log_or_checkpoint,只读冻结；未执行
A_route/problem3/02_batch_run/logs/checkpoints/P3_MEAN_ROLLOUT_0618/2025-06-04.json.gz,65da47cb691afc743de30e8b5a8c473f7f25fcf54ce5596eb03372c614ee54b3,251407,batch_log_or_checkpoint,只读冻结；未执行
A_route/problem3/02_batch_run/logs/checkpoints/P3_MEAN_ROLLOUT_0618/2025-06-05.json.gz,14063bc8c5785133a3be8b8935d57a29dd01ba7abc10e90ed84127365f7abb8a,261907,batch_log_or_checkpoint,只读冻结；未执行
A_route/problem3/02_batch_run/logs/checkpoints/P3_MEAN_ROLLOUT_0618/2025-06-06.json.gz,d8293493eaa10f9627459fd0cb796a57f158722d42acd467b9149a173958a1d3,242811,batch_log_or_checkpoint,只读冻结；未执行
A_route/problem3/02_batch_run/logs/checkpoints/P3_MEAN_ROLLOUT_0618/2025-06-07.json.gz,3db0203da62af5c402f8164ce1f0185f1d986dee65e66cb5ee9a0d48670e577e,243686,batch_log_or_checkpoint,只读冻结；未执行
A_route/problem3/02_batch_run/logs/checkpoints/P3_MEAN_ROLLOUT_0618/2025-06-08.json.gz,6b7e420d2bffac565695deb9b067a1593ccb920cf4fd5460ffca1a734a6e264c,241674,batch_log_or_checkpoint,只读冻结；未执行
A_route/problem3/02_batch_run/logs/checkpoints/P3_MEAN_ROLLOUT_0618/2025-06-09.json.gz,dd5d8d9e249fe897c8becac7103f74c801ec7496772394706a2cd7f6001f3fc2,238964,batch_log_or_checkpoint,只读冻结；未执行
A_route/problem3/02_batch_run/logs/checkpoints/P3_MEAN_ROLLOUT_0618/2025-06-10.json.gz,a4373d8d076f8322670ad38366b117f0ed93a467a76a455f51e6286550f754fe,241121,batch_log_or_checkpoint,只读冻结；未执行
A_route/problem3/02_batch_run/logs/checkpoints/P3_MEAN_ROLLOUT_0618/2025-06-11.json.gz,32a85b09050a4cfb18659d7de261c8777dab039274fa1020d145de270913d3b9,243496,batch_log_or_checkpoint,只读冻结；未执行
A_route/problem3/02_batch_run/logs/checkpoints/P3_MEAN_ROLLOUT_0618/2025-06-12.json.gz,8152378915fa87297513d33dea2a71709df9b053cc8f97cd4b4889748833c0b1,240513,batch_log_or_checkpoint,只读冻结；未执行
A_route/problem3/02_batch_run/logs/checkpoints/P3_MEAN_ROLLOUT_0618/2025-06-13.json.gz,5208769b91e7d07203ded3f1b85cb3eb520321b47b20fed27d5de29fa687cfa0,232171,batch_log_or_checkpoint,只读冻结；未执行
A_route/problem3/02_batch_run/logs/checkpoints/P3_MEAN_ROLLOUT_0618/2025-06-14.json.gz,b56c741246eee97ff8fe7cea8237167c529d82195a5ea89818e581af76807ac8,233306,batch_log_or_checkpoint,只读冻结；未执行
A_route/problem3/02_batch_run/logs/checkpoints/P3_MEAN_ROLLOUT_0618/2025-06-15.json.gz,e80b181f2881b2b4d432aec93a2554832d31303f90d03640f4f998b0ff1d9270,246685,batch_log_or_checkpoint,只读冻结；未执行
A_route/problem3/02_batch_run/logs/checkpoints/P3_MEAN_ROLLOUT_0618/2025-06-16.json.gz,c72b4ee16cb614580239f855adccafe95cc6303be50c043786e8ecf21bd3b3aa,246023,batch_log_or_checkpoint,只读冻结；未执行
A_route/problem3/02_batch_run/logs/checkpoints/P3_MEAN_ROLLOUT_0618/2025-06-17.json.gz,3dfd9e74efcb123c4d41b946fc3797c73ba538aaf542795f520f6604f94bb2d1,246692,batch_log_or_checkpoint,只读冻结；未执行
A_route/problem3/02_batch_run/logs/checkpoints/P3_MEAN_ROLLOUT_0618/2025-06-18.json.gz,c23184a6ab24877a5c3e8c9b4c860c5f91d84263a44b9665201d4997a2dff504,247321,batch_log_or_checkpoint,只读冻结；未执行
A_route/problem3/02_batch_run/logs/checkpoints/P3_MEAN_ROLLOUT_0618/2025-06-19.json.gz,215abb7a680713b9e4740dd31cd802972f28b2500eeb4963a1801d75f49b1bdb,243018,batch_log_or_checkpoint,只读冻结；未执行
A_route/problem3/02_batch_run/logs/checkpoints/P3_MEAN_ROLLOUT_0618/2025-06-20.json.gz,ace693437ef13ccbc528e625cd8b2e517083a4426b684e3e5883118ec86bcf4c,227716,batch_log_or_checkpoint,只读冻结；未执行
A_route/problem3/02_batch_run/logs/checkpoints/P3_MEAN_ROLLOUT_0618/2025-06-21.json.gz,e33c89b7acf38075e8072614b5e13183e5e054c73b98d1b8ccb07da0ca578949,229663,batch_log_or_checkpoint,只读冻结；未执行
A_route/problem3/02_batch_run/logs/checkpoints/P3_MEAN_ROLLOUT_0618/2025-06-22.json.gz,088667310da4bac17d3535036c9e9ece8cfb461270883e16c3d43e2564f5bd0d,249439,batch_log_or_checkpoint,只读冻结；未执行
A_route/problem3/02_batch_run/logs/checkpoints/P3_MEAN_ROLLOUT_0618/2025-06-23.json.gz,c1fdee689f0c2bab9d60add4d4f267b2db21b89c66e33b12bd08cec76203c65e,243588,batch_log_or_checkpoint,只读冻结；未执行
A_route/problem3/02_batch_run/logs/checkpoints/P3_MEAN_ROLLOUT_0618/2025-06-24.json.gz,8ab5a4d9c1845e2f0fef7577224e33ec45337bd14790f86a5533a71783e462de,242596,batch_log_or_checkpoint,只读冻结；未执行
A_route/problem3/02_batch_run/logs/checkpoints/P3_MEAN_ROLLOUT_0618/2025-06-25.json.gz,e034c239a40a226e68efee47656b797aa4759eaf73eaf36ce4e9c25f7aae4cfa,246537,batch_log_or_checkpoint,只读冻结；未执行
A_route/problem3/02_batch_run/logs/checkpoints/P3_MEAN_ROLLOUT_0618/2025-06-26.json.gz,340e18a33a0fa5f5e4c9b696cc0dcc39785a05f9bddefe52da48b3b5f076f1e5,243906,batch_log_or_checkpoint,只读冻结；未执行
A_route/problem3/02_batch_run/logs/checkpoints/P3_MEAN_ROLLOUT_0618/2025-06-27.json.gz,e7fe7cfd8ccb4d71a4e55c99ef5c9e89948fa5808556752163fb90860bb330ad,229049,batch_log_or_checkpoint,只读冻结；未执行
A_route/problem3/02_batch_run/logs/checkpoints/P3_MEAN_ROLLOUT_0618/2025-06-28.json.gz,3efd48be7dea5bd13c9a0b8eeda5e97168d189396b1f57d5dc3765065281ce24,231770,batch_log_or_checkpoint,只读冻结；未执行
A_route/problem3/02_batch_run/logs/checkpoints/P3_MEAN_ROLLOUT_0618/2025-06-29.json.gz,e660e513b6e1fd2c9814978ed5a97fa3399141d5f419aacdec8a0467d1748be2,249624,batch_log_or_checkpoint,只读冻结；未执行
A_route/problem3/02_batch_run/logs/checkpoints/P3_MEAN_ROLLOUT_0618/2025-06-30.json.gz,bee008ac0daae09eb75e3c55ccec10e246c3899bda70c5a46173066ba4147625,242162,batch_log_or_checkpoint,只读冻结；未执行
A_route/problem3/02_batch_run/logs/checkpoints/P3_MEAN_ROLLOUT_0618/2025-07-01.json.gz,0bd5f9c07372f534efacb751532b3f0a5399c564bcd4c8367651fa812c926dce,269242,batch_log_or_checkpoint,只读冻结；未执行
A_route/problem3/02_batch_run/logs/checkpoints/P3_MEAN_ROLLOUT_0618/2025-07-02.json.gz,9fd5beba59e3bdbf4bafd28b7dfd443b599f99a1080d8297551e763915b35cdb,264305,batch_log_or_checkpoint,只读冻结；未执行
A_route/problem3/02_batch_run/logs/checkpoints/P3_MEAN_ROLLOUT_0618/2025-07-03.json.gz,52156325b1dd6df65312f318ee28b32dacbcd39266f00f3f5f093196a6e56cd4,263633,batch_log_or_checkpoint,只读冻结；未执行
A_route/problem3/02_batch_run/logs/checkpoints/P3_MEAN_ROLLOUT_0618/2025-07-04.json.gz,710a634789e5056815ba2fccf55ffe0d17573efee2655e05a606737ac23a5cb2,244277,batch_log_or_checkpoint,只读冻结；未执行
A_route/problem3/02_batch_run/logs/checkpoints/P3_MEAN_ROLLOUT_0618/2025-07-05.json.gz,5d4ed79ae50ef053fdf9027390170f89d1c6daecaeba38fffd8aaea01ec225f6,250736,batch_log_or_checkpoint,只读冻结；未执行
A_route/problem3/02_batch_run/logs/checkpoints/P3_MEAN_ROLLOUT_0618/2025-07-06.json.gz,b8f9b6d68966ef3583cc414fe59cfd650c3d68ddffa3c571212e2b9c0571c038,269655,batch_log_or_checkpoint,只读冻结；未执行
A_route/problem3/02_batch_run/logs/checkpoints/P3_MEAN_ROLLOUT_0618/2025-07-07.json.gz,b991b7a0b9c01e5e578151fe61e4b112082540e0287294e8fce6bc4ef9d567d1,257941,batch_log_or_checkpoint,只读冻结；未执行
A_route/problem3/02_batch_run/logs/checkpoints/P3_MEAN_ROLLOUT_0618/2025-07-08.json.gz,28a211a13b889bbcb7ed3d05d21acb800e9d03521cebe1313fe68436e4932e30,240571,batch_log_or_checkpoint,只读冻结；未执行
A_route/problem3/02_batch_run/logs/checkpoints/P3_MEAN_ROLLOUT_0618/2025-07-09.json.gz,db455bb124ae1ad7ae4d65e133d7eba4c5c73dd237c8b3732ae84d012e6a98e0,241276,batch_log_or_checkpoint,只读冻结；未执行
A_route/problem3/02_batch_run/logs/checkpoints/P3_MEAN_ROLLOUT_0618/2025-07-10.json.gz,42300a262174eb822944db15ee2fcecba9d7d3b48ce58f5b62a5af115eb2fd20,238713,batch_log_or_checkpoint,只读冻结；未执行
A_route/problem3/02_batch_run/logs/checkpoints/P3_MEAN_ROLLOUT_0618/2025-07-11.json.gz,8d46fd4017a43044ba19c86b42b287c2e6f1e355c8c90f0d75a99c9e15bbd857,229285,batch_log_or_checkpoint,只读冻结；未执行
A_route/problem3/02_batch_run/logs/checkpoints/P3_MEAN_ROLLOUT_0618/2025-07-12.json.gz,e7ce3dfad215fe08a2df9c6f923c55c0dc7cece853a88110d3963572f9d9bf79,230661,batch_log_or_checkpoint,只读冻结；未执行
A_route/problem3/02_batch_run/logs/checkpoints/P3_MEAN_ROLLOUT_0618/2025-07-13.json.gz,bf1c7b773be1b187f1fd906de6fd397f43c6538c279ef64564227cafbe73610b,240409,batch_log_or_checkpoint,只读冻结；未执行
A_route/problem3/02_batch_run/logs/checkpoints/P3_MEAN_ROLLOUT_0618/2025-07-14.json.gz,9909b57e715c2568ab1385deba745b3b8224956e1e5fc2dd05faf2b98bd76d3a,241833,batch_log_or_checkpoint,只读冻结；未执行
A_route/problem3/02_batch_run/logs/checkpoints/P3_MEAN_ROLLOUT_0618/2025-07-15.json.gz,1ae68c9a80c90d8725ad113f0511fe495729d8e4ab3386972427338cad5bf69b,240386,batch_log_or_checkpoint,只读冻结；未执行
A_route/problem3/02_batch_run/logs/checkpoints/P3_MEAN_ROLLOUT_0618/2025-07-16.json.gz,2ab0b14efd789fcb5c7dc77c4a6e62aaaf8d47e0d164e7762812004014deaed8,240399,batch_log_or_checkpoint,只读冻结；未执行
A_route/problem3/02_batch_run/logs/checkpoints/P3_MEAN_ROLLOUT_0618/2025-07-17.json.gz,4107c8d723859946df5f175880692c4c0489601d37c90c47adccc9dcac20f702,240932,batch_log_or_checkpoint,只读冻结；未执行
A_route/problem3/02_batch_run/logs/checkpoints/P3_MEAN_ROLLOUT_0618/2025-07-18.json.gz,36593e96342aba19db49b96f8c0bc45072794676533f35fd40b1f358ed649c46,229159,batch_log_or_checkpoint,只读冻结；未执行
A_route/problem3/02_batch_run/logs/checkpoints/P3_MEAN_ROLLOUT_0618/2025-07-19.json.gz,e10ccc23b303cfb9b4797c227fefb22d7520ced673534edfcb08efce6a71734f,229954,batch_log_or_checkpoint,只读冻结；未执行
A_route/problem3/02_batch_run/logs/checkpoints/P3_MEAN_ROLLOUT_0618/2025-07-20.json.gz,ba2f5b2a32b18122af1e46597c33bfb8c0f8983d7f1a05aaa1447a73c5f39aab,240651,batch_log_or_checkpoint,只读冻结；未执行
A_route/problem3/02_batch_run/logs/checkpoints/P3_MEAN_ROLLOUT_0618/2025-07-21.json.gz,3801961345db4cdd325a8c9624243fc1eae0778bef93e3d40da3eaf7ba1f4df2,239740,batch_log_or_checkpoint,只读冻结；未执行
A_route/problem3/02_batch_run/logs/checkpoints/P3_MEAN_ROLLOUT_0618/2025-07-22.json.gz,d0c87cf22106ee0b5c2284ef32b4ae00c0cd5848eee4c1d962bd9915ea8e0d96,253680,batch_log_or_checkpoint,只读冻结；未执行
A_route/problem3/02_batch_run/logs/checkpoints/P3_MEAN_ROLLOUT_0618/2025-07-23.json.gz,0de8826778eff226ccb525a3c00a2a8e5af766287baf4119f96d4b7e34dbf378,240503,batch_log_or_checkpoint,只读冻结；未执行
A_route/problem3/02_batch_run/logs/checkpoints/P3_MEAN_ROLLOUT_0618/2025-07-24.json.gz,41112d4d30decc11a21b6e9dd939bc7dcd6345df0220dcf0b5ab0107dd26a762,235450,batch_log_or_checkpoint,只读冻结；未执行
A_route/problem3/02_batch_run/logs/checkpoints/P3_MEAN_ROLLOUT_0618/2025-07-25.json.gz,ea38d7d8fe393b7ca93bef85319aaf42451e6aac56abbf363f1cb715259b27c9,226833,batch_log_or_checkpoint,只读冻结；未执行
A_route/problem3/02_batch_run/logs/checkpoints/P3_MEAN_ROLLOUT_0618/2025-07-26.json.gz,b8199777c697ae41f55f63cff01f03dc8258505c7261274a8ab33b5bc92d3564,232362,batch_log_or_checkpoint,只读冻结；未执行
A_route/problem3/02_batch_run/logs/checkpoints/P3_MEAN_ROLLOUT_0618/2025-07-27.json.gz,9f2279b62d4aa9075c6c506df16a2f983cc656aa6c18d715b28945a2c23eeb6e,243486,batch_log_or_checkpoint,只读冻结；未执行
A_route/problem3/02_batch_run/logs/checkpoints/P3_MEAN_ROLLOUT_0618/2025-07-28.json.gz,356c71447df716a9315e736574c4a5604fdfc0e79abf9ac28c0fc977653b88f7,240835,batch_log_or_checkpoint,只读冻结；未执行
A_route/problem3/02_batch_run/logs/checkpoints/P3_MEAN_ROLLOUT_0618/2025-07-29.json.gz,8a1db3e20f32d959a128f47cac8f0f3cd13915b891a877ccfe3060854fe1586e,242566,batch_log_or_checkpoint,只读冻结；未执行
A_route/problem3/02_batch_run/logs/checkpoints/P3_MEAN_ROLLOUT_0618/2025-07-30.json.gz,b93de18344640e1667f19d9eff8f99c1d180f684013c65f714fea6d75f7abcc9,253057,batch_log_or_checkpoint,只读冻结；未执行
A_route/problem3/02_batch_run/logs/checkpoints/P3_MEAN_ROLLOUT_0618/2025-07-31.json.gz,c6c8480a8c1a2f1bef6d384a7934df8bab6d8995c01f78a59465021e7125c3e8,236999,batch_log_or_checkpoint,只读冻结；未执行
A_route/problem3/02_batch_run/logs/checkpoints/P3_MEAN_ROLLOUT_0618/2025-08-01.json.gz,e769bd1029d15c6f6572f9b7f36aa1e8923307a6a861b0403ad777b1ae2c3741,224893,batch_log_or_checkpoint,只读冻结；未执行
A_route/problem3/02_batch_run/logs/checkpoints/P3_MEAN_ROLLOUT_0618/2025-08-02.json.gz,b32b495b8d61d1686bcc4f3bce08fab67fa0294f80e88dc44136a1aaa11fe20b,231557,batch_log_or_checkpoint,只读冻结；未执行
A_route/problem3/02_batch_run/logs/checkpoints/P3_MEAN_ROLLOUT_0618/2025-08-03.json.gz,98c88afbc781e742c74de38b009592445cd853e5122b1e83d584a916ce898e6e,243136,batch_log_or_checkpoint,只读冻结；未执行
A_route/problem3/02_batch_run/logs/checkpoints/P3_MEAN_ROLLOUT_0618/2025-08-04.json.gz,e38206511b6949deb990a79b9cc113a3f21c6317d9a3a0457bbabf5810d86912,245282,batch_log_or_checkpoint,只读冻结；未执行
A_route/problem3/02_batch_run/logs/checkpoints/P3_MEAN_ROLLOUT_0618/2025-08-05.json.gz,079bc0f02e32c78171c45177c8af6199cbadc3be9c67d65247a48f60d6fc3284,247988,batch_log_or_checkpoint,只读冻结；未执行
A_route/problem3/02_batch_run/logs/checkpoints/P3_MEAN_ROLLOUT_0618/2025-08-06.json.gz,aec11a78b789ef5dcd6252c23a52cbd8aa5b4c1a79c0c07542fe2ebcbbc720f1,238788,batch_log_or_checkpoint,只读冻结；未执行
A_route/problem3/02_batch_run/logs/checkpoints/P3_MEAN_ROLLOUT_0618/2025-08-07.json.gz,63be6e8f449e27fe46f9c03d6a1e011cb563f14d7cdf5c7b98c510a888f25c5d,242363,batch_log_or_checkpoint,只读冻结；未执行
A_route/problem3/02_batch_run/logs/checkpoints/P3_MEAN_ROLLOUT_0618/2025-08-08.json.gz,a8dbb45f2c3163972f63a1ac2dd4c6b5bfeb6da215cfd9a621cb8c26e342f60e,224293,batch_log_or_checkpoint,只读冻结；未执行
A_route/problem3/02_batch_run/logs/checkpoints/P3_MEAN_ROLLOUT_0618/2025-08-09.json.gz,eb76f44895b1f99c000f5b0b9fbeeff447f2cf8533772296c84b2a52d0b4dc81,230131,batch_log_or_checkpoint,只读冻结；未执行
A_route/problem3/02_batch_run/logs/checkpoints/P3_MEAN_ROLLOUT_0618/2025-08-10.json.gz,2bfd89b497802c207fa95adf8e8e21f29f7b15039c61589a0a78764d5efd4dd1,240781,batch_log_or_checkpoint,只读冻结；未执行
A_route/problem3/02_batch_run/logs/checkpoints/P3_MEAN_ROLLOUT_0618/2025-08-11.json.gz,e076049ecf51d98ae7f33342b29b129a9d814526ba2b8f7ee9ca4328e63eec6a,249790,batch_log_or_checkpoint,只读冻结；未执行
A_route/problem3/02_batch_run/logs/checkpoints/P3_MEAN_ROLLOUT_0618/2025-08-12.json.gz,b0f20efd44f3ce2f0cb5d03bae8065a6c4bcd235371de7970f273b59d3d1ed13,250032,batch_log_or_checkpoint,只读冻结；未执行
A_route/problem3/02_batch_run/logs/checkpoints/P3_MEAN_ROLLOUT_0618/2025-08-13.json.gz,95691a68e37805747061e94e92e10d94e2c0aa61f43dff920cdd43645760e4bd,250208,batch_log_or_checkpoint,只读冻结；未执行
A_route/problem3/02_batch_run/logs/checkpoints/P3_MEAN_ROLLOUT_0618/2025-08-14.json.gz,a6a3e7577d22b32597144d44d964411aaac9afddc5ac370a6e3ebaa523901e95,244014,batch_log_or_checkpoint,只读冻结；未执行
A_route/problem3/02_batch_run/logs/checkpoints/P3_MEAN_ROLLOUT_0618/2025-08-15.json.gz,b2c185261c3378738818edfe11a1af053e04133b3e90978af8b14ea2307050ba,227521,batch_log_or_checkpoint,只读冻结；未执行
A_route/problem3/02_batch_run/logs/checkpoints/P3_MEAN_ROLLOUT_0618/2025-08-16.json.gz,4601122f3d58610da674e046b7e229f43c844ec0cf7b8502fab8ad1b9af95577,231492,batch_log_or_checkpoint,只读冻结；未执行
A_route/problem3/02_batch_run/logs/checkpoints/P3_MEAN_ROLLOUT_0618/2025-08-17.json.gz,2dc6db4086f4e958479ca34dc5d06bd107db0a5e8420c7dcb5b7f689dc1238fb,241678,batch_log_or_checkpoint,只读冻结；未执行
A_route/problem3/02_batch_run/logs/checkpoints/P3_MEAN_ROLLOUT_0618/2025-08-18.json.gz,935ccd57432bb3da39db4a702edc541d4bf5e6226e42b11762f2c570b2efc69b,246185,batch_log_or_checkpoint,只读冻结；未执行
A_route/problem3/02_batch_run/logs/checkpoints/P3_MEAN_ROLLOUT_0618/2025-08-19.json.gz,904629cd2a1f3f153155631b972e3a294a05467bda43e6418a33bd510b25b154,241641,batch_log_or_checkpoint,只读冻结；未执行
A_route/problem3/02_batch_run/logs/checkpoints/P3_MEAN_ROLLOUT_0618/2025-08-20.json.gz,bf63c474a57e54468aa4863354d886533041ae15c03cad498b687dfec56ca042,246936,batch_log_or_checkpoint,只读冻结；未执行
A_route/problem3/02_batch_run/logs/checkpoints/P3_MEAN_ROLLOUT_0618/2025-08-21.json.gz,ea397705f2afb66149c534f432418886b929b96b59f2d173593e68c46a2f9301,239759,batch_log_or_checkpoint,只读冻结；未执行
A_route/problem3/02_batch_run/logs/checkpoints/P3_MEAN_ROLLOUT_0618/2025-08-22.json.gz,46c7b4dbfea7095b63c902d4d7be0623bdccf99847d7244217fbe9718c1c1664,227538,batch_log_or_checkpoint,只读冻结；未执行
A_route/problem3/02_batch_run/logs/checkpoints/P3_MEAN_ROLLOUT_0618/2025-08-23.json.gz,81351bfb67921b6f599e8c5e5f302aa1bf050e6de78bef87e53244ff4f1bdc39,234853,batch_log_or_checkpoint,只读冻结；未执行
A_route/problem3/02_batch_run/logs/checkpoints/P3_MEAN_ROLLOUT_0618/2025-08-24.json.gz,548227a74b94ec569221f03927b0dbdd11f09fd456a780ec6d674d03c594c113,243968,batch_log_or_checkpoint,只读冻结；未执行
A_route/problem3/02_batch_run/logs/checkpoints/P3_MEAN_ROLLOUT_0618/2025-08-25.json.gz,f8dadd88fe994cf4984fe625c739aa9fca2f437e4bfa65be69d0f43cb61782b3,239506,batch_log_or_checkpoint,只读冻结；未执行
A_route/problem3/02_batch_run/logs/checkpoints/P3_MEAN_ROLLOUT_0618/2025-08-26.json.gz,73187b82a2e99e215e86a689c773b4b57fc3fba77f6d52562dcb596fda8c9857,245196,batch_log_or_checkpoint,只读冻结；未执行
A_route/problem3/02_batch_run/logs/checkpoints/P3_MEAN_ROLLOUT_0618/2025-08-27.json.gz,2ebd28ba5017b487b73c81055a95b1977a40d215f04d06639094912fd23c2063,254527,batch_log_or_checkpoint,只读冻结；未执行
A_route/problem3/02_batch_run/logs/checkpoints/P3_MEAN_ROLLOUT_0618/2025-08-28.json.gz,71f4d356e14fe05d5b3bb020131c34ecd7f1c0de0ea513f4b1eee958bb843a3d,253251,batch_log_or_checkpoint,只读冻结；未执行
A_route/problem3/02_batch_run/logs/checkpoints/P3_MEAN_ROLLOUT_0618/2025-08-29.json.gz,f73db6b47dd222d780ee0688a01aa0706bb32ad89b149e78dee0ce1c037f279c,223214,batch_log_or_checkpoint,只读冻结；未执行
A_route/problem3/02_batch_run/logs/checkpoints/P3_MEAN_ROLLOUT_0618/2025-08-30.json.gz,64d91228d2baa6aa576580106e1ae0a942cc832fb74bbbefc7beb8843dfaeac0,231745,batch_log_or_checkpoint,只读冻结；未执行
A_route/problem3/02_batch_run/logs/checkpoints/P3_MEAN_ROLLOUT_0618/2025-08-31.json.gz,451699759f07fff7f9510a9629c6753152aad2ba5305d3b8a94301b5e5bb6165,244014,batch_log_or_checkpoint,只读冻结；未执行
A_route/problem3/02_batch_run/logs/checkpoints/P3_MEAN_ROLLOUT_0618/2025-09-01.json.gz,d4dc6d80c989a8c6236f03988df1241ce6bc009ab75ff0a833c721961363ca32,238513,batch_log_or_checkpoint,只读冻结；未执行
A_route/problem3/02_batch_run/logs/checkpoints/P3_MEAN_ROLLOUT_0618/2025-09-02.json.gz,f7ef42e720336b4cb3b061f7ffa8d11eb9df0b5034fa225b190500937db8cf6c,250864,batch_log_or_checkpoint,只读冻结；未执行
A_route/problem3/02_batch_run/logs/checkpoints/P3_MEAN_ROLLOUT_0618/2025-09-03.json.gz,4de369efdd7450fb66beeae3f22598a3d9cf3a5ad7f3a8bb34bb0119ad74ed21,239653,batch_log_or_checkpoint,只读冻结；未执行
A_route/problem3/02_batch_run/logs/checkpoints/P3_MEAN_ROLLOUT_0618/2025-09-04.json.gz,7a9a40c6ed9d3098d5df4fc349f796ebb067c0437669b106da70c9890d2c51ac,233182,batch_log_or_checkpoint,只读冻结；未执行
A_route/problem3/02_batch_run/logs/checkpoints/P3_MEAN_ROLLOUT_0618/2025-09-05.json.gz,59a0df6cf0c11e08581be1b2c431c7153a63479acf304b0a6ae27dbe77235728,221851,batch_log_or_checkpoint,只读冻结；未执行
A_route/problem3/02_batch_run/logs/checkpoints/P3_MEAN_ROLLOUT_0618/2025-09-06.json.gz,7331f96675e2ad0bad55fb8dd9b4aada4a8094364d53f7aaf75f98fab0bcc5c8,228551,batch_log_or_checkpoint,只读冻结；未执行
A_route/problem3/02_batch_run/logs/checkpoints/P3_MEAN_ROLLOUT_0618/2025-09-07.json.gz,11cbf10a7e5c48987dad789936a867d1be3a18440cb3e3e8cc36a05075886f22,241013,batch_log_or_checkpoint,只读冻结；未执行
A_route/problem3/02_batch_run/logs/checkpoints/P3_MEAN_ROLLOUT_0618/2025-09-08.json.gz,09ab72141069609bda41cc4bc6c5d0c8a98b8cd7a69091bec62de1ba40501b68,242847,batch_log_or_checkpoint,只读冻结；未执行
A_route/problem3/02_batch_run/logs/checkpoints/P3_MEAN_ROLLOUT_0618/2025-09-09.json.gz,42d5f29a408cbd3bf7b2fe1e58b80f1a50b5af93223d6f67ac4561c1ed3b3b52,248564,batch_log_or_checkpoint,只读冻结；未执行
A_route/problem3/02_batch_run/logs/checkpoints/P3_MEAN_ROLLOUT_0618/2025-09-10.json.gz,0d5b4c9373647d0784ae9e9d1ca46c9bc8f7ff6e506645d71d164223ad0806c3,242787,batch_log_or_checkpoint,只读冻结；未执行
A_route/problem3/02_batch_run/logs/checkpoints/P3_MEAN_ROLLOUT_0618/2025-09-11.json.gz,2195f0b74c082816d8296aec65ee2f50fe8d0cd47630d4f1f01739e059ba382f,235743,batch_log_or_checkpoint,只读冻结；未执行
A_route/problem3/02_batch_run/logs/checkpoints/P3_MEAN_ROLLOUT_0618/2025-09-12.json.gz,f2e8232558d9a054647f4818d490e15801436033b2ff93cfa804a48587ea8001,226489,batch_log_or_checkpoint,只读冻结；未执行
A_route/problem3/02_batch_run/logs/checkpoints/P3_MEAN_ROLLOUT_0618/2025-09-13.json.gz,eb3e666ece26b8f55ec3130ae177fc2502dd44d599f6f63c759d5fa1cf7de9ad,228484,batch_log_or_checkpoint,只读冻结；未执行
A_route/problem3/02_batch_run/logs/checkpoints/P3_MEAN_ROLLOUT_0618/2025-09-14.json.gz,a757fcbf54a471ad1eacdf3ec034a3e26c9f85240f1b57c2c480e55eddd66294,237535,batch_log_or_checkpoint,只读冻结；未执行
A_route/problem3/02_batch_run/logs/checkpoints/P3_MEAN_ROLLOUT_0618/2025-09-15.json.gz,e0732775f36e28b01463d352b931b7329a8857cdad94e7eba2bb0392ed9f1275,241379,batch_log_or_checkpoint,只读冻结；未执行
A_route/problem3/02_batch_run/logs/checkpoints/P3_MEAN_ROLLOUT_0618/2025-09-16.json.gz,96be78aa80bcf79bde81497f3b0ed439a2b03bd383ec26a3c84a2674f7d3380e,243215,batch_log_or_checkpoint,只读冻结；未执行
A_route/problem3/02_batch_run/logs/checkpoints/P3_MEAN_ROLLOUT_0618/2025-09-17.json.gz,7abdd66ca3f8edc9e6b18ae00aa61899db4a01f9f038676154fb0d6158daa8bd,238558,batch_log_or_checkpoint,只读冻结；未执行
A_route/problem3/02_batch_run/logs/checkpoints/P3_MEAN_ROLLOUT_0618/2025-09-18.json.gz,74c86cc071576fe641361d2da8250b45d47c70a214c11f8e673c5209564e0d81,249853,batch_log_or_checkpoint,只读冻结；未执行
A_route/problem3/02_batch_run/logs/checkpoints/P3_MEAN_ROLLOUT_0618/2025-09-19.json.gz,12fe49b93b29267421a9a23f9708735a3c9b3773c93281a783bbb2c520f02d16,230687,batch_log_or_checkpoint,只读冻结；未执行
A_route/problem3/02_batch_run/logs/checkpoints/P3_MEAN_ROLLOUT_0618/2025-09-20.json.gz,81c75c1c992fca231c6a6eb092f14cfff63930f68d688c0a7bb339cb9c4f302a,232044,batch_log_or_checkpoint,只读冻结；未执行
A_route/problem3/02_batch_run/logs/checkpoints/P3_MEAN_ROLLOUT_0618/2025-09-21.json.gz,2326ee4f85f8b7903fe79022f7751ee7d3ef0ab290e7b55450bee6d6e044ddd8,240304,batch_log_or_checkpoint,只读冻结；未执行
A_route/problem3/02_batch_run/logs/checkpoints/P3_MEAN_ROLLOUT_0618/2025-09-22.json.gz,ea971154d3c2231def3a7fccd1495cd2273477969c9493dfea95c40db1b74b57,240427,batch_log_or_checkpoint,只读冻结；未执行
A_route/problem3/02_batch_run/logs/checkpoints/P3_MEAN_ROLLOUT_0618/2025-09-23.json.gz,33f3abbb008685282210dccc480d92cf4b9d9d3390d1ce1860843c8389d39977,237245,batch_log_or_checkpoint,只读冻结；未执行
A_route/problem3/02_batch_run/logs/checkpoints/P3_MEAN_ROLLOUT_0618/2025-09-24.json.gz,634d82c57441cca231265058f3a8d76128714c44916098f47061736bcb14a940,250981,batch_log_or_checkpoint,只读冻结；未执行
A_route/problem3/02_batch_run/logs/checkpoints/P3_MEAN_ROLLOUT_0618/2025-09-25.json.gz,28c0b5d733ea45aaa0fc2509282cc152e75e40be6e58b1794e883dc11126ad4f,242411,batch_log_or_checkpoint,只读冻结；未执行
A_route/problem3/02_batch_run/logs/checkpoints/P3_MEAN_ROLLOUT_0618/2025-09-26.json.gz,8fc51e2b18c23c9b4f0acc3f7e4eacdcc1e55f203bc6c17b02a3b90f5548e22a,224201,batch_log_or_checkpoint,只读冻结；未执行
A_route/problem3/02_batch_run/logs/checkpoints/P3_MEAN_ROLLOUT_0618/2025-09-27.json.gz,74da2108a8e87a5d8ab7a84a184348d4042c34109eadb111d11c25d4b27e9e96,235356,batch_log_or_checkpoint,只读冻结；未执行
A_route/problem3/02_batch_run/logs/checkpoints/P3_MEAN_ROLLOUT_0618/2025-09-28.json.gz,b47c3f088d487f94ac11cf967393b006c092ea6a7f480efe208079dd94b119fb,252526,batch_log_or_checkpoint,只读冻结；未执行
A_route/problem3/02_batch_run/logs/checkpoints/P3_MEAN_ROLLOUT_0618/2025-09-29.json.gz,44b6371c350a2871281ab24f75cdd275e0dcde026e6a4c358291c246a4cb4453,236873,batch_log_or_checkpoint,只读冻结；未执行
A_route/problem3/02_batch_run/logs/checkpoints/P3_MEAN_ROLLOUT_0618/2025-09-30.json.gz,1f7b857ebe58c49864f3769c6e680ebdfb328749d87f78e5f8b10c07827e9469,244694,batch_log_or_checkpoint,只读冻结；未执行
A_route/problem3/02_batch_run/logs/checkpoints/P3_MEAN_ROLLOUT_0618/2025-10-01.json.gz,502ceaef1d090402ce722d12db059102530a6422454ba476579cd9ea100aacb9,236217,batch_log_or_checkpoint,只读冻结；未执行
A_route/problem3/02_batch_run/logs/checkpoints/P3_MEAN_ROLLOUT_0618/2025-10-02.json.gz,b8bba367ee8863a31335c491fd66a6af57967384608e29f118bfe187e800533b,232457,batch_log_or_checkpoint,只读冻结；未执行
A_route/problem3/02_batch_run/logs/checkpoints/P3_MEAN_ROLLOUT_0618/2025-10-03.json.gz,0be76c1229296271c00c7f38f2b9a16f7a3d4416e6b626fe2426660665675286,223807,batch_log_or_checkpoint,只读冻结；未执行
A_route/problem3/02_batch_run/logs/checkpoints/P3_MEAN_ROLLOUT_0618/2025-10-04.json.gz,123bbc5e6e4f6c6fe8218f378c0d699a8bc94ebad13d2a02b0277a0b4d0a39e8,228280,batch_log_or_checkpoint,只读冻结；未执行
A_route/problem3/02_batch_run/logs/checkpoints/P3_MEAN_ROLLOUT_0618/2025-10-05.json.gz,76704dcf76fdb98df1dbdb1a2e8b4a968765c1bdd8a3cfcac4020f7c9aa6b805,237646,batch_log_or_checkpoint,只读冻结；未执行
A_route/problem3/02_batch_run/logs/checkpoints/P3_MEAN_ROLLOUT_0618/2025-10-06.json.gz,a9212d72d1e9df185be2137be48974ae0ad9ddd71b5cb9b0f821dddddec2bf18,242093,batch_log_or_checkpoint,只读冻结；未执行
A_route/problem3/02_batch_run/logs/checkpoints/P3_MEAN_ROLLOUT_0618/2025-10-07.json.gz,1c49dc7de0cc7665a323673881d0aaa01c7244a23cbf3cdfc912dc2d4152b7a7,237379,batch_log_or_checkpoint,只读冻结；未执行
A_route/problem3/02_batch_run/logs/checkpoints/P3_MEAN_ROLLOUT_0618/2025-10-08.json.gz,c154c7f12842747b3e3dcf7555d0237b4dc3907673dbd71c13527ba622193a3e,235810,batch_log_or_checkpoint,只读冻结；未执行
A_route/problem3/02_batch_run/logs/checkpoints/P3_MEAN_ROLLOUT_0618/2025-10-09.json.gz,2d2d0ae7a0eec50500a0e6c90aa25f3bb42fa9cbf67440bc0de2451a83cbf66e,231308,batch_log_or_checkpoint,只读冻结；未执行
A_route/problem3/02_batch_run/logs/checkpoints/P3_MEAN_ROLLOUT_0618/2025-10-10.json.gz,f393e26ed766afb1ff303dcdca38c071bf501df894b529c9880626b3a7e00a24,225803,batch_log_or_checkpoint,只读冻结；未执行
A_route/problem3/02_batch_run/logs/checkpoints/P3_MEAN_ROLLOUT_0618/2025-10-11.json.gz,5f1416f51f084578f1717de6356fca6e87289b83f75893b4a8b0d08cec07864d,228418,batch_log_or_checkpoint,只读冻结；未执行
A_route/problem3/02_batch_run/logs/checkpoints/P3_MEAN_ROLLOUT_0618/2025-10-12.json.gz,be99e0b7ae125d789d7725af236d20d8482404cc3fdc384761a752e45c3dbd9c,240993,batch_log_or_checkpoint,只读冻结；未执行
A_route/problem3/02_batch_run/logs/checkpoints/P3_MEAN_ROLLOUT_0618/2025-10-13.json.gz,6311e99808ea8b1317b0c16bbe0973b412453b1942a74f2f0695df1f6fad1181,238116,batch_log_or_checkpoint,只读冻结；未执行
A_route/problem3/02_batch_run/logs/checkpoints/P3_MEAN_ROLLOUT_0618/2025-10-14.json.gz,dc1d9804a801d016e69364ba4b23b82d34ad286709e9dc7b98dd81af0cf9a527,240498,batch_log_or_checkpoint,只读冻结；未执行
A_route/problem3/02_batch_run/logs/checkpoints/P3_MEAN_ROLLOUT_0618/2025-10-15.json.gz,684866a0404a78133ade656a70f1b8c1d75ea6f27d733e4dc8dca2e56969b868,235568,batch_log_or_checkpoint,只读冻结；未执行
A_route/problem3/02_batch_run/logs/checkpoints/P3_MEAN_ROLLOUT_0618/2025-10-16.json.gz,20056f84ed0aa0e2231803e8e1aef12a0c8c87eab4dadc140d86dcb147ff1dfa,239750,batch_log_or_checkpoint,只读冻结；未执行
A_route/problem3/02_batch_run/logs/checkpoints/P3_MEAN_ROLLOUT_0618/2025-10-17.json.gz,ce69897c1fa474b0001097df128e01d239497178762587304d1613ba00ff1254,230147,batch_log_or_checkpoint,只读冻结；未执行
A_route/problem3/02_batch_run/logs/checkpoints/P3_MEAN_ROLLOUT_0618/2025-10-18.json.gz,4deaad205fa0e696bf0c400695e5ad2b3a2cd296b13def3deabffc8a5a1cbf9e,230745,batch_log_or_checkpoint,只读冻结；未执行
A_route/problem3/02_batch_run/logs/checkpoints/P3_MEAN_ROLLOUT_0618/2025-10-19.json.gz,7318426d5cd4c1c54cda6b3e6590e6dca6cea368124c78221f76a08d8ff6cf77,239589,batch_log_or_checkpoint,只读冻结；未执行
A_route/problem3/02_batch_run/logs/checkpoints/P3_MEAN_ROLLOUT_0618/2025-10-20.json.gz,2af86f3e4fc2b7589b90caeff31026ef2ca7c24efd9a636f3240da2d4d15511a,236146,batch_log_or_checkpoint,只读冻结；未执行
A_route/problem3/02_batch_run/logs/checkpoints/P3_MEAN_ROLLOUT_0618/2025-10-21.json.gz,a5bc0b67c3cd5611680e4fea9e00ff130cb2da9bfe241f5bfaa9a06d6ffb3457,239354,batch_log_or_checkpoint,只读冻结；未执行
A_route/problem3/02_batch_run/logs/checkpoints/P3_MEAN_ROLLOUT_0618/2025-10-22.json.gz,5db14f3aea8d3cdd07c31758ec1d449f44d0f3b5e1191022d38e3f15191fca31,239634,batch_log_or_checkpoint,只读冻结；未执行
A_route/problem3/02_batch_run/logs/checkpoints/P3_MEAN_ROLLOUT_0618/2025-10-23.json.gz,c5b8cf26148221146f2f68539908140047e3f797c4403b348952ef64b8d46bc4,237069,batch_log_or_checkpoint,只读冻结；未执行
A_route/problem3/02_batch_run/logs/checkpoints/P3_MEAN_ROLLOUT_0618/2025-10-24.json.gz,a91749798cb03742c9f5f357782b951faa4d91836ef8bdadc634db3fe09566bf,227206,batch_log_or_checkpoint,只读冻结；未执行
A_route/problem3/02_batch_run/logs/checkpoints/P3_MEAN_ROLLOUT_0618/2025-10-25.json.gz,d0af8519445c2539660aafad728ff59963ec226cb4f98d5ccefe28a8725af455,229198,batch_log_or_checkpoint,只读冻结；未执行
A_route/problem3/02_batch_run/logs/checkpoints/P3_MEAN_ROLLOUT_0618/2025-10-26.json.gz,701c674a455a2d0ae4d82f3a83d73f5ead1bf5f6550fe47cafba1b3c8cf9e827,238372,batch_log_or_checkpoint,只读冻结；未执行
A_route/problem3/02_batch_run/logs/checkpoints/P3_MEAN_ROLLOUT_0618/2025-10-27.json.gz,8e449064ab2ca149259b7a42aa841c36871442cb977120e8cf6094a1d19ee173,250457,batch_log_or_checkpoint,只读冻结；未执行
A_route/problem3/02_batch_run/logs/checkpoints/P3_MEAN_ROLLOUT_0618/2025-10-28.json.gz,720b0ce98880de280a320d786a01db52f2cc470f4e56f86a4533f5ff7ca48615,246190,batch_log_or_checkpoint,只读冻结；未执行
A_route/problem3/02_batch_run/logs/checkpoints/P3_MEAN_ROLLOUT_0618/2025-10-29.json.gz,46fc93b0eb1a2636c990e05ec5c6389c9e3c83de550d65b145c19aa39ed1758f,239343,batch_log_or_checkpoint,只读冻结；未执行
A_route/problem3/02_batch_run/logs/checkpoints/P3_MEAN_ROLLOUT_0618/2025-10-30.json.gz,595e0e89f2a28501453fb24ecba5d1d9c90df73aac90f7a00e20ae84a63369c9,238672,batch_log_or_checkpoint,只读冻结；未执行
A_route/problem3/02_batch_run/logs/checkpoints/P3_MEAN_ROLLOUT_0618/2025-10-31.json.gz,b0ef19bdf4189b86b64e94386dec54388fdeefa2f70520db8f84d66ca27a8fd7,228948,batch_log_or_checkpoint,只读冻结；未执行
A_route/problem3/02_batch_run/logs/checkpoints/P3_MEAN_ROLLOUT_0618/2025-11-01.json.gz,760d13aed37a3c138f761cbc6ae0e366dde64d4e03806f239a2ae10eb67cd294,230628,batch_log_or_checkpoint,只读冻结；未执行
A_route/problem3/02_batch_run/logs/checkpoints/P3_MEAN_ROLLOUT_0618/2025-11-02.json.gz,7afd2f6a47bf0c5e8c0a6e55a00781a8b6b3ab8616c4f8cb51b4e4fa988a236a,253525,batch_log_or_checkpoint,只读冻结；未执行
A_route/problem3/02_batch_run/logs/checkpoints/P3_MEAN_ROLLOUT_0618/2025-11-03.json.gz,ef66ccd88c4e2d6590c894a83c50b3370858a1fa0ece5e63bd8a443b326d8808,243408,batch_log_or_checkpoint,只读冻结；未执行
A_route/problem3/02_batch_run/logs/checkpoints/P3_MEAN_ROLLOUT_0618/2025-11-04.json.gz,5942443c5d6d4b538feafca8a896bc856d5268b5cf7e73f84fb0717acbf9447b,245813,batch_log_or_checkpoint,只读冻结；未执行
A_route/problem3/02_batch_run/logs/checkpoints/P3_MEAN_ROLLOUT_0618/2025-11-05.json.gz,ac27f71de43a7b7cb98bf454fe2bdad6236097cbae9afe666ed52d0ef7425395,239715,batch_log_or_checkpoint,只读冻结；未执行
A_route/problem3/02_batch_run/logs/checkpoints/P3_MEAN_ROLLOUT_0618/2025-11-06.json.gz,f7a26a8393d29456442fafc3c12dbd3e992887b4ba66fa88a70611d5fd9701e9,251695,batch_log_or_checkpoint,只读冻结；未执行
A_route/problem3/02_batch_run/logs/checkpoints/P3_MEAN_ROLLOUT_0618/2025-11-07.json.gz,511d355dca12f3ec7efe5d265d85cff9d98b1f95ca1340d29875d68e23edf88c,234551,batch_log_or_checkpoint,只读冻结；未执行
A_route/problem3/02_batch_run/logs/checkpoints/P3_MEAN_ROLLOUT_0618/2025-11-08.json.gz,9ad2c1814ca94adb0829ed9aeb1bb01ff87a1075b82d65a5abd0f3f9efeeaa15,230463,batch_log_or_checkpoint,只读冻结；未执行
A_route/problem3/02_batch_run/logs/checkpoints/P3_MEAN_ROLLOUT_0618/2025-11-09.json.gz,7025e738295c06c38d3cdcd0fc3266fe8c068a614a0b61e1e4e4f4526a78d9bd,239924,batch_log_or_checkpoint,只读冻结；未执行
A_route/problem3/02_batch_run/logs/checkpoints/P3_MEAN_ROLLOUT_0618/2025-11-10.json.gz,10168e80f069b6dca6ea1a617ff0fa50c3ad63bbc0f2af90ec1aab12abcfe58a,249205,batch_log_or_checkpoint,只读冻结；未执行
A_route/problem3/02_batch_run/logs/checkpoints/P3_MEAN_ROLLOUT_0618/2025-11-11.json.gz,fbb63380af7f43ffaff5154f74e3e28c47abcc5fee7ba088c865d60903a60004,238961,batch_log_or_checkpoint,只读冻结；未执行
A_route/problem3/02_batch_run/logs/checkpoints/P3_MEAN_ROLLOUT_0618/2025-11-12.json.gz,55ab3e6d6f247eec566f75e1e103fb61507c819611366b3dada7e97749e8f87b,247669,batch_log_or_checkpoint,只读冻结；未执行
A_route/problem3/02_batch_run/logs/checkpoints/P3_MEAN_ROLLOUT_0618/2025-11-13.json.gz,8ced3aa751ad00aaaaf6ddfee86bde72e1486e1efb943a17f9d118b270b656e0,246261,batch_log_or_checkpoint,只读冻结；未执行
A_route/problem3/02_batch_run/logs/checkpoints/P3_MEAN_ROLLOUT_0618/2025-11-14.json.gz,10a2a6fbeaf22bddc20761190fdb54bd8bffee4287c4e1a6588ff5e4db473f4c,227675,batch_log_or_checkpoint,只读冻结；未执行
A_route/problem3/02_batch_run/logs/checkpoints/P3_MEAN_ROLLOUT_0618/2025-11-15.json.gz,a0d93bcd9faf9edfad85efdc5c2b00273412998b9acd829daf8d83e566c1cc59,232739,batch_log_or_checkpoint,只读冻结；未执行
A_route/problem3/02_batch_run/logs/checkpoints/P3_MEAN_ROLLOUT_0618/2025-11-16.json.gz,8760b88b1893c9d2cd2e842f45348c86ac641d6e25f844dcc78ea3152079106a,250856,batch_log_or_checkpoint,只读冻结；未执行
A_route/problem3/02_batch_run/logs/checkpoints/P3_MEAN_ROLLOUT_0618/2025-11-17.json.gz,e0727fa6a7e909a0f43d1f268cea6fe16669ba5f286b5a44606adfc05d00b8f1,252748,batch_log_or_checkpoint,只读冻结；未执行
A_route/problem3/02_batch_run/logs/checkpoints/P3_MEAN_ROLLOUT_0618/2025-11-18.json.gz,6af5b3e37da75742d4c9ed8d07edab56938e425561294c919192b671e2cb3cf1,240187,batch_log_or_checkpoint,只读冻结；未执行
A_route/problem3/02_batch_run/logs/checkpoints/P3_MEAN_ROLLOUT_0618/2025-11-19.json.gz,5deaff97fb8b3f6be52dc8f43b98b2995fd2cb2d0cdd7c43858a2401d5096a6e,257567,batch_log_or_checkpoint,只读冻结；未执行
A_route/problem3/02_batch_run/logs/checkpoints/P3_MEAN_ROLLOUT_0618/2025-11-20.json.gz,deba2692efd2d5e2a1726ff15a8db4631f7fd648876708f59152e2ecd839a88c,244436,batch_log_or_checkpoint,只读冻结；未执行
A_route/problem3/02_batch_run/logs/checkpoints/P3_MEAN_ROLLOUT_0618/2025-11-21.json.gz,dc91481e429c5b2efb1ff3aa9330dffe68fa4ea3b65701da9b35bdcbeef96187,238415,batch_log_or_checkpoint,只读冻结；未执行
A_route/problem3/02_batch_run/logs/checkpoints/P3_MEAN_ROLLOUT_0618/2025-11-22.json.gz,1041197bdf20299ea0f7f2d8f249bfaa90f068d7b0e00ee8c120f29ba9a851a6,232095,batch_log_or_checkpoint,只读冻结；未执行
A_route/problem3/02_batch_run/logs/checkpoints/P3_MEAN_ROLLOUT_0618/2025-11-23.json.gz,9db171179b095d75ad7b39ee2137801fc3fee5fc463e9d04d4ca8625ee726c34,248547,batch_log_or_checkpoint,只读冻结；未执行
A_route/problem3/02_batch_run/logs/checkpoints/P3_MEAN_ROLLOUT_0618/2025-11-24.json.gz,ab4822fb4d553a69aeea4f60bea1f7479cbd639fd00f9a0199324441b9ba4e38,242036,batch_log_or_checkpoint,只读冻结；未执行
A_route/problem3/02_batch_run/logs/checkpoints/P3_MEAN_ROLLOUT_0618/2025-11-25.json.gz,f1fa50a8be0b41594c1e8f77286170f692bf85e4ca8e00f694c2b523f4e4f65d,235873,batch_log_or_checkpoint,只读冻结；未执行
A_route/problem3/02_batch_run/logs/checkpoints/P3_MEAN_ROLLOUT_0618/2025-11-26.json.gz,8dc0b989f887407808e62bd9ccb5bd524c936fec6e17f2155a1bc51fc26cdcd6,239077,batch_log_or_checkpoint,只读冻结；未执行
A_route/problem3/02_batch_run/logs/checkpoints/P3_MEAN_ROLLOUT_0618/2025-11-27.json.gz,129f0943d97c835099b612a700e5c66884369907d5420bebc209aa5e61cf765d,238395,batch_log_or_checkpoint,只读冻结；未执行
A_route/problem3/02_batch_run/logs/checkpoints/P3_MEAN_ROLLOUT_0618/2025-11-28.json.gz,88f1998faf9c9a7b9473eaafaf115af1d51b4af379dfb4fe781c897347f22bde,231953,batch_log_or_checkpoint,只读冻结；未执行
A_route/problem3/02_batch_run/logs/checkpoints/P3_MEAN_ROLLOUT_0618/2025-11-29.json.gz,b527e1cfe1a9cc97ee23ee88c60f5bb11a4f3fdaf37ced20a5c9c6d284c4d312,231746,batch_log_or_checkpoint,只读冻结；未执行
A_route/problem3/02_batch_run/logs/checkpoints/P3_MEAN_ROLLOUT_0618/2025-11-30.json.gz,12580ce12235f82d7ddb1a88dca73f6a3a9080dd5215218efc0976078b486748,248928,batch_log_or_checkpoint,只读冻结；未执行
A_route/problem3/02_batch_run/logs/checkpoints/P3_MEAN_ROLLOUT_0618/2025-12-01.json.gz,96ecbfcfd743a9343223b3e651cf85f14b53c90ded65d432540e7b072f4d15c0,244062,batch_log_or_checkpoint,只读冻结；未执行
A_route/problem3/02_batch_run/logs/checkpoints/P3_MEAN_ROLLOUT_0618/2025-12-02.json.gz,8f46dd05bcd0c3106dc7fbc3641a13995db34e9f77ec1327bc34949927e834bf,244928,batch_log_or_checkpoint,只读冻结；未执行
A_route/problem3/02_batch_run/logs/checkpoints/P3_MEAN_ROLLOUT_0618/2025-12-03.json.gz,e16277e801db953a3d47e1568dd5a59d1fddb90c85fa49e89c1e6caa6577b973,260396,batch_log_or_checkpoint,只读冻结；未执行
A_route/problem3/02_batch_run/logs/checkpoints/P3_MEAN_ROLLOUT_0618/2025-12-04.json.gz,026ed9cb53b101884d09fe9ee5f1843808b0aa1da389505855b1cc3c453f7aeb,251240,batch_log_or_checkpoint,只读冻结；未执行
A_route/problem3/02_batch_run/logs/checkpoints/P3_MEAN_ROLLOUT_0618/2025-12-05.json.gz,299b8f38d1527dd93b8d20dcc76a99ac8993e49c5810e29cf1721dab41d4e0d4,251489,batch_log_or_checkpoint,只读冻结；未执行
A_route/problem3/02_batch_run/logs/checkpoints/P3_MEAN_ROLLOUT_0618/2025-12-06.json.gz,d087e7516f259affbd86c0ca444b469c4b84a8dc4507cb7d0f3d42cb2e50b03a,249269,batch_log_or_checkpoint,只读冻结；未执行
A_route/problem3/02_batch_run/logs/checkpoints/P3_MEAN_ROLLOUT_0618/2025-12-07.json.gz,1243e5632c1ef7bce75adc9467b90417bf8d23daec16e5088b20c570d9675766,249147,batch_log_or_checkpoint,只读冻结；未执行
A_route/problem3/02_batch_run/logs/checkpoints/P3_MEAN_ROLLOUT_0618/2025-12-08.json.gz,6233fc2f038cd126a9c87daf629bee476c7d2b3a6724cd0123dfc26e6500d3f1,237854,batch_log_or_checkpoint,只读冻结；未执行
A_route/problem3/02_batch_run/logs/checkpoints/P3_MEAN_ROLLOUT_0618/2025-12-09.json.gz,731b1b566d3905407f39f3029d7a71b64b119e3021b5426d288441e6ebf164eb,237970,batch_log_or_checkpoint,只读冻结；未执行
A_route/problem3/02_batch_run/logs/checkpoints/P3_MEAN_ROLLOUT_0618/2025-12-10.json.gz,ac2a3ea2fd22180217ff529c263ba02db219c4f4d4ab92282c203635fe23d119,242316,batch_log_or_checkpoint,只读冻结；未执行
A_route/problem3/02_batch_run/logs/checkpoints/P3_MEAN_ROLLOUT_0618/2025-12-11.json.gz,0ddf1145439d995a2517754f05e73a94fbe9582b1dfa374858ec5ff82af50daf,236380,batch_log_or_checkpoint,只读冻结；未执行
A_route/problem3/02_batch_run/logs/checkpoints/P3_MEAN_ROLLOUT_0618/2025-12-12.json.gz,1eab7a99b47c57ae1307ddecc9adbb5b6ecccf818541dad50c737535cce0f25b,238019,batch_log_or_checkpoint,只读冻结；未执行
A_route/problem3/02_batch_run/logs/checkpoints/P3_MEAN_ROLLOUT_0618/2025-12-13.json.gz,3dc1feac4a27bc82c2d1687b17486a98ecfa99f9baba8de70a4b04f7a556fb01,239903,batch_log_or_checkpoint,只读冻结；未执行
A_route/problem3/02_batch_run/logs/checkpoints/P3_MEAN_ROLLOUT_0618/2025-12-14.json.gz,c100d49e0a5298b6bfe5f845985791b3b46df15afc85f23131ad9491d405c59a,242252,batch_log_or_checkpoint,只读冻结；未执行
A_route/problem3/02_batch_run/logs/checkpoints/P3_MEAN_ROLLOUT_0618/2025-12-15.json.gz,0299d87665f65e0ed329d544adaeca4b532bf9abe6dd8b4a2030c767e19b94fb,247373,batch_log_or_checkpoint,只读冻结；未执行
A_route/problem3/02_batch_run/logs/checkpoints/P3_MEAN_ROLLOUT_0618/2025-12-16.json.gz,9a51a62ac5f278c080ebb398723dcbb043b97f359343f3ffa8e66907c5dcbe15,235909,batch_log_or_checkpoint,只读冻结；未执行
A_route/problem3/02_batch_run/logs/checkpoints/P3_MEAN_ROLLOUT_0618/2025-12-17.json.gz,6fc525933d2949eb262582d6bf51acd532d937d0399daadb75cbe5dc04b70366,234889,batch_log_or_checkpoint,只读冻结；未执行
A_route/problem3/02_batch_run/logs/checkpoints/P3_MEAN_ROLLOUT_0618/2025-12-18.json.gz,402e4b6b7fe7a91820364f0a16ebc14439758e30e04722f424c55323320ea15b,241637,batch_log_or_checkpoint,只读冻结；未执行
A_route/problem3/02_batch_run/logs/checkpoints/P3_MEAN_ROLLOUT_0618/2025-12-19.json.gz,37d850dd3d1ec7cbb9a303f75d8b4e8b4f6e4a991e7199217e6f50cb65e5742f,239203,batch_log_or_checkpoint,只读冻结；未执行
A_route/problem3/02_batch_run/logs/checkpoints/P3_MEAN_ROLLOUT_0618/2025-12-20.json.gz,db490411ca971349822ceda260527328d6a4945e58ddd02302c443f853530801,234351,batch_log_or_checkpoint,只读冻结；未执行
A_route/problem3/02_batch_run/logs/checkpoints/P3_MEAN_ROLLOUT_0618/2025-12-21.json.gz,5bbbce0f4f105cbf39c9caa48fb5689462cc10f9881c5f1e0a1fe6a0efd47405,235573,batch_log_or_checkpoint,只读冻结；未执行
A_route/problem3/02_batch_run/logs/checkpoints/P3_MEAN_ROLLOUT_0618/2025-12-22.json.gz,5a7e1f23ad99dced25a1bd9bbdb468d635f89f0be0882fdfe14fc04247b968e2,237846,batch_log_or_checkpoint,只读冻结；未执行
A_route/problem3/02_batch_run/logs/checkpoints/P3_MEAN_ROLLOUT_0618/2025-12-23.json.gz,e6e518aa23e4dc7a584757d8d6a155d8670cc2dbe1053a1dc73dd28fb4d28395,236628,batch_log_or_checkpoint,只读冻结；未执行
A_route/problem3/02_batch_run/logs/checkpoints/P3_MEAN_ROLLOUT_0618/2025-12-24.json.gz,54281ff8d77692eefc4556896ee9360d823d4394eafd1c993461bc8ffe1f4aa9,234353,batch_log_or_checkpoint,只读冻结；未执行
A_route/problem3/02_batch_run/logs/checkpoints/P3_MEAN_ROLLOUT_0618/2025-12-25.json.gz,9fc19f76acd51072cce519c3ef04b1f6686264b69a8006c7b11cf73f2fd0eed1,236170,batch_log_or_checkpoint,只读冻结；未执行
A_route/problem3/02_batch_run/logs/checkpoints/P3_MEAN_ROLLOUT_0618/2025-12-26.json.gz,c58597670fad8e7e3c06f4c36a34e1971dae30b8b5334f7bde18c1c75b0ce97e,235422,batch_log_or_checkpoint,只读冻结；未执行
A_route/problem3/02_batch_run/logs/checkpoints/P3_MEAN_ROLLOUT_0618/2025-12-27.json.gz,d11f8e442a2d02b1d75d9a353eb05f8e6e8828b22061d75af71d9f872d22510c,234508,batch_log_or_checkpoint,只读冻结；未执行
A_route/problem3/02_batch_run/logs/checkpoints/P3_MEAN_ROLLOUT_0618/2025-12-28.json.gz,de12ec8f2d5a49ef5be0b4c731420bf2de9d897c70f3212b752b3847b3276673,236364,batch_log_or_checkpoint,只读冻结；未执行
A_route/problem3/02_batch_run/logs/checkpoints/P3_MEAN_ROLLOUT_0618/2025-12-29.json.gz,ebf7de38d36cc9bb17edb277ef54129c4275f8e0e78500cff56752de36f8e393,239622,batch_log_or_checkpoint,只读冻结；未执行
A_route/problem3/02_batch_run/logs/checkpoints/P3_MEAN_ROLLOUT_0618/2025-12-30.json.gz,679237b0e98affca20468bfc703c9cf7ac901592053cd305d0b381c4cabe6d30,238737,batch_log_or_checkpoint,只读冻结；未执行
A_route/problem3/02_batch_run/logs/checkpoints/P3_MEAN_ROLLOUT_0618/2025-12-31.json.gz,5085dd8c3ea53f8896913a93a90f8be74bcf7b595f0b0598716a5a0a4fe68c26,236188,batch_log_or_checkpoint,只读冻结；未执行
A_route/problem3/02_batch_run/logs/checkpoints/P3_MEAN_ROLLOUT_12/2025-02-01.json.gz,1820ff6fee87f2a209cf2f49339058e3d379abc14b7d2d80ea974696c8b685ec,129126,batch_log_or_checkpoint,只读冻结；未执行
A_route/problem3/02_batch_run/logs/checkpoints/P3_MEAN_ROLLOUT_12/2025-02-02.json.gz,9262bd63bd9444c68a395c2be0803d1d635204e5786e2fec63e22bdae127a8c2,136588,batch_log_or_checkpoint,只读冻结；未执行
A_route/problem3/02_batch_run/logs/checkpoints/P3_MEAN_ROLLOUT_12/2025-02-03.json.gz,df354126ac892282ab4e86862b57835b025d0965ba0d1b187ef421d67756f6b1,141257,batch_log_or_checkpoint,只读冻结；未执行
A_route/problem3/02_batch_run/logs/checkpoints/P3_MEAN_ROLLOUT_12/2025-02-04.json.gz,20a173fa231a417c79d8d110d54952f29c4189548f346c4d8fba82065d12480e,145466,batch_log_or_checkpoint,只读冻结；未执行
A_route/problem3/02_batch_run/logs/checkpoints/P3_MEAN_ROLLOUT_12/2025-02-05.json.gz,1ec48bcdf52cc64df4dc4e167da661f719a15ad7c0ab35610de435adddbfe166,149687,batch_log_or_checkpoint,只读冻结；未执行
A_route/problem3/02_batch_run/logs/checkpoints/P3_MEAN_ROLLOUT_12/2025-02-06.json.gz,85c61a43f382ed4d042ec3cf900b8e7f92ddce3f135233ac792d0b2ea2503cda,149992,batch_log_or_checkpoint,只读冻结；未执行
A_route/problem3/02_batch_run/logs/checkpoints/P3_MEAN_ROLLOUT_12/2025-02-07.json.gz,7351bffff8606a797591832b123a0013927f7a484cff868182c3bb2b6d60d540,145483,batch_log_or_checkpoint,只读冻结；未执行
A_route/problem3/02_batch_run/logs/checkpoints/P3_MEAN_ROLLOUT_12/2025-02-08.json.gz,3ce2531f3f81dbaf4e6977d5e79c9802eb888e2d71143c5fb2839e0210d68054,148977,batch_log_or_checkpoint,只读冻结；未执行
A_route/problem3/02_batch_run/logs/checkpoints/P3_MEAN_ROLLOUT_12/2025-02-09.json.gz,0b9f024aac1c079a989aa55e29706ad8254afaa248d37303b91ed26582cc6c15,152085,batch_log_or_checkpoint,只读冻结；未执行
A_route/problem3/02_batch_run/logs/checkpoints/P3_MEAN_ROLLOUT_12/2025-02-10.json.gz,5c2bf347c257719a324d27b193d0fb1a95e5bef16ab0f7c9d2d402aabe2b4f58,151252,batch_log_or_checkpoint,只读冻结；未执行
A_route/problem3/02_batch_run/logs/checkpoints/P3_MEAN_ROLLOUT_12/2025-02-11.json.gz,6e73bc235aace6a59a2135aab1f79672a9c2bf5ff54afc20e6344d6cfd8d1c6f,151276,batch_log_or_checkpoint,只读冻结；未执行
A_route/problem3/02_batch_run/logs/checkpoints/P3_MEAN_ROLLOUT_12/2025-02-12.json.gz,dc7e1e0033957606dfd6cfcd58326be7c1b46a1c916196e12facc85f80acf15b,151276,batch_log_or_checkpoint,只读冻结；未执行
A_route/problem3/02_batch_run/logs/checkpoints/P3_MEAN_ROLLOUT_12/2025-02-13.json.gz,86d718b38e962001926692650286bca93888f67441fcb68578116000fe8e4a62,154062,batch_log_or_checkpoint,只读冻结；未执行
A_route/problem3/02_batch_run/logs/checkpoints/P3_MEAN_ROLLOUT_12/2025-02-14.json.gz,20ac1e496e0fa9fd2d29733f26d9a0b1faebc81d60221e47ca0c0ea21a86cfa8,150317,batch_log_or_checkpoint,只读冻结；未执行
A_route/problem3/02_batch_run/logs/checkpoints/P3_MEAN_ROLLOUT_12/2025-02-15.json.gz,42822175b332dcb73528fca8c4c0fdbe40166c4c4dc24ffbf0ebd5239262563d,148115,batch_log_or_checkpoint,只读冻结；未执行
A_route/problem3/02_batch_run/logs/checkpoints/P3_MEAN_ROLLOUT_12/2025-02-16.json.gz,e274bded9179e0fe5dae2509dba95e9327cc0110f252b7d21fbc53ecc81df4d6,151946,batch_log_or_checkpoint,只读冻结；未执行
A_route/problem3/02_batch_run/logs/checkpoints/P3_MEAN_ROLLOUT_12/2025-02-17.json.gz,f8cf8653c8b31e1d90a3f6af9d4dae1b90ffd742db92148352fcbbf6b19ebbdb,152688,batch_log_or_checkpoint,只读冻结；未执行
A_route/problem3/02_batch_run/logs/checkpoints/P3_MEAN_ROLLOUT_12/2025-02-18.json.gz,566fdbb6d827c21723b7d039b869d8fd6915c29a2f755a9b3b9479d285bad8ae,153170,batch_log_or_checkpoint,只读冻结；未执行
A_route/problem3/02_batch_run/logs/checkpoints/P3_MEAN_ROLLOUT_12/2025-02-19.json.gz,31ba38c224a2a97b9cf907e6cb54dc6b8310b49b0fb33c81edb5cf878a1c25da,157973,batch_log_or_checkpoint,只读冻结；未执行
A_route/problem3/02_batch_run/logs/checkpoints/P3_MEAN_ROLLOUT_12/2025-02-20.json.gz,bf028cf7c610208e3bcd3930aad8c27d6f4db56ad17c705f011d96bde753ae35,154008,batch_log_or_checkpoint,只读冻结；未执行
A_route/problem3/02_batch_run/logs/checkpoints/P3_MEAN_ROLLOUT_12/2025-02-21.json.gz,1bf4694b7781d6191a81eeae9c24062e8f382d38241727d564c740090e35c3fe,148328,batch_log_or_checkpoint,只读冻结；未执行
A_route/problem3/02_batch_run/logs/checkpoints/P3_MEAN_ROLLOUT_12/2025-02-22.json.gz,4a3d85d363fbce3f97a8258b7125df457a94e6d205179f65b66c18ec93ae301f,149953,batch_log_or_checkpoint,只读冻结；未执行
A_route/problem3/02_batch_run/logs/checkpoints/P3_MEAN_ROLLOUT_12/2025-02-23.json.gz,f0df2bc53a58f289b8642e5253abccd738a44f10564edec5d58bcc757e43da83,154125,batch_log_or_checkpoint,只读冻结；未执行
A_route/problem3/02_batch_run/logs/checkpoints/P3_MEAN_ROLLOUT_12/2025-02-24.json.gz,1af0dca2c4cfe4d6e38db83b896fc6bf5a4758bd758f70292c798bdbe46957e3,151261,batch_log_or_checkpoint,只读冻结；未执行
A_route/problem3/02_batch_run/logs/checkpoints/P3_MEAN_ROLLOUT_12/2025-02-25.json.gz,08feb5533776c2fa75fa8b05c12e9b7e158a0a9f083b9787d219a3caf1672c9c,153357,batch_log_or_checkpoint,只读冻结；未执行
A_route/problem3/02_batch_run/logs/checkpoints/P3_MEAN_ROLLOUT_12/2025-02-26.json.gz,3fa4553a9f6b6abc681356443465a8aedef9b916b685f3cce8d990a2c0f041b5,159732,batch_log_or_checkpoint,只读冻结；未执行
A_route/problem3/02_batch_run/logs/checkpoints/P3_MEAN_ROLLOUT_12/2025-02-27.json.gz,1346a4b62e09a105c689611cbb6b67a35480de1411b0ab8234929775c449c0c1,153573,batch_log_or_checkpoint,只读冻结；未执行
A_route/problem3/02_batch_run/logs/checkpoints/P3_MEAN_ROLLOUT_12/2025-02-28.json.gz,1694577663fd488682354a07e62f9938660b624a046dc1f274121cf55b2077b3,144981,batch_log_or_checkpoint,只读冻结；未执行
A_route/problem3/02_batch_run/logs/checkpoints/P3_MEAN_ROLLOUT_12/2025-03-01.json.gz,9f47c379de4fcc8262972ae92f3a2c9dc7942ffd921f5260f10cdd1b89e26175,147287,batch_log_or_checkpoint,只读冻结；未执行
A_route/problem3/02_batch_run/logs/checkpoints/P3_MEAN_ROLLOUT_12/2025-03-02.json.gz,5b6acb49de7d5552d02a03f0b248e3debe3e9957c96ff3a8d675a08d4712530f,150368,batch_log_or_checkpoint,只读冻结；未执行
A_route/problem3/02_batch_run/logs/checkpoints/P3_MEAN_ROLLOUT_12/2025-03-03.json.gz,74492054c624184f4b7740e34de27d1f0d99955a122e1cdb36e65d36ca56a45b,156529,batch_log_or_checkpoint,只读冻结；未执行
A_route/problem3/02_batch_run/logs/checkpoints/P3_MEAN_ROLLOUT_12/2025-03-04.json.gz,3e220b579b3de0725b19a4c068f867b1145cd3864a723b0b27969620acaf8dcf,151159,batch_log_or_checkpoint,只读冻结；未执行
A_route/problem3/02_batch_run/logs/checkpoints/P3_MEAN_ROLLOUT_12/2025-03-05.json.gz,4eed3be82a9272cea4e564a2cb6c8b70f0e58386d1e7588eecdc20be96d2f5a9,151986,batch_log_or_checkpoint,只读冻结；未执行
A_route/problem3/02_batch_run/logs/checkpoints/P3_MEAN_ROLLOUT_12/2025-03-06.json.gz,4bb1e9ee40c1bcf369e7da76c2894254e61771742984ab8abf5fecfe5902bc23,149336,batch_log_or_checkpoint,只读冻结；未执行
A_route/problem3/02_batch_run/logs/checkpoints/P3_MEAN_ROLLOUT_12/2025-03-07.json.gz,73a44e4d311e841ca594f59993f68fd5346a0cb32c31086082a8d522ad625915,146446,batch_log_or_checkpoint,只读冻结；未执行
A_route/problem3/02_batch_run/logs/checkpoints/P3_MEAN_ROLLOUT_12/2025-03-08.json.gz,bc076e0fe38f83c97a00387098ee22b3a1e28089d15cc09c6181cf6a50a53122,147625,batch_log_or_checkpoint,只读冻结；未执行
A_route/problem3/02_batch_run/logs/checkpoints/P3_MEAN_ROLLOUT_12/2025-03-09.json.gz,da6ff70108b397b60f8894afa097635fd32a5b0b3a06a0c16a978bbea0fc1f58,153420,batch_log_or_checkpoint,只读冻结；未执行
A_route/problem3/02_batch_run/logs/checkpoints/P3_MEAN_ROLLOUT_12/2025-03-10.json.gz,262643728294687d7d4ba849ecdf0e40b51d5bd34723ae420929321629abd5fa,156508,batch_log_or_checkpoint,只读冻结；未执行
A_route/problem3/02_batch_run/logs/checkpoints/P3_MEAN_ROLLOUT_12/2025-03-11.json.gz,38784aa049a9f6f9c124f78802ee2600e3c2260f1bc33edaf8f57d856c951209,162649,batch_log_or_checkpoint,只读冻结；未执行
A_route/problem3/02_batch_run/logs/checkpoints/P3_MEAN_ROLLOUT_12/2025-03-12.json.gz,3f00548e89728f2a2f826ff3c3e189ec77f7df3da53a3d1d021efebf8a80457d,152690,batch_log_or_checkpoint,只读冻结；未执行
A_route/problem3/02_batch_run/logs/checkpoints/P3_MEAN_ROLLOUT_12/2025-03-13.json.gz,fd33bbe5683775c31e1c93a8b5c62ff782ac63d96d9df2d6fe1f761d5922e5f2,158214,batch_log_or_checkpoint,只读冻结；未执行
A_route/problem3/02_batch_run/logs/checkpoints/P3_MEAN_ROLLOUT_12/2025-03-14.json.gz,be5013454b9670af881c7075b224159e6367da0372bbff8ea7015780e1d4dee3,148116,batch_log_or_checkpoint,只读冻结；未执行
A_route/problem3/02_batch_run/logs/checkpoints/P3_MEAN_ROLLOUT_12/2025-03-15.json.gz,1d84f834754e58694572123c9e1bf9d08cb4a9849ccb2958948e44f36c0e4f43,150893,batch_log_or_checkpoint,只读冻结；未执行
A_route/problem3/02_batch_run/logs/checkpoints/P3_MEAN_ROLLOUT_12/2025-03-16.json.gz,a74550f35ca1067350dd612d6e63ac2fed7019dc5b1c9359a43e8106bf732caa,153480,batch_log_or_checkpoint,只读冻结；未执行
A_route/problem3/02_batch_run/logs/checkpoints/P3_MEAN_ROLLOUT_12/2025-03-17.json.gz,c3bfd0eb93ff560382262a3a19b4b5633e7c4ec1bfc9885cc9ce9d064272e214,156749,batch_log_or_checkpoint,只读冻结；未执行
A_route/problem3/02_batch_run/logs/checkpoints/P3_MEAN_ROLLOUT_12/2025-03-18.json.gz,275bbcc46e2e30b963078beabed02677c1048c2ba4daf854c71d144d52bc5be4,150824,batch_log_or_checkpoint,只读冻结；未执行
A_route/problem3/02_batch_run/logs/checkpoints/P3_MEAN_ROLLOUT_12/2025-03-19.json.gz,f3fd240f8aaaf6065391a26bf1aa5832dd47bbfb1acfc887839fdb5b92e63f41,160624,batch_log_or_checkpoint,只读冻结；未执行
A_route/problem3/02_batch_run/logs/checkpoints/P3_MEAN_ROLLOUT_12/2025-03-20.json.gz,dfb7854822c1f1facfd19bd6b2aa11d0ffafa65b6bd5f8506aed56815ebb6ab0,151936,batch_log_or_checkpoint,只读冻结；未执行
A_route/problem3/02_batch_run/logs/checkpoints/P3_MEAN_ROLLOUT_12/2025-03-21.json.gz,6d9f1b31e694e026483d62dd7956e3e791030e159a834ed14083198f78dd1c4e,145441,batch_log_or_checkpoint,只读冻结；未执行
A_route/problem3/02_batch_run/logs/checkpoints/P3_MEAN_ROLLOUT_12/2025-03-22.json.gz,ddfa8a5caa2b8744777c6c805853873e44b8c03102ec5aa84648caf18ca39e4c,147221,batch_log_or_checkpoint,只读冻结；未执行
A_route/problem3/02_batch_run/logs/checkpoints/P3_MEAN_ROLLOUT_12/2025-03-23.json.gz,c8359ccc0c63e3d4a38fa134b672b5568928b5c897e46a15131b6c1967d31b24,152092,batch_log_or_checkpoint,只读冻结；未执行
A_route/problem3/02_batch_run/logs/checkpoints/P3_MEAN_ROLLOUT_12/2025-03-24.json.gz,2291d746843b3796a87529029edb0fffe211dbb53d46e0976aff68f385e9e0f7,157634,batch_log_or_checkpoint,只读冻结；未执行
A_route/problem3/02_batch_run/logs/checkpoints/P3_MEAN_ROLLOUT_12/2025-03-25.json.gz,80836bec3bbebb5c3d7b72212070d6243af86954e6800e5c59aed127ba7a84c7,153685,batch_log_or_checkpoint,只读冻结；未执行
A_route/problem3/02_batch_run/logs/checkpoints/P3_MEAN_ROLLOUT_12/2025-03-26.json.gz,3d6f136321b09546f23483cd869301eedd13dcfb534bd92fa079fc5cff58f60d,152527,batch_log_or_checkpoint,只读冻结；未执行
A_route/problem3/02_batch_run/logs/checkpoints/P3_MEAN_ROLLOUT_12/2025-03-27.json.gz,e12daf2497faa2a57685ad53f525e7b86b7d3f91e5ea0f0c70a00e0bfe18c226,152163,batch_log_or_checkpoint,只读冻结；未执行
A_route/problem3/02_batch_run/logs/checkpoints/P3_MEAN_ROLLOUT_12/2025-03-28.json.gz,f8cbb246793e75baff20f88a71d9404139d1490ed7471a8af55a9285414dfd18,145723,batch_log_or_checkpoint,只读冻结；未执行
A_route/problem3/02_batch_run/logs/checkpoints/P3_MEAN_ROLLOUT_12/2025-03-29.json.gz,c15ef0f180579b026e0ea40a74a461a90d31048a8c7c0c0ee78199a83cba5778,149452,batch_log_or_checkpoint,只读冻结；未执行
A_route/problem3/02_batch_run/logs/checkpoints/P3_MEAN_ROLLOUT_12/2025-03-30.json.gz,0cfb54acd4d30b98fa3d67a298dc7ce78aa601077c2986952cefda03851592b6,153582,batch_log_or_checkpoint,只读冻结；未执行
A_route/problem3/02_batch_run/logs/checkpoints/P3_MEAN_ROLLOUT_12/2025-03-31.json.gz,f67db7333932b3f48294e85a8d3a8b60c989b8ce068b32927104dfd86397562c,156403,batch_log_or_checkpoint,只读冻结；未执行
A_route/problem3/02_batch_run/logs/checkpoints/P3_MEAN_ROLLOUT_12/2025-04-01.json.gz,3c88273fa194090b50de015ecea793904345e032ac020ef40141ea7e221f0f4d,155453,batch_log_or_checkpoint,只读冻结；未执行
A_route/problem3/02_batch_run/logs/checkpoints/P3_MEAN_ROLLOUT_12/2025-04-02.json.gz,3a0d513ebf3bc76497be7739853b832ba76effe19b2b8d76c4de8a472e051c58,154882,batch_log_or_checkpoint,只读冻结；未执行
A_route/problem3/02_batch_run/logs/checkpoints/P3_MEAN_ROLLOUT_12/2025-04-03.json.gz,b2165559e301882ceaecd40db933eff1e2a0f43074a72106946ddc213f7d9b45,149195,batch_log_or_checkpoint,只读冻结；未执行
A_route/problem3/02_batch_run/logs/checkpoints/P3_MEAN_ROLLOUT_12/2025-04-04.json.gz,b6f2d3704ddaa4cabe5abd32e9d9cba5563a15e5905a24e70dcc259e4fb9c468,145824,batch_log_or_checkpoint,只读冻结；未执行
A_route/problem3/02_batch_run/logs/checkpoints/P3_MEAN_ROLLOUT_12/2025-04-05.json.gz,36eef679a23b89346a2b36f090c5216233d6f511c82fba60d4162f7334971755,147227,batch_log_or_checkpoint,只读冻结；未执行
A_route/problem3/02_batch_run/logs/checkpoints/P3_MEAN_ROLLOUT_12/2025-04-06.json.gz,14a7f10a4654e299a95d781eedb663677c4a795772bf51c42ad9653afd8d1c08,156132,batch_log_or_checkpoint,只读冻结；未执行
A_route/problem3/02_batch_run/logs/checkpoints/P3_MEAN_ROLLOUT_12/2025-04-07.json.gz,0ee9282df4ee69b6730b02bee85bd1cf1fe2e3b34dd0ec84a269debf6d75adbb,158566,batch_log_or_checkpoint,只读冻结；未执行
A_route/problem3/02_batch_run/logs/checkpoints/P3_MEAN_ROLLOUT_12/2025-04-08.json.gz,a82068a23b16045f8adc465df6332b1abe6218a037fc9811eb47610d55ae52d7,151912,batch_log_or_checkpoint,只读冻结；未执行
A_route/problem3/02_batch_run/logs/checkpoints/P3_MEAN_ROLLOUT_12/2025-04-09.json.gz,1d4664d738063405b887aba07b4d55665b9812c664c5b6b2ac0eca94f0904432,152355,batch_log_or_checkpoint,只读冻结；未执行
A_route/problem3/02_batch_run/logs/checkpoints/P3_MEAN_ROLLOUT_12/2025-04-10.json.gz,52ee5de7b6260a48e0dcbadb2cfe976bbfca51afe4fe4cb248b7d23ba572aa1c,150301,batch_log_or_checkpoint,只读冻结；未执行
A_route/problem3/02_batch_run/logs/checkpoints/P3_MEAN_ROLLOUT_12/2025-04-11.json.gz,d142954b9e052794c5ab0543d07a7fe5d42f916df5dbcd2f6b5ff8a9c82fc542,144217,batch_log_or_checkpoint,只读冻结；未执行
A_route/problem3/02_batch_run/logs/checkpoints/P3_MEAN_ROLLOUT_12/2025-04-12.json.gz,8bd7ece07f6256bc2d7bcab4ccaf95ae47c36c63a322e1c71a23a176b0ea2f2b,145750,batch_log_or_checkpoint,只读冻结；未执行
A_route/problem3/02_batch_run/logs/checkpoints/P3_MEAN_ROLLOUT_12/2025-04-13.json.gz,d6b2665dd210cfed20cee15fff74b48482ab8a9673560c89fcd90dad7f73cc42,153071,batch_log_or_checkpoint,只读冻结；未执行
A_route/problem3/02_batch_run/logs/checkpoints/P3_MEAN_ROLLOUT_12/2025-04-14.json.gz,2c66f792a739faf672a12224e2da07e46581203a68df29af4c1ab2d39722b4a7,149317,batch_log_or_checkpoint,只读冻结；未执行
A_route/problem3/02_batch_run/logs/checkpoints/P3_MEAN_ROLLOUT_12/2025-04-15.json.gz,08604a38891ce0a1a3d0d1185645a536fc3f3e7a6837860c31f9b1165e50eaed,156773,batch_log_or_checkpoint,只读冻结；未执行
A_route/problem3/02_batch_run/logs/checkpoints/P3_MEAN_ROLLOUT_12/2025-04-16.json.gz,01c7cea65b9fb8377ae1d244b9c8650345f7bb44debf355ab1b4d912b9a4da08,156181,batch_log_or_checkpoint,只读冻结；未执行
A_route/problem3/02_batch_run/logs/checkpoints/P3_MEAN_ROLLOUT_12/2025-04-17.json.gz,0f065fd3ef1e9e60d27731553f60153801cf7e10289e2353abb189a16c2b4885,149486,batch_log_or_checkpoint,只读冻结；未执行
A_route/problem3/02_batch_run/logs/checkpoints/P3_MEAN_ROLLOUT_12/2025-04-18.json.gz,39c5756b5956a49b6139ba3ac74da709e84ef9179d3aa818e30cd3ee42416185,144445,batch_log_or_checkpoint,只读冻结；未执行
A_route/problem3/02_batch_run/logs/checkpoints/P3_MEAN_ROLLOUT_12/2025-04-19.json.gz,e27d11d4215cd6115b2d5045ac365cfce945f0302cae1f958dec88fbdd44ec02,149758,batch_log_or_checkpoint,只读冻结；未执行
A_route/problem3/02_batch_run/logs/checkpoints/P3_MEAN_ROLLOUT_12/2025-04-20.json.gz,aee683c46e3f128fd5467a15ee2105f54f3bbfb61358d3e9045789c6082eca67,152851,batch_log_or_checkpoint,只读冻结；未执行
A_route/problem3/02_batch_run/logs/checkpoints/P3_MEAN_ROLLOUT_12/2025-04-21.json.gz,af08b575ca1bf635927a898dd9af5cfc160851bbe98373f89db80c820bf70339,149063,batch_log_or_checkpoint,只读冻结；未执行
A_route/problem3/02_batch_run/logs/checkpoints/P3_MEAN_ROLLOUT_12/2025-04-22.json.gz,266eb449e002de19b2536cf2e5d99b21af2ffab7b082a544e7e92db317f80e02,154858,batch_log_or_checkpoint,只读冻结；未执行
A_route/problem3/02_batch_run/logs/checkpoints/P3_MEAN_ROLLOUT_12/2025-04-23.json.gz,762e710c470434e59ba35fbcbb19f4d875eb48bfb9b6cd5e08e66a3fa4331441,157132,batch_log_or_checkpoint,只读冻结；未执行
A_route/problem3/02_batch_run/logs/checkpoints/P3_MEAN_ROLLOUT_12/2025-04-24.json.gz,2750d693660602f35244729c9b731563650dcc550a166fbcb8761580b0b9a64c,151468,batch_log_or_checkpoint,只读冻结；未执行
A_route/problem3/02_batch_run/logs/checkpoints/P3_MEAN_ROLLOUT_12/2025-04-25.json.gz,f2b9f9d7a5f777f742931159065112173cf79fea6f32c10cb360824527e85970,141465,batch_log_or_checkpoint,只读冻结；未执行
A_route/problem3/02_batch_run/logs/checkpoints/P3_MEAN_ROLLOUT_12/2025-04-26.json.gz,981ac1c08f21f8001fdd445d576d2bc31517693ece7a1e50930c3a8181f3fb95,146240,batch_log_or_checkpoint,只读冻结；未执行
A_route/problem3/02_batch_run/logs/checkpoints/P3_MEAN_ROLLOUT_12/2025-04-27.json.gz,3299b5586b6dd02f41f9c93592a4170f076fdab68f4724e15195a8e3fd3ba3dc,152397,batch_log_or_checkpoint,只读冻结；未执行
A_route/problem3/02_batch_run/logs/checkpoints/P3_MEAN_ROLLOUT_12/2025-04-28.json.gz,10bd29dab57a9d10297228ee87496febf7dfd49ba6f99f13e0e2fe1950f986a5,151509,batch_log_or_checkpoint,只读冻结；未执行
A_route/problem3/02_batch_run/logs/checkpoints/P3_MEAN_ROLLOUT_12/2025-04-29.json.gz,6acb8e57a4fbb58d6ec2803b083f7ea86f7599c8bdd932eb0cdb05317d46d6f5,154096,batch_log_or_checkpoint,只读冻结；未执行
A_route/problem3/02_batch_run/logs/checkpoints/P3_MEAN_ROLLOUT_12/2025-04-30.json.gz,49f9801db3ed8fbe3e208b03b50b2fbbf898efb32c0cd6c9f81883a26960da3e,148846,batch_log_or_checkpoint,只读冻结；未执行
A_route/problem3/02_batch_run/logs/checkpoints/P3_MEAN_ROLLOUT_12/2025-05-01.json.gz,b00616beea7c91a2414ac27d3463adfdc2c1cf504932baad2c4a975cdb59250e,148720,batch_log_or_checkpoint,只读冻结；未执行
A_route/problem3/02_batch_run/logs/checkpoints/P3_MEAN_ROLLOUT_12/2025-05-02.json.gz,b3058d05617d69a5e866377693089d1c0a44c9cf6cdbd95428ace8f6249be0f3,142830,batch_log_or_checkpoint,只读冻结；未执行
A_route/problem3/02_batch_run/logs/checkpoints/P3_MEAN_ROLLOUT_12/2025-05-03.json.gz,69f2bac620911e7c2e1f127c60e3a73274863ffd7661b475a99f82619ca78e12,145441,batch_log_or_checkpoint,只读冻结；未执行
A_route/problem3/02_batch_run/logs/checkpoints/P3_MEAN_ROLLOUT_12/2025-05-04.json.gz,31e9c3d31309bf1a794b6656f138759ffc9f89b955cb84a60e97ca3057fba9eb,150013,batch_log_or_checkpoint,只读冻结；未执行
A_route/problem3/02_batch_run/logs/checkpoints/P3_MEAN_ROLLOUT_12/2025-05-05.json.gz,60a683d29a8371a53a6be975a1a0013b077bdec2b8b8725774d12012fce73aed,150281,batch_log_or_checkpoint,只读冻结；未执行
A_route/problem3/02_batch_run/logs/checkpoints/P3_MEAN_ROLLOUT_12/2025-05-06.json.gz,0645500780c8dc2681c86e0b844e7bfcd0ac4d6f914016810ad5a4ee22c5b0a1,154413,batch_log_or_checkpoint,只读冻结；未执行
A_route/problem3/02_batch_run/logs/checkpoints/P3_MEAN_ROLLOUT_12/2025-05-07.json.gz,f228b8a54bf89a6722584adc188aec13470a9488b405ca84896226933f6db410,152530,batch_log_or_checkpoint,只读冻结；未执行
A_route/problem3/02_batch_run/logs/checkpoints/P3_MEAN_ROLLOUT_12/2025-05-08.json.gz,c2c3df4ed8c2c95ce8e66d32f319530398eed685dacb3b77190fd8ee11670d21,155143,batch_log_or_checkpoint,只读冻结；未执行
A_route/problem3/02_batch_run/logs/checkpoints/P3_MEAN_ROLLOUT_12/2025-05-09.json.gz,08fdd8cc680f522a4663a8d76a2b9a2e55b926443fc864709b23f44e4e214c0a,148213,batch_log_or_checkpoint,只读冻结；未执行
A_route/problem3/02_batch_run/logs/checkpoints/P3_MEAN_ROLLOUT_12/2025-05-10.json.gz,20ef8816a575377ed77f9a075ba239783a383076b8d6f93779d454473f6ece2b,147376,batch_log_or_checkpoint,只读冻结；未执行
A_route/problem3/02_batch_run/logs/checkpoints/P3_MEAN_ROLLOUT_12/2025-05-11.json.gz,fc7e49d59f9161ca225538c2ba633887df2bc1e44cb20d20b82a2983f86213ef,154255,batch_log_or_checkpoint,只读冻结；未执行
A_route/problem3/02_batch_run/logs/checkpoints/P3_MEAN_ROLLOUT_12/2025-05-12.json.gz,aa97bb21d19fa6a33c62722a365d6a0a9d6adc96be3dc6d84cf24528f9bb7834,155598,batch_log_or_checkpoint,只读冻结；未执行
A_route/problem3/02_batch_run/logs/checkpoints/P3_MEAN_ROLLOUT_12/2025-05-13.json.gz,b7afb8b7a0a9579894038523cf80300f616213487ce1d591b47a794de340413c,155422,batch_log_or_checkpoint,只读冻结；未执行
A_route/problem3/02_batch_run/logs/checkpoints/P3_MEAN_ROLLOUT_12/2025-05-14.json.gz,1752e3674972439c90b10835dfa43658b03bbe5045bb88c004e9b7e432a90128,149055,batch_log_or_checkpoint,只读冻结；未执行
A_route/problem3/02_batch_run/logs/checkpoints/P3_MEAN_ROLLOUT_12/2025-05-15.json.gz,9d163c1a36a2bdd977d96bde23c53edc44f98c6dd45dc27593a65c4a2e6d0d4a,149771,batch_log_or_checkpoint,只读冻结；未执行
A_route/problem3/02_batch_run/logs/checkpoints/P3_MEAN_ROLLOUT_12/2025-05-16.json.gz,1864ccc2302daa30f072f9e485ba35f9cd0079170e1794c067e195ce10bbed74,144056,batch_log_or_checkpoint,只读冻结；未执行
A_route/problem3/02_batch_run/logs/checkpoints/P3_MEAN_ROLLOUT_12/2025-05-17.json.gz,1c332dd84cce58ef19c419e6ca47e5dec191b7ae522e7ec81f29ae67bacd6005,146206,batch_log_or_checkpoint,只读冻结；未执行
A_route/problem3/02_batch_run/logs/checkpoints/P3_MEAN_ROLLOUT_12/2025-05-18.json.gz,a18e80d8e896ec196d4236e186d5574183923118ac331af10fda413944b69aa4,152743,batch_log_or_checkpoint,只读冻结；未执行
A_route/problem3/02_batch_run/logs/checkpoints/P3_MEAN_ROLLOUT_12/2025-05-19.json.gz,8f732182988cf75ad78763059c47aee014574849587dea8c5bd339fa0b62875f,153204,batch_log_or_checkpoint,只读冻结；未执行
A_route/problem3/02_batch_run/logs/checkpoints/P3_MEAN_ROLLOUT_12/2025-05-20.json.gz,8a0883614660f72e66e2d30afa535e638845c16c566e2006b3be2e93e3ee4edd,153813,batch_log_or_checkpoint,只读冻结；未执行
A_route/problem3/02_batch_run/logs/checkpoints/P3_MEAN_ROLLOUT_12/2025-05-21.json.gz,9016abe490b3ec610cb977d6f88f6ceb425de2a2dfbaf75644e25a1c2db627b0,155085,batch_log_or_checkpoint,只读冻结；未执行
A_route/problem3/02_batch_run/logs/checkpoints/P3_MEAN_ROLLOUT_12/2025-05-22.json.gz,4e05dbde1dfce575402fd0be1e9794e2cff80531882e6d41e82ac4d2cef87c0c,148740,batch_log_or_checkpoint,只读冻结；未执行
A_route/problem3/02_batch_run/logs/checkpoints/P3_MEAN_ROLLOUT_12/2025-05-23.json.gz,7025c081548130d8ae19a37b46195d6f23ec861e022cc8cabd8ea8ec838eef4a,149670,batch_log_or_checkpoint,只读冻结；未执行
A_route/problem3/02_batch_run/logs/checkpoints/P3_MEAN_ROLLOUT_12/2025-05-24.json.gz,63fdad77f71bbc0b5d87b4b0a5ce94e75817d7d71dbbe53b1d39e5c454cc5781,144766,batch_log_or_checkpoint,只读冻结；未执行
A_route/problem3/02_batch_run/logs/checkpoints/P3_MEAN_ROLLOUT_12/2025-05-25.json.gz,c4907d886a4491c72cfe6aff5eed53615642643d1bb428f91450a822e8c98722,152322,batch_log_or_checkpoint,只读冻结；未执行
A_route/problem3/02_batch_run/logs/checkpoints/P3_MEAN_ROLLOUT_12/2025-05-26.json.gz,f153bbbd144fcc30a9f02d3beddd1dff7be44ea250b95a63d8e9637da73c3169,157224,batch_log_or_checkpoint,只读冻结；未执行
A_route/problem3/02_batch_run/logs/checkpoints/P3_MEAN_ROLLOUT_12/2025-05-27.json.gz,6038d2cb05115a5f64d356e259a1e58b728315b9fbf8afbcbd60930b6b032cc8,151832,batch_log_or_checkpoint,只读冻结；未执行
A_route/problem3/02_batch_run/logs/checkpoints/P3_MEAN_ROLLOUT_12/2025-05-28.json.gz,696520731e3143afd99e468e4a742b7dc0e0458df9abd9b59bcbed158121d874,154362,batch_log_or_checkpoint,只读冻结；未执行
A_route/problem3/02_batch_run/logs/checkpoints/P3_MEAN_ROLLOUT_12/2025-05-29.json.gz,7f8d9cb01a875f3bbaeebee4f373d1ee4e5173e6e6d1da5ddbd779723df21f12,151345,batch_log_or_checkpoint,只读冻结；未执行
A_route/problem3/02_batch_run/logs/checkpoints/P3_MEAN_ROLLOUT_12/2025-05-30.json.gz,c1040712ead356296d3db5fa3627fdb89fc6ab1c03119c7ba603c3c5768e3806,145996,batch_log_or_checkpoint,只读冻结；未执行
A_route/problem3/02_batch_run/logs/checkpoints/P3_MEAN_ROLLOUT_12/2025-05-31.json.gz,c49990d3d9362eb82ae0c89706beb716fbc73766c385a4191f55d784eb0771bd,146254,batch_log_or_checkpoint,只读冻结；未执行
A_route/problem3/02_batch_run/logs/checkpoints/P3_MEAN_ROLLOUT_12/2025-06-01.json.gz,9f7bc12cf310cf65555ea2f04665fae23f50fdaeca298c4fda4c6be27ee69831,153276,batch_log_or_checkpoint,只读冻结；未执行
A_route/problem3/02_batch_run/logs/checkpoints/P3_MEAN_ROLLOUT_12/2025-06-02.json.gz,da1f69a4e070cbdb419965ee20090e63a23ae4fc62d884e5a36b0dd5566406b2,154354,batch_log_or_checkpoint,只读冻结；未执行
A_route/problem3/02_batch_run/logs/checkpoints/P3_MEAN_ROLLOUT_12/2025-06-03.json.gz,5580d6266431e24b40174e5439bd17668870802b48561f34a60001f51c96315f,156061,batch_log_or_checkpoint,只读冻结；未执行
A_route/problem3/02_batch_run/logs/checkpoints/P3_MEAN_ROLLOUT_12/2025-06-04.json.gz,7cc3c05ccad789e5dccfc837b1bb2a8d6cfdaaa8625ff00b35439c8a5f4ce986,156230,batch_log_or_checkpoint,只读冻结；未执行
A_route/problem3/02_batch_run/logs/checkpoints/P3_MEAN_ROLLOUT_12/2025-06-05.json.gz,331cfcc3688d44e282406e82f04e1fac1d08f8fa356f1431aa4bed040c0c0169,162943,batch_log_or_checkpoint,只读冻结；未执行
A_route/problem3/02_batch_run/logs/checkpoints/P3_MEAN_ROLLOUT_12/2025-06-06.json.gz,a8db97e7b25de4e494f6a6b4ac817045fcda41daa3d38d11dc6a924a3b09cb71,149454,batch_log_or_checkpoint,只读冻结；未执行
A_route/problem3/02_batch_run/logs/checkpoints/P3_MEAN_ROLLOUT_12/2025-06-07.json.gz,08d253d0c89319cd1c9b9bdb4b3ff41174cb3574bdbc5db136fb3a20ac9378dd,153221,batch_log_or_checkpoint,只读冻结；未执行
A_route/problem3/02_batch_run/logs/checkpoints/P3_MEAN_ROLLOUT_12/2025-06-08.json.gz,70cdd5391e8d2d1f33210f9d65223633afe18a26707d1525180e6b7b6351e832,154935,batch_log_or_checkpoint,只读冻结；未执行
A_route/problem3/02_batch_run/logs/checkpoints/P3_MEAN_ROLLOUT_12/2025-06-09.json.gz,2c2deabf3d5e249561777ac8f75dbd4910d3fbaacfe2c597ce020ca7fc468b72,152415,batch_log_or_checkpoint,只读冻结；未执行
A_route/problem3/02_batch_run/logs/checkpoints/P3_MEAN_ROLLOUT_12/2025-06-10.json.gz,c350ab44763edcc96689f507c6546290fbb05534c107a1463f9d0b6708ae13e5,156139,batch_log_or_checkpoint,只读冻结；未执行
A_route/problem3/02_batch_run/logs/checkpoints/P3_MEAN_ROLLOUT_12/2025-06-11.json.gz,4c02189441792e6858e2d08a50418cbc7b9243dc88ab1fc9189b5c973f4f3385,153636,batch_log_or_checkpoint,只读冻结；未执行
A_route/problem3/02_batch_run/logs/checkpoints/P3_MEAN_ROLLOUT_12/2025-06-12.json.gz,f8d95f9865c872a9b27393d3ebe032e5c9fff767d19741e04ae9a2ceb8e958ec,153693,batch_log_or_checkpoint,只读冻结；未执行
A_route/problem3/02_batch_run/logs/checkpoints/P3_MEAN_ROLLOUT_12/2025-06-13.json.gz,115000b6a7960107c3a0f0164eefb8b83cae4b3cd47822fec6ad61d565a8401d,147716,batch_log_or_checkpoint,只读冻结；未执行
A_route/problem3/02_batch_run/logs/checkpoints/P3_MEAN_ROLLOUT_12/2025-06-14.json.gz,590edad839f573297d012b3b4459fbfdfcb8f8ec3e05448e86ff06fcba2163c8,147297,batch_log_or_checkpoint,只读冻结；未执行
A_route/problem3/02_batch_run/logs/checkpoints/P3_MEAN_ROLLOUT_12/2025-06-15.json.gz,8830191d2dd94db9197ddebd341c3683f4447b44d319c5138bafe5142388dd4c,158559,batch_log_or_checkpoint,只读冻结；未执行
A_route/problem3/02_batch_run/logs/checkpoints/P3_MEAN_ROLLOUT_12/2025-06-16.json.gz,6c647da0f6666ae59c6e59ea39398ae8777e74febabe9515c0d788a3b0099525,154198,batch_log_or_checkpoint,只读冻结；未执行
A_route/problem3/02_batch_run/logs/checkpoints/P3_MEAN_ROLLOUT_12/2025-06-17.json.gz,783d190f7af65ee7647ba612424b7874f6786512544c01edba003b2acb9f47d9,154155,batch_log_or_checkpoint,只读冻结；未执行
A_route/problem3/02_batch_run/logs/checkpoints/P3_MEAN_ROLLOUT_12/2025-06-18.json.gz,090e8f8d21ce0454d3d20a1410fac5b64257175f085580c5c1214bf57525e073,154114,batch_log_or_checkpoint,只读冻结；未执行
A_route/problem3/02_batch_run/logs/checkpoints/P3_MEAN_ROLLOUT_12/2025-06-19.json.gz,be3fba6a6239c279f1af1f60076eaa806d474631977dacb73219a94160fe146c,160680,batch_log_or_checkpoint,只读冻结；未执行
A_route/problem3/02_batch_run/logs/checkpoints/P3_MEAN_ROLLOUT_12/2025-06-20.json.gz,03829b38b399d2abb631a1821c5de35964da15844ea4e4c5874a13c8e9be8bb2,147090,batch_log_or_checkpoint,只读冻结；未执行
A_route/problem3/02_batch_run/logs/checkpoints/P3_MEAN_ROLLOUT_12/2025-06-21.json.gz,a0025cb8b63e7920e0fd99550f7e45f9b2b0dc1ec77255f1fc98d7aae4dd3e61,146293,batch_log_or_checkpoint,只读冻结；未执行
A_route/problem3/02_batch_run/logs/checkpoints/P3_MEAN_ROLLOUT_12/2025-06-22.json.gz,c60d3eff3d27386df80598d415e756d8a739b2440e47b874470950c15a1a8a80,160162,batch_log_or_checkpoint,只读冻结；未执行
A_route/problem3/02_batch_run/logs/checkpoints/P3_MEAN_ROLLOUT_12/2025-06-23.json.gz,36226ad37c30bc7fcf9f0731bfd9f98d2719e82f03362dbb45e8dee22cab01a3,153217,batch_log_or_checkpoint,只读冻结；未执行
A_route/problem3/02_batch_run/logs/checkpoints/P3_MEAN_ROLLOUT_12/2025-06-24.json.gz,7ad6392de62d4a5e25ace67c233f66e3051dce85a7ec015658d59126b16080a8,153825,batch_log_or_checkpoint,只读冻结；未执行
A_route/problem3/02_batch_run/logs/checkpoints/P3_MEAN_ROLLOUT_12/2025-06-25.json.gz,38f5630cb92bc1927f7cff298574071ed1d68a98ebff4b84bee9bf3220417622,160736,batch_log_or_checkpoint,只读冻结；未执行
A_route/problem3/02_batch_run/logs/checkpoints/P3_MEAN_ROLLOUT_12/2025-06-26.json.gz,52b9e01db701b71ef13024c3122f8da4d6682a0a5b511d03b8a242b15c020371,155590,batch_log_or_checkpoint,只读冻结；未执行
A_route/problem3/02_batch_run/logs/checkpoints/P3_MEAN_ROLLOUT_12/2025-06-27.json.gz,1ddad8142e37e5835a8a3587107d0e742a6852b6a8fb39cf9d1afc9ffb92f3ac,145950,batch_log_or_checkpoint,只读冻结；未执行
A_route/problem3/02_batch_run/logs/checkpoints/P3_MEAN_ROLLOUT_12/2025-06-28.json.gz,2df52f0c1def28c05832e459cba459445b86141c52d6c9d94438df0af49f99ed,146624,batch_log_or_checkpoint,只读冻结；未执行
A_route/problem3/02_batch_run/logs/checkpoints/P3_MEAN_ROLLOUT_12/2025-06-29.json.gz,14a0ac4cce31fef3f9ea94ac86ba205ceef2bc7a5c20cbf15e2c6599aa61bb24,162078,batch_log_or_checkpoint,只读冻结；未执行
A_route/problem3/02_batch_run/logs/checkpoints/P3_MEAN_ROLLOUT_12/2025-06-30.json.gz,eafc566858fc7fa41b6ad31ce174e426fb5e280e5a10f9934babedd5947d56a4,153315,batch_log_or_checkpoint,只读冻结；未执行
A_route/problem3/02_batch_run/logs/checkpoints/P3_MEAN_ROLLOUT_12/2025-07-01.json.gz,ae546e7c0fcefcdd4146c8f90ea5b1dbb2f62f775dbc981d8eab7c5838c1061e,165956,batch_log_or_checkpoint,只读冻结；未执行
A_route/problem3/02_batch_run/logs/checkpoints/P3_MEAN_ROLLOUT_12/2025-07-02.json.gz,48e061a7febc96919dd49065432621d57ed3a3a5517d092f4dae2f27cd206289,161797,batch_log_or_checkpoint,只读冻结；未执行
A_route/problem3/02_batch_run/logs/checkpoints/P3_MEAN_ROLLOUT_12/2025-07-03.json.gz,079cb8da227975e4277c48b7efbf76f5acdeca978b7ee519afdc1ade0acf1419,158805,batch_log_or_checkpoint,只读冻结；未执行
A_route/problem3/02_batch_run/logs/checkpoints/P3_MEAN_ROLLOUT_12/2025-07-04.json.gz,3274a113e5f6938dce527a83db82d0535f9188fe480cf9b3eabb787dcd6c68f8,153703,batch_log_or_checkpoint,只读冻结；未执行
A_route/problem3/02_batch_run/logs/checkpoints/P3_MEAN_ROLLOUT_12/2025-07-05.json.gz,94016e35e80d7fcfacb3b0e8b7f5002ba85edaaa53f241e74fbc18819d3c625d,157805,batch_log_or_checkpoint,只读冻结；未执行
A_route/problem3/02_batch_run/logs/checkpoints/P3_MEAN_ROLLOUT_12/2025-07-06.json.gz,46b1570cd346829816787f831e4cf36c1e9a0c284cc435784d1856e315f1e6dc,170795,batch_log_or_checkpoint,只读冻结；未执行
A_route/problem3/02_batch_run/logs/checkpoints/P3_MEAN_ROLLOUT_12/2025-07-07.json.gz,4d27854e6e2a54bde28bde7b561ec9383b411be9c92e58c39f2bedae857b3bf5,165735,batch_log_or_checkpoint,只读冻结；未执行
A_route/problem3/02_batch_run/logs/checkpoints/P3_MEAN_ROLLOUT_12/2025-07-08.json.gz,3ec9799b6a8d7092645b1b24e80f5a0d1340db6c921bb684f1723a5b77a65487,151969,batch_log_or_checkpoint,只读冻结；未执行
A_route/problem3/02_batch_run/logs/checkpoints/P3_MEAN_ROLLOUT_12/2025-07-09.json.gz,1fab681dbeb76583f72b3d17d7c3aed1bdb1f6a0a7811c4d58c3392c8f569525,152295,batch_log_or_checkpoint,只读冻结；未执行
A_route/problem3/02_batch_run/logs/checkpoints/P3_MEAN_ROLLOUT_12/2025-07-10.json.gz,56cf74761194c0a0721943c651210d509bcb59d6e760eb5dbc34affad348f3ee,151241,batch_log_or_checkpoint,只读冻结；未执行
A_route/problem3/02_batch_run/logs/checkpoints/P3_MEAN_ROLLOUT_12/2025-07-11.json.gz,45eda752c4c2cbbd6300db795162ac9dd68f95412691f822b3d7d9678e880725,145859,batch_log_or_checkpoint,只读冻结；未执行
A_route/problem3/02_batch_run/logs/checkpoints/P3_MEAN_ROLLOUT_12/2025-07-12.json.gz,d99c96204029f5be48c075485aebab590790e2a8c500dbae662c6073d047dee5,147936,batch_log_or_checkpoint,只读冻结；未执行
A_route/problem3/02_batch_run/logs/checkpoints/P3_MEAN_ROLLOUT_12/2025-07-13.json.gz,4f26e8d22e9b7b0ae380942dad5ee66f1a452167b796693ab12e8bdadc35af15,152246,batch_log_or_checkpoint,只读冻结；未执行
A_route/problem3/02_batch_run/logs/checkpoints/P3_MEAN_ROLLOUT_12/2025-07-14.json.gz,38ec0d31503018e1bffc0ad67674ef05a453648d4f36146c6769a4961aa5ac4a,152463,batch_log_or_checkpoint,只读冻结；未执行
A_route/problem3/02_batch_run/logs/checkpoints/P3_MEAN_ROLLOUT_12/2025-07-15.json.gz,a6155de4c22fe3fb254c99f2dd0a98b9f91a700b346c90bc2486d7b8c382f471,152738,batch_log_or_checkpoint,只读冻结；未执行
A_route/problem3/02_batch_run/logs/checkpoints/P3_MEAN_ROLLOUT_12/2025-07-16.json.gz,b49528cde58faab5ca4759ce7e36c65ba10f42c9f9ae49f7f0c82990dae943ad,151930,batch_log_or_checkpoint,只读冻结；未执行
A_route/problem3/02_batch_run/logs/checkpoints/P3_MEAN_ROLLOUT_12/2025-07-17.json.gz,0be9612d18a8d0929113411c398a004795f579ec2d297afe0ce7ea178105a575,151945,batch_log_or_checkpoint,只读冻结；未执行
A_route/problem3/02_batch_run/logs/checkpoints/P3_MEAN_ROLLOUT_12/2025-07-18.json.gz,5833542007213a754612d856481c9c6669bfd88a36089cece03e19f201132572,145624,batch_log_or_checkpoint,只读冻结；未执行
A_route/problem3/02_batch_run/logs/checkpoints/P3_MEAN_ROLLOUT_12/2025-07-19.json.gz,882fca6cdda3056070164fe93d33bfa998a966e1d48a941734f2e0a3c7c3f35e,146171,batch_log_or_checkpoint,只读冻结；未执行
A_route/problem3/02_batch_run/logs/checkpoints/P3_MEAN_ROLLOUT_12/2025-07-20.json.gz,c81fa394a9ec471da013742f82971b4f9af9a46e553d3d657b1ddf36c7973e79,152269,batch_log_or_checkpoint,只读冻结；未执行
A_route/problem3/02_batch_run/logs/checkpoints/P3_MEAN_ROLLOUT_12/2025-07-21.json.gz,0e83becbd4d6c7f5688d892f46c4fdbe7842f71b69403616c415eaa2a0424ff2,153267,batch_log_or_checkpoint,只读冻结；未执行
A_route/problem3/02_batch_run/logs/checkpoints/P3_MEAN_ROLLOUT_12/2025-07-22.json.gz,fb9aa10e3b87ce650d3622b2638dfd9b3ab5f1f62ab98b153d365061ac366f21,152626,batch_log_or_checkpoint,只读冻结；未执行
A_route/problem3/02_batch_run/logs/checkpoints/P3_MEAN_ROLLOUT_12/2025-07-23.json.gz,8e5f9409ead41a5fe0d60f40b9236f7e5e5e66b936a90ec7f0b30cc57458f955,152939,batch_log_or_checkpoint,只读冻结；未执行
A_route/problem3/02_batch_run/logs/checkpoints/P3_MEAN_ROLLOUT_12/2025-07-24.json.gz,817362aebccdfe248939c7dc5ba34fd6deffa35186e9f6d5a8a770fe96982a14,151005,batch_log_or_checkpoint,只读冻结；未执行
A_route/problem3/02_batch_run/logs/checkpoints/P3_MEAN_ROLLOUT_12/2025-07-25.json.gz,236938cddff337d46147fe2803c1b13fc59837d50ea6621a1b4c689be9f53820,145378,batch_log_or_checkpoint,只读冻结；未执行
A_route/problem3/02_batch_run/logs/checkpoints/P3_MEAN_ROLLOUT_12/2025-07-26.json.gz,6317983be5d4d99bf2117716a83502bbe66aa79a5f0409166348816070ab2827,147829,batch_log_or_checkpoint,只读冻结；未执行
A_route/problem3/02_batch_run/logs/checkpoints/P3_MEAN_ROLLOUT_12/2025-07-27.json.gz,a38a4f3d976096c17331044d2c75acbaabce5464f14be264f911829b150826a9,154808,batch_log_or_checkpoint,只读冻结；未执行
A_route/problem3/02_batch_run/logs/checkpoints/P3_MEAN_ROLLOUT_12/2025-07-28.json.gz,b243c05de3dbe68aec13695c4c55572e564f75440b4af209ca2605fa50cb8bcd,152961,batch_log_or_checkpoint,只读冻结；未执行
A_route/problem3/02_batch_run/logs/checkpoints/P3_MEAN_ROLLOUT_12/2025-07-29.json.gz,a9afcdf05689700c2c14727392e42bb2b72947a6748b1f70cc85476775f508c9,151724,batch_log_or_checkpoint,只读冻结；未执行
A_route/problem3/02_batch_run/logs/checkpoints/P3_MEAN_ROLLOUT_12/2025-07-30.json.gz,aea377d8ec3e83a2780c89b8a2c6672febe290a9efa4256bf456cfef344b8caf,157189,batch_log_or_checkpoint,只读冻结；未执行
A_route/problem3/02_batch_run/logs/checkpoints/P3_MEAN_ROLLOUT_12/2025-07-31.json.gz,6877ed563c1ceaeed79e4c9917be4531d70e88a6d004697126aa83cc17415cc9,151645,batch_log_or_checkpoint,只读冻结；未执行
A_route/problem3/02_batch_run/logs/checkpoints/P3_MEAN_ROLLOUT_12/2025-08-01.json.gz,ce091d4bd638258f8343beca34fa4e956a3e4f8aab0c37f54a4032be5a741866,143847,batch_log_or_checkpoint,只读冻结；未执行
A_route/problem3/02_batch_run/logs/checkpoints/P3_MEAN_ROLLOUT_12/2025-08-02.json.gz,84782879027f0dab442e78cb1c7c03e32d9fbea14266d2b91ba28935a1f8900e,147421,batch_log_or_checkpoint,只读冻结；未执行
A_route/problem3/02_batch_run/logs/checkpoints/P3_MEAN_ROLLOUT_12/2025-08-03.json.gz,3029845b9afe3be8dabf638b14f6f9b8dfc1ecbf7c1d19af3e22a1184fbf8308,150784,batch_log_or_checkpoint,只读冻结；未执行
A_route/problem3/02_batch_run/logs/checkpoints/P3_MEAN_ROLLOUT_12/2025-08-04.json.gz,5f4bfade247f035ee3643b6646cd774eea9742d92f70ed26556220146a4f5c69,151958,batch_log_or_checkpoint,只读冻结；未执行
A_route/problem3/02_batch_run/logs/checkpoints/P3_MEAN_ROLLOUT_12/2025-08-05.json.gz,9291a77c5e8ad8aa2fa2625929cec9b564d792c2494c45af188384e1a4e1ae08,153329,batch_log_or_checkpoint,只读冻结；未执行
A_route/problem3/02_batch_run/logs/checkpoints/P3_MEAN_ROLLOUT_12/2025-08-06.json.gz,7b6474221ed558044f41e4a29f4278a955d93115f2e6bf28083f1a50cfb3da42,152535,batch_log_or_checkpoint,只读冻结；未执行
A_route/problem3/02_batch_run/logs/checkpoints/P3_MEAN_ROLLOUT_12/2025-08-07.json.gz,f3cdb400516fb28fc9aa0ced3f06f58fa3353b3539e62a7e9d2170abd99bb296,157202,batch_log_or_checkpoint,只读冻结；未执行
A_route/problem3/02_batch_run/logs/checkpoints/P3_MEAN_ROLLOUT_12/2025-08-08.json.gz,02d6a77ff706e67c547d5f5dea469b13272e2aae7fd8ffccab5bd87c2a207c69,143976,batch_log_or_checkpoint,只读冻结；未执行
A_route/problem3/02_batch_run/logs/checkpoints/P3_MEAN_ROLLOUT_12/2025-08-09.json.gz,c0dd32b8eb56c280d7687042cf5f806da0b1aecf32f2c0c12a5b6d3a49f1da5d,144955,batch_log_or_checkpoint,只读冻结；未执行
A_route/problem3/02_batch_run/logs/checkpoints/P3_MEAN_ROLLOUT_12/2025-08-10.json.gz,7e7495e728fe7ab934230e1310eca736ac6f80efbd1c1fe5ce13820912348c0b,152041,batch_log_or_checkpoint,只读冻结；未执行
A_route/problem3/02_batch_run/logs/checkpoints/P3_MEAN_ROLLOUT_12/2025-08-11.json.gz,2caa26c9e38aee65dd09485f2bbdfd33028fe264e1276610a837f20f17205ad0,157480,batch_log_or_checkpoint,只读冻结；未执行
A_route/problem3/02_batch_run/logs/checkpoints/P3_MEAN_ROLLOUT_12/2025-08-12.json.gz,a441e26e6e3c087447ff8c5637b05dfe72020ba8e11d549188ef96e9e983e2ac,158495,batch_log_or_checkpoint,只读冻结；未执行
A_route/problem3/02_batch_run/logs/checkpoints/P3_MEAN_ROLLOUT_12/2025-08-13.json.gz,5edbca78777a13a21f4515018c199042b9d6711c1dba6c4b776d650af07d8b93,159343,batch_log_or_checkpoint,只读冻结；未执行
A_route/problem3/02_batch_run/logs/checkpoints/P3_MEAN_ROLLOUT_12/2025-08-14.json.gz,7daa7e4fb729303f59bdfe79e1073274079ac07542b5a9de89206bebc29b9e47,151681,batch_log_or_checkpoint,只读冻结；未执行
A_route/problem3/02_batch_run/logs/checkpoints/P3_MEAN_ROLLOUT_12/2025-08-15.json.gz,a7b8e20168bbbf872784208e6927d669515fe6f8d9bf6c388adc7706a7742e44,145435,batch_log_or_checkpoint,只读冻结；未执行
A_route/problem3/02_batch_run/logs/checkpoints/P3_MEAN_ROLLOUT_12/2025-08-16.json.gz,41d2e45413bf08cef1e273722b4b3d0b05f6cf1e22de95550a1cc55675577f87,147371,batch_log_or_checkpoint,只读冻结；未执行
A_route/problem3/02_batch_run/logs/checkpoints/P3_MEAN_ROLLOUT_12/2025-08-17.json.gz,445952e680e2908f7ed20335c42402e63d30ace91fb7a6a4b396b5a41760c392,153818,batch_log_or_checkpoint,只读冻结；未执行
A_route/problem3/02_batch_run/logs/checkpoints/P3_MEAN_ROLLOUT_12/2025-08-18.json.gz,c1332aad8f2b965c8e126ec79a28ceb93dddc1cf36725eb038d3c43cc2c16167,151749,batch_log_or_checkpoint,只读冻结；未执行
A_route/problem3/02_batch_run/logs/checkpoints/P3_MEAN_ROLLOUT_12/2025-08-19.json.gz,71c78b40cc1aef036c59bb20a3060f59566e2f036a8a5f85aa25bcea074045d1,152728,batch_log_or_checkpoint,只读冻结；未执行
A_route/problem3/02_batch_run/logs/checkpoints/P3_MEAN_ROLLOUT_12/2025-08-20.json.gz,9b87a59f54d8e748ab2e93d5478b7c7c80c7f20ab01928ec5b2bc271fcee3c93,154836,batch_log_or_checkpoint,只读冻结；未执行
A_route/problem3/02_batch_run/logs/checkpoints/P3_MEAN_ROLLOUT_12/2025-08-21.json.gz,4b68bd644c9e5c86c328728ce4409d4d221c2449a4b9725109a1910049bdf2d7,150837,batch_log_or_checkpoint,只读冻结；未执行
A_route/problem3/02_batch_run/logs/checkpoints/P3_MEAN_ROLLOUT_12/2025-08-22.json.gz,8e0cd8df1eb22d578acf76fbfffb924692065e1614d7f3ed52aca8eb5f98944b,146683,batch_log_or_checkpoint,只读冻结；未执行
A_route/problem3/02_batch_run/logs/checkpoints/P3_MEAN_ROLLOUT_12/2025-08-23.json.gz,03483f86dfc0cff1a945c670d0c5b71f30fd8e5104631fc7fdbce51d97c54c11,150243,batch_log_or_checkpoint,只读冻结；未执行
A_route/problem3/02_batch_run/logs/checkpoints/P3_MEAN_ROLLOUT_12/2025-08-24.json.gz,bbd118b092b86ff8a68c07013441472117802aaf8303a42f05becf45726a8d70,155998,batch_log_or_checkpoint,只读冻结；未执行
A_route/problem3/02_batch_run/logs/checkpoints/P3_MEAN_ROLLOUT_12/2025-08-25.json.gz,86cd38305699c3e42ab17f9d294a8caad6dd015bdedea95a5a279edcace90558,152039,batch_log_or_checkpoint,只读冻结；未执行
A_route/problem3/02_batch_run/logs/checkpoints/P3_MEAN_ROLLOUT_12/2025-08-26.json.gz,d63366cd79cfc709ffbbc64d8dda4c210fd34181e67e5dba014f141a1d8f3613,151801,batch_log_or_checkpoint,只读冻结；未执行
A_route/problem3/02_batch_run/logs/checkpoints/P3_MEAN_ROLLOUT_12/2025-08-27.json.gz,b6252ef146c28a04a32d856f695dee5ce282b44c1dab89f8e5de170b511b0bf2,159766,batch_log_or_checkpoint,只读冻结；未执行
A_route/problem3/02_batch_run/logs/checkpoints/P3_MEAN_ROLLOUT_12/2025-08-28.json.gz,2ce92d808afee14c57ed8d2b3e6dba2ebddc237569e635c926d2224becb36130,161602,batch_log_or_checkpoint,只读冻结；未执行
A_route/problem3/02_batch_run/logs/checkpoints/P3_MEAN_ROLLOUT_12/2025-08-29.json.gz,d5fef613ab6d8d3a9be088c50160d82644e666f85cd647b4516b5f72264f65d3,144041,batch_log_or_checkpoint,只读冻结；未执行
A_route/problem3/02_batch_run/logs/checkpoints/P3_MEAN_ROLLOUT_12/2025-08-30.json.gz,d7419d036c2640ded0b0c107461bd46a1372872b3493c58a7efeef982f320116,146465,batch_log_or_checkpoint,只读冻结；未执行
A_route/problem3/02_batch_run/logs/checkpoints/P3_MEAN_ROLLOUT_12/2025-08-31.json.gz,b3dfe2a7158e598726768168ba345e1e334e5a9a18f79e5a2996f692d77d384f,151568,batch_log_or_checkpoint,只读冻结；未执行
A_route/problem3/02_batch_run/logs/checkpoints/P3_MEAN_ROLLOUT_12/2025-09-01.json.gz,0065a232b6dfab732344f37a2e5f01941c19c35053ba4f05b834508d8d2b35db,153695,batch_log_or_checkpoint,只读冻结；未执行
A_route/problem3/02_batch_run/logs/checkpoints/P3_MEAN_ROLLOUT_12/2025-09-02.json.gz,326d63fb687c369480dc7d348ad3114e126d8bc90340ce10163029e7a234f2d0,154454,batch_log_or_checkpoint,只读冻结；未执行
A_route/problem3/02_batch_run/logs/checkpoints/P3_MEAN_ROLLOUT_12/2025-09-03.json.gz,bf80d5eed64a8694c87c81e12cd6c21622aaf0ffb328ddfd3c743fe8d5652fd7,153504,batch_log_or_checkpoint,只读冻结；未执行
A_route/problem3/02_batch_run/logs/checkpoints/P3_MEAN_ROLLOUT_12/2025-09-04.json.gz,8f7621c825b031831452939ac7da8174c7e9a4d4ee43343bb1fe6ee87dc7176d,149296,batch_log_or_checkpoint,只读冻结；未执行
A_route/problem3/02_batch_run/logs/checkpoints/P3_MEAN_ROLLOUT_12/2025-09-05.json.gz,db66bfecccb1ad5cbe171dea4d457f5a3712c36cd28bbf40270a435c5532f2a0,142369,batch_log_or_checkpoint,只读冻结；未执行
A_route/problem3/02_batch_run/logs/checkpoints/P3_MEAN_ROLLOUT_12/2025-09-06.json.gz,1e697f9ab0be63fa2907a412862e7bfe88ffc52a40b4251729aa5caad598098b,143573,batch_log_or_checkpoint,只读冻结；未执行
A_route/problem3/02_batch_run/logs/checkpoints/P3_MEAN_ROLLOUT_12/2025-09-07.json.gz,014e04e9248976e1798c77357630e4986092932effe982cd1c440644136efc6b,149818,batch_log_or_checkpoint,只读冻结；未执行
A_route/problem3/02_batch_run/logs/checkpoints/P3_MEAN_ROLLOUT_12/2025-09-08.json.gz,0c7b673986f712d42668553f1a449f8f50324e9aa2b23ea0cd67f7e3ed475606,154504,batch_log_or_checkpoint,只读冻结；未执行
A_route/problem3/02_batch_run/logs/checkpoints/P3_MEAN_ROLLOUT_12/2025-09-09.json.gz,2cbb53836e18b879e0abe3e39011356245eb6ea4c585d24baf2910c8e112d5de,153298,batch_log_or_checkpoint,只读冻结；未执行
A_route/problem3/02_batch_run/logs/checkpoints/P3_MEAN_ROLLOUT_12/2025-09-10.json.gz,4c18b2ad76ef2b002b4d5bdcd18ac7134bb0068edd73c77073b2bf31ec52a3f0,156908,batch_log_or_checkpoint,只读冻结；未执行
A_route/problem3/02_batch_run/logs/checkpoints/P3_MEAN_ROLLOUT_12/2025-09-11.json.gz,61b763df1f11dc6e7caf58e4995139cbece49cde432db9bbca25841044b8d9ff,148803,batch_log_or_checkpoint,只读冻结；未执行
A_route/problem3/02_batch_run/logs/checkpoints/P3_MEAN_ROLLOUT_12/2025-09-12.json.gz,4bf6f68ed57962272f8a1e38f74dd1eeb39905712e052c62d1414514420b1ef1,144822,batch_log_or_checkpoint,只读冻结；未执行
A_route/problem3/02_batch_run/logs/checkpoints/P3_MEAN_ROLLOUT_12/2025-09-13.json.gz,39d517c340d44bca80efbd1c8abe115680b122c6ab692dd7da4a6ee50acb03b9,145205,batch_log_or_checkpoint,只读冻结；未执行
A_route/problem3/02_batch_run/logs/checkpoints/P3_MEAN_ROLLOUT_12/2025-09-14.json.gz,be4c45af632c0caa22f08a6dc459026237fe70ff15743e92664be993394fdd7a,149887,batch_log_or_checkpoint,只读冻结；未执行
A_route/problem3/02_batch_run/logs/checkpoints/P3_MEAN_ROLLOUT_12/2025-09-15.json.gz,118c275aa96222b285297cface9e6850530a7edcd3ad9fe7000c6130f89d6757,150136,batch_log_or_checkpoint,只读冻结；未执行
A_route/problem3/02_batch_run/logs/checkpoints/P3_MEAN_ROLLOUT_12/2025-09-16.json.gz,fa196716deea0246fd8c8b05d96812c54cec3db454f4be2d5c4b81fc1013efb3,152894,batch_log_or_checkpoint,只读冻结；未执行
A_route/problem3/02_batch_run/logs/checkpoints/P3_MEAN_ROLLOUT_12/2025-09-17.json.gz,feeebe8b2c4e4b22b9b211c435bcee3524f088b5e66bf4ab18a701e00d89cb25,151105,batch_log_or_checkpoint,只读冻结；未执行
A_route/problem3/02_batch_run/logs/checkpoints/P3_MEAN_ROLLOUT_12/2025-09-18.json.gz,a90ef97dbf2f00de14de21237bd505e421749945651b71656310c9499c72ca64,154893,batch_log_or_checkpoint,只读冻结；未执行
A_route/problem3/02_batch_run/logs/checkpoints/P3_MEAN_ROLLOUT_12/2025-09-19.json.gz,cd5f57416b50258ffc3c3de8e61d00b5e267a5043b28791864b834e56e1efd3c,143960,batch_log_or_checkpoint,只读冻结；未执行
A_route/problem3/02_batch_run/logs/checkpoints/P3_MEAN_ROLLOUT_12/2025-09-20.json.gz,dc495dff9e725bc2c5e04bfda51ba9a77ecf89b264cd8d0503e1e52c3b9e8ece,146444,batch_log_or_checkpoint,只读冻结；未执行
A_route/problem3/02_batch_run/logs/checkpoints/P3_MEAN_ROLLOUT_12/2025-09-21.json.gz,4b2f60e4d3ca28c4d80ac305a5b6886db21e1973699c3249b5b0b794f0926c95,151292,batch_log_or_checkpoint,只读冻结；未执行
A_route/problem3/02_batch_run/logs/checkpoints/P3_MEAN_ROLLOUT_12/2025-09-22.json.gz,b2be6fc54230ac645ccdc1c0aac1906fb061696422f0b5ff11308f2ef31f10a6,150664,batch_log_or_checkpoint,只读冻结；未执行
A_route/problem3/02_batch_run/logs/checkpoints/P3_MEAN_ROLLOUT_12/2025-09-23.json.gz,bd07f6b7256392a2eadc58e6f8791d84432ab50fc4a21fff08cf56db8618b4fe,150578,batch_log_or_checkpoint,只读冻结；未执行
A_route/problem3/02_batch_run/logs/checkpoints/P3_MEAN_ROLLOUT_12/2025-09-24.json.gz,1e0331ed9add51587a828e386384ee425fce11d8dedc6dcf420cc02aaf257a19,159451,batch_log_or_checkpoint,只读冻结；未执行
A_route/problem3/02_batch_run/logs/checkpoints/P3_MEAN_ROLLOUT_12/2025-09-25.json.gz,ce050b5e68d956a15930504110c3a13de151f9b569a145025dbb117579d2dc2f,153879,batch_log_or_checkpoint,只读冻结；未执行
A_route/problem3/02_batch_run/logs/checkpoints/P3_MEAN_ROLLOUT_12/2025-09-26.json.gz,c6c9f47f98e48668a5972cb96a74dbf7eead6d7375e1a93075547b2b54993eee,144153,batch_log_or_checkpoint,只读冻结；未执行
A_route/problem3/02_batch_run/logs/checkpoints/P3_MEAN_ROLLOUT_12/2025-09-27.json.gz,38ed6361b7fa432fce51f6a772ca59592d854243f85a734418f7711fd05339b9,149339,batch_log_or_checkpoint,只读冻结；未执行
A_route/problem3/02_batch_run/logs/checkpoints/P3_MEAN_ROLLOUT_12/2025-09-28.json.gz,0cc95cda3fb5093fbf64a2cceac1e1aaeda0c02f37ce85c27e4d5f329c290fb2,153817,batch_log_or_checkpoint,只读冻结；未执行
A_route/problem3/02_batch_run/logs/checkpoints/P3_MEAN_ROLLOUT_12/2025-09-29.json.gz,4022539c2c02b2dec103bbf71dad3ecb390e25b49f6c2bc392eb59cd20137d37,150388,batch_log_or_checkpoint,只读冻结；未执行
A_route/problem3/02_batch_run/logs/checkpoints/P3_MEAN_ROLLOUT_12/2025-09-30.json.gz,f166c2effa0a996579af7919f7723823c563b8070561f7e0bd1a71d34d3f8fc6,152079,batch_log_or_checkpoint,只读冻结；未执行
A_route/problem3/02_batch_run/logs/checkpoints/P3_MEAN_ROLLOUT_12/2025-10-01.json.gz,6467ed9026fa047e3f9b110331c9daa2b0e387a49c112a99e2b24bc324793d3f,149606,batch_log_or_checkpoint,只读冻结；未执行
A_route/problem3/02_batch_run/logs/checkpoints/P3_MEAN_ROLLOUT_12/2025-10-02.json.gz,488c15dc3e52f21842f812dc376265fe6919cc7cb6cae5bc985ea2ef13c68d1c,149407,batch_log_or_checkpoint,只读冻结；未执行
A_route/problem3/02_batch_run/logs/checkpoints/P3_MEAN_ROLLOUT_12/2025-10-03.json.gz,afaf424224808daf2cbf7ca9bdc3ae8b5b81501ea84c2c78aeec450c5902e24f,145484,batch_log_or_checkpoint,只读冻结；未执行
A_route/problem3/02_batch_run/logs/checkpoints/P3_MEAN_ROLLOUT_12/2025-10-04.json.gz,295add76943048b4f5c63a0a97c14a3f6bb231ccafbc00d96a8bea9d3d66c68b,146325,batch_log_or_checkpoint,只读冻结；未执行
A_route/problem3/02_batch_run/logs/checkpoints/P3_MEAN_ROLLOUT_12/2025-10-05.json.gz,fc570bdefe49598fded8f9b64bc123916c0c8c0b09684faa4ea725700a1b80f6,152071,batch_log_or_checkpoint,只读冻结；未执行
A_route/problem3/02_batch_run/logs/checkpoints/P3_MEAN_ROLLOUT_12/2025-10-06.json.gz,b2c081b742cb7c4b9a4b8ca3a232eaae112c64f0b35f075d140d65ff6ffa8c9b,153260,batch_log_or_checkpoint,只读冻结；未执行
A_route/problem3/02_batch_run/logs/checkpoints/P3_MEAN_ROLLOUT_12/2025-10-07.json.gz,45623721162f7ee3a6504074fa5aec2c8d25cbb3b7de428a3e28bad0926e6116,155043,batch_log_or_checkpoint,只读冻结；未执行
A_route/problem3/02_batch_run/logs/checkpoints/P3_MEAN_ROLLOUT_12/2025-10-08.json.gz,ccee4802496959a8a38a3e30286e0cef861b40eda80b6778aa40d529653b57c4,150297,batch_log_or_checkpoint,只读冻结；未执行
A_route/problem3/02_batch_run/logs/checkpoints/P3_MEAN_ROLLOUT_12/2025-10-09.json.gz,99383d676ca6ed0c0bffecde35e5aa0debb36f5a04f01b2b6c074503b4dae5f9,147910,batch_log_or_checkpoint,只读冻结；未执行
A_route/problem3/02_batch_run/logs/checkpoints/P3_MEAN_ROLLOUT_12/2025-10-10.json.gz,5f5e7251c8f58f6935bd9dffc82288a71cb0b82559d3c15b00960f2cdd906950,143722,batch_log_or_checkpoint,只读冻结；未执行
A_route/problem3/02_batch_run/logs/checkpoints/P3_MEAN_ROLLOUT_12/2025-10-11.json.gz,bc4faaca5a95d5292faf748e068823b41ec4c6660b804125b5d511d9eb93adec,145261,batch_log_or_checkpoint,只读冻结；未执行
A_route/problem3/02_batch_run/logs/checkpoints/P3_MEAN_ROLLOUT_12/2025-10-12.json.gz,0ca27f111d631f25f481884196821adbd3650024a537598340cd9cfb8b8f87ec,150973,batch_log_or_checkpoint,只读冻结；未执行
A_route/problem3/02_batch_run/logs/checkpoints/P3_MEAN_ROLLOUT_12/2025-10-13.json.gz,a70fc6fb87df2dfc7cd2f3870526d073e32455f6d779a6d9e77d54577005ed89,149272,batch_log_or_checkpoint,只读冻结；未执行
A_route/problem3/02_batch_run/logs/checkpoints/P3_MEAN_ROLLOUT_12/2025-10-14.json.gz,bdb6263b9525c960bb2b5fecc299bbb2d1d3b370335fbfcd553e94d98cc8e20f,151035,batch_log_or_checkpoint,只读冻结；未执行
A_route/problem3/02_batch_run/logs/checkpoints/P3_MEAN_ROLLOUT_12/2025-10-15.json.gz,6d6c34a7bbde620e7c8ac70547cfbf1f1674a7825fe5f4535f6285d70e64a984,150067,batch_log_or_checkpoint,只读冻结；未执行
A_route/problem3/02_batch_run/logs/checkpoints/P3_MEAN_ROLLOUT_12/2025-10-16.json.gz,a5d5a7910d8ea47c9ca2bff7ca09dd225cd2e22af94d6b94faf981b81c31fec3,150757,batch_log_or_checkpoint,只读冻结；未执行
A_route/problem3/02_batch_run/logs/checkpoints/P3_MEAN_ROLLOUT_12/2025-10-17.json.gz,900c8adebcd113405ba108dd9b270f412b01e6c2a75460260aabaa58f02a0adc,147301,batch_log_or_checkpoint,只读冻结；未执行
A_route/problem3/02_batch_run/logs/checkpoints/P3_MEAN_ROLLOUT_12/2025-10-18.json.gz,cb16c7254f64b45af901d5e11e0704d6c80f67028147695d5e5a3379743696fa,145792,batch_log_or_checkpoint,只读冻结；未执行
A_route/problem3/02_batch_run/logs/checkpoints/P3_MEAN_ROLLOUT_12/2025-10-19.json.gz,5dc588e7d8ed65eaccffc3f7d39191ed8661a4eafde163cbcd18343446b73c50,150127,batch_log_or_checkpoint,只读冻结；未执行
A_route/problem3/02_batch_run/logs/checkpoints/P3_MEAN_ROLLOUT_12/2025-10-20.json.gz,0bf3437eb41993321b914d45c66216c730beec356de875b4084924ef7ae64ba5,149530,batch_log_or_checkpoint,只读冻结；未执行
A_route/problem3/02_batch_run/logs/checkpoints/P3_MEAN_ROLLOUT_12/2025-10-21.json.gz,349524385c230e9ab8bb67c76dd76e65d35cccab73199400d104ccb26b06eace,150923,batch_log_or_checkpoint,只读冻结；未执行
A_route/problem3/02_batch_run/logs/checkpoints/P3_MEAN_ROLLOUT_12/2025-10-22.json.gz,7888344c06f44a8b1fe6cb26c3c433a40fa2ed92484ba2e7d7cd36c499b58c71,151875,batch_log_or_checkpoint,只读冻结；未执行
A_route/problem3/02_batch_run/logs/checkpoints/P3_MEAN_ROLLOUT_12/2025-10-23.json.gz,262bedfc0e7fce3ef092c68a4dbbf8e2c360fe1ab1cdd35eefd05833ba78a5b9,150628,batch_log_or_checkpoint,只读冻结；未执行
A_route/problem3/02_batch_run/logs/checkpoints/P3_MEAN_ROLLOUT_12/2025-10-24.json.gz,c50d281faf5b122c172f3e365e83668ca50a9979d7009726903d4ff92c9eb881,145377,batch_log_or_checkpoint,只读冻结；未执行
A_route/problem3/02_batch_run/logs/checkpoints/P3_MEAN_ROLLOUT_12/2025-10-25.json.gz,a41dd205c192db632ba9e72a6bc059ec62942f4602d2884be93c92540839218f,147998,batch_log_or_checkpoint,只读冻结；未执行
A_route/problem3/02_batch_run/logs/checkpoints/P3_MEAN_ROLLOUT_12/2025-10-26.json.gz,13137d49af53a35120a809075df3c7851f08cb04ad0d7e4f1b1e6a2883d553c3,151575,batch_log_or_checkpoint,只读冻结；未执行
A_route/problem3/02_batch_run/logs/checkpoints/P3_MEAN_ROLLOUT_12/2025-10-27.json.gz,97e52acc42534f4030778173f6be9b910ae3f1f024980ffb24137bd656b060a8,156748,batch_log_or_checkpoint,只读冻结；未执行
A_route/problem3/02_batch_run/logs/checkpoints/P3_MEAN_ROLLOUT_12/2025-10-28.json.gz,2ae22c6f240b4f6e2db478ff2440509626d42744f5bc1ef39723f03f46d32220,157785,batch_log_or_checkpoint,只读冻结；未执行
A_route/problem3/02_batch_run/logs/checkpoints/P3_MEAN_ROLLOUT_12/2025-10-29.json.gz,a315c176169d54f60a14a65cd8f9adba319246ca67bf3afc4c047b033431251a,152349,batch_log_or_checkpoint,只读冻结；未执行
A_route/problem3/02_batch_run/logs/checkpoints/P3_MEAN_ROLLOUT_12/2025-10-30.json.gz,a15c8d4f9c841801a26841aa7145160dfc56b271f6ae00b78b469134d259e4c7,156404,batch_log_or_checkpoint,只读冻结；未执行
A_route/problem3/02_batch_run/logs/checkpoints/P3_MEAN_ROLLOUT_12/2025-10-31.json.gz,7747951df01c58e64a3c2688c8c1552b1c5ceaeb4b46a5225054b1daca42eb3d,147045,batch_log_or_checkpoint,只读冻结；未执行
A_route/problem3/02_batch_run/logs/checkpoints/P3_MEAN_ROLLOUT_12/2025-11-01.json.gz,64b55efe87d2e29942f26cfd339b958032dc89f2ea987c4ef06c205b8d31439b,149059,batch_log_or_checkpoint,只读冻结；未执行
A_route/problem3/02_batch_run/logs/checkpoints/P3_MEAN_ROLLOUT_12/2025-11-02.json.gz,007a6be28b9f88a6cae30660731271e803e576e327daf88f4ddfdf0fc35e97d9,155046,batch_log_or_checkpoint,只读冻结；未执行
A_route/problem3/02_batch_run/logs/checkpoints/P3_MEAN_ROLLOUT_12/2025-11-03.json.gz,b9c2222bc87ceea3d3c107463e5137f2c82e5c8958fe69cedf8e82f524f36b79,154317,batch_log_or_checkpoint,只读冻结；未执行
A_route/problem3/02_batch_run/logs/checkpoints/P3_MEAN_ROLLOUT_12/2025-11-04.json.gz,c5b1ed0904b68941f7b06eeb6a5e7c2740adbcc7c539694ae228ab86b115db40,155051,batch_log_or_checkpoint,只读冻结；未执行
A_route/problem3/02_batch_run/logs/checkpoints/P3_MEAN_ROLLOUT_12/2025-11-05.json.gz,70dbeba33789f33568625510f8985c85d02f2d961da059ca00421b01f05b264b,153889,batch_log_or_checkpoint,只读冻结；未执行
A_route/problem3/02_batch_run/logs/checkpoints/P3_MEAN_ROLLOUT_12/2025-11-06.json.gz,12732b4b2385b87575e1cb09c8cad9809c0ceaa2777b8505259fcf529e1ca33e,158327,batch_log_or_checkpoint,只读冻结；未执行
A_route/problem3/02_batch_run/logs/checkpoints/P3_MEAN_ROLLOUT_12/2025-11-07.json.gz,358ce108dbedc3d5eb82bcf747dee9c49524ff14437e507782afa8ace5e0a0a3,150133,batch_log_or_checkpoint,只读冻结；未执行
A_route/problem3/02_batch_run/logs/checkpoints/P3_MEAN_ROLLOUT_12/2025-11-08.json.gz,f2caad69348e5f965eb97f017fc34ad2b48ed83e113c78c0cce6ec5b315e9354,148394,batch_log_or_checkpoint,只读冻结；未执行
A_route/problem3/02_batch_run/logs/checkpoints/P3_MEAN_ROLLOUT_12/2025-11-09.json.gz,abacb0537031116eebfa26f0f2c91c98f9a8cf0feb4b7bca40e68c7d7c516180,154539,batch_log_or_checkpoint,只读冻结；未执行
A_route/problem3/02_batch_run/logs/checkpoints/P3_MEAN_ROLLOUT_12/2025-11-10.json.gz,a4aa3315a3b83e7b68e51a1dcfb508b6a38e56ee75fffc8b943520574599639c,153728,batch_log_or_checkpoint,只读冻结；未执行
A_route/problem3/02_batch_run/logs/checkpoints/P3_MEAN_ROLLOUT_12/2025-11-11.json.gz,85353ee586662a8a660d65bebeed1f2d38cb92612156fce18deb5aa7b015e736,155279,batch_log_or_checkpoint,只读冻结；未执行
A_route/problem3/02_batch_run/logs/checkpoints/P3_MEAN_ROLLOUT_12/2025-11-12.json.gz,5c3e2ae0b89e9f2a58ae9d119707d533b175aef26bb94393e3c5995208ab4afa,151932,batch_log_or_checkpoint,只读冻结；未执行
A_route/problem3/02_batch_run/logs/checkpoints/P3_MEAN_ROLLOUT_12/2025-11-13.json.gz,93d773415602ceb7679506f646a149ae2565a9c804bcec32f88516125f313558,159797,batch_log_or_checkpoint,只读冻结；未执行
A_route/problem3/02_batch_run/logs/checkpoints/P3_MEAN_ROLLOUT_12/2025-11-14.json.gz,6c73e0ca6b5c03bea8b532c020f557eb271cab4f467ec22982b6614e79bdf342,144205,batch_log_or_checkpoint,只读冻结；未执行
A_route/problem3/02_batch_run/logs/checkpoints/P3_MEAN_ROLLOUT_12/2025-11-15.json.gz,10872762e10819b242d976eabb4bdf22a01fa79fdbbef4b09fd205c6033f6cb6,149426,batch_log_or_checkpoint,只读冻结；未执行
A_route/problem3/02_batch_run/logs/checkpoints/P3_MEAN_ROLLOUT_12/2025-11-16.json.gz,3a60c9d79799565ec72dd89943092481b75c8d69f818645472a79100028dc622,159322,batch_log_or_checkpoint,只读冻结；未执行
A_route/problem3/02_batch_run/logs/checkpoints/P3_MEAN_ROLLOUT_12/2025-11-17.json.gz,cd9873a49de0b151b5cb35f6fcb0e368ad1f4706ccf24a7e5e8ba710abcab37b,157601,batch_log_or_checkpoint,只读冻结；未执行
A_route/problem3/02_batch_run/logs/checkpoints/P3_MEAN_ROLLOUT_12/2025-11-18.json.gz,03e75e7b166209a7625fd87fda8133e43b71c5aa39742de8efa65a246977de5c,152255,batch_log_or_checkpoint,只读冻结；未执行
A_route/problem3/02_batch_run/logs/checkpoints/P3_MEAN_ROLLOUT_12/2025-11-19.json.gz,93f8e336615e6687cda431e8a6c98518f35fd1d4b94ebd7815a4d623c7b41f88,158190,batch_log_or_checkpoint,只读冻结；未执行
A_route/problem3/02_batch_run/logs/checkpoints/P3_MEAN_ROLLOUT_12/2025-11-20.json.gz,e2e6004c6dd7a05fca8f37719edbd056b053c4a62876463123756c56ce54f34c,157134,batch_log_or_checkpoint,只读冻结；未执行
A_route/problem3/02_batch_run/logs/checkpoints/P3_MEAN_ROLLOUT_12/2025-11-21.json.gz,8ebffa73eb95cb8dcda2e61c0f813f92487d90e371920c363941cfd29bec4219,147730,batch_log_or_checkpoint,只读冻结；未执行
A_route/problem3/02_batch_run/logs/checkpoints/P3_MEAN_ROLLOUT_12/2025-11-22.json.gz,ed1edfd2af9221e7f2688568845e579dbb68c9d0fb9e0572cd3a5316ab87f6e2,148382,batch_log_or_checkpoint,只读冻结；未执行
A_route/problem3/02_batch_run/logs/checkpoints/P3_MEAN_ROLLOUT_12/2025-11-23.json.gz,1a1b505e9dc4319a8ab88b169fe399e51ad15ee3fa96d44629cc613663f70985,150878,batch_log_or_checkpoint,只读冻结；未执行
A_route/problem3/02_batch_run/logs/checkpoints/P3_MEAN_ROLLOUT_12/2025-11-24.json.gz,6feefc8d6c81f67a785127419293fc28dea4ff1be68d5840a2d4388fcda27bfd,154499,batch_log_or_checkpoint,只读冻结；未执行
A_route/problem3/02_batch_run/logs/checkpoints/P3_MEAN_ROLLOUT_12/2025-11-25.json.gz,b6d110ec3d911ac950729e08c3b57688c3caab1ec6bfa5c51876def281bd95a3,151198,batch_log_or_checkpoint,只读冻结；未执行
A_route/problem3/02_batch_run/logs/checkpoints/P3_MEAN_ROLLOUT_12/2025-11-26.json.gz,225b7d2b8a4f7c3e00f028814d81df05f839abc895426227b589335bc5e08a70,151279,batch_log_or_checkpoint,只读冻结；未执行
A_route/problem3/02_batch_run/logs/checkpoints/P3_MEAN_ROLLOUT_12/2025-11-27.json.gz,67838838b81f5ac335a4ce7cf07fdaac016c1de57624bc4d343354726657ea17,150693,batch_log_or_checkpoint,只读冻结；未执行
A_route/problem3/02_batch_run/logs/checkpoints/P3_MEAN_ROLLOUT_12/2025-11-28.json.gz,55bbfe6be90848286faa9668cd36e5a8047e5f3eb5f33cf7d7c366b4c5475924,146203,batch_log_or_checkpoint,只读冻结；未执行
A_route/problem3/02_batch_run/logs/checkpoints/P3_MEAN_ROLLOUT_12/2025-11-29.json.gz,ab9f59602ec7348c1dc5e14f80c0452704cd06c2c285aa44e5217c8171b30887,148190,batch_log_or_checkpoint,只读冻结；未执行
A_route/problem3/02_batch_run/logs/checkpoints/P3_MEAN_ROLLOUT_12/2025-11-30.json.gz,c1b31dc5b40a5c207e7b40e584e9ecb4fd78f60b75450a838c7c9b21e50ade09,155775,batch_log_or_checkpoint,只读冻结；未执行
A_route/problem3/02_batch_run/logs/checkpoints/P3_MEAN_ROLLOUT_12/2025-12-01.json.gz,91bcb09f15440fd3fc33b7a3e3e7297a2244f0b16dcb09bf53231a53ac97a025,154757,batch_log_or_checkpoint,只读冻结；未执行
A_route/problem3/02_batch_run/logs/checkpoints/P3_MEAN_ROLLOUT_12/2025-12-02.json.gz,83173f8e28860c378631503c457e3c9245d5ad7cf3f172a0a94b770a8a093f8a,154356,batch_log_or_checkpoint,只读冻结；未执行
A_route/problem3/02_batch_run/logs/checkpoints/P3_MEAN_ROLLOUT_12/2025-12-03.json.gz,90e0f994edbc060db95d6a879f0ce487ad2cdb60152f5ef157275b410737fab5,165373,batch_log_or_checkpoint,只读冻结；未执行
A_route/problem3/02_batch_run/logs/checkpoints/P3_MEAN_ROLLOUT_12/2025-12-04.json.gz,d05f5e4be001868966e0510908cfe66aac10923ceef0f4410c9a0aa066d8fb2f,155074,batch_log_or_checkpoint,只读冻结；未执行
A_route/problem3/02_batch_run/logs/checkpoints/P3_MEAN_ROLLOUT_12/2025-12-05.json.gz,c311fab18fe06f31af04d95b37b9f4aa016835e3bb57ef34a763f0cc966e067d,157196,batch_log_or_checkpoint,只读冻结；未执行
A_route/problem3/02_batch_run/logs/checkpoints/P3_MEAN_ROLLOUT_12/2025-12-06.json.gz,0055f9063f2be9dd4ac474c09a86005ba418b467039d629e0157cd500e38ab44,156214,batch_log_or_checkpoint,只读冻结；未执行
A_route/problem3/02_batch_run/logs/checkpoints/P3_MEAN_ROLLOUT_12/2025-12-07.json.gz,1d93d98b5392594d4a0044a9b74f6feffd7c31c1f93cdec114d4ca3eec9bc3c8,157398,batch_log_or_checkpoint,只读冻结；未执行
A_route/problem3/02_batch_run/logs/checkpoints/P3_MEAN_ROLLOUT_12/2025-12-08.json.gz,96f1424d901be12a8a00759e5bdfa6a05af67920b31c9a70cfde1ff1581cf52a,150737,batch_log_or_checkpoint,只读冻结；未执行
A_route/problem3/02_batch_run/logs/checkpoints/P3_MEAN_ROLLOUT_12/2025-12-09.json.gz,492db549f2f7c7628fa9de78d3be978779437320cc5f910dd1424776e50af9c0,151162,batch_log_or_checkpoint,只读冻结；未执行
A_route/problem3/02_batch_run/logs/checkpoints/P3_MEAN_ROLLOUT_12/2025-12-10.json.gz,926d5781dbe732b3ed06f77116558087eb0465ef6b75d55a8b8ad6771c7e9096,150282,batch_log_or_checkpoint,只读冻结；未执行
A_route/problem3/02_batch_run/logs/checkpoints/P3_MEAN_ROLLOUT_12/2025-12-11.json.gz,6537f9de7e2d880e071eec6b10d71afd63318e9f11f4fce4e0dda54fa13703bc,150454,batch_log_or_checkpoint,只读冻结；未执行
A_route/problem3/02_batch_run/logs/checkpoints/P3_MEAN_ROLLOUT_12/2025-12-12.json.gz,c21fb17663c78e897f7c833c218f1ce99e28e8158751ebef3ed7bcd1359600cb,152730,batch_log_or_checkpoint,只读冻结；未执行
A_route/problem3/02_batch_run/logs/checkpoints/P3_MEAN_ROLLOUT_12/2025-12-13.json.gz,e7f9a4f97c40a9225377019e69769fff286b76e3968f8f7888329f5444cd2cda,152002,batch_log_or_checkpoint,只读冻结；未执行
A_route/problem3/02_batch_run/logs/checkpoints/P3_MEAN_ROLLOUT_12/2025-12-14.json.gz,06abb2d691a4dce47264160b27eef64dff80b571ad7436d00bdcf89de81aaeed,155407,batch_log_or_checkpoint,只读冻结；未执行
A_route/problem3/02_batch_run/logs/checkpoints/P3_MEAN_ROLLOUT_12/2025-12-15.json.gz,0dc3aface759acdb45f55723a3658094ff0d8717fa97ef442728ad7c6d85cac8,158021,batch_log_or_checkpoint,只读冻结；未执行
A_route/problem3/02_batch_run/logs/checkpoints/P3_MEAN_ROLLOUT_12/2025-12-16.json.gz,ea6f0f08631eaed760adfd52eee69443bac31ff186b88794121470df2582ea1c,150524,batch_log_or_checkpoint,只读冻结；未执行
A_route/problem3/02_batch_run/logs/checkpoints/P3_MEAN_ROLLOUT_12/2025-12-17.json.gz,bb68343913f55d821bdc0e8b1310fb3f7660c1cef187372efd10b1b080547cae,150374,batch_log_or_checkpoint,只读冻结；未执行
A_route/problem3/02_batch_run/logs/checkpoints/P3_MEAN_ROLLOUT_12/2025-12-18.json.gz,1c769dd5dd2bc430237fb9e25120b5022b48effbe836909126160d32e9a103a9,151815,batch_log_or_checkpoint,只读冻结；未执行
A_route/problem3/02_batch_run/logs/checkpoints/P3_MEAN_ROLLOUT_12/2025-12-19.json.gz,2c5fd3bea8a8388b346c1ae0c6ab4858d9317993ccd190c902ed96f91c35d9f5,148919,batch_log_or_checkpoint,只读冻结；未执行
A_route/problem3/02_batch_run/logs/checkpoints/P3_MEAN_ROLLOUT_12/2025-12-20.json.gz,24b27c481adffbfbe214a14dadccd8ee135be06bf4cf581fd5631e987bf5a2b5,149176,batch_log_or_checkpoint,只读冻结；未执行
A_route/problem3/02_batch_run/logs/checkpoints/P3_MEAN_ROLLOUT_12/2025-12-21.json.gz,e90526f77a882098c6941b12d0d1eb86d0282ab5887265a46d7900877afdfd14,150943,batch_log_or_checkpoint,只读冻结；未执行
A_route/problem3/02_batch_run/logs/checkpoints/P3_MEAN_ROLLOUT_12/2025-12-22.json.gz,6a35625ba0465a2bd246c4c47cad29e94a6154c10a9b351c3ec5a456fd95dc4d,150662,batch_log_or_checkpoint,只读冻结；未执行
A_route/problem3/02_batch_run/logs/checkpoints/P3_MEAN_ROLLOUT_12/2025-12-23.json.gz,868d6cc58d81361b8820c73e5a9e6e078734adb0988bccd63501227ab99ac680,151089,batch_log_or_checkpoint,只读冻结；未执行
A_route/problem3/02_batch_run/logs/checkpoints/P3_MEAN_ROLLOUT_12/2025-12-24.json.gz,4135e4b85f37ef957855ffdc1c0b484cdd73439165fc0d74f13905cc5033e30d,149659,batch_log_or_checkpoint,只读冻结；未执行
A_route/problem3/02_batch_run/logs/checkpoints/P3_MEAN_ROLLOUT_12/2025-12-25.json.gz,f65d51aa5897fd66b4f2f4f41dc4a99f64954d4dd85594e1b1244376ced6b78c,154676,batch_log_or_checkpoint,只读冻结；未执行
A_route/problem3/02_batch_run/logs/checkpoints/P3_MEAN_ROLLOUT_12/2025-12-26.json.gz,f26484e6d2a765d4aa85bde7b629bd62b9cebc60502b074865b42c729c2efead,148511,batch_log_or_checkpoint,只读冻结；未执行
A_route/problem3/02_batch_run/logs/checkpoints/P3_MEAN_ROLLOUT_12/2025-12-27.json.gz,c86d9b38248e73d74e7754264b774b97342224449bd81a7ef3fac7c76626aedf,149048,batch_log_or_checkpoint,只读冻结；未执行
A_route/problem3/02_batch_run/logs/checkpoints/P3_MEAN_ROLLOUT_12/2025-12-28.json.gz,618fef13cece5fe711a07ebb913ff27bb10aeedda1e4d22615204ab7a8a1d22e,149782,batch_log_or_checkpoint,只读冻结；未执行
A_route/problem3/02_batch_run/logs/checkpoints/P3_MEAN_ROLLOUT_12/2025-12-29.json.gz,e586b80435fcf7adaae70d6b9dd511e8ff34539170d5164f20fc880908590ec1,151049,batch_log_or_checkpoint,只读冻结；未执行
A_route/problem3/02_batch_run/logs/checkpoints/P3_MEAN_ROLLOUT_12/2025-12-30.json.gz,8bcecc860a1ee3f9ec09a55dfd37861dd154a1afc12fa69a7ec6f9c361f0b2ea,150054,batch_log_or_checkpoint,只读冻结；未执行
A_route/problem3/02_batch_run/logs/checkpoints/P3_MEAN_ROLLOUT_12/2025-12-31.json.gz,97d9fc81a04e69adae3b179ec522524a8bdc955deeccf85658d512d598402a20,150944,batch_log_or_checkpoint,只读冻结；未执行
A_route/problem3/02_batch_run/logs/checkpoints/P3_MEAN_ROLLOUT_1218/2025-02-01.json.gz,4c340335434dc9c45ec082b397c507edad9bbdcf14b0398ead0438f3d96cb397,201376,batch_log_or_checkpoint,只读冻结；未执行
A_route/problem3/02_batch_run/logs/checkpoints/P3_MEAN_ROLLOUT_1218/2025-02-02.json.gz,bab4df7f10ed064ca40cba1830be571685cbf27e798a83c6708a65487604e450,211671,batch_log_or_checkpoint,只读冻结；未执行
A_route/problem3/02_batch_run/logs/checkpoints/P3_MEAN_ROLLOUT_1218/2025-02-03.json.gz,5b8c9d908b8756d7c30c9215cadcc4c388cf587073973ab8eac704b32d778a5c,219777,batch_log_or_checkpoint,只读冻结；未执行
A_route/problem3/02_batch_run/logs/checkpoints/P3_MEAN_ROLLOUT_1218/2025-02-04.json.gz,1bb5e9cac0a40a5252f48c6ee7285084fa5e9f573215422a99f22ba6b02aecac,225458,batch_log_or_checkpoint,只读冻结；未执行
A_route/problem3/02_batch_run/logs/checkpoints/P3_MEAN_ROLLOUT_1218/2025-02-05.json.gz,4975439ccab1a429e7c2b87120d2ecaaf740d86665b67bdc9cbe34ec42200dd0,232937,batch_log_or_checkpoint,只读冻结；未执行
A_route/problem3/02_batch_run/logs/checkpoints/P3_MEAN_ROLLOUT_1218/2025-02-06.json.gz,cc7ddf1eef37d2962abd485000c95f0cc063b1c4d881724d7974711aaa03b568,230644,batch_log_or_checkpoint,只读冻结；未执行
A_route/problem3/02_batch_run/logs/checkpoints/P3_MEAN_ROLLOUT_1218/2025-02-07.json.gz,ad24f69ba46f3c78e6d96e2317fee190911c58513ac2896d34100df14ac90068,227679,batch_log_or_checkpoint,只读冻结；未执行
A_route/problem3/02_batch_run/logs/checkpoints/P3_MEAN_ROLLOUT_1218/2025-02-08.json.gz,579900fd7b41c4fa098867e595abfff0fa3deed6d2a411703f2ed342ccf93fae,234568,batch_log_or_checkpoint,只读冻结；未执行
A_route/problem3/02_batch_run/logs/checkpoints/P3_MEAN_ROLLOUT_1218/2025-02-09.json.gz,0c128e122f2df82ed4f638749e63adb41d29931804a61be583cbb06193c86338,236639,batch_log_or_checkpoint,只读冻结；未执行
A_route/problem3/02_batch_run/logs/checkpoints/P3_MEAN_ROLLOUT_1218/2025-02-10.json.gz,0e3f1fba3f3469a95caa7932b94aa54ab76ab8e07b0cc831ae0cefca6611503f,235331,batch_log_or_checkpoint,只读冻结；未执行
A_route/problem3/02_batch_run/logs/checkpoints/P3_MEAN_ROLLOUT_1218/2025-02-11.json.gz,c282d27ba2dcd731c69501266aee0179e122987380219bb7155ea8e70390207f,235436,batch_log_or_checkpoint,只读冻结；未执行
A_route/problem3/02_batch_run/logs/checkpoints/P3_MEAN_ROLLOUT_1218/2025-02-12.json.gz,d9b9e03444dbf2ac07acdc9282ea90b5506b8a4994c3f233b2be54c2c29c0e25,234737,batch_log_or_checkpoint,只读冻结；未执行
A_route/problem3/02_batch_run/logs/checkpoints/P3_MEAN_ROLLOUT_1218/2025-02-13.json.gz,10b59e73f70e24821d622d76b998a343ddd81f9e15a1b4c070af1308a43aad5f,236816,batch_log_or_checkpoint,只读冻结；未执行
A_route/problem3/02_batch_run/logs/checkpoints/P3_MEAN_ROLLOUT_1218/2025-02-14.json.gz,95def351ce3ca29d608897fa0ce91b5095bb76ad41b30b9fcdc133531c684021,232935,batch_log_or_checkpoint,只读冻结；未执行
A_route/problem3/02_batch_run/logs/checkpoints/P3_MEAN_ROLLOUT_1218/2025-02-15.json.gz,769cb6b83d0631731010cfd435cf65803be56adfc25cb68ed12d9ae4ade482c2,234095,batch_log_or_checkpoint,只读冻结；未执行
A_route/problem3/02_batch_run/logs/checkpoints/P3_MEAN_ROLLOUT_1218/2025-02-16.json.gz,0dfe552d794c1eecfb105b92ae56644dc9746cb94d26c9d06050deb3c1d295c1,238085,batch_log_or_checkpoint,只读冻结；未执行
A_route/problem3/02_batch_run/logs/checkpoints/P3_MEAN_ROLLOUT_1218/2025-02-17.json.gz,19322518970f872782dd44ee8a0eab94f33edacac5f0caa4cdf36132d2c7fb52,237508,batch_log_or_checkpoint,只读冻结；未执行
A_route/problem3/02_batch_run/logs/checkpoints/P3_MEAN_ROLLOUT_1218/2025-02-18.json.gz,19f7da4264dc88250ee7d26cb91cd0e675d95e974350dccefafc8ab91f5e8b4d,239684,batch_log_or_checkpoint,只读冻结；未执行
A_route/problem3/02_batch_run/logs/checkpoints/P3_MEAN_ROLLOUT_1218/2025-02-19.json.gz,97d2501ebb334733440e57f6751c09f5f9af67ca4a106d661507982d504af8f4,243934,batch_log_or_checkpoint,只读冻结；未执行
A_route/problem3/02_batch_run/logs/checkpoints/P3_MEAN_ROLLOUT_1218/2025-02-20.json.gz,f5e767cf2cee9eaf08ea76c22a35cc0a1b61e28e60bc8d1b28c83e4ec7bec271,236677,batch_log_or_checkpoint,只读冻结；未执行
A_route/problem3/02_batch_run/logs/checkpoints/P3_MEAN_ROLLOUT_1218/2025-02-21.json.gz,d73e216620c636cc55865b5b206c4769139de749b0b0b8dc33628d77de1232a8,231567,batch_log_or_checkpoint,只读冻结；未执行
A_route/problem3/02_batch_run/logs/checkpoints/P3_MEAN_ROLLOUT_1218/2025-02-22.json.gz,d688cf20c2aace83baa704668d5440593ff0b4d844f964505273cb862c64d888,236466,batch_log_or_checkpoint,只读冻结；未执行
A_route/problem3/02_batch_run/logs/checkpoints/P3_MEAN_ROLLOUT_1218/2025-02-23.json.gz,f5220ebe0c31d6c07c35276666beb27bd061d42f793e1b486e0e4567bf5626f8,239505,batch_log_or_checkpoint,只读冻结；未执行
A_route/problem3/02_batch_run/logs/checkpoints/P3_MEAN_ROLLOUT_1218/2025-02-24.json.gz,e04cacb00f4edf1d95644b084983505057018b756acc128908ca0b8ede2d9523,237800,batch_log_or_checkpoint,只读冻结；未执行
A_route/problem3/02_batch_run/logs/checkpoints/P3_MEAN_ROLLOUT_1218/2025-02-25.json.gz,cad866b26166eb33bd6ade84b49b45711aa2b71c47b66c6b37cb6c4042add54c,239075,batch_log_or_checkpoint,只读冻结；未执行
A_route/problem3/02_batch_run/logs/checkpoints/P3_MEAN_ROLLOUT_1218/2025-02-26.json.gz,0572a83c99d77b56f1ee6d9ff66b4eb5fbb73543ef45b6a5e2af32aedb8c9329,245928,batch_log_or_checkpoint,只读冻结；未执行
A_route/problem3/02_batch_run/logs/checkpoints/P3_MEAN_ROLLOUT_1218/2025-02-27.json.gz,b22cb1579d81bc11aa1f7437615ce3bf11f75a133aff5ec42a712d9f73e46028,234600,batch_log_or_checkpoint,只读冻结；未执行
A_route/problem3/02_batch_run/logs/checkpoints/P3_MEAN_ROLLOUT_1218/2025-02-28.json.gz,d1f46311b9cb59093b91c404a89b52d0e2f3fa99d233ace0afe9d4b53df40b83,227140,batch_log_or_checkpoint,只读冻结；未执行
A_route/problem3/02_batch_run/logs/checkpoints/P3_MEAN_ROLLOUT_1218/2025-03-01.json.gz,12eb6d6025e97d800eca7a4b8ab99db2464320bc7d60985a0c858fa92f1cba6e,231261,batch_log_or_checkpoint,只读冻结；未执行
A_route/problem3/02_batch_run/logs/checkpoints/P3_MEAN_ROLLOUT_1218/2025-03-02.json.gz,e88d3d79e154281b83c82faa4af24067882d36931b30f492db38531ef779046e,234885,batch_log_or_checkpoint,只读冻结；未执行
A_route/problem3/02_batch_run/logs/checkpoints/P3_MEAN_ROLLOUT_1218/2025-03-03.json.gz,7dcfd91978c22621b44a3352a2c28378da926e7ef854567b10fdb51cade39b60,240619,batch_log_or_checkpoint,只读冻结；未执行
A_route/problem3/02_batch_run/logs/checkpoints/P3_MEAN_ROLLOUT_1218/2025-03-04.json.gz,9a289ac813ce001415d91ab8a5f7ee569c644676e82c004ca63bb444ab78c062,235036,batch_log_or_checkpoint,只读冻结；未执行
A_route/problem3/02_batch_run/logs/checkpoints/P3_MEAN_ROLLOUT_1218/2025-03-05.json.gz,f474dceffd7791b4b375db26189721fc751750fe98fb6d1425a8609225960787,236177,batch_log_or_checkpoint,只读冻结；未执行
A_route/problem3/02_batch_run/logs/checkpoints/P3_MEAN_ROLLOUT_1218/2025-03-06.json.gz,1c4ab75ae939eb96823a82d596b7000b72741329e210bbfcea9bc6776d39df34,231501,batch_log_or_checkpoint,只读冻结；未执行
A_route/problem3/02_batch_run/logs/checkpoints/P3_MEAN_ROLLOUT_1218/2025-03-07.json.gz,3528db383b2d1df62a4befae752c30cd61a2f2ac0b0b3d245a15ac9fb2a96b80,225571,batch_log_or_checkpoint,只读冻结；未执行
A_route/problem3/02_batch_run/logs/checkpoints/P3_MEAN_ROLLOUT_1218/2025-03-08.json.gz,6c1979275356aabc44e9ae6c85b1238e347971ac86a360b11b7f2d9d4f517892,233727,batch_log_or_checkpoint,只读冻结；未执行
A_route/problem3/02_batch_run/logs/checkpoints/P3_MEAN_ROLLOUT_1218/2025-03-09.json.gz,005600c61747aaf5e7dd4832eafd072698e836698d7ded35cdb98515b15ad8d1,238088,batch_log_or_checkpoint,只读冻结；未执行
A_route/problem3/02_batch_run/logs/checkpoints/P3_MEAN_ROLLOUT_1218/2025-03-10.json.gz,988ebae9c77d6dcd319caac840f76a48f4076971f59262e83bb1362447475784,242520,batch_log_or_checkpoint,只读冻结；未执行
A_route/problem3/02_batch_run/logs/checkpoints/P3_MEAN_ROLLOUT_1218/2025-03-11.json.gz,dc517a19e06a040c457ab9e0305000a10a8dd6bf0d7d731db7232860028bcd87,248849,batch_log_or_checkpoint,只读冻结；未执行
A_route/problem3/02_batch_run/logs/checkpoints/P3_MEAN_ROLLOUT_1218/2025-03-12.json.gz,2cdfb7513bbbfd7df0ba975d90e09373419f5d2712692c7b46a99f7290ee16c8,238423,batch_log_or_checkpoint,只读冻结；未执行
A_route/problem3/02_batch_run/logs/checkpoints/P3_MEAN_ROLLOUT_1218/2025-03-13.json.gz,c519706439d8a963d1d60cda9ba13c92092763cb9fe98ab4c301e449b4a7030d,239541,batch_log_or_checkpoint,只读冻结；未执行
A_route/problem3/02_batch_run/logs/checkpoints/P3_MEAN_ROLLOUT_1218/2025-03-14.json.gz,feb51f3ed1e5d6b6a31e12b7f44618540efffd3d4c135559f9008b7cfd9cd959,231638,batch_log_or_checkpoint,只读冻结；未执行
A_route/problem3/02_batch_run/logs/checkpoints/P3_MEAN_ROLLOUT_1218/2025-03-15.json.gz,36f4d805912572580133cbede732bf94bc8c6ebb24e6f2485de8389cdd445f67,236143,batch_log_or_checkpoint,只读冻结；未执行
A_route/problem3/02_batch_run/logs/checkpoints/P3_MEAN_ROLLOUT_1218/2025-03-16.json.gz,45a7984add1c1fbc8b6e5ab4671804417dd31c5a1c94aa9364f8fad277f71379,239646,batch_log_or_checkpoint,只读冻结；未执行
A_route/problem3/02_batch_run/logs/checkpoints/P3_MEAN_ROLLOUT_1218/2025-03-17.json.gz,8df7142fb469d4e720d2afbad9d8e0690d795af1b2775630b3689e5953eeb6ed,242111,batch_log_or_checkpoint,只读冻结；未执行
A_route/problem3/02_batch_run/logs/checkpoints/P3_MEAN_ROLLOUT_1218/2025-03-18.json.gz,4b51ca633e7724c8bb56e23b09e4e3b11915c2d0d7cbe988def70e10760ec68d,234858,batch_log_or_checkpoint,只读冻结；未执行
A_route/problem3/02_batch_run/logs/checkpoints/P3_MEAN_ROLLOUT_1218/2025-03-19.json.gz,7db212391454227269af46102946b37b28455ebcaa83e61fb0cff0bf8ba18564,245610,batch_log_or_checkpoint,只读冻结；未执行
A_route/problem3/02_batch_run/logs/checkpoints/P3_MEAN_ROLLOUT_1218/2025-03-20.json.gz,e74671dbf0bbf4e2e0a06cb5265c46cc88431b2a6500d74e7253bbb8b7fb4d80,231710,batch_log_or_checkpoint,只读冻结；未执行
A_route/problem3/02_batch_run/logs/checkpoints/P3_MEAN_ROLLOUT_1218/2025-03-21.json.gz,f909d4596d39814bd4a5ba967c26474917ab8226590b01cb887eac40804b73b6,225333,batch_log_or_checkpoint,只读冻结；未执行
A_route/problem3/02_batch_run/logs/checkpoints/P3_MEAN_ROLLOUT_1218/2025-03-22.json.gz,2dcb010968f5a9414cab86e80657e0d746b052606e61c2494f92eab4bef85cd1,232915,batch_log_or_checkpoint,只读冻结；未执行
A_route/problem3/02_batch_run/logs/checkpoints/P3_MEAN_ROLLOUT_1218/2025-03-23.json.gz,4fd779e6ae642dc3f70ca93a0d2baba50750fb0b91a757f4c159f9bff7dbb19e,237899,batch_log_or_checkpoint,只读冻结；未执行
A_route/problem3/02_batch_run/logs/checkpoints/P3_MEAN_ROLLOUT_1218/2025-03-24.json.gz,2606f515dc556eae6a856f4f67659c84adf467208cd7df61d66c9d255fd737cc,243330,batch_log_or_checkpoint,只读冻结；未执行
A_route/problem3/02_batch_run/logs/checkpoints/P3_MEAN_ROLLOUT_1218/2025-03-25.json.gz,e20cf7c8b6c7d172849bc06ffc8c2b5e00056da0f7f0701b5721284b2f195152,239888,batch_log_or_checkpoint,只读冻结；未执行
A_route/problem3/02_batch_run/logs/checkpoints/P3_MEAN_ROLLOUT_1218/2025-03-26.json.gz,55adb6cd5eb4442ea74d3e07421e2237cae04b1ab7a04317377ecba533892bd8,239445,batch_log_or_checkpoint,只读冻结；未执行
A_route/problem3/02_batch_run/logs/checkpoints/P3_MEAN_ROLLOUT_1218/2025-03-27.json.gz,7c652ed76cb5fcd9e5b2def8f956451a57c0457dc07a760077804e20ce9d76c3,234448,batch_log_or_checkpoint,只读冻结；未执行
A_route/problem3/02_batch_run/logs/checkpoints/P3_MEAN_ROLLOUT_1218/2025-03-28.json.gz,99c577c056936b8fc8ad6063d261f1cd2ec503203a7511034453ea8f6f175ead,227888,batch_log_or_checkpoint,只读冻结；未执行
A_route/problem3/02_batch_run/logs/checkpoints/P3_MEAN_ROLLOUT_1218/2025-03-29.json.gz,e93ab831bd080784ff4ce9b22120a143ef375b9bee3a5a095f34a1aca238ef51,237784,batch_log_or_checkpoint,只读冻结；未执行
A_route/problem3/02_batch_run/logs/checkpoints/P3_MEAN_ROLLOUT_1218/2025-03-30.json.gz,6ca5f33ebc46bc3cafb4c16afa7970297bbef166dc01bfc29661ac021417d369,239783,batch_log_or_checkpoint,只读冻结；未执行
A_route/problem3/02_batch_run/logs/checkpoints/P3_MEAN_ROLLOUT_1218/2025-03-31.json.gz,e3890c776801376a6cdd2c7d2a6d660add060d8aea766e99bcd1e63251a14993,243413,batch_log_or_checkpoint,只读冻结；未执行
A_route/problem3/02_batch_run/logs/checkpoints/P3_MEAN_ROLLOUT_1218/2025-04-01.json.gz,1c60d4f9d9727c46e91312580542feefac6e8af3f86113117cb89115cd946891,241243,batch_log_or_checkpoint,只读冻结；未执行
A_route/problem3/02_batch_run/logs/checkpoints/P3_MEAN_ROLLOUT_1218/2025-04-02.json.gz,232bf512637d8b02ce95a3ce97c131dc24793b2dd6ea29b8deac324073ef1fb7,240921,batch_log_or_checkpoint,只读冻结；未执行
A_route/problem3/02_batch_run/logs/checkpoints/P3_MEAN_ROLLOUT_1218/2025-04-03.json.gz,2a2473bd04e2c96455ed6a4204850ab3a3b6ea9febb0fad3de11dd7c662b7b7d,229051,batch_log_or_checkpoint,只读冻结；未执行
A_route/problem3/02_batch_run/logs/checkpoints/P3_MEAN_ROLLOUT_1218/2025-04-04.json.gz,0fcf93f04d02fb2a2d94c1262e9f2baea143e731a133687a709220ed49fb332d,227727,batch_log_or_checkpoint,只读冻结；未执行
A_route/problem3/02_batch_run/logs/checkpoints/P3_MEAN_ROLLOUT_1218/2025-04-05.json.gz,1fe21b7d0657e3d177f9e22d026e929e93de39c30d18513eafe4ec493b1c1ad8,233122,batch_log_or_checkpoint,只读冻结；未执行
A_route/problem3/02_batch_run/logs/checkpoints/P3_MEAN_ROLLOUT_1218/2025-04-06.json.gz,45b2ac4254e21943c279427e44ddc9ba783cdd17a0b0afab7b506673fc315d48,240898,batch_log_or_checkpoint,只读冻结；未执行
A_route/problem3/02_batch_run/logs/checkpoints/P3_MEAN_ROLLOUT_1218/2025-04-07.json.gz,381a7860be6f698b79c96585d97cd882465b809999fa0c540ccbb190ee4795b6,243129,batch_log_or_checkpoint,只读冻结；未执行
A_route/problem3/02_batch_run/logs/checkpoints/P3_MEAN_ROLLOUT_1218/2025-04-08.json.gz,9601a54a7b67f3ee8bba0756f802b7ec27e3b574f59afe2432b6206f515eadaa,237227,batch_log_or_checkpoint,只读冻结；未执行
A_route/problem3/02_batch_run/logs/checkpoints/P3_MEAN_ROLLOUT_1218/2025-04-09.json.gz,944af151db346a6dd5ed1a58057a9d9e32de7c5d4147d72f9715b476bbfc3f2b,237514,batch_log_or_checkpoint,只读冻结；未执行
A_route/problem3/02_batch_run/logs/checkpoints/P3_MEAN_ROLLOUT_1218/2025-04-10.json.gz,4f51242f9d0f09d080c6b9f675120eb13e02982e867b19e5d6bb951467279eb4,230598,batch_log_or_checkpoint,只读冻结；未执行
A_route/problem3/02_batch_run/logs/checkpoints/P3_MEAN_ROLLOUT_1218/2025-04-11.json.gz,d7c96602719aaa2e34a5dc94e837ffaf6eed90f60c31b9b6549d2c21e108fa3b,228708,batch_log_or_checkpoint,只读冻结；未执行
A_route/problem3/02_batch_run/logs/checkpoints/P3_MEAN_ROLLOUT_1218/2025-04-12.json.gz,dadf6fdffb4c1fd6bcf9ced38acaaa59f98b80849d0cc6958839594b873fbf6f,230151,batch_log_or_checkpoint,只读冻结；未执行
A_route/problem3/02_batch_run/logs/checkpoints/P3_MEAN_ROLLOUT_1218/2025-04-13.json.gz,2acb47a716d5a1d5e03a9ed0784a037064dc9d6f8fdca76ca78abd64846d35be,238659,batch_log_or_checkpoint,只读冻结；未执行
A_route/problem3/02_batch_run/logs/checkpoints/P3_MEAN_ROLLOUT_1218/2025-04-14.json.gz,1106c712c4706cd14143980da97f7425e113da397dd5339a17e19311da147f66,233300,batch_log_or_checkpoint,只读冻结；未执行
A_route/problem3/02_batch_run/logs/checkpoints/P3_MEAN_ROLLOUT_1218/2025-04-15.json.gz,4791624ec5f3303cb39d3fd9e2e48974a754aaf5b040a951d5c3a12908b8721a,243110,batch_log_or_checkpoint,只读冻结；未执行
A_route/problem3/02_batch_run/logs/checkpoints/P3_MEAN_ROLLOUT_1218/2025-04-16.json.gz,ea098c794efa1b20641f4cdf8537b6ce3d7b56a40db2a9190779ba68ec19cfa5,241986,batch_log_or_checkpoint,只读冻结；未执行
A_route/problem3/02_batch_run/logs/checkpoints/P3_MEAN_ROLLOUT_1218/2025-04-17.json.gz,c4e2548452f672636e481b410942724283e0b57af43cf6388b5f0070a6510dbd,229508,batch_log_or_checkpoint,只读冻结；未执行
A_route/problem3/02_batch_run/logs/checkpoints/P3_MEAN_ROLLOUT_1218/2025-04-18.json.gz,07e683b6e92332055d1727cb0c28ab9fa0a22b28655a2dfd94a9f67edbb2b505,225160,batch_log_or_checkpoint,只读冻结；未执行
A_route/problem3/02_batch_run/logs/checkpoints/P3_MEAN_ROLLOUT_1218/2025-04-19.json.gz,709b9810a1585ac5f83c8b428cb9e481d0c274e2dbf6798c398a2b2a195cdc3c,233908,batch_log_or_checkpoint,只读冻结；未执行
A_route/problem3/02_batch_run/logs/checkpoints/P3_MEAN_ROLLOUT_1218/2025-04-20.json.gz,2a94a3505395f030f9ce0671f831b90ea7ff0b1b9693a847273a7f899c7935b2,237052,batch_log_or_checkpoint,只读冻结；未执行
A_route/problem3/02_batch_run/logs/checkpoints/P3_MEAN_ROLLOUT_1218/2025-04-21.json.gz,b11ec31dff4e4feaad9039c3e08e976c74264a4190264a982f554060b2d384f4,233007,batch_log_or_checkpoint,只读冻结；未执行
A_route/problem3/02_batch_run/logs/checkpoints/P3_MEAN_ROLLOUT_1218/2025-04-22.json.gz,6695918c59147902a038afd882c6d7202f1e3e6fa4b00f77c54e3a05e39e2d66,239515,batch_log_or_checkpoint,只读冻结；未执行
A_route/problem3/02_batch_run/logs/checkpoints/P3_MEAN_ROLLOUT_1218/2025-04-23.json.gz,938d4067cfca868fb1960c5e13319bc7e4933006b03ed73e7ad2153b00ef4582,241992,batch_log_or_checkpoint,只读冻结；未执行
A_route/problem3/02_batch_run/logs/checkpoints/P3_MEAN_ROLLOUT_1218/2025-04-24.json.gz,e875cb8fc0414135da6e8ca3cbcc660ea25835238094641b8151c9e69c708cb9,231100,batch_log_or_checkpoint,只读冻结；未执行
A_route/problem3/02_batch_run/logs/checkpoints/P3_MEAN_ROLLOUT_1218/2025-04-25.json.gz,8089bd7e3083b72d8af45c763663c6d5badbb19273da4851322a4ab43a51f65a,221196,batch_log_or_checkpoint,只读冻结；未执行
A_route/problem3/02_batch_run/logs/checkpoints/P3_MEAN_ROLLOUT_1218/2025-04-26.json.gz,9909acac387cb031ceb183ba18e2d7e4987dcec3f4941c3b126bbb863ba5b1ae,230438,batch_log_or_checkpoint,只读冻结；未执行
A_route/problem3/02_batch_run/logs/checkpoints/P3_MEAN_ROLLOUT_1218/2025-04-27.json.gz,eb746e257da017df8f06de3ee522330e6512bf27f68b5a3fba2e6ee524132ea5,239854,batch_log_or_checkpoint,只读冻结；未执行
A_route/problem3/02_batch_run/logs/checkpoints/P3_MEAN_ROLLOUT_1218/2025-04-28.json.gz,b8e6828ca0d11e0355a2be23f66da48f1f0c37a463837e8c33148c932e69d779,236011,batch_log_or_checkpoint,只读冻结；未执行
A_route/problem3/02_batch_run/logs/checkpoints/P3_MEAN_ROLLOUT_1218/2025-04-29.json.gz,e8c45d362b5539ad23c12f67177f9aead8180f5dd267197cd9ad9bbc6f5aed97,239185,batch_log_or_checkpoint,只读冻结；未执行
A_route/problem3/02_batch_run/logs/checkpoints/P3_MEAN_ROLLOUT_1218/2025-04-30.json.gz,dc66694b6be26783a0a25e9007ef3ffe38d9817e154a09a9bfe68a30ba5be090,232313,batch_log_or_checkpoint,只读冻结；未执行
A_route/problem3/02_batch_run/logs/checkpoints/P3_MEAN_ROLLOUT_1218/2025-05-01.json.gz,ad87a84ab53749bc4522eb76d4f9d3071f3fbbf76c3c845ea74690a4b8108e23,232390,batch_log_or_checkpoint,只读冻结；未执行
A_route/problem3/02_batch_run/logs/checkpoints/P3_MEAN_ROLLOUT_1218/2025-05-02.json.gz,2db2ba6f063e7efc30657c16c959ed891da57229b7c9011ed24c006eca8fee6e,222197,batch_log_or_checkpoint,只读冻结；未执行
A_route/problem3/02_batch_run/logs/checkpoints/P3_MEAN_ROLLOUT_1218/2025-05-03.json.gz,936bc81b9082665a18b7bb9b37798ed555a7843ba163b688b327f60e69f3e613,229032,batch_log_or_checkpoint,只读冻结；未执行
A_route/problem3/02_batch_run/logs/checkpoints/P3_MEAN_ROLLOUT_1218/2025-05-04.json.gz,507002303a234849e7d830656a4d7be13923ae1968cf7c17b2d5733324021996,238602,batch_log_or_checkpoint,只读冻结；未执行
A_route/problem3/02_batch_run/logs/checkpoints/P3_MEAN_ROLLOUT_1218/2025-05-05.json.gz,2c3f6b6d65038068c004d5ef4a232c400152c0197fc098602ace69d3a99e7f3d,237050,batch_log_or_checkpoint,只读冻结；未执行
A_route/problem3/02_batch_run/logs/checkpoints/P3_MEAN_ROLLOUT_1218/2025-05-06.json.gz,8beaae76bf561c97806cbeeaa71c741a38704c9382be2c1c8c8c3070bfd50853,244867,batch_log_or_checkpoint,只读冻结；未执行
A_route/problem3/02_batch_run/logs/checkpoints/P3_MEAN_ROLLOUT_1218/2025-05-07.json.gz,c6c2b4b5bb851f86d38807514a88d94fdc475ae64d69173c73e4eb2ff93d428e,239618,batch_log_or_checkpoint,只读冻结；未执行
A_route/problem3/02_batch_run/logs/checkpoints/P3_MEAN_ROLLOUT_1218/2025-05-08.json.gz,2ada8eb7f9c46ce3ad627e7ac4c0b98be558a3868cbb7e1207f8cf6c46643a4d,237897,batch_log_or_checkpoint,只读冻结；未执行
A_route/problem3/02_batch_run/logs/checkpoints/P3_MEAN_ROLLOUT_1218/2025-05-09.json.gz,f0d7cfeecd9c1dfe651117b694a278fe2c8efd6a7c78a18d767eba1499b6e7eb,228943,batch_log_or_checkpoint,只读冻结；未执行
A_route/problem3/02_batch_run/logs/checkpoints/P3_MEAN_ROLLOUT_1218/2025-05-10.json.gz,41dee47a7e459013bfbd5d5034cea9894a51c2e2ad82b89ef96073a07ab27d37,232352,batch_log_or_checkpoint,只读冻结；未执行
A_route/problem3/02_batch_run/logs/checkpoints/P3_MEAN_ROLLOUT_1218/2025-05-11.json.gz,5337fcc6a7efd76c19ee684e14d0a70e37745e98b8b9ce0dc2dbb1197a271376,239230,batch_log_or_checkpoint,只读冻结；未执行
A_route/problem3/02_batch_run/logs/checkpoints/P3_MEAN_ROLLOUT_1218/2025-05-12.json.gz,b7766dc2fc6ae6a1f6848c817be8b48fdb377da996796917a72f82e4b6e4c00d,241978,batch_log_or_checkpoint,只读冻结；未执行
A_route/problem3/02_batch_run/logs/checkpoints/P3_MEAN_ROLLOUT_1218/2025-05-13.json.gz,631d9a43e2f1524a32245ebb2aa86533ffece609723d65cb8aebadf5de9557b5,240913,batch_log_or_checkpoint,只读冻结；未执行
A_route/problem3/02_batch_run/logs/checkpoints/P3_MEAN_ROLLOUT_1218/2025-05-14.json.gz,f00275b794f4cd62410bd1ad74d1cafa8843473aaf4039017cf5de47cb7dbb2a,233665,batch_log_or_checkpoint,只读冻结；未执行
A_route/problem3/02_batch_run/logs/checkpoints/P3_MEAN_ROLLOUT_1218/2025-05-15.json.gz,7866e12056e48b00a09818eb59849e147de45b838c424220804c752a58202bbf,229874,batch_log_or_checkpoint,只读冻结；未执行
A_route/problem3/02_batch_run/logs/checkpoints/P3_MEAN_ROLLOUT_1218/2025-05-16.json.gz,07f8a584a4daf67e7b06eca49eac064c1da08292b40001097cd9e2f5b82d2707,225003,batch_log_or_checkpoint,只读冻结；未执行
A_route/problem3/02_batch_run/logs/checkpoints/P3_MEAN_ROLLOUT_1218/2025-05-17.json.gz,f04bd169c732650d4c82be1ed07194bff8ee846f2d5f51cb450d234e5d2939c0,231387,batch_log_or_checkpoint,只读冻结；未执行
A_route/problem3/02_batch_run/logs/checkpoints/P3_MEAN_ROLLOUT_1218/2025-05-18.json.gz,d13046a5ad0341261eaeb22f7ad8b7d3b8b5c4cfde43ebad182aa83da3e221e2,238429,batch_log_or_checkpoint,只读冻结；未执行
A_route/problem3/02_batch_run/logs/checkpoints/P3_MEAN_ROLLOUT_1218/2025-05-19.json.gz,4c293fde20ed8d4b3e625b7557ff8242428150c53ce475c8055c9e485eb6f11b,237369,batch_log_or_checkpoint,只读冻结；未执行
A_route/problem3/02_batch_run/logs/checkpoints/P3_MEAN_ROLLOUT_1218/2025-05-20.json.gz,6e264e92c8a2558fb54c3224ad020889ba050d79142335b6156d6d3970f73e80,238653,batch_log_or_checkpoint,只读冻结；未执行
A_route/problem3/02_batch_run/logs/checkpoints/P3_MEAN_ROLLOUT_1218/2025-05-21.json.gz,be5c790690af1ef4687492675612f4c1c6ad48d51e6b3df426f8ae7dbcd61f14,239567,batch_log_or_checkpoint,只读冻结；未执行
A_route/problem3/02_batch_run/logs/checkpoints/P3_MEAN_ROLLOUT_1218/2025-05-22.json.gz,8850a9f866bf3028c2e7647db9cc157e562370dd239c5efd5e781a3a21624a59,229652,batch_log_or_checkpoint,只读冻结；未执行
A_route/problem3/02_batch_run/logs/checkpoints/P3_MEAN_ROLLOUT_1218/2025-05-23.json.gz,f73aedb0ef5d493d00681c9c4df8372d5db6a0bd6ef4a7086b45ada8ffd5277a,231377,batch_log_or_checkpoint,只读冻结；未执行
A_route/problem3/02_batch_run/logs/checkpoints/P3_MEAN_ROLLOUT_1218/2025-05-24.json.gz,487d4e1d7d3bbf05779a1e113e362a874f7735692a3af459650c1a72c47c36db,228814,batch_log_or_checkpoint,只读冻结；未执行
A_route/problem3/02_batch_run/logs/checkpoints/P3_MEAN_ROLLOUT_1218/2025-05-25.json.gz,61d0847afe04815add554afa0149e7e414fd21aea9c602d25284c53809d0d637,237519,batch_log_or_checkpoint,只读冻结；未执行
A_route/problem3/02_batch_run/logs/checkpoints/P3_MEAN_ROLLOUT_1218/2025-05-26.json.gz,9b3241423a34b1fa3b742dfa9c91688eff3469c83824db636234da5c92e0fc63,242231,batch_log_or_checkpoint,只读冻结；未执行
A_route/problem3/02_batch_run/logs/checkpoints/P3_MEAN_ROLLOUT_1218/2025-05-27.json.gz,2e8dc3b49864d668c047f3b81a30f9c91dc5cad18104ad40a634c38fb9c6a72a,237097,batch_log_or_checkpoint,只读冻结；未执行
A_route/problem3/02_batch_run/logs/checkpoints/P3_MEAN_ROLLOUT_1218/2025-05-28.json.gz,d2aa2318c689702fd4af288783e8735c74f6307c2c3ee7934ead301abcd3a1ad,239314,batch_log_or_checkpoint,只读冻结；未执行
A_route/problem3/02_batch_run/logs/checkpoints/P3_MEAN_ROLLOUT_1218/2025-05-29.json.gz,7a3212649efd7e4acc2ed87b63ca108b14bd465d6b226ec2368efd3da313819d,234535,batch_log_or_checkpoint,只读冻结；未执行
A_route/problem3/02_batch_run/logs/checkpoints/P3_MEAN_ROLLOUT_1218/2025-05-30.json.gz,ff84ecbf7373715da56c410bca7b6b557b62b4450de7c2d1a0d42825e9353884,227056,batch_log_or_checkpoint,只读冻结；未执行
A_route/problem3/02_batch_run/logs/checkpoints/P3_MEAN_ROLLOUT_1218/2025-05-31.json.gz,63eff5ea76615345417bee0dbfaafac0672098ee656a35c69bc6ae4076441a1b,231082,batch_log_or_checkpoint,只读冻结；未执行
A_route/problem3/02_batch_run/logs/checkpoints/P3_MEAN_ROLLOUT_1218/2025-06-01.json.gz,c90a1835de89f5f5000fa935cdc8070593bb421cf0a0c141cc329bc19f1335b2,243222,batch_log_or_checkpoint,只读冻结；未执行
A_route/problem3/02_batch_run/logs/checkpoints/P3_MEAN_ROLLOUT_1218/2025-06-02.json.gz,11ce623a662f9be87680a86b2d0d93539039cfcf7f994353da9b768ec21acc34,244751,batch_log_or_checkpoint,只读冻结；未执行
A_route/problem3/02_batch_run/logs/checkpoints/P3_MEAN_ROLLOUT_1218/2025-06-03.json.gz,780e39d236e2fb30bceae90b5515ea024d46297764480b2f52996541863cbe31,247284,batch_log_or_checkpoint,只读冻结；未执行
A_route/problem3/02_batch_run/logs/checkpoints/P3_MEAN_ROLLOUT_1218/2025-06-04.json.gz,4daeabcd07eac34b75a6a1eaf8a58eaf083842567bd911fb824d034aa1014e25,245768,batch_log_or_checkpoint,只读冻结；未执行
A_route/problem3/02_batch_run/logs/checkpoints/P3_MEAN_ROLLOUT_1218/2025-06-05.json.gz,2df2e3731cf905a4f0e2f301e82c1fe999c925c9b7a95222c1832f97dc0bff28,252786,batch_log_or_checkpoint,只读冻结；未执行
A_route/problem3/02_batch_run/logs/checkpoints/P3_MEAN_ROLLOUT_1218/2025-06-06.json.gz,50207aa3c83fa69e95a517f25a4feeff0459b5d8fe5ef1d119ecb4e57f54abbe,238012,batch_log_or_checkpoint,只读冻结；未执行
A_route/problem3/02_batch_run/logs/checkpoints/P3_MEAN_ROLLOUT_1218/2025-06-07.json.gz,05225f40642def6837c555b3e00e0f21ecba1f6f880d9eb5e5849e5c87834099,242237,batch_log_or_checkpoint,只读冻结；未执行
A_route/problem3/02_batch_run/logs/checkpoints/P3_MEAN_ROLLOUT_1218/2025-06-08.json.gz,683dc48334977f9fa970859719f1cc3e142e9b3bb92d3d5a4b769563ba945b14,240655,batch_log_or_checkpoint,只读冻结；未执行
A_route/problem3/02_batch_run/logs/checkpoints/P3_MEAN_ROLLOUT_1218/2025-06-09.json.gz,ec48ac278688b7d987aa3731d95de006684183add7fbcb51add237a184dafb2b,237328,batch_log_or_checkpoint,只读冻结；未执行
A_route/problem3/02_batch_run/logs/checkpoints/P3_MEAN_ROLLOUT_1218/2025-06-10.json.gz,2178cecfa46a461434f54ef6cce30e8586065410faa0f2c3760ce57af150b9ae,242261,batch_log_or_checkpoint,只读冻结；未执行
A_route/problem3/02_batch_run/logs/checkpoints/P3_MEAN_ROLLOUT_1218/2025-06-11.json.gz,a25f808fc4af9917e2c34219191a72cb649bf3ef455fc574551a9a87a69c17d9,239835,batch_log_or_checkpoint,只读冻结；未执行
A_route/problem3/02_batch_run/logs/checkpoints/P3_MEAN_ROLLOUT_1218/2025-06-12.json.gz,61f24dcbf4d80c181689a9cf589cdf29dcf5cd6c8c3c43c52a96819e84a5982f,238049,batch_log_or_checkpoint,只读冻结；未执行
A_route/problem3/02_batch_run/logs/checkpoints/P3_MEAN_ROLLOUT_1218/2025-06-13.json.gz,b99ad04e16743a5730b9f0399ea5b7b3cc0328e7b03abb3f3868ea8f7a2a2791,231413,batch_log_or_checkpoint,只读冻结；未执行
A_route/problem3/02_batch_run/logs/checkpoints/P3_MEAN_ROLLOUT_1218/2025-06-14.json.gz,f2b25e2836d9b4933cf4ab758bb53e37358c99b21d8a643ad8020a20e5d7592c,232903,batch_log_or_checkpoint,只读冻结；未执行
A_route/problem3/02_batch_run/logs/checkpoints/P3_MEAN_ROLLOUT_1218/2025-06-15.json.gz,fd8004ee1a3f36058dfff729524bf951be7f2a0ece603ca627c921baf586703b,245311,batch_log_or_checkpoint,只读冻结；未执行
A_route/problem3/02_batch_run/logs/checkpoints/P3_MEAN_ROLLOUT_1218/2025-06-16.json.gz,1360495875ad4156f87d1c8cd9cab62eaf1bbb47e540560702d202e9a5c2b4fd,241269,batch_log_or_checkpoint,只读冻结；未执行
A_route/problem3/02_batch_run/logs/checkpoints/P3_MEAN_ROLLOUT_1218/2025-06-17.json.gz,326b1b20c2db8664865fda8089e20336d6b61bf991d395c2b48f2d98dd340177,240745,batch_log_or_checkpoint,只读冻结；未执行
A_route/problem3/02_batch_run/logs/checkpoints/P3_MEAN_ROLLOUT_1218/2025-06-18.json.gz,9945af99d5457c76c0eda6157ff1e647286a85907db33ee6187ec91aaf4924d1,241249,batch_log_or_checkpoint,只读冻结；未执行
A_route/problem3/02_batch_run/logs/checkpoints/P3_MEAN_ROLLOUT_1218/2025-06-19.json.gz,7483a0d084b625206a167d083440aa7f4b41884112587f231acb47d985bd973c,244972,batch_log_or_checkpoint,只读冻结；未执行
A_route/problem3/02_batch_run/logs/checkpoints/P3_MEAN_ROLLOUT_1218/2025-06-20.json.gz,09c35b442f1bfac318db73c0bde74e6d28e09a5b199d77bc95f46004f9d8a297,227332,batch_log_or_checkpoint,只读冻结；未执行
A_route/problem3/02_batch_run/logs/checkpoints/P3_MEAN_ROLLOUT_1218/2025-06-21.json.gz,ef57308e45bbb3cf25bee824e90206c06a557ebbbe433a65375cee6766f6e033,230425,batch_log_or_checkpoint,只读冻结；未执行
A_route/problem3/02_batch_run/logs/checkpoints/P3_MEAN_ROLLOUT_1218/2025-06-22.json.gz,7ed95128a7efade553b12ef45f3806ed6c76f43237096247b2f9520435c00105,246912,batch_log_or_checkpoint,只读冻结；未执行
A_route/problem3/02_batch_run/logs/checkpoints/P3_MEAN_ROLLOUT_1218/2025-06-23.json.gz,862d4992b08f960f1a6e5cd30655843177f650baab357bd2feb4f881bf27b4be,240112,batch_log_or_checkpoint,只读冻结；未执行
A_route/problem3/02_batch_run/logs/checkpoints/P3_MEAN_ROLLOUT_1218/2025-06-24.json.gz,9f74b2a690739624b00cfca5874ce07748b837f4a46a8168c8697c46c2f42d18,240747,batch_log_or_checkpoint,只读冻结；未执行
A_route/problem3/02_batch_run/logs/checkpoints/P3_MEAN_ROLLOUT_1218/2025-06-25.json.gz,91914c5039ad9093011d00cf13b009b21826d1a4b883bcdb2edaf9afafcd13c5,247770,batch_log_or_checkpoint,只读冻结；未执行
A_route/problem3/02_batch_run/logs/checkpoints/P3_MEAN_ROLLOUT_1218/2025-06-26.json.gz,0f8c40a0f9fbdab6a4b721c7dd3d5597c6c4d0b865f70ff70ab75b3b92d6caea,239334,batch_log_or_checkpoint,只读冻结；未执行
A_route/problem3/02_batch_run/logs/checkpoints/P3_MEAN_ROLLOUT_1218/2025-06-27.json.gz,d9f157a16e5b0a332b95fb2083f9e58476a91b7b1d532d3d7bf019b7954057f6,228732,batch_log_or_checkpoint,只读冻结；未执行
A_route/problem3/02_batch_run/logs/checkpoints/P3_MEAN_ROLLOUT_1218/2025-06-28.json.gz,d8b4c5fe8db0a2bb1c02a72974b912f6493a2f7dcfe6ea9dad9590c9140ee968,232464,batch_log_or_checkpoint,只读冻结；未执行
A_route/problem3/02_batch_run/logs/checkpoints/P3_MEAN_ROLLOUT_1218/2025-06-29.json.gz,856afe327be0e7c3f622f6fc5744ce730714fede057fad0edb5f613c28cf36ac,248376,batch_log_or_checkpoint,只读冻结；未执行
A_route/problem3/02_batch_run/logs/checkpoints/P3_MEAN_ROLLOUT_1218/2025-06-30.json.gz,b1632f5646f29ed42f8e70c40275c49bcb5475fdd03e3d7df5b8339a9372b4e2,238469,batch_log_or_checkpoint,只读冻结；未执行
A_route/problem3/02_batch_run/logs/checkpoints/P3_MEAN_ROLLOUT_1218/2025-07-01.json.gz,2d1bc917001c960477920d072b85c6c8bdf7fce9ba7aa4a4006fce03716ed7b5,258881,batch_log_or_checkpoint,只读冻结；未执行
A_route/problem3/02_batch_run/logs/checkpoints/P3_MEAN_ROLLOUT_1218/2025-07-02.json.gz,58b5e017fb1383603faac8bca700546dc2cca7d8bfe64a60f77f8be0f4ddba2f,255071,batch_log_or_checkpoint,只读冻结；未执行
A_route/problem3/02_batch_run/logs/checkpoints/P3_MEAN_ROLLOUT_1218/2025-07-03.json.gz,c7131013d672150f272495716558a92176f517ba736a607c7c8db7b2515134f8,249246,batch_log_or_checkpoint,只读冻结；未执行
A_route/problem3/02_batch_run/logs/checkpoints/P3_MEAN_ROLLOUT_1218/2025-07-04.json.gz,8addb6d4e99ddd451f246cd7a195ace1e798cb7835fd8c523b52bba1ac0ab6df,240478,batch_log_or_checkpoint,只读冻结；未执行
A_route/problem3/02_batch_run/logs/checkpoints/P3_MEAN_ROLLOUT_1218/2025-07-05.json.gz,2d4542e90adda4c1f30bdaf7b27ce01785c698a2b4b2a1cbf30bbe791c9be150,248315,batch_log_or_checkpoint,只读冻结；未执行
A_route/problem3/02_batch_run/logs/checkpoints/P3_MEAN_ROLLOUT_1218/2025-07-06.json.gz,6ad4099acf1f73acb72deff2dd569338e81984367d5221831bc6800aa12a8bd9,259899,batch_log_or_checkpoint,只读冻结；未执行
A_route/problem3/02_batch_run/logs/checkpoints/P3_MEAN_ROLLOUT_1218/2025-07-07.json.gz,ab56c9c52d67fbdc5aae95c60da4d6bbc96932affb78b54c5e5ca1b42294397e,256946,batch_log_or_checkpoint,只读冻结；未执行
A_route/problem3/02_batch_run/logs/checkpoints/P3_MEAN_ROLLOUT_1218/2025-07-08.json.gz,2bb8b2d377135ff8cd91d7fb9fd2762c715d58ac2b8100083da02fd6397c0b73,237988,batch_log_or_checkpoint,只读冻结；未执行
A_route/problem3/02_batch_run/logs/checkpoints/P3_MEAN_ROLLOUT_1218/2025-07-09.json.gz,bce4185d23357d63217b7b003d1648d5f4c613dab83f6691b8ad342d526a153c,238861,batch_log_or_checkpoint,只读冻结；未执行
A_route/problem3/02_batch_run/logs/checkpoints/P3_MEAN_ROLLOUT_1218/2025-07-10.json.gz,4dcd65739ea3cc7de788590394ab8e164a09ff29dcc1d95920f0fccfc70a9ff0,235077,batch_log_or_checkpoint,只读冻结；未执行
A_route/problem3/02_batch_run/logs/checkpoints/P3_MEAN_ROLLOUT_1218/2025-07-11.json.gz,717eed2ba8a13803c23fbdc93ad2db2cf122016b52a94b4649e4f5e09c9f7f3f,228597,batch_log_or_checkpoint,只读冻结；未执行
A_route/problem3/02_batch_run/logs/checkpoints/P3_MEAN_ROLLOUT_1218/2025-07-12.json.gz,9a94c0a4ee7c103c4a1072ca9edb564e49679e7963d6c4b675b7b83ca5f0cc94,233418,batch_log_or_checkpoint,只读冻结；未执行
A_route/problem3/02_batch_run/logs/checkpoints/P3_MEAN_ROLLOUT_1218/2025-07-13.json.gz,675d1cfebc25007b77d03fe7fb5f98fa7738df7a2ddfe3abd15bff80e2ed9d4a,238245,batch_log_or_checkpoint,只读冻结；未执行
A_route/problem3/02_batch_run/logs/checkpoints/P3_MEAN_ROLLOUT_1218/2025-07-14.json.gz,d075006f7c4b6a6aa76df6d47a9597290bc2495c77ccc3361a9a1f7317517f1e,239070,batch_log_or_checkpoint,只读冻结；未执行
A_route/problem3/02_batch_run/logs/checkpoints/P3_MEAN_ROLLOUT_1218/2025-07-15.json.gz,2ce91f36a05d4acf8b5ea7167a16b2d304da6cefb7726708871c0c0f1faf74de,239560,batch_log_or_checkpoint,只读冻结；未执行
A_route/problem3/02_batch_run/logs/checkpoints/P3_MEAN_ROLLOUT_1218/2025-07-16.json.gz,90264e1616fd6833c10e7dff9c1251ae2b26350e2081222b96a5a50482960d19,238679,batch_log_or_checkpoint,只读冻结；未执行
A_route/problem3/02_batch_run/logs/checkpoints/P3_MEAN_ROLLOUT_1218/2025-07-17.json.gz,00cd415264c989908eea162beb766148d2e9bcc0b3af7a39a8748c47244b2db5,236797,batch_log_or_checkpoint,只读冻结；未执行
A_route/problem3/02_batch_run/logs/checkpoints/P3_MEAN_ROLLOUT_1218/2025-07-18.json.gz,36bc92c38d8ca2dbdfede21e81af5d169491c73cd7540139a1a4008052f80c3a,227664,batch_log_or_checkpoint,只读冻结；未执行
A_route/problem3/02_batch_run/logs/checkpoints/P3_MEAN_ROLLOUT_1218/2025-07-19.json.gz,7d0c305c05df69d32dfc4452cd229ebabd56b8a5130ebe7ddcf52963825a8517,230852,batch_log_or_checkpoint,只读冻结；未执行
A_route/problem3/02_batch_run/logs/checkpoints/P3_MEAN_ROLLOUT_1218/2025-07-20.json.gz,f3ae7269fb92882a27a8b4cdc309924a6e42404582ee8bf2e9895bf35abc381b,237831,batch_log_or_checkpoint,只读冻结；未执行
A_route/problem3/02_batch_run/logs/checkpoints/P3_MEAN_ROLLOUT_1218/2025-07-21.json.gz,c968d9ab362d9d3d37566e1052dfdc58b3c1456096313d9aef799e4509901acc,238532,batch_log_or_checkpoint,只读冻结；未执行
A_route/problem3/02_batch_run/logs/checkpoints/P3_MEAN_ROLLOUT_1218/2025-07-22.json.gz,3e4a682551ad9a7e18975731fc65b0c0b05c18a776ab01ce5f8c7c4660a9a5f8,238191,batch_log_or_checkpoint,只读冻结；未执行
A_route/problem3/02_batch_run/logs/checkpoints/P3_MEAN_ROLLOUT_1218/2025-07-23.json.gz,b6e312e2e9c7f5be0614cfa0216439a269030b7debf7c04d07471a0de4efee01,239151,batch_log_or_checkpoint,只读冻结；未执行
A_route/problem3/02_batch_run/logs/checkpoints/P3_MEAN_ROLLOUT_1218/2025-07-24.json.gz,64e8327d97b3e13d1dd0c0513ac8a04a7e6a103c3d5f42e9e5091bde98913fc1,232233,batch_log_or_checkpoint,只读冻结；未执行
A_route/problem3/02_batch_run/logs/checkpoints/P3_MEAN_ROLLOUT_1218/2025-07-25.json.gz,72ade5cb7163d6537019b7afdc2367a4b87011c776ffbc3d699a1a51e0d66782,226690,batch_log_or_checkpoint,只读冻结；未执行
A_route/problem3/02_batch_run/logs/checkpoints/P3_MEAN_ROLLOUT_1218/2025-07-26.json.gz,9fa2c5224d91faa00d1949622318c3ee69e99e22a4ef2b2d205d1f1edc0cdf6e,232939,batch_log_or_checkpoint,只读冻结；未执行
A_route/problem3/02_batch_run/logs/checkpoints/P3_MEAN_ROLLOUT_1218/2025-07-27.json.gz,60959c73d5ab0036e25d90b790252c7ed351f5ffb67139d7154d4723f11b6fce,241611,batch_log_or_checkpoint,只读冻结；未执行
A_route/problem3/02_batch_run/logs/checkpoints/P3_MEAN_ROLLOUT_1218/2025-07-28.json.gz,15b972d91464b26b3aa92e7bc8d97271bcd191caefccf38a38595291d028edbb,238228,batch_log_or_checkpoint,只读冻结；未执行
A_route/problem3/02_batch_run/logs/checkpoints/P3_MEAN_ROLLOUT_1218/2025-07-29.json.gz,4791c10c00efa0ac3f1f9f1f58ad44abc23ad4660c1b04e9a943dae6e2d21ff7,237115,batch_log_or_checkpoint,只读冻结；未执行
A_route/problem3/02_batch_run/logs/checkpoints/P3_MEAN_ROLLOUT_1218/2025-07-30.json.gz,c294d983d915a45ce20181eeb1fca1b7c0359981e2bf3f266c5100c4e68cb61a,243598,batch_log_or_checkpoint,只读冻结；未执行
A_route/problem3/02_batch_run/logs/checkpoints/P3_MEAN_ROLLOUT_1218/2025-07-31.json.gz,94f22dd71ffa6f3fb4b07e5ae0ee4d6b0d50f99cce4edff1265da6dc0b680f0d,232080,batch_log_or_checkpoint,只读冻结；未执行
A_route/problem3/02_batch_run/logs/checkpoints/P3_MEAN_ROLLOUT_1218/2025-08-01.json.gz,412bfd953d0f49c2b156085978e139f30cd8d809644c4a5e37c05bded84fb0c7,223583,batch_log_or_checkpoint,只读冻结；未执行
A_route/problem3/02_batch_run/logs/checkpoints/P3_MEAN_ROLLOUT_1218/2025-08-02.json.gz,651103a1c77bcf57d270389e64feaf88fdf6ea32b8fdece3c31799a1f29c3e41,232389,batch_log_or_checkpoint,只读冻结；未执行
A_route/problem3/02_batch_run/logs/checkpoints/P3_MEAN_ROLLOUT_1218/2025-08-03.json.gz,e39150145bfc59bcd6ff256726c2a8c53f52a40d60ede22e3170156cd17bd9bf,236869,batch_log_or_checkpoint,只读冻结；未执行
A_route/problem3/02_batch_run/logs/checkpoints/P3_MEAN_ROLLOUT_1218/2025-08-04.json.gz,0f6ba73d6ed75e07495897a5194e358d29f0f95ee90822ebb591916164ca9949,238766,batch_log_or_checkpoint,只读冻结；未执行
A_route/problem3/02_batch_run/logs/checkpoints/P3_MEAN_ROLLOUT_1218/2025-08-05.json.gz,7f5e322edd2b72f0e78a8de07321291f4e79d59f43447b19f90fff81fbdbbd3e,240290,batch_log_or_checkpoint,只读冻结；未执行
A_route/problem3/02_batch_run/logs/checkpoints/P3_MEAN_ROLLOUT_1218/2025-08-06.json.gz,15c8dcfc3f8db5faba0951a3adc4a954d349bbd27be06e2f7b2293fd8a9ff3f8,237906,batch_log_or_checkpoint,只读冻结；未执行
A_route/problem3/02_batch_run/logs/checkpoints/P3_MEAN_ROLLOUT_1218/2025-08-07.json.gz,343316dcd4741b194cf6a21e2a598cf97e680e5216e747086501361ff5de5ebb,239152,batch_log_or_checkpoint,只读冻结；未执行
A_route/problem3/02_batch_run/logs/checkpoints/P3_MEAN_ROLLOUT_1218/2025-08-08.json.gz,2df7b697cdea446f31e530bda6f9da988727a4c4d08fe4c61ebe3cc6147918eb,223616,batch_log_or_checkpoint,只读冻结；未执行
A_route/problem3/02_batch_run/logs/checkpoints/P3_MEAN_ROLLOUT_1218/2025-08-09.json.gz,f07b9f619530e975e3488b56e9cd91ef18367378067751a547f13261be94c24b,230571,batch_log_or_checkpoint,只读冻结；未执行
A_route/problem3/02_batch_run/logs/checkpoints/P3_MEAN_ROLLOUT_1218/2025-08-10.json.gz,143284a4553e8a11235901971a8c02a8425b4aef01219f12119f6f2837f56146,238860,batch_log_or_checkpoint,只读冻结；未执行
A_route/problem3/02_batch_run/logs/checkpoints/P3_MEAN_ROLLOUT_1218/2025-08-11.json.gz,21ae2f2b44c0be8edcfd6fa00e306b9685bbe2489aac66277fd5b05dc3262213,244671,batch_log_or_checkpoint,只读冻结；未执行
A_route/problem3/02_batch_run/logs/checkpoints/P3_MEAN_ROLLOUT_1218/2025-08-12.json.gz,4b6d5dac88fdf7dda930b496ce93c58414750fb10555e47675e4609a91b6dd3e,247517,batch_log_or_checkpoint,只读冻结；未执行
A_route/problem3/02_batch_run/logs/checkpoints/P3_MEAN_ROLLOUT_1218/2025-08-13.json.gz,ced06f0e593dd54e78e6a4da201dc6a04b0aabea7570d4723f07a56bee7a4083,248762,batch_log_or_checkpoint,只读冻结；未执行
A_route/problem3/02_batch_run/logs/checkpoints/P3_MEAN_ROLLOUT_1218/2025-08-14.json.gz,fda6e944e8c53a82059f48a61a9166f876abb5a19e09758441ee6860f92528da,232566,batch_log_or_checkpoint,只读冻结；未执行
A_route/problem3/02_batch_run/logs/checkpoints/P3_MEAN_ROLLOUT_1218/2025-08-15.json.gz,ae3d25439285d7b04ad6aef22b279629b9cc4041cdea4c6d07b560b1adff9216,224425,batch_log_or_checkpoint,只读冻结；未执行
A_route/problem3/02_batch_run/logs/checkpoints/P3_MEAN_ROLLOUT_1218/2025-08-16.json.gz,b819196b65a0e76a73bc5d9fa1c8ea1fd4b4dcf25b7fd1aa8034f52c8ad97627,232492,batch_log_or_checkpoint,只读冻结；未执行
A_route/problem3/02_batch_run/logs/checkpoints/P3_MEAN_ROLLOUT_1218/2025-08-17.json.gz,fefa3ee17155f17f6fbd6fe5b7f9e8c6dc60beb0d73924af0e06f67309a31150,240027,batch_log_or_checkpoint,只读冻结；未执行
A_route/problem3/02_batch_run/logs/checkpoints/P3_MEAN_ROLLOUT_1218/2025-08-18.json.gz,5d25a670fe52bb3085dac4616036c1ac595aa3f29941eeb040cd53b04b1e59c0,238541,batch_log_or_checkpoint,只读冻结；未执行
A_route/problem3/02_batch_run/logs/checkpoints/P3_MEAN_ROLLOUT_1218/2025-08-19.json.gz,74a21cda4af7ea07a51e4529ec2dddf4bc469a366d88a732e8d38c857a036498,238896,batch_log_or_checkpoint,只读冻结；未执行
A_route/problem3/02_batch_run/logs/checkpoints/P3_MEAN_ROLLOUT_1218/2025-08-20.json.gz,cea8c2c75342aeb7b09ed0b74baa90875525c46632dba7d8c738a84265cdc0af,241345,batch_log_or_checkpoint,只读冻结；未执行
A_route/problem3/02_batch_run/logs/checkpoints/P3_MEAN_ROLLOUT_1218/2025-08-21.json.gz,c99f8c0150ae9d3186aaba299e21dc2e4eef617bac1205425ff15d8322f03cfb,231354,batch_log_or_checkpoint,只读冻结；未执行
A_route/problem3/02_batch_run/logs/checkpoints/P3_MEAN_ROLLOUT_1218/2025-08-22.json.gz,788c75a00938cc74872a744144c31bdd28c03c9736bdc3b57d100fa26ae7e0a0,228069,batch_log_or_checkpoint,只读冻结；未执行
A_route/problem3/02_batch_run/logs/checkpoints/P3_MEAN_ROLLOUT_1218/2025-08-23.json.gz,066fdd5c0ce7f0a06f2ce66d92e83612760b391a6e97ac66abe1298bfd8dd510,237418,batch_log_or_checkpoint,只读冻结；未执行
A_route/problem3/02_batch_run/logs/checkpoints/P3_MEAN_ROLLOUT_1218/2025-08-24.json.gz,2a21eec0200c3443bcca2463a8b107a603662c54b19ae770a99901a6280921f6,244175,batch_log_or_checkpoint,只读冻结；未执行
A_route/problem3/02_batch_run/logs/checkpoints/P3_MEAN_ROLLOUT_1218/2025-08-25.json.gz,033c3709bae8b1f42e8e60784d2628fc0ba4e3040811762eabf4a870197068eb,237584,batch_log_or_checkpoint,只读冻结；未执行
A_route/problem3/02_batch_run/logs/checkpoints/P3_MEAN_ROLLOUT_1218/2025-08-26.json.gz,6b097685b0236a7cc92c3bdc0487723c7b7e56f5f04143033abb33e58bd16e2b,238778,batch_log_or_checkpoint,只读冻结；未执行
A_route/problem3/02_batch_run/logs/checkpoints/P3_MEAN_ROLLOUT_1218/2025-08-27.json.gz,3a57a65bd507a5e63542906ce3fde09b796708115bf425676a5d96800272c575,246577,batch_log_or_checkpoint,只读冻结；未执行
A_route/problem3/02_batch_run/logs/checkpoints/P3_MEAN_ROLLOUT_1218/2025-08-28.json.gz,3f8780a153ebd83457a4a1ffcc5220ce1ee3bd9dd37ac11ad6d807035622cfb4,247029,batch_log_or_checkpoint,只读冻结；未执行
A_route/problem3/02_batch_run/logs/checkpoints/P3_MEAN_ROLLOUT_1218/2025-08-29.json.gz,0fc6c45df91bf5296d364bcf7e8d89bf11f6c4a1277d28ae02b1c40e0451036b,223167,batch_log_or_checkpoint,只读冻结；未执行
A_route/problem3/02_batch_run/logs/checkpoints/P3_MEAN_ROLLOUT_1218/2025-08-30.json.gz,a5f31a547c565eb9a5705323c62de1b0a1cf337b62fb6774565142aaafb5c326,231294,batch_log_or_checkpoint,只读冻结；未执行
A_route/problem3/02_batch_run/logs/checkpoints/P3_MEAN_ROLLOUT_1218/2025-08-31.json.gz,87bfacadc2b1b7ec53f23a3d58831568cfb3b2b88a07ef3bb62665e829503e85,237630,batch_log_or_checkpoint,只读冻结；未执行
A_route/problem3/02_batch_run/logs/checkpoints/P3_MEAN_ROLLOUT_1218/2025-09-01.json.gz,f350a76ee459f83909237e9a3ecf7006b08fee3a282ca66c9a3f464c5337ffe0,239775,batch_log_or_checkpoint,只读冻结；未执行
A_route/problem3/02_batch_run/logs/checkpoints/P3_MEAN_ROLLOUT_1218/2025-09-02.json.gz,54a0b57bb2a0c25265a75b1f6cbced33983f3ad6ae0d4fa6497cd40176b80204,239615,batch_log_or_checkpoint,只读冻结；未执行
A_route/problem3/02_batch_run/logs/checkpoints/P3_MEAN_ROLLOUT_1218/2025-09-03.json.gz,be5df37c4a022cd150633c5ae30b8b9e6c1bc1d60127b37d5b14744b2df5c8df,238415,batch_log_or_checkpoint,只读冻结；未执行
A_route/problem3/02_batch_run/logs/checkpoints/P3_MEAN_ROLLOUT_1218/2025-09-04.json.gz,2140d432b1f60a4e6d8a7261c97475b72b2157cf63448ed9360f978dc4dbba59,229068,batch_log_or_checkpoint,只读冻结；未执行
A_route/problem3/02_batch_run/logs/checkpoints/P3_MEAN_ROLLOUT_1218/2025-09-05.json.gz,3265581333a85ffc5c62d9945503aee7c02a700f5dd53148b02afd605777d390,221607,batch_log_or_checkpoint,只读冻结；未执行
A_route/problem3/02_batch_run/logs/checkpoints/P3_MEAN_ROLLOUT_1218/2025-09-06.json.gz,291c0dfdb6255e7be1683250d1381c75ddf98f09b692b61557440ce49071f3b5,228488,batch_log_or_checkpoint,只读冻结；未执行
A_route/problem3/02_batch_run/logs/checkpoints/P3_MEAN_ROLLOUT_1218/2025-09-07.json.gz,39ffa52b924e2c154f199d25c76ff1ab8e21c9708c9b247b236f81228b2b902f,235049,batch_log_or_checkpoint,只读冻结；未执行
A_route/problem3/02_batch_run/logs/checkpoints/P3_MEAN_ROLLOUT_1218/2025-09-08.json.gz,6875d7501e0efc726b6846f92de83233fb6af6428eaeed654b66ad8709f6ebff,240344,batch_log_or_checkpoint,只读冻结；未执行
A_route/problem3/02_batch_run/logs/checkpoints/P3_MEAN_ROLLOUT_1218/2025-09-09.json.gz,ec6b8dea2a4d8b3644b071b8547eaf232a43c9705ed6d2c89bbc279c6fac129a,241225,batch_log_or_checkpoint,只读冻结；未执行
A_route/problem3/02_batch_run/logs/checkpoints/P3_MEAN_ROLLOUT_1218/2025-09-10.json.gz,9310ec9d2447346a6d75e3ced57d520fbd887445fa991da421f572903e69d721,243171,batch_log_or_checkpoint,只读冻结；未执行
A_route/problem3/02_batch_run/logs/checkpoints/P3_MEAN_ROLLOUT_1218/2025-09-11.json.gz,e2cddf934d66e924b5c8c3f107b41ca4ffd93c46766e94a2c074cc9d1027b933,229260,batch_log_or_checkpoint,只读冻结；未执行
A_route/problem3/02_batch_run/logs/checkpoints/P3_MEAN_ROLLOUT_1218/2025-09-12.json.gz,8469b7d3d5d3f42cd88fa3591d7a22aa41422ea45b599d77d0df4e7f3d8bba6b,224778,batch_log_or_checkpoint,只读冻结；未执行
A_route/problem3/02_batch_run/logs/checkpoints/P3_MEAN_ROLLOUT_1218/2025-09-13.json.gz,c59cbac8dd1c941f1b73c389184e32a79f7416b11071241903b4163e2fb72c2e,230052,batch_log_or_checkpoint,只读冻结；未执行
A_route/problem3/02_batch_run/logs/checkpoints/P3_MEAN_ROLLOUT_1218/2025-09-14.json.gz,efd94373fc198c06988ba3cb88413fe130ab08cd7a04b32405059271ef0ff0b0,234665,batch_log_or_checkpoint,只读冻结；未执行
A_route/problem3/02_batch_run/logs/checkpoints/P3_MEAN_ROLLOUT_1218/2025-09-15.json.gz,306149fd69d4d884bbd37437d90d0bd9db1ee984334fda825551727bc20c787d,235024,batch_log_or_checkpoint,只读冻结；未执行
A_route/problem3/02_batch_run/logs/checkpoints/P3_MEAN_ROLLOUT_1218/2025-09-16.json.gz,1eac70f0fc9acfa1ede8751d920a9bc4dffc43cf778c76d2acac97fab081d8f0,239387,batch_log_or_checkpoint,只读冻结；未执行
A_route/problem3/02_batch_run/logs/checkpoints/P3_MEAN_ROLLOUT_1218/2025-09-17.json.gz,d46daa61d64a60422e48137bc9a7b9d604dacd7a89ad2036e2394697ce9e5965,235975,batch_log_or_checkpoint,只读冻结；未执行
A_route/problem3/02_batch_run/logs/checkpoints/P3_MEAN_ROLLOUT_1218/2025-09-18.json.gz,979c5a352a4b3b47cc8b81377547954abe658adea28ba484f42aa26061e34842,235865,batch_log_or_checkpoint,只读冻结；未执行
A_route/problem3/02_batch_run/logs/checkpoints/P3_MEAN_ROLLOUT_1218/2025-09-19.json.gz,eb2e50d45813d70856b8684d1f5a90c480e5b695f0ec69f4ebbfdd91d6ab5ea7,226061,batch_log_or_checkpoint,只读冻结；未执行
A_route/problem3/02_batch_run/logs/checkpoints/P3_MEAN_ROLLOUT_1218/2025-09-20.json.gz,7b60bf5b1ec376bee1952d5eb136377465fad12486efa937bd2524609948549a,231803,batch_log_or_checkpoint,只读冻结；未执行
A_route/problem3/02_batch_run/logs/checkpoints/P3_MEAN_ROLLOUT_1218/2025-09-21.json.gz,acfe7dfdb200837e5ceff56fb97b48226f892ebe92eb82ff62259ac61b6ebbca,235414,batch_log_or_checkpoint,只读冻结；未执行
A_route/problem3/02_batch_run/logs/checkpoints/P3_MEAN_ROLLOUT_1218/2025-09-22.json.gz,e942e3a5219e3a1903190b8ae100b46360a723c2165d22ae32cc023efde1b115,236065,batch_log_or_checkpoint,只读冻结；未执行
A_route/problem3/02_batch_run/logs/checkpoints/P3_MEAN_ROLLOUT_1218/2025-09-23.json.gz,1013682d33a4c0a571dc118cccf4b0aeaa1fa20f0c2de70cab3319ca6da8c61e,235555,batch_log_or_checkpoint,只读冻结；未执行
A_route/problem3/02_batch_run/logs/checkpoints/P3_MEAN_ROLLOUT_1218/2025-09-24.json.gz,06d2e8fd4bce6e5ff225607a509c0f8f5b087426fa46003a4074b917461ed7ca,245722,batch_log_or_checkpoint,只读冻结；未执行
A_route/problem3/02_batch_run/logs/checkpoints/P3_MEAN_ROLLOUT_1218/2025-09-25.json.gz,eb57cf5848e4141a3ce67c6ae0bfcc1da35a9bc00c2078c87245fcdca30367e4,234650,batch_log_or_checkpoint,只读冻结；未执行
A_route/problem3/02_batch_run/logs/checkpoints/P3_MEAN_ROLLOUT_1218/2025-09-26.json.gz,a1d34d0b1a2c580c20ce163511c96e036de232d3d0a002d7d19a2bff1f782cc8,223298,batch_log_or_checkpoint,只读冻结；未执行
A_route/problem3/02_batch_run/logs/checkpoints/P3_MEAN_ROLLOUT_1218/2025-09-27.json.gz,97d8bfe122656faea25809ef0b620df865435997fd2ae9604996f1858c323201,233813,batch_log_or_checkpoint,只读冻结；未执行
A_route/problem3/02_batch_run/logs/checkpoints/P3_MEAN_ROLLOUT_1218/2025-09-28.json.gz,40319b9ce1367f791e9c644e24f4ee52162c21bcbe175842f62e73f79dabbd02,239216,batch_log_or_checkpoint,只读冻结；未执行
A_route/problem3/02_batch_run/logs/checkpoints/P3_MEAN_ROLLOUT_1218/2025-09-29.json.gz,751791f0bee6c4cfbea539f2a0694a10e7ccfb8777a80f6bb806afe91e840832,235132,batch_log_or_checkpoint,只读冻结；未执行
A_route/problem3/02_batch_run/logs/checkpoints/P3_MEAN_ROLLOUT_1218/2025-09-30.json.gz,76fd14c605f8a64cf464b0d39cb90602ba0c367c561490441457807d7bbf2494,236934,batch_log_or_checkpoint,只读冻结；未执行
A_route/problem3/02_batch_run/logs/checkpoints/P3_MEAN_ROLLOUT_1218/2025-10-01.json.gz,2fb161112ce93bd87406487ad01407db0a609077fa449d626f88df9e0be5e9ce,233346,batch_log_or_checkpoint,只读冻结；未执行
A_route/problem3/02_batch_run/logs/checkpoints/P3_MEAN_ROLLOUT_1218/2025-10-02.json.gz,bb2bbc9debb20305e0fd8f78a7b317e6d62b9df479c668be67292513b6471d29,229248,batch_log_or_checkpoint,只读冻结；未执行
A_route/problem3/02_batch_run/logs/checkpoints/P3_MEAN_ROLLOUT_1218/2025-10-03.json.gz,d65f91585c65e50f9c4e875c02baf335fd74a3fb815af13663d537d7689c80b6,225008,batch_log_or_checkpoint,只读冻结；未执行
A_route/problem3/02_batch_run/logs/checkpoints/P3_MEAN_ROLLOUT_1218/2025-10-04.json.gz,6555163b71128413b0f453fd40e712ce59af8bb7cc2846a97929336e220b647d,230442,batch_log_or_checkpoint,只读冻结；未执行
A_route/problem3/02_batch_run/logs/checkpoints/P3_MEAN_ROLLOUT_1218/2025-10-05.json.gz,358aa520f883a16aa5c50a361ca5ca4930e141a57e1081e19650f9e604408e6f,236005,batch_log_or_checkpoint,只读冻结；未执行
A_route/problem3/02_batch_run/logs/checkpoints/P3_MEAN_ROLLOUT_1218/2025-10-06.json.gz,62ea3f3d9e1f7130b0b1f276190c44a2d384bef149e0f3a005f3f91eb8f35d9c,237407,batch_log_or_checkpoint,只读冻结；未执行
A_route/problem3/02_batch_run/logs/checkpoints/P3_MEAN_ROLLOUT_1218/2025-10-07.json.gz,e2fb038e26b1cecf327a00ae44253a1d0dbc4690ba432660cef67847f92cca37,239068,batch_log_or_checkpoint,只读冻结；未执行
A_route/problem3/02_batch_run/logs/checkpoints/P3_MEAN_ROLLOUT_1218/2025-10-08.json.gz,0fa98e5a885759d7bc64e6bd11f67fc24ab77f20a6a0c92a1fe4ff704bde6a14,234592,batch_log_or_checkpoint,只读冻结；未执行
A_route/problem3/02_batch_run/logs/checkpoints/P3_MEAN_ROLLOUT_1218/2025-10-09.json.gz,b820adcafc21bc31515b8c857cfed3447282bcfe146cdbb2c2efaab4550fd4f8,227474,batch_log_or_checkpoint,只读冻结；未执行
A_route/problem3/02_batch_run/logs/checkpoints/P3_MEAN_ROLLOUT_1218/2025-10-10.json.gz,f456e1c3ebb33d7e2271c932aec9c1dc26f42096886f2a8c3a861d5334a195c8,223879,batch_log_or_checkpoint,只读冻结；未执行
A_route/problem3/02_batch_run/logs/checkpoints/P3_MEAN_ROLLOUT_1218/2025-10-11.json.gz,4c3b5b1931eeaca3e53c8dbd4144f17aeed9b51327125fd77ad55b68a3af143a,229077,batch_log_or_checkpoint,只读冻结；未执行
A_route/problem3/02_batch_run/logs/checkpoints/P3_MEAN_ROLLOUT_1218/2025-10-12.json.gz,25fd4282898a6d32d6d1f7f40d913d1dc60ee14ec6eae8b4c0152a1ad0183273,238609,batch_log_or_checkpoint,只读冻结；未执行
A_route/problem3/02_batch_run/logs/checkpoints/P3_MEAN_ROLLOUT_1218/2025-10-13.json.gz,4aec4d71b8ff1b972338763e63fe6f87e351f6911769d4c5c6a2cae97959e084,233604,batch_log_or_checkpoint,只读冻结；未执行
A_route/problem3/02_batch_run/logs/checkpoints/P3_MEAN_ROLLOUT_1218/2025-10-14.json.gz,6c0b9916b0672f079e25109537198c57b70d747f5b9bb36ec30e8b3ad59e2f39,235004,batch_log_or_checkpoint,只读冻结；未执行
A_route/problem3/02_batch_run/logs/checkpoints/P3_MEAN_ROLLOUT_1218/2025-10-15.json.gz,ac3714aafcee2baf7b4e534779deb9f615e7a1e357ecaceb6f09d650d902fb24,234041,batch_log_or_checkpoint,只读冻结；未执行
A_route/problem3/02_batch_run/logs/checkpoints/P3_MEAN_ROLLOUT_1218/2025-10-16.json.gz,26ff0dd57f32b1b7a24ba738af12fddfb98bbd12d530ec49a00078f4987427d3,230395,batch_log_or_checkpoint,只读冻结；未执行
A_route/problem3/02_batch_run/logs/checkpoints/P3_MEAN_ROLLOUT_1218/2025-10-17.json.gz,d6157481d7d1e96fb3eda3ea4e9191236562d7d3a66a61e69aeb69e8dea6f5de,230047,batch_log_or_checkpoint,只读冻结；未执行
A_route/problem3/02_batch_run/logs/checkpoints/P3_MEAN_ROLLOUT_1218/2025-10-18.json.gz,4b0da712558a726e7fa377789b4c69b97aaa4e777a3d020bfeaa43571533476d,230162,batch_log_or_checkpoint,只读冻结；未执行
A_route/problem3/02_batch_run/logs/checkpoints/P3_MEAN_ROLLOUT_1218/2025-10-19.json.gz,8114eb15216b787621c1bf9a6abfb532299869b9cf48246e98259bdcf50a17b0,234285,batch_log_or_checkpoint,只读冻结；未执行
A_route/problem3/02_batch_run/logs/checkpoints/P3_MEAN_ROLLOUT_1218/2025-10-20.json.gz,560ec993ce972dbe2040df66bc91602373dcf6bc715b453f6665d405ab106366,233532,batch_log_or_checkpoint,只读冻结；未执行
A_route/problem3/02_batch_run/logs/checkpoints/P3_MEAN_ROLLOUT_1218/2025-10-21.json.gz,93cb4566a63226b11da8a85172738c29481248d759905113f7cc4a51e071a83a,234609,batch_log_or_checkpoint,只读冻结；未执行
A_route/problem3/02_batch_run/logs/checkpoints/P3_MEAN_ROLLOUT_1218/2025-10-22.json.gz,4e4c249e398ffc08f7f07ccefe82ac2ff4b2b4d6dffbc16855b15e7bc2af1d53,235977,batch_log_or_checkpoint,只读冻结；未执行
A_route/problem3/02_batch_run/logs/checkpoints/P3_MEAN_ROLLOUT_1218/2025-10-23.json.gz,41a1b80a11b5ad484844768fd569763eb64f307b243340d974b03d7fdcbfbb2a,232978,batch_log_or_checkpoint,只读冻结；未执行
A_route/problem3/02_batch_run/logs/checkpoints/P3_MEAN_ROLLOUT_1218/2025-10-24.json.gz,6d9ea4f7e8a824d1d15f5ef33ac5de36ff854daf16f797e371fa56912069a933,226236,batch_log_or_checkpoint,只读冻结；未执行
A_route/problem3/02_batch_run/logs/checkpoints/P3_MEAN_ROLLOUT_1218/2025-10-25.json.gz,18499bc21d37d350a95e6c6c0e3b2e9adf0514deeb261a203092aa8ddfc8ce98,232614,batch_log_or_checkpoint,只读冻结；未执行
A_route/problem3/02_batch_run/logs/checkpoints/P3_MEAN_ROLLOUT_1218/2025-10-26.json.gz,75d4dba106e3e86f5d589776a7ccaeda1f25dacc9b4ab7d65a3ad2fdea5ae59b,236571,batch_log_or_checkpoint,只读冻结；未执行
A_route/problem3/02_batch_run/logs/checkpoints/P3_MEAN_ROLLOUT_1218/2025-10-27.json.gz,4774c480b23b0b49c16bc519fc1b25976194ec343d79b0ad569f49d6f844c487,240399,batch_log_or_checkpoint,只读冻结；未执行
A_route/problem3/02_batch_run/logs/checkpoints/P3_MEAN_ROLLOUT_1218/2025-10-28.json.gz,d31d7e253ec3c786fc2ef9b4d8324e7a91a79bd463e60d8c911391c5fb5621f0,241297,batch_log_or_checkpoint,只读冻结；未执行
A_route/problem3/02_batch_run/logs/checkpoints/P3_MEAN_ROLLOUT_1218/2025-10-29.json.gz,d773f0bc6614f8ca182a6b67ba3583c9be4f57b49ce140beac9780f9940455ab,237077,batch_log_or_checkpoint,只读冻结；未执行
A_route/problem3/02_batch_run/logs/checkpoints/P3_MEAN_ROLLOUT_1218/2025-10-30.json.gz,d3bbdcf804cc1b1a9e83962ebb3cb70de410501ff94d4d0e619233bc386e5739,236061,batch_log_or_checkpoint,只读冻结；未执行
A_route/problem3/02_batch_run/logs/checkpoints/P3_MEAN_ROLLOUT_1218/2025-10-31.json.gz,1f762a743e567ec71e0eb71332163b64effe7c58ad4f56ea1ac6ef1c170cf244,230130,batch_log_or_checkpoint,只读冻结；未执行
A_route/problem3/02_batch_run/logs/checkpoints/P3_MEAN_ROLLOUT_1218/2025-11-01.json.gz,c62c8ca9c277635e7bfb9a37ac4ed2ce582a1ff651ace7f3bf14d2fbcb466bed,234454,batch_log_or_checkpoint,只读冻结；未执行
A_route/problem3/02_batch_run/logs/checkpoints/P3_MEAN_ROLLOUT_1218/2025-11-02.json.gz,bdfc9cab1108c0221b8394e09d5b62d8c3fae4274e2719a855b56dbec990e66f,241298,batch_log_or_checkpoint,只读冻结；未执行
A_route/problem3/02_batch_run/logs/checkpoints/P3_MEAN_ROLLOUT_1218/2025-11-03.json.gz,0b9e6429a895911fd6d403530d020923a405751b4b2aabce9276dc8c779d82ba,241594,batch_log_or_checkpoint,只读冻结；未执行
A_route/problem3/02_batch_run/logs/checkpoints/P3_MEAN_ROLLOUT_1218/2025-11-04.json.gz,f83d0e395f2332c9ebec04f0e2957348c83045bc6f572753d46c724fb08b0c82,240381,batch_log_or_checkpoint,只读冻结；未执行
A_route/problem3/02_batch_run/logs/checkpoints/P3_MEAN_ROLLOUT_1218/2025-11-05.json.gz,f0662455cb7b8f68e9ec149abb4fdfeb9edf3808d22f975d523870aaab5855d0,239928,batch_log_or_checkpoint,只读冻结；未执行
A_route/problem3/02_batch_run/logs/checkpoints/P3_MEAN_ROLLOUT_1218/2025-11-06.json.gz,671676f76a3176c3136a90632a95359acc93a5475c86611e36716e3ba19787e6,243799,batch_log_or_checkpoint,只读冻结；未执行
A_route/problem3/02_batch_run/logs/checkpoints/P3_MEAN_ROLLOUT_1218/2025-11-07.json.gz,59fda1501e2d933513a1d99384a99ccbb41f605710835647e1f424a7ccd40bf7,234658,batch_log_or_checkpoint,只读冻结；未执行
A_route/problem3/02_batch_run/logs/checkpoints/P3_MEAN_ROLLOUT_1218/2025-11-08.json.gz,ca8cd92d90c8a8e0834cbdd00ed18335c7519ad57f095c1776ce22bea0aec9d7,233764,batch_log_or_checkpoint,只读冻结；未执行
A_route/problem3/02_batch_run/logs/checkpoints/P3_MEAN_ROLLOUT_1218/2025-11-09.json.gz,23c3bb7df0e8c473f3fff74126cdc4662c4678d632f169db2d19c353cdbb645a,240650,batch_log_or_checkpoint,只读冻结；未执行
A_route/problem3/02_batch_run/logs/checkpoints/P3_MEAN_ROLLOUT_1218/2025-11-10.json.gz,b9bb8815657887d2121d993d0e6cc4912396f2b6343126ac41f0574d65591ff9,239925,batch_log_or_checkpoint,只读冻结；未执行
A_route/problem3/02_batch_run/logs/checkpoints/P3_MEAN_ROLLOUT_1218/2025-11-11.json.gz,b8a8076698d3eda732d909b55abc9903b8e3167546e194d679331ad5b58a56a7,241820,batch_log_or_checkpoint,只读冻结；未执行
A_route/problem3/02_batch_run/logs/checkpoints/P3_MEAN_ROLLOUT_1218/2025-11-12.json.gz,baac8570a2e831c7b0a2a07b5cc5e6a33b4496b677b02df56198a5433863f6bf,235409,batch_log_or_checkpoint,只读冻结；未执行
A_route/problem3/02_batch_run/logs/checkpoints/P3_MEAN_ROLLOUT_1218/2025-11-13.json.gz,51cf26336d7a52d3c8d16c9d3f2c35dff9f7e92bcb89b120709c128be93114df,245266,batch_log_or_checkpoint,只读冻结；未执行
A_route/problem3/02_batch_run/logs/checkpoints/P3_MEAN_ROLLOUT_1218/2025-11-14.json.gz,d4161779ff13faebb9830f6b0ae46491335a8f9a6b59c3d777e8323f2c96e352,226510,batch_log_or_checkpoint,只读冻结；未执行
A_route/problem3/02_batch_run/logs/checkpoints/P3_MEAN_ROLLOUT_1218/2025-11-15.json.gz,7b86b78ee686f7925b80848cb5dad3f1f68561a9b4b43f5fbcf625bae5248829,235028,batch_log_or_checkpoint,只读冻结；未执行
A_route/problem3/02_batch_run/logs/checkpoints/P3_MEAN_ROLLOUT_1218/2025-11-16.json.gz,4b442564b238efce55d4c54f1921f0a8fc77a7efcd2529b38f846f4c3f9bc3eb,246150,batch_log_or_checkpoint,只读冻结；未执行
A_route/problem3/02_batch_run/logs/checkpoints/P3_MEAN_ROLLOUT_1218/2025-11-17.json.gz,ea87bb2d6fcdcd378bfcd3c7a8ef2385886a6059764d8c4367b0ad21e97b4ce6,241249,batch_log_or_checkpoint,只读冻结；未执行
A_route/problem3/02_batch_run/logs/checkpoints/P3_MEAN_ROLLOUT_1218/2025-11-18.json.gz,50b91c99babeb20960a3a047e0a93ef112821e43eef9368ed50083d6142aa6fe,236672,batch_log_or_checkpoint,只读冻结；未执行
A_route/problem3/02_batch_run/logs/checkpoints/P3_MEAN_ROLLOUT_1218/2025-11-19.json.gz,8301a3f767809b617e2b85d4bda7cf6b322c51b6e80b5936ce206952c21df532,244600,batch_log_or_checkpoint,只读冻结；未执行
A_route/problem3/02_batch_run/logs/checkpoints/P3_MEAN_ROLLOUT_1218/2025-11-20.json.gz,74857a95b0c15d7736296e5540444c418ff90f89f07331b63521c00b409180de,240850,batch_log_or_checkpoint,只读冻结；未执行
A_route/problem3/02_batch_run/logs/checkpoints/P3_MEAN_ROLLOUT_1218/2025-11-21.json.gz,a2a004f71fdf27843f24d1b925fa169ca483f4f0ce64bd7f786c13bc3ece3b00,230032,batch_log_or_checkpoint,只读冻结；未执行
A_route/problem3/02_batch_run/logs/checkpoints/P3_MEAN_ROLLOUT_1218/2025-11-22.json.gz,825cde30954406dc6a70dca0f5d6246a462074d47413fab17b4852054b104bed,232869,batch_log_or_checkpoint,只读冻结；未执行
A_route/problem3/02_batch_run/logs/checkpoints/P3_MEAN_ROLLOUT_1218/2025-11-23.json.gz,dbec7b3ef9f4fb5a7349a624a1242316034a95683ef2a648ccf382ed7f6f38a1,234379,batch_log_or_checkpoint,只读冻结；未执行
A_route/problem3/02_batch_run/logs/checkpoints/P3_MEAN_ROLLOUT_1218/2025-11-24.json.gz,e70cc94ff87e1905132e2de73946d29281ecff76cd9fe91b891ecc4855b56a52,239427,batch_log_or_checkpoint,只读冻结；未执行
A_route/problem3/02_batch_run/logs/checkpoints/P3_MEAN_ROLLOUT_1218/2025-11-25.json.gz,d09e27fba62368045e4d89096632f3f56ec79ea75769da7ccb0c09e630136115,234683,batch_log_or_checkpoint,只读冻结；未执行
A_route/problem3/02_batch_run/logs/checkpoints/P3_MEAN_ROLLOUT_1218/2025-11-26.json.gz,86475c0ddc42cf87f423370543554155105baccc3d13170aa941b83c43755ad9,234964,batch_log_or_checkpoint,只读冻结；未执行
A_route/problem3/02_batch_run/logs/checkpoints/P3_MEAN_ROLLOUT_1218/2025-11-27.json.gz,c74e51a3eb472aa77c0975c1e619a8f42b3a147f307e33e1cbce72d467dde44c,230672,batch_log_or_checkpoint,只读冻结；未执行
A_route/problem3/02_batch_run/logs/checkpoints/P3_MEAN_ROLLOUT_1218/2025-11-28.json.gz,88e3a315e1f533c2932b242f2f1091a1273d20a9f348920793d9f93a886e6ef0,227717,batch_log_or_checkpoint,只读冻结；未执行
A_route/problem3/02_batch_run/logs/checkpoints/P3_MEAN_ROLLOUT_1218/2025-11-29.json.gz,a1340a7cc54f799e0d2ff00c02fe06f70b892a21920f1772d994002c22788e8e,231975,batch_log_or_checkpoint,只读冻结；未执行
A_route/problem3/02_batch_run/logs/checkpoints/P3_MEAN_ROLLOUT_1218/2025-11-30.json.gz,1adcfc3a257a913e127cc99b230f49280c30e000cd7e6e3dca4f8c77966dcf17,242276,batch_log_or_checkpoint,只读冻结；未执行
A_route/problem3/02_batch_run/logs/checkpoints/P3_MEAN_ROLLOUT_1218/2025-12-01.json.gz,b63edc5946a68d2314aff6aa62eceae330a96644d5a345a1f1baf4375d60c3c4,241467,batch_log_or_checkpoint,只读冻结；未执行
A_route/problem3/02_batch_run/logs/checkpoints/P3_MEAN_ROLLOUT_1218/2025-12-02.json.gz,c35ce8ccfef6b488191f5a66c63bff4ffbeab10b3f1efaf90ae4f0b4d30ccfa3,240901,batch_log_or_checkpoint,只读冻结；未执行
A_route/problem3/02_batch_run/logs/checkpoints/P3_MEAN_ROLLOUT_1218/2025-12-03.json.gz,65e3923dcccd2b766c82ee3366000c8dedefcfe0b8159a26085a441b585b3da7,252349,batch_log_or_checkpoint,只读冻结；未执行
A_route/problem3/02_batch_run/logs/checkpoints/P3_MEAN_ROLLOUT_1218/2025-12-04.json.gz,87144e323d205ae59722275bd22bac2deb5849b2712af04820349dafa3fa90e8,241824,batch_log_or_checkpoint,只读冻结；未执行
A_route/problem3/02_batch_run/logs/checkpoints/P3_MEAN_ROLLOUT_1218/2025-12-05.json.gz,e56661f8294870e050ecffe0c2a38df3cbe7210f20b116f5de897eddb999d32b,242326,batch_log_or_checkpoint,只读冻结；未执行
A_route/problem3/02_batch_run/logs/checkpoints/P3_MEAN_ROLLOUT_1218/2025-12-06.json.gz,4b0f616d08d9d690f5a470f258601297bb5d4b2f9c2d8cf1b60d1fa7c650099b,242237,batch_log_or_checkpoint,只读冻结；未执行
A_route/problem3/02_batch_run/logs/checkpoints/P3_MEAN_ROLLOUT_1218/2025-12-07.json.gz,bb18f0237d07739ca1ca780f49c2a98cf7dd8b576d17a42ced7876df5ba98873,244054,batch_log_or_checkpoint,只读冻结；未执行
A_route/problem3/02_batch_run/logs/checkpoints/P3_MEAN_ROLLOUT_1218/2025-12-08.json.gz,fd5c0b8f7285ee984d0d124c2cde94e8fa41d9eae5d4a804c611623cd26c0c3e,233845,batch_log_or_checkpoint,只读冻结；未执行
A_route/problem3/02_batch_run/logs/checkpoints/P3_MEAN_ROLLOUT_1218/2025-12-09.json.gz,41394865f23f50ed4b3ba6a9b2058323d059ba1a513d73c6fad26c8d043efce4,235708,batch_log_or_checkpoint,只读冻结；未执行
A_route/problem3/02_batch_run/logs/checkpoints/P3_MEAN_ROLLOUT_1218/2025-12-10.json.gz,7a3143783e0b8ee92c979a461134ebb2eb07d39685243b9d79ac8e33db7bb265,233906,batch_log_or_checkpoint,只读冻结；未执行
A_route/problem3/02_batch_run/logs/checkpoints/P3_MEAN_ROLLOUT_1218/2025-12-11.json.gz,260a45c8c2154c7721d39faeee38a5b33bb6385b5b4d72eb5eac0af9fbfe8542,233962,batch_log_or_checkpoint,只读冻结；未执行
A_route/problem3/02_batch_run/logs/checkpoints/P3_MEAN_ROLLOUT_1218/2025-12-12.json.gz,d52c3318a99a39f0030212d945fed6846a03c8074fc884f3e56dafa2bb3d9530,235878,batch_log_or_checkpoint,只读冻结；未执行
A_route/problem3/02_batch_run/logs/checkpoints/P3_MEAN_ROLLOUT_1218/2025-12-13.json.gz,f5114d2cdd18db59c75c301148cf9d8814fe0708ffc3a03e9dfc1961d86954eb,235225,batch_log_or_checkpoint,只读冻结；未执行
A_route/problem3/02_batch_run/logs/checkpoints/P3_MEAN_ROLLOUT_1218/2025-12-14.json.gz,3480f29f51d4f8104021a98bbbf46d6abb18d5d62cea1602f9079167953dc84b,239290,batch_log_or_checkpoint,只读冻结；未执行
A_route/problem3/02_batch_run/logs/checkpoints/P3_MEAN_ROLLOUT_1218/2025-12-15.json.gz,f9d1497297e52cd89bfdb6df10569b14b02f549c57f0e40e697282715052a35c,241575,batch_log_or_checkpoint,只读冻结；未执行
A_route/problem3/02_batch_run/logs/checkpoints/P3_MEAN_ROLLOUT_1218/2025-12-16.json.gz,7d1f1bc3f05e37b6171a87942ecfb35c36f9834f5c28704b67ef22bd8d286e40,234101,batch_log_or_checkpoint,只读冻结；未执行
A_route/problem3/02_batch_run/logs/checkpoints/P3_MEAN_ROLLOUT_1218/2025-12-17.json.gz,cca9865492718191e20720f4c96ee74bb627681c7129abf02d51af2cbe21f110,233600,batch_log_or_checkpoint,只读冻结；未执行
A_route/problem3/02_batch_run/logs/checkpoints/P3_MEAN_ROLLOUT_1218/2025-12-18.json.gz,b62c76531a4df99341c0052944dab9c5f2349d3919715e4f0d34f2e56de8572f,234888,batch_log_or_checkpoint,只读冻结；未执行
A_route/problem3/02_batch_run/logs/checkpoints/P3_MEAN_ROLLOUT_1218/2025-12-19.json.gz,f766c3a51aa6281dcd51bd1f3c5696434c892d34997c34b8ce66d361f568fde5,232723,batch_log_or_checkpoint,只读冻结；未执行
A_route/problem3/02_batch_run/logs/checkpoints/P3_MEAN_ROLLOUT_1218/2025-12-20.json.gz,482fdf667f4e06aee432803d9316daeab8c2a373cfe1a382732387cbf39a95a9,232771,batch_log_or_checkpoint,只读冻结；未执行
A_route/problem3/02_batch_run/logs/checkpoints/P3_MEAN_ROLLOUT_1218/2025-12-21.json.gz,39e6f51f423a853d2bb2b512cc808b0581d90df8a517c28e63b713f7d5117156,233565,batch_log_or_checkpoint,只读冻结；未执行
A_route/problem3/02_batch_run/logs/checkpoints/P3_MEAN_ROLLOUT_1218/2025-12-22.json.gz,1a78a9c7dc81432f67c3184f942d6c131beada378c84ef83a4050bd398a3d67c,233587,batch_log_or_checkpoint,只读冻结；未执行
A_route/problem3/02_batch_run/logs/checkpoints/P3_MEAN_ROLLOUT_1218/2025-12-23.json.gz,ce5603cf93d95ed876cdd6330b0396c609b7698571de8d8c0b3b48e0ae944630,234058,batch_log_or_checkpoint,只读冻结；未执行
A_route/problem3/02_batch_run/logs/checkpoints/P3_MEAN_ROLLOUT_1218/2025-12-24.json.gz,57ef0accd4fbfc2b2a54fe5af973526bfd8ec50e3f0e66d8e55801b303d248c5,232213,batch_log_or_checkpoint,只读冻结；未执行
A_route/problem3/02_batch_run/logs/checkpoints/P3_MEAN_ROLLOUT_1218/2025-12-25.json.gz,c18f5fd2f8d8f127c3da42dd114702d2931f45ad18152d9f37d1dc1b57b48205,237997,batch_log_or_checkpoint,只读冻结；未执行
A_route/problem3/02_batch_run/logs/checkpoints/P3_MEAN_ROLLOUT_1218/2025-12-26.json.gz,bfa31d0db5601762ea199a391c14c273f5f99994f1954c1c109231451e6de6cd,231745,batch_log_or_checkpoint,只读冻结；未执行
A_route/problem3/02_batch_run/logs/checkpoints/P3_MEAN_ROLLOUT_1218/2025-12-27.json.gz,07bc5d47e4a7b956936ef670ca81fb49042582f3eed4d5cb92cd26febf8daa80,232796,batch_log_or_checkpoint,只读冻结；未执行
A_route/problem3/02_batch_run/logs/checkpoints/P3_MEAN_ROLLOUT_1218/2025-12-28.json.gz,3e54a787ca75a89b9344e8cbcfeec5bc13882393bc4de3d483e5eeaff6c229b6,233289,batch_log_or_checkpoint,只读冻结；未执行
A_route/problem3/02_batch_run/logs/checkpoints/P3_MEAN_ROLLOUT_1218/2025-12-29.json.gz,7e5d8391d3a9258a4ab1f0d02df273a9125c88b5998a4e0e3efcc99d2c5b04f3,234249,batch_log_or_checkpoint,只读冻结；未执行
A_route/problem3/02_batch_run/logs/checkpoints/P3_MEAN_ROLLOUT_1218/2025-12-30.json.gz,8d69d4151d365abd3634ccce71385beacb70d6f2aa41f2f5a48e2dd278197f2c,233154,batch_log_or_checkpoint,只读冻结；未执行
A_route/problem3/02_batch_run/logs/checkpoints/P3_MEAN_ROLLOUT_1218/2025-12-31.json.gz,b19157a00144acfafd72118bd191c28db715ed87be6ec83e041d0bb791e1356d,234396,batch_log_or_checkpoint,只读冻结；未执行
A_route/problem3/02_batch_run/logs/checkpoints/P3_MEAN_ROLLOUT_18/2025-02-01.json.gz,109292be9754135677162b4bb07d5a3d845d48565910acb4934e7ff6aaea6a02,127227,batch_log_or_checkpoint,只读冻结；未执行
A_route/problem3/02_batch_run/logs/checkpoints/P3_MEAN_ROLLOUT_18/2025-02-02.json.gz,c7162ec01928e522f80c9dc8f1e5c1c6b0f5713ed6cd812f612a873f77711e57,133794,batch_log_or_checkpoint,只读冻结；未执行
A_route/problem3/02_batch_run/logs/checkpoints/P3_MEAN_ROLLOUT_18/2025-02-03.json.gz,ead9a72eac1457c3747171baf9744c9a8a4c6ea02686e62d0f524ee529b77004,139596,batch_log_or_checkpoint,只读冻结；未执行
A_route/problem3/02_batch_run/logs/checkpoints/P3_MEAN_ROLLOUT_18/2025-02-04.json.gz,e6293d87b64d60f0150d7600e83cfbd6ef0576ccedd54d42b72c3b8219e1a820,142779,batch_log_or_checkpoint,只读冻结；未执行
A_route/problem3/02_batch_run/logs/checkpoints/P3_MEAN_ROLLOUT_18/2025-02-05.json.gz,6accd3cd3818d4b71b512fb0628fd160bb2afe3be5dcba00cfd0640ef16e9c27,147352,batch_log_or_checkpoint,只读冻结；未执行
A_route/problem3/02_batch_run/logs/checkpoints/P3_MEAN_ROLLOUT_18/2025-02-06.json.gz,855038d585a6282d489ae92b32ff353fd81abff3eb39a2e30e0d3ac81d0efbf3,144690,batch_log_or_checkpoint,只读冻结；未执行
A_route/problem3/02_batch_run/logs/checkpoints/P3_MEAN_ROLLOUT_18/2025-02-07.json.gz,00914c3e1fd66934b4df9ded684f8a8c492a7553731ad02fd25e3e194a63a6de,144400,batch_log_or_checkpoint,只读冻结；未执行
A_route/problem3/02_batch_run/logs/checkpoints/P3_MEAN_ROLLOUT_18/2025-02-08.json.gz,89797313896e15cc1a7af4787792760f31bd82e0de96d0a134df59d9c62ca29d,146462,batch_log_or_checkpoint,只读冻结；未执行
A_route/problem3/02_batch_run/logs/checkpoints/P3_MEAN_ROLLOUT_18/2025-02-09.json.gz,cb8f7f1e5f2f091662fd9507b36dcb27e145c55a8f3b5805ed494ba5d9d64377,148735,batch_log_or_checkpoint,只读冻结；未执行
A_route/problem3/02_batch_run/logs/checkpoints/P3_MEAN_ROLLOUT_18/2025-02-10.json.gz,aeff8adf0109e4b4be80f418e0806e4566f9c9cc0ba8b69cf2287f3497c23266,148194,batch_log_or_checkpoint,只读冻结；未执行
A_route/problem3/02_batch_run/logs/checkpoints/P3_MEAN_ROLLOUT_18/2025-02-11.json.gz,3048fa05f10d978bb61d8f63f0298a1645f4aceeef296e443f10d89344676fff,148225,batch_log_or_checkpoint,只读冻结；未执行
A_route/problem3/02_batch_run/logs/checkpoints/P3_MEAN_ROLLOUT_18/2025-02-12.json.gz,7e06e88a7f2da7a9df5e77505f142057e5baf53daeed11f6f5424c3a7ac743a9,147702,batch_log_or_checkpoint,只读冻结；未执行
A_route/problem3/02_batch_run/logs/checkpoints/P3_MEAN_ROLLOUT_18/2025-02-13.json.gz,ae18a876d29f8f07438aa8dd256b93c7d552c165d5d080a3b1e7a5ecf6316361,146895,batch_log_or_checkpoint,只读冻结；未执行
A_route/problem3/02_batch_run/logs/checkpoints/P3_MEAN_ROLLOUT_18/2025-02-14.json.gz,28d671d8d7c31bfa91650ad29d5bd222c2a59f5cb0c81508740428744936e125,143849,batch_log_or_checkpoint,只读冻结；未执行
A_route/problem3/02_batch_run/logs/checkpoints/P3_MEAN_ROLLOUT_18/2025-02-15.json.gz,17caa8e2109570ebf16a6143988d5570dd1449479a09c99f7c44aa8de1ef3752,147585,batch_log_or_checkpoint,只读冻结；未执行
A_route/problem3/02_batch_run/logs/checkpoints/P3_MEAN_ROLLOUT_18/2025-02-16.json.gz,1df44a56ae69f78cb69640ff85db4d44995219a5f65105cd04e5610a8d956812,148928,batch_log_or_checkpoint,只读冻结；未执行
A_route/problem3/02_batch_run/logs/checkpoints/P3_MEAN_ROLLOUT_18/2025-02-17.json.gz,9b10905876bdd2f43579cd63b2321ade01ab8b8b399e396b1f2965c0f15a47ea,149380,batch_log_or_checkpoint,只读冻结；未执行
A_route/problem3/02_batch_run/logs/checkpoints/P3_MEAN_ROLLOUT_18/2025-02-18.json.gz,190eecd02c0e2256bdb1afab2a588a9af40de55586159acfce91306c4d1bc119,150901,batch_log_or_checkpoint,只读冻结；未执行
A_route/problem3/02_batch_run/logs/checkpoints/P3_MEAN_ROLLOUT_18/2025-02-19.json.gz,e6a9f8b45fd8c9f60630eba19f9aac848b7cb2c5c18a82aca9cf7d263b5253a1,150349,batch_log_or_checkpoint,只读冻结；未执行
A_route/problem3/02_batch_run/logs/checkpoints/P3_MEAN_ROLLOUT_18/2025-02-20.json.gz,29718057d8781d12883b5c042529c498b5086565320d83f863963730e91c3ddf,147808,batch_log_or_checkpoint,只读冻结；未执行
A_route/problem3/02_batch_run/logs/checkpoints/P3_MEAN_ROLLOUT_18/2025-02-21.json.gz,9a7b06b52e8b730ffa30fa71f6ff328bc10ff7b866782bb13ef3827667c8a6e8,143763,batch_log_or_checkpoint,只读冻结；未执行
A_route/problem3/02_batch_run/logs/checkpoints/P3_MEAN_ROLLOUT_18/2025-02-22.json.gz,5ae2ba9a243dbd5fd1ae73909976590ca45819d2e57043e5fbf9ba763ee97c33,147807,batch_log_or_checkpoint,只读冻结；未执行
A_route/problem3/02_batch_run/logs/checkpoints/P3_MEAN_ROLLOUT_18/2025-02-23.json.gz,df99baf712d0d42e5c74ec6461381017a9facbf2f7c438861d43a0fd3c965d97,149627,batch_log_or_checkpoint,只读冻结；未执行
A_route/problem3/02_batch_run/logs/checkpoints/P3_MEAN_ROLLOUT_18/2025-02-24.json.gz,42d445432920d81d319eb42ed485996a50ba6d7658b714840ffb6bf150a233d4,150311,batch_log_or_checkpoint,只读冻结；未执行
A_route/problem3/02_batch_run/logs/checkpoints/P3_MEAN_ROLLOUT_18/2025-02-25.json.gz,09ce25159c27cc631afe79fb3209a936e2f8039c1df393a1df2ef44de937f954,149238,batch_log_or_checkpoint,只读冻结；未执行
A_route/problem3/02_batch_run/logs/checkpoints/P3_MEAN_ROLLOUT_18/2025-02-26.json.gz,fbf09ef9ff85592179ac77cb357a8537f10da89d38c9f39ab4ea6ceaba08800d,151673,batch_log_or_checkpoint,只读冻结；未执行
A_route/problem3/02_batch_run/logs/checkpoints/P3_MEAN_ROLLOUT_18/2025-02-27.json.gz,67376d3c99acb0dcb479080d17a71a0841324adb88132fe780f20ec51dfb1bc9,144983,batch_log_or_checkpoint,只读冻结；未执行
A_route/problem3/02_batch_run/logs/checkpoints/P3_MEAN_ROLLOUT_18/2025-02-28.json.gz,382150e9e0b4c60a6bf7ec9bf53ac6eb86e6c609368920a18626408517b5337a,141536,batch_log_or_checkpoint,只读冻结；未执行
A_route/problem3/02_batch_run/logs/checkpoints/P3_MEAN_ROLLOUT_18/2025-03-01.json.gz,d70fef01e93635823b24f28222097b122c4b556f5ca8d2afa423098fd8e64462,145451,batch_log_or_checkpoint,只读冻结；未执行
A_route/problem3/02_batch_run/logs/checkpoints/P3_MEAN_ROLLOUT_18/2025-03-02.json.gz,3e2b6789c46fcc5653fed295ccb9ec6eec312d61ea580ba2f71e242b5e7e9d71,148697,batch_log_or_checkpoint,只读冻结；未执行
A_route/problem3/02_batch_run/logs/checkpoints/P3_MEAN_ROLLOUT_18/2025-03-03.json.gz,d4673fbef566ca72482d08e107234dafe0cc49aa741717c1850f15d2894214c0,151423,batch_log_or_checkpoint,只读冻结；未执行
A_route/problem3/02_batch_run/logs/checkpoints/P3_MEAN_ROLLOUT_18/2025-03-04.json.gz,729d13f9f56a5ad7d8510f6daf025545b6a89c85e45df760ea94e68875ff544a,148036,batch_log_or_checkpoint,只读冻结；未执行
A_route/problem3/02_batch_run/logs/checkpoints/P3_MEAN_ROLLOUT_18/2025-03-05.json.gz,0d979dd5e1a428fe7ade90b667bd63b5cd9588ecdaf0cb03e1178ea92d8e1e6b,149040,batch_log_or_checkpoint,只读冻结；未执行
A_route/problem3/02_batch_run/logs/checkpoints/P3_MEAN_ROLLOUT_18/2025-03-06.json.gz,c84fcd1fc9488b87f5eae8df289781f9735e36a12d35ab48f6852e3ef9cbbfe8,146586,batch_log_or_checkpoint,只读冻结；未执行
A_route/problem3/02_batch_run/logs/checkpoints/P3_MEAN_ROLLOUT_18/2025-03-07.json.gz,8fde9ac33ef5262af99eb443bfe0cf6fe5787ccfcb5b033d7c70bec604c2aebe,140167,batch_log_or_checkpoint,只读冻结；未执行
A_route/problem3/02_batch_run/logs/checkpoints/P3_MEAN_ROLLOUT_18/2025-03-08.json.gz,190efc17bde259104b4c7330e1c44c884d0485aef6b03407a3e04cd75e4c74c5,145479,batch_log_or_checkpoint,只读冻结；未执行
A_route/problem3/02_batch_run/logs/checkpoints/P3_MEAN_ROLLOUT_18/2025-03-09.json.gz,9f97d12508426c9bbe7076e759b3ff5ad7039579e00302c35c728080736d3249,148369,batch_log_or_checkpoint,只读冻结；未执行
A_route/problem3/02_batch_run/logs/checkpoints/P3_MEAN_ROLLOUT_18/2025-03-10.json.gz,5be578d611eecce047665b3370a60bf3ce9b5dfc98291e0fd579c9cc78abcfa4,149817,batch_log_or_checkpoint,只读冻结；未执行
A_route/problem3/02_batch_run/logs/checkpoints/P3_MEAN_ROLLOUT_18/2025-03-11.json.gz,97221c95d42d81b052e5506631794908576acd0e5982079a324df6bea1080ead,153357,batch_log_or_checkpoint,只读冻结；未执行
A_route/problem3/02_batch_run/logs/checkpoints/P3_MEAN_ROLLOUT_18/2025-03-12.json.gz,3dc1cf7f51032f423086a45f6021065e7cc1c16d6bb7c160b98e836add26866c,149452,batch_log_or_checkpoint,只读冻结；未执行
A_route/problem3/02_batch_run/logs/checkpoints/P3_MEAN_ROLLOUT_18/2025-03-13.json.gz,b94c8d5dea69ac4097e0cbd0e3cf7f2d2c9ccd0d40b3035f9f21e88a21005ebb,145187,batch_log_or_checkpoint,只读冻结；未执行
A_route/problem3/02_batch_run/logs/checkpoints/P3_MEAN_ROLLOUT_18/2025-03-14.json.gz,6517ec68a5c840b63a72563eb74819d943f73fb959ea8eee821b48821290440a,143042,batch_log_or_checkpoint,只读冻结；未执行
A_route/problem3/02_batch_run/logs/checkpoints/P3_MEAN_ROLLOUT_18/2025-03-15.json.gz,32d40b2fcc011446affd75201c5b9f5b65432c8cb7ad4942babb60a21fc7eaf9,145105,batch_log_or_checkpoint,只读冻结；未执行
A_route/problem3/02_batch_run/logs/checkpoints/P3_MEAN_ROLLOUT_18/2025-03-16.json.gz,5537c805d1247a0a17828884a10eb70de9d1d2f7e77957bf2bdc5baaf322ff2d,149268,batch_log_or_checkpoint,只读冻结；未执行
A_route/problem3/02_batch_run/logs/checkpoints/P3_MEAN_ROLLOUT_18/2025-03-17.json.gz,3956545bd359916e4f77dfc7797fe2194310485a2f4975eb466399d9c3274f38,150948,batch_log_or_checkpoint,只读冻结；未执行
A_route/problem3/02_batch_run/logs/checkpoints/P3_MEAN_ROLLOUT_18/2025-03-18.json.gz,22589c8bdd856512d89bfa26ee8e88ee66c86cf247cde6dd91212dd2ca520e04,147728,batch_log_or_checkpoint,只读冻结；未执行
A_route/problem3/02_batch_run/logs/checkpoints/P3_MEAN_ROLLOUT_18/2025-03-19.json.gz,9c854df724556f030b53f82c083febc24fb171920ebebfd2330aed5bb8b85d51,152061,batch_log_or_checkpoint,只读冻结；未执行
A_route/problem3/02_batch_run/logs/checkpoints/P3_MEAN_ROLLOUT_18/2025-03-20.json.gz,0f6fc1a527d25b652c92a127a91aceb608c5d545b8633add603a1e9dd884f087,143163,batch_log_or_checkpoint,只读冻结；未执行
A_route/problem3/02_batch_run/logs/checkpoints/P3_MEAN_ROLLOUT_18/2025-03-21.json.gz,88b4527fa7e6e342aa9f93786ce0e5123861944f385a3bed59b1431ea589e777,139379,batch_log_or_checkpoint,只读冻结；未执行
A_route/problem3/02_batch_run/logs/checkpoints/P3_MEAN_ROLLOUT_18/2025-03-22.json.gz,2606b5b1081ca41fc3892e75372df430d2dba6f01b89525ef2e6f4818b748a7e,145267,batch_log_or_checkpoint,只读冻结；未执行
A_route/problem3/02_batch_run/logs/checkpoints/P3_MEAN_ROLLOUT_18/2025-03-23.json.gz,8d0bf5e6e1007608dc126d6429ad051653505dee854eb1052edafa4217ac11a4,149514,batch_log_or_checkpoint,只读冻结；未执行
A_route/problem3/02_batch_run/logs/checkpoints/P3_MEAN_ROLLOUT_18/2025-03-24.json.gz,d162980ff0939dc36837aa76d61e2e0650145460d352d92c819912f00fcf412f,149645,batch_log_or_checkpoint,只读冻结；未执行
A_route/problem3/02_batch_run/logs/checkpoints/P3_MEAN_ROLLOUT_18/2025-03-25.json.gz,8971b9dacc0e1cb0587bfde44bc9c14c3fc743cad7cb739e9093a0c42f67ea64,150480,batch_log_or_checkpoint,只读冻结；未执行
A_route/problem3/02_batch_run/logs/checkpoints/P3_MEAN_ROLLOUT_18/2025-03-26.json.gz,7762998d40f9ceb7a317815a738f74cce17cb5c5b82687df3c9cbd123c68bfce,150535,batch_log_or_checkpoint,只读冻结；未执行
A_route/problem3/02_batch_run/logs/checkpoints/P3_MEAN_ROLLOUT_18/2025-03-27.json.gz,be05adb3a08d83a4f025b675730b11bf2d7e639671f8aed7a1f835adae3556d7,146401,batch_log_or_checkpoint,只读冻结；未执行
A_route/problem3/02_batch_run/logs/checkpoints/P3_MEAN_ROLLOUT_18/2025-03-28.json.gz,5968736fd3065921719903f0d659871e7a9314e1ba4bda7fae258349af5de3a2,141335,batch_log_or_checkpoint,只读冻结；未执行
A_route/problem3/02_batch_run/logs/checkpoints/P3_MEAN_ROLLOUT_18/2025-03-29.json.gz,3824f6ca1ead717645074655bcd154742f937065fb3b89849e3e57e3513aa37b,147274,batch_log_or_checkpoint,只读冻结；未执行
A_route/problem3/02_batch_run/logs/checkpoints/P3_MEAN_ROLLOUT_18/2025-03-30.json.gz,a33ef420db8ce187fd96656685ac4a7771efc82160b9e1b1076e44e21e645e17,150464,batch_log_or_checkpoint,只读冻结；未执行
A_route/problem3/02_batch_run/logs/checkpoints/P3_MEAN_ROLLOUT_18/2025-03-31.json.gz,d66db6aef6a5a7d4cf1ddf670870c5af7b94cc054facb9e6da76c7454df6f3a2,150534,batch_log_or_checkpoint,只读冻结；未执行
A_route/problem3/02_batch_run/logs/checkpoints/P3_MEAN_ROLLOUT_18/2025-04-01.json.gz,b37e852dd30550ac29ee39500edcc44f1f0472241592c821a8a8ddff7ef19faa,149852,batch_log_or_checkpoint,只读冻结；未执行
A_route/problem3/02_batch_run/logs/checkpoints/P3_MEAN_ROLLOUT_18/2025-04-02.json.gz,2da2cd88a2b1c85b3ff76b935de840bc0d949a5e05e907d92d826637cd930175,150157,batch_log_or_checkpoint,只读冻结；未执行
A_route/problem3/02_batch_run/logs/checkpoints/P3_MEAN_ROLLOUT_18/2025-04-03.json.gz,9f7d1eaa03e9cdf9e8a2a11f59e1733f8b600e101a61e92ffba7e1f0f8e802c3,143419,batch_log_or_checkpoint,只读冻结；未执行
A_route/problem3/02_batch_run/logs/checkpoints/P3_MEAN_ROLLOUT_18/2025-04-04.json.gz,d8527555b41cb4782952d75992b0f147fa375f8ecf6619558a6dfdda957aabf9,141363,batch_log_or_checkpoint,只读冻结；未执行
A_route/problem3/02_batch_run/logs/checkpoints/P3_MEAN_ROLLOUT_18/2025-04-05.json.gz,bdfa16599fd0a7887123b87eed5d69195a6c737592d8e0ba0214fc81aa88f94c,145462,batch_log_or_checkpoint,只读冻结；未执行
A_route/problem3/02_batch_run/logs/checkpoints/P3_MEAN_ROLLOUT_18/2025-04-06.json.gz,a1f196548f3593936222367ba1866ffbda5baa1f5fe39a5a925e5f79b16e89da,149145,batch_log_or_checkpoint,只读冻结；未执行
A_route/problem3/02_batch_run/logs/checkpoints/P3_MEAN_ROLLOUT_18/2025-04-07.json.gz,c6b1f6d7980886aac25a55503089d5b1af651655f1c915adb56ec7be5312ec56,152264,batch_log_or_checkpoint,只读冻结；未执行
A_route/problem3/02_batch_run/logs/checkpoints/P3_MEAN_ROLLOUT_18/2025-04-08.json.gz,d2e32f4c5eae26744f090234e61d8b2cd93a56a5d26e498245af6af7ad22ec95,149017,batch_log_or_checkpoint,只读冻结；未执行
A_route/problem3/02_batch_run/logs/checkpoints/P3_MEAN_ROLLOUT_18/2025-04-09.json.gz,595d9292739cded465ba5ed078c3d123234594f40b17f425aa49888f5d4e3c62,148395,batch_log_or_checkpoint,只读冻结；未执行
A_route/problem3/02_batch_run/logs/checkpoints/P3_MEAN_ROLLOUT_18/2025-04-10.json.gz,015e085cb3063de7a5e97f05c089f9d25a7f0b9458af70a4ecd33049a50129b9,144090,batch_log_or_checkpoint,只读冻结；未执行
A_route/problem3/02_batch_run/logs/checkpoints/P3_MEAN_ROLLOUT_18/2025-04-11.json.gz,bf7ef4d87e036f1443dd1d129bd4a0fa59c9217e6fa68186cb85bc965b9d8304,143656,batch_log_or_checkpoint,只读冻结；未执行
A_route/problem3/02_batch_run/logs/checkpoints/P3_MEAN_ROLLOUT_18/2025-04-12.json.gz,a1a2dd22010dc6f22975e1d039d583179727873d9ccebd3cc3582f30d10c6451,144765,batch_log_or_checkpoint,只读冻结；未执行
A_route/problem3/02_batch_run/logs/checkpoints/P3_MEAN_ROLLOUT_18/2025-04-13.json.gz,576815285a029b1da73493810967f5882885954cc8aa036f178019412ceea43a,149309,batch_log_or_checkpoint,只读冻结；未执行
A_route/problem3/02_batch_run/logs/checkpoints/P3_MEAN_ROLLOUT_18/2025-04-14.json.gz,fd367ea6039311f317a3588f8bad658017f06615d3876794e05ca275b3f304c0,148020,batch_log_or_checkpoint,只读冻结；未执行
A_route/problem3/02_batch_run/logs/checkpoints/P3_MEAN_ROLLOUT_18/2025-04-15.json.gz,3e68db4de77153b232b79d31ea1b5293670b11297ed3452dba926c822953df2f,152205,batch_log_or_checkpoint,只读冻结；未执行
A_route/problem3/02_batch_run/logs/checkpoints/P3_MEAN_ROLLOUT_18/2025-04-16.json.gz,17f25138a7deba1eb7642fe33b3aee686a6495ba1bcb29c9672f50dab43a893d,149468,batch_log_or_checkpoint,只读冻结；未执行
A_route/problem3/02_batch_run/logs/checkpoints/P3_MEAN_ROLLOUT_18/2025-04-17.json.gz,cdd2e0fb0485e12afedbfbbab56cfce82286a8024ea8dda6b5e3370ef8234696,142401,batch_log_or_checkpoint,只读冻结；未执行
A_route/problem3/02_batch_run/logs/checkpoints/P3_MEAN_ROLLOUT_18/2025-04-18.json.gz,e3bba7756193b5946dce943a3f94b93bbeebea7334015bfa5ba00d82820909b7,139903,batch_log_or_checkpoint,只读冻结；未执行
A_route/problem3/02_batch_run/logs/checkpoints/P3_MEAN_ROLLOUT_18/2025-04-19.json.gz,1a89e20ae081de54b938471d331623fa12463da0693e225387bac150100c768d,143359,batch_log_or_checkpoint,只读冻结；未执行
A_route/problem3/02_batch_run/logs/checkpoints/P3_MEAN_ROLLOUT_18/2025-04-20.json.gz,622bf235e229eab00ff7569bacee90c39b654b60d68801973e6e490fbe4391bb,146922,batch_log_or_checkpoint,只读冻结；未执行
A_route/problem3/02_batch_run/logs/checkpoints/P3_MEAN_ROLLOUT_18/2025-04-21.json.gz,64bc7b300c8c498ae283bc36e5a0ca35d84f3de58c358ac0fee58676aeecee7f,147247,batch_log_or_checkpoint,只读冻结；未执行
A_route/problem3/02_batch_run/logs/checkpoints/P3_MEAN_ROLLOUT_18/2025-04-22.json.gz,0155bcf82ea245e2f8230c342c4f3a500aecf624bb806a5bfadad5378b95f6ec,147341,batch_log_or_checkpoint,只读冻结；未执行
A_route/problem3/02_batch_run/logs/checkpoints/P3_MEAN_ROLLOUT_18/2025-04-23.json.gz,9d7563965a52e6063d0b4077b89baa51c1b207440673715067d060663798c6f0,148613,batch_log_or_checkpoint,只读冻结；未执行
A_route/problem3/02_batch_run/logs/checkpoints/P3_MEAN_ROLLOUT_18/2025-04-24.json.gz,0154ca166cf43d8ecd98193dd0d7d823cd2075ac03350ccf47bc928d53bb02cd,142430,batch_log_or_checkpoint,只读冻结；未执行
A_route/problem3/02_batch_run/logs/checkpoints/P3_MEAN_ROLLOUT_18/2025-04-25.json.gz,0e8d541fe3e141f42664ccda7a91af3d2f19ae88783fa07c065cebd391070bdd,138664,batch_log_or_checkpoint,只读冻结；未执行
A_route/problem3/02_batch_run/logs/checkpoints/P3_MEAN_ROLLOUT_18/2025-04-26.json.gz,9734f6d528779f00033244ff106e1607e9068d3beec18e84ba63c359aef08d4f,143483,batch_log_or_checkpoint,只读冻结；未执行
A_route/problem3/02_batch_run/logs/checkpoints/P3_MEAN_ROLLOUT_18/2025-04-27.json.gz,c4e6f01c7af0ce834fee598f9a344887053ff21d79a4383c7e5c0f7278e17403,151066,batch_log_or_checkpoint,只读冻结；未执行
A_route/problem3/02_batch_run/logs/checkpoints/P3_MEAN_ROLLOUT_18/2025-04-28.json.gz,2a64312459af7dc24c0cbde308390b365af15fc4d2e5b840c5ab7c8a6a5a9af1,148312,batch_log_or_checkpoint,只读冻结；未执行
A_route/problem3/02_batch_run/logs/checkpoints/P3_MEAN_ROLLOUT_18/2025-04-29.json.gz,d720941743c1a6aa23b1d2c1c0f3df187beb73ada1d80e078a5b1f605fe776e9,149870,batch_log_or_checkpoint,只读冻结；未执行
A_route/problem3/02_batch_run/logs/checkpoints/P3_MEAN_ROLLOUT_18/2025-04-30.json.gz,385e20cd6124c92cb999e7f734c62946d13e24c810f069522a93ce538481a306,145331,batch_log_or_checkpoint,只读冻结；未执行
A_route/problem3/02_batch_run/logs/checkpoints/P3_MEAN_ROLLOUT_18/2025-05-01.json.gz,6f460d8bfaac13b21a94e57b92f5d076cd9e7d1458b9c1bd2cc2bd154cd95382,146721,batch_log_or_checkpoint,只读冻结；未执行
A_route/problem3/02_batch_run/logs/checkpoints/P3_MEAN_ROLLOUT_18/2025-05-02.json.gz,502ef310a8fa8d6495a063f38643edf33c46205ece80d3bab156882a33956826,139282,batch_log_or_checkpoint,只读冻结；未执行
A_route/problem3/02_batch_run/logs/checkpoints/P3_MEAN_ROLLOUT_18/2025-05-03.json.gz,0eb7508980414d5c96a6e37f8cb3bcc20e3196b38d38d0602cfc9fcd6b42f029,143209,batch_log_or_checkpoint,只读冻结；未执行
A_route/problem3/02_batch_run/logs/checkpoints/P3_MEAN_ROLLOUT_18/2025-05-04.json.gz,36471b94336976a6ab8168f97be2835031af22a72c2ede81a2ea99f7bba667c9,150676,batch_log_or_checkpoint,只读冻结；未执行
A_route/problem3/02_batch_run/logs/checkpoints/P3_MEAN_ROLLOUT_18/2025-05-05.json.gz,2dfc072229224a1478299ce7f219166abbe8acc3f24066f77318b0dd904fe27d,148758,batch_log_or_checkpoint,只读冻结；未执行
A_route/problem3/02_batch_run/logs/checkpoints/P3_MEAN_ROLLOUT_18/2025-05-06.json.gz,ea68c2a8e9a056f287965db324ec5072a9e4687af89426f4515cda9867b310fc,152423,batch_log_or_checkpoint,只读冻结；未执行
A_route/problem3/02_batch_run/logs/checkpoints/P3_MEAN_ROLLOUT_18/2025-05-07.json.gz,1ec421d8a07a011f417d19b5e8b46585c31ea8fe03c95371997aee1e002b8667,149466,batch_log_or_checkpoint,只读冻结；未执行
A_route/problem3/02_batch_run/logs/checkpoints/P3_MEAN_ROLLOUT_18/2025-05-08.json.gz,6d7e7e8f0d71e03a600bd53932efc45069623e54044e2a27e07f802a3cc54611,147053,batch_log_or_checkpoint,只读冻结；未执行
A_route/problem3/02_batch_run/logs/checkpoints/P3_MEAN_ROLLOUT_18/2025-05-09.json.gz,474bac8b3070319caf465e94cb6bf666f515aebfd571883b369927a810646463,140618,batch_log_or_checkpoint,只读冻结；未执行
A_route/problem3/02_batch_run/logs/checkpoints/P3_MEAN_ROLLOUT_18/2025-05-10.json.gz,5e1d319f342ff2a67f6b775caab57db30f79dcff3a035117f9dad790ee780f24,144734,batch_log_or_checkpoint,只读冻结；未执行
A_route/problem3/02_batch_run/logs/checkpoints/P3_MEAN_ROLLOUT_18/2025-05-11.json.gz,f7d4dd6851ddba488db2bb9b8bd104c1114dc257c71fdd98d05c2e9c0c34a923,148378,batch_log_or_checkpoint,只读冻结；未执行
A_route/problem3/02_batch_run/logs/checkpoints/P3_MEAN_ROLLOUT_18/2025-05-12.json.gz,431d7199843d7e6818e69f3cf1d3ea1d2a02e7a4a3808650cf9b76a971ff7be3,150279,batch_log_or_checkpoint,只读冻结；未执行
A_route/problem3/02_batch_run/logs/checkpoints/P3_MEAN_ROLLOUT_18/2025-05-13.json.gz,582a18e047346bb9e37cc75f30bcd1a3d8e8ec7698bf3a70780f33f22aa284a8,149232,batch_log_or_checkpoint,只读冻结；未执行
A_route/problem3/02_batch_run/logs/checkpoints/P3_MEAN_ROLLOUT_18/2025-05-14.json.gz,8bb8ed51f8358a1a61ee817f96627b6af8f59d4250f65ba290d1a0c590e3a498,147637,batch_log_or_checkpoint,只读冻结；未执行
A_route/problem3/02_batch_run/logs/checkpoints/P3_MEAN_ROLLOUT_18/2025-05-15.json.gz,ee7e85d400db65577a12e7d5f428aaf5fea6e14d60447c264b889610a022689d,143015,batch_log_or_checkpoint,只读冻结；未执行
A_route/problem3/02_batch_run/logs/checkpoints/P3_MEAN_ROLLOUT_18/2025-05-16.json.gz,7d0ea0afba0b8f1912dfdb9528ef7f11a89cbfb24ec48e152dcd34a00b495228,140183,batch_log_or_checkpoint,只读冻结；未执行
A_route/problem3/02_batch_run/logs/checkpoints/P3_MEAN_ROLLOUT_18/2025-05-17.json.gz,4ac183009b739a4e6803a9174703256430d15db74f583936d36e3c59ef716210,144839,batch_log_or_checkpoint,只读冻结；未执行
A_route/problem3/02_batch_run/logs/checkpoints/P3_MEAN_ROLLOUT_18/2025-05-18.json.gz,ac7a2f8c593f9be1f871fdad5e9a96762c4a629b900ec2707b57be845c72dcd8,149093,batch_log_or_checkpoint,只读冻结；未执行
A_route/problem3/02_batch_run/logs/checkpoints/P3_MEAN_ROLLOUT_18/2025-05-19.json.gz,db834d9ab6b85f0985f6486dd2f3ba529647ac75759de51321b48d0485f9424d,146916,batch_log_or_checkpoint,只读冻结；未执行
A_route/problem3/02_batch_run/logs/checkpoints/P3_MEAN_ROLLOUT_18/2025-05-20.json.gz,d855e61d2625186fcddc8207768be3e5c2fbdc3060f498b0c3c3f8c9efd70ad8,147958,batch_log_or_checkpoint,只读冻结；未执行
A_route/problem3/02_batch_run/logs/checkpoints/P3_MEAN_ROLLOUT_18/2025-05-21.json.gz,889d4d4a3d4598ee99d05fadb06c5cceb1a954e1551c596634b42005c6866439,147712,batch_log_or_checkpoint,只读冻结；未执行
A_route/problem3/02_batch_run/logs/checkpoints/P3_MEAN_ROLLOUT_18/2025-05-22.json.gz,33997f061ec3d37f562946656bee9e3c0bcdbb2b3913c43d94df0d65c1a1e586,143794,batch_log_or_checkpoint,只读冻结；未执行
A_route/problem3/02_batch_run/logs/checkpoints/P3_MEAN_ROLLOUT_18/2025-05-23.json.gz,2607bda8ab9aa50bfc6b9e96632f7bcd998140de403a98370f375c7c96b3296d,141008,batch_log_or_checkpoint,只读冻结；未执行
A_route/problem3/02_batch_run/logs/checkpoints/P3_MEAN_ROLLOUT_18/2025-05-24.json.gz,9fa1bbfede9cb53455cc25016e27f32fa9766b632d1f3c9c763e33466df62998,143042,batch_log_or_checkpoint,只读冻结；未执行
A_route/problem3/02_batch_run/logs/checkpoints/P3_MEAN_ROLLOUT_18/2025-05-25.json.gz,e0f1f240eb065011846d33450415b7580ee355f5330aab54eee58458dadd980c,147753,batch_log_or_checkpoint,只读冻结；未执行
A_route/problem3/02_batch_run/logs/checkpoints/P3_MEAN_ROLLOUT_18/2025-05-26.json.gz,effa99393c1fbddb162abc82cae3c670b763cef6d2c88742e19648a33b187c5f,147759,batch_log_or_checkpoint,只读冻结；未执行
A_route/problem3/02_batch_run/logs/checkpoints/P3_MEAN_ROLLOUT_18/2025-05-27.json.gz,e6ec6193dac7ad35bcef1a0bdbe1bf5c8b7c5bb5993154c9c430e31b775a7d24,147081,batch_log_or_checkpoint,只读冻结；未执行
A_route/problem3/02_batch_run/logs/checkpoints/P3_MEAN_ROLLOUT_18/2025-05-28.json.gz,da08bd21303252a56e01072a1a7695e65fdcd5bdaf5d5c11dc0ee1272d072d36,148058,batch_log_or_checkpoint,只读冻结；未执行
A_route/problem3/02_batch_run/logs/checkpoints/P3_MEAN_ROLLOUT_18/2025-05-29.json.gz,95f84734ee6e9de613b44bddb6d74118f6651f47b01c48326406a1e645ea3003,146496,batch_log_or_checkpoint,只读冻结；未执行
A_route/problem3/02_batch_run/logs/checkpoints/P3_MEAN_ROLLOUT_18/2025-05-30.json.gz,25df38e431893e9e3506b5c3e081101b87805e8015cdd2554e71fe0140e98e56,140769,batch_log_or_checkpoint,只读冻结；未执行
A_route/problem3/02_batch_run/logs/checkpoints/P3_MEAN_ROLLOUT_18/2025-05-31.json.gz,25f7100b164ab073a398563141105317cbf78dd159cb357c29396db8acd2442e,144690,batch_log_or_checkpoint,只读冻结；未执行
A_route/problem3/02_batch_run/logs/checkpoints/P3_MEAN_ROLLOUT_18/2025-06-01.json.gz,d87791283dc6fea170503ed551614d01638ddfeb73f3e82f2b83818231af7e27,151566,batch_log_or_checkpoint,只读冻结；未执行
A_route/problem3/02_batch_run/logs/checkpoints/P3_MEAN_ROLLOUT_18/2025-06-02.json.gz,6a919e649f3b4f550e6d81cdc38c9ec646114b53b72c3d538cf2af294e9552ab,153525,batch_log_or_checkpoint,只读冻结；未执行
A_route/problem3/02_batch_run/logs/checkpoints/P3_MEAN_ROLLOUT_18/2025-06-03.json.gz,cc410502085455dacc63bcb0bc0d28923c2c8a740b0a0bf65ece528bf1403568,156434,batch_log_or_checkpoint,只读冻结；未执行
A_route/problem3/02_batch_run/logs/checkpoints/P3_MEAN_ROLLOUT_18/2025-06-04.json.gz,ddb02bfe9343f7e358afbd5085e3c9f96df74b7564ea9ad17e0eb630a73df8fe,154403,batch_log_or_checkpoint,只读冻结；未执行
A_route/problem3/02_batch_run/logs/checkpoints/P3_MEAN_ROLLOUT_18/2025-06-05.json.gz,ffe3202ba621e99daf251d3d514db1651c4e39809814ab1c529d1fc245d2b8e9,156569,batch_log_or_checkpoint,只读冻结；未执行
A_route/problem3/02_batch_run/logs/checkpoints/P3_MEAN_ROLLOUT_18/2025-06-06.json.gz,5e496e8910c04af78a6e18217e867556836fbf8942dbaa384849412fc9102cbf,150550,batch_log_or_checkpoint,只读冻结；未执行
A_route/problem3/02_batch_run/logs/checkpoints/P3_MEAN_ROLLOUT_18/2025-06-07.json.gz,d9c43e2c19fd97cfaabd17d0551c93aa10fad9dde1d4b1581b8d3624629d1456,153291,batch_log_or_checkpoint,只读冻结；未执行
A_route/problem3/02_batch_run/logs/checkpoints/P3_MEAN_ROLLOUT_18/2025-06-08.json.gz,a840e68ed7bbd38757447ebb8d94971c785ec76c4fe82e0adcecc7656a38cd4e,149720,batch_log_or_checkpoint,只读冻结；未执行
A_route/problem3/02_batch_run/logs/checkpoints/P3_MEAN_ROLLOUT_18/2025-06-09.json.gz,f273f6c362df33638c40f87a896cf4f731d663f04b7bafeb664e558e05819ff6,149233,batch_log_or_checkpoint,只读冻结；未执行
A_route/problem3/02_batch_run/logs/checkpoints/P3_MEAN_ROLLOUT_18/2025-06-10.json.gz,d1bab5003ddb27a54c1425c23f98073a7e373541800ca7b9ee91153edbdf0a69,149989,batch_log_or_checkpoint,只读冻结；未执行
A_route/problem3/02_batch_run/logs/checkpoints/P3_MEAN_ROLLOUT_18/2025-06-11.json.gz,f6221b13eb59148c37439c968de740aa7377b375df15f13a2f14134f7109dac6,151059,batch_log_or_checkpoint,只读冻结；未执行
A_route/problem3/02_batch_run/logs/checkpoints/P3_MEAN_ROLLOUT_18/2025-06-12.json.gz,ff8e2a488aa582202cc9f314963cdd127157ff1d86a8508e879cb8ee7c44fc52,149433,batch_log_or_checkpoint,只读冻结；未执行
A_route/problem3/02_batch_run/logs/checkpoints/P3_MEAN_ROLLOUT_18/2025-06-13.json.gz,dc8a8b50aefe23f64c1fc4c25d84bbab798cb6276b7fc88e485e2cf0a3746668,145837,batch_log_or_checkpoint,只读冻结；未执行
A_route/problem3/02_batch_run/logs/checkpoints/P3_MEAN_ROLLOUT_18/2025-06-14.json.gz,1bace55226a8b93744f01a399a3d926a0ef4bf4b315141c539de4241105fc319,147351,batch_log_or_checkpoint,只读冻结；未执行
A_route/problem3/02_batch_run/logs/checkpoints/P3_MEAN_ROLLOUT_18/2025-06-15.json.gz,8ac8825a6f7a3c8ecd9b56550a9273e644f4c8ebb8f9c03a0a14702b6a6cbbb4,150913,batch_log_or_checkpoint,只读冻结；未执行
A_route/problem3/02_batch_run/logs/checkpoints/P3_MEAN_ROLLOUT_18/2025-06-16.json.gz,228a60caf48ecbcb63d7685f54979cac05f6ddda9ea1e4df7c9a54e4a460cd69,151568,batch_log_or_checkpoint,只读冻结；未执行
A_route/problem3/02_batch_run/logs/checkpoints/P3_MEAN_ROLLOUT_18/2025-06-17.json.gz,3bd4cedf93ada1b245a5ae7b334d5178cd15cae3b589f07b2fff6a88a4e0e7bc,150793,batch_log_or_checkpoint,只读冻结；未执行
A_route/problem3/02_batch_run/logs/checkpoints/P3_MEAN_ROLLOUT_18/2025-06-18.json.gz,4665f6b83b3f7d5952877355d1567a454c650ed1fa34dd272852e6e60fb5bb85,151646,batch_log_or_checkpoint,只读冻结；未执行
A_route/problem3/02_batch_run/logs/checkpoints/P3_MEAN_ROLLOUT_18/2025-06-19.json.gz,b252d2aa839730d0f325afdc878daea1703efed8802c2edcb09a9e8d9a4dcd24,149088,batch_log_or_checkpoint,只读冻结；未执行
A_route/problem3/02_batch_run/logs/checkpoints/P3_MEAN_ROLLOUT_18/2025-06-20.json.gz,720b14621cfcbe8c4d221f24697bda81974425678c235e8c9f7d66c146779616,141399,batch_log_or_checkpoint,只读冻结；未执行
A_route/problem3/02_batch_run/logs/checkpoints/P3_MEAN_ROLLOUT_18/2025-06-21.json.gz,fbad78210d3feee420a93481b76c3aac2942866baa3f08444f88d2c0bb5b2068,144324,batch_log_or_checkpoint,只读冻结；未执行
A_route/problem3/02_batch_run/logs/checkpoints/P3_MEAN_ROLLOUT_18/2025-06-22.json.gz,74583776f0ddb08800ac66aa9d6fb1843331ef28d06bc3a2b114bda67b01ad05,151122,batch_log_or_checkpoint,只读冻结；未执行
A_route/problem3/02_batch_run/logs/checkpoints/P3_MEAN_ROLLOUT_18/2025-06-23.json.gz,db10e76863c57e8001e83e63727e2673ed17a71041038a2f4e82be2de235e838,151732,batch_log_or_checkpoint,只读冻结；未执行
A_route/problem3/02_batch_run/logs/checkpoints/P3_MEAN_ROLLOUT_18/2025-06-24.json.gz,975da46fddd539b00019c471566ac0d9ec29c46d78045c2d314476d6647cd666,151794,batch_log_or_checkpoint,只读冻结；未执行
A_route/problem3/02_batch_run/logs/checkpoints/P3_MEAN_ROLLOUT_18/2025-06-25.json.gz,0c5c196fb4ab2e882d864b8717c5aa4eb561eead0d6a915f33f4492e754f34fd,151711,batch_log_or_checkpoint,只读冻结；未执行
A_route/problem3/02_batch_run/logs/checkpoints/P3_MEAN_ROLLOUT_18/2025-06-26.json.gz,3d3796ce41ac60a1fd8c0d76cf7697e40bcc6d6847bda89454557acffee9bbd2,148399,batch_log_or_checkpoint,只读冻结；未执行
A_route/problem3/02_batch_run/logs/checkpoints/P3_MEAN_ROLLOUT_18/2025-06-27.json.gz,c654a09a01e2be13c6ff6ce2201d31eb320d58453ef793d26f4822408af68290,143256,batch_log_or_checkpoint,只读冻结；未执行
A_route/problem3/02_batch_run/logs/checkpoints/P3_MEAN_ROLLOUT_18/2025-06-28.json.gz,994f260e4fffb622d0976605190350409dccde29961fb6ef9ba55eda94b98154,145916,batch_log_or_checkpoint,只读冻结；未执行
A_route/problem3/02_batch_run/logs/checkpoints/P3_MEAN_ROLLOUT_18/2025-06-29.json.gz,cebcc1cb9efada73a8d3a531489577ca6bb48a1fe6f9316c8fa77e2554ce0237,154461,batch_log_or_checkpoint,只读冻结；未执行
A_route/problem3/02_batch_run/logs/checkpoints/P3_MEAN_ROLLOUT_18/2025-06-30.json.gz,cc24a93d0fdfa0e64eebc3197c6f2dbab27b6a88cd5d89ad424d577471043dd4,150003,batch_log_or_checkpoint,只读冻结；未执行
A_route/problem3/02_batch_run/logs/checkpoints/P3_MEAN_ROLLOUT_18/2025-07-01.json.gz,37a742b3f91d0186b1cab709f61d779d77f80667f9ac5d57ffeae11377c71607,158741,batch_log_or_checkpoint,只读冻结；未执行
A_route/problem3/02_batch_run/logs/checkpoints/P3_MEAN_ROLLOUT_18/2025-07-02.json.gz,892984151664720d28ce26cdd5311b2175d7487cd38e382f1c89ac022471111e,158340,batch_log_or_checkpoint,只读冻结；未执行
A_route/problem3/02_batch_run/logs/checkpoints/P3_MEAN_ROLLOUT_18/2025-07-03.json.gz,7ee6ad7cf951533fd5f23ca6da04a56beabbf9322d5f0dec5bd8a3091913fd20,156044,batch_log_or_checkpoint,只读冻结；未执行
A_route/problem3/02_batch_run/logs/checkpoints/P3_MEAN_ROLLOUT_18/2025-07-04.json.gz,75c723bc01f364e2bf37134d6fbfcb784aee5d6ed33f51289adb035e5387949a,148528,batch_log_or_checkpoint,只读冻结；未执行
A_route/problem3/02_batch_run/logs/checkpoints/P3_MEAN_ROLLOUT_18/2025-07-05.json.gz,51ad7df4a83f6517944bb86a9dbad47d1f7b11740de26c00bf54971d0baf33c6,153637,batch_log_or_checkpoint,只读冻结；未执行
A_route/problem3/02_batch_run/logs/checkpoints/P3_MEAN_ROLLOUT_18/2025-07-06.json.gz,38b8c039c13224f8edb3c4e1737764229ef52667e30dd518721dba32e96e0a95,158594,batch_log_or_checkpoint,只读冻结；未执行
A_route/problem3/02_batch_run/logs/checkpoints/P3_MEAN_ROLLOUT_18/2025-07-07.json.gz,e6f3e84b4fb2dba2feff2c6bf5be693fdd5a97aed2388604975b49ebd43fb410,159224,batch_log_or_checkpoint,只读冻结；未执行
A_route/problem3/02_batch_run/logs/checkpoints/P3_MEAN_ROLLOUT_18/2025-07-08.json.gz,af21db50d38e69b57fa711109dab3591184124f2cf2c8b0a0bef2714233e5b36,152563,batch_log_or_checkpoint,只读冻结；未执行
A_route/problem3/02_batch_run/logs/checkpoints/P3_MEAN_ROLLOUT_18/2025-07-09.json.gz,ce6abd74d44b7f768bcba39f9389b6e55378a2789e7908b2d326c05abc3e03ef,151439,batch_log_or_checkpoint,只读冻结；未执行
A_route/problem3/02_batch_run/logs/checkpoints/P3_MEAN_ROLLOUT_18/2025-07-10.json.gz,179a6902797687af7320d0a627e5d7473b89789fafd29dd57a20752729d0b7e5,148336,batch_log_or_checkpoint,只读冻结；未执行
A_route/problem3/02_batch_run/logs/checkpoints/P3_MEAN_ROLLOUT_18/2025-07-11.json.gz,7629ed55d619b825dfbd3b0cc92a21c467f6aaec9f528acaccb22d88f1ba5ebd,144186,batch_log_or_checkpoint,只读冻结；未执行
A_route/problem3/02_batch_run/logs/checkpoints/P3_MEAN_ROLLOUT_18/2025-07-12.json.gz,6ba4abacd2e5cff0331fdd5643275eafaa85af3d1454f290461b084200b3abc3,145212,batch_log_or_checkpoint,只读冻结；未执行
A_route/problem3/02_batch_run/logs/checkpoints/P3_MEAN_ROLLOUT_18/2025-07-13.json.gz,8f3c0dc1d66fc610cf9dec544820b6e71ecc758d3cfca3d8b0b2a3a3a519ca3a,150980,batch_log_or_checkpoint,只读冻结；未执行
A_route/problem3/02_batch_run/logs/checkpoints/P3_MEAN_ROLLOUT_18/2025-07-14.json.gz,361a347ed4db0156cf9542dcb0aed5bcbe0dad52bea140494af121c17dbba359,151666,batch_log_or_checkpoint,只读冻结；未执行
A_route/problem3/02_batch_run/logs/checkpoints/P3_MEAN_ROLLOUT_18/2025-07-15.json.gz,eee371d0f4696c1cd53e5bf16c02203140c0538f340fc8948dea62596b17987a,150946,batch_log_or_checkpoint,只读冻结；未执行
A_route/problem3/02_batch_run/logs/checkpoints/P3_MEAN_ROLLOUT_18/2025-07-16.json.gz,d439e07e27e7da18576de0d43f9706d240876a9318665652f6f29f6a2151637f,151005,batch_log_or_checkpoint,只读冻结；未执行
A_route/problem3/02_batch_run/logs/checkpoints/P3_MEAN_ROLLOUT_18/2025-07-17.json.gz,78d240fd95cd6061760dfd92d8bcc7e73053eefe15edc3d50a63a4b447c5ec9c,149726,batch_log_or_checkpoint,只读冻结；未执行
A_route/problem3/02_batch_run/logs/checkpoints/P3_MEAN_ROLLOUT_18/2025-07-18.json.gz,b1157abc777f270babb66573b26821aeb4bcc0713f2c769624c862a4c6c9ed27,143821,batch_log_or_checkpoint,只读冻结；未执行
A_route/problem3/02_batch_run/logs/checkpoints/P3_MEAN_ROLLOUT_18/2025-07-19.json.gz,f0948c9a030da7ee536a31ff745c8b54d320b80616ebd79e322317fdef1bdad3,146049,batch_log_or_checkpoint,只读冻结；未执行
A_route/problem3/02_batch_run/logs/checkpoints/P3_MEAN_ROLLOUT_18/2025-07-20.json.gz,151ce43e501a45a645f3ada2fb2b17267fd0c1b9fbf07c61c735a53fbb8592c3,150668,batch_log_or_checkpoint,只读冻结；未执行
A_route/problem3/02_batch_run/logs/checkpoints/P3_MEAN_ROLLOUT_18/2025-07-21.json.gz,3e3c4e76b6ed569bdc1ec86cedc42dd802ccba4d5436dab76a564ab5d512f5a8,149932,batch_log_or_checkpoint,只读冻结；未执行
A_route/problem3/02_batch_run/logs/checkpoints/P3_MEAN_ROLLOUT_18/2025-07-22.json.gz,9b54b10aa58e0d2d8817f402030a17ce4adbe312e46d89aafd42b53e3397a4a4,150269,batch_log_or_checkpoint,只读冻结；未执行
A_route/problem3/02_batch_run/logs/checkpoints/P3_MEAN_ROLLOUT_18/2025-07-23.json.gz,0b96d9a213ac638a08a3115a867ad162f0ede62cc7ba5e9b7c62105898fa6074,151166,batch_log_or_checkpoint,只读冻结；未执行
A_route/problem3/02_batch_run/logs/checkpoints/P3_MEAN_ROLLOUT_18/2025-07-24.json.gz,4ae8885842c19db3231f48b61255752f615851edbcea9b164d19a2d37dd6110c,145766,batch_log_or_checkpoint,只读冻结；未执行
A_route/problem3/02_batch_run/logs/checkpoints/P3_MEAN_ROLLOUT_18/2025-07-25.json.gz,6e913512df185520b9c1feb2a84648c218c6c84dc51be322a2be5fe9dcb6d4e5,141762,batch_log_or_checkpoint,只读冻结；未执行
A_route/problem3/02_batch_run/logs/checkpoints/P3_MEAN_ROLLOUT_18/2025-07-26.json.gz,f8be41d2dec580f81a37a3b0af2fe418195c13b00c241e639fd95d49930147f6,146836,batch_log_or_checkpoint,只读冻结；未执行
A_route/problem3/02_batch_run/logs/checkpoints/P3_MEAN_ROLLOUT_18/2025-07-27.json.gz,57fed4225af87ccb9204ba181d8dcf8313c91dea62c2a4b43820f8fac976591a,151724,batch_log_or_checkpoint,只读冻结；未执行
A_route/problem3/02_batch_run/logs/checkpoints/P3_MEAN_ROLLOUT_18/2025-07-28.json.gz,f0c23d3d8aac0ed22b92e21661867d65d17cb8e3a37be6877feeeb36260d8081,150528,batch_log_or_checkpoint,只读冻结；未执行
A_route/problem3/02_batch_run/logs/checkpoints/P3_MEAN_ROLLOUT_18/2025-07-29.json.gz,8e2610448997fa547397b1d8963d32715db3d6ae8fd7b04cf64eed0dcb4bdd8f,149894,batch_log_or_checkpoint,只读冻结；未执行
A_route/problem3/02_batch_run/logs/checkpoints/P3_MEAN_ROLLOUT_18/2025-07-30.json.gz,18e93ce099c4fe57eb0c492f707948a2eaa31a4c96b5df452fc0654c1f3dce1e,151087,batch_log_or_checkpoint,只读冻结；未执行
A_route/problem3/02_batch_run/logs/checkpoints/P3_MEAN_ROLLOUT_18/2025-07-31.json.gz,9b3da4a5197b21ce6710281f8ea354e29d9e7aef5e4ddf3970199a3fef488ddf,145245,batch_log_or_checkpoint,只读冻结；未执行
A_route/problem3/02_batch_run/logs/checkpoints/P3_MEAN_ROLLOUT_18/2025-08-01.json.gz,54d3d513a26a14d6e11ac85ce780a83e1d350d558fe5e79f09dfe4d1aa2d1f0f,139648,batch_log_or_checkpoint,只读冻结；未执行
A_route/problem3/02_batch_run/logs/checkpoints/P3_MEAN_ROLLOUT_18/2025-08-02.json.gz,edc36f9f82a4cd27d27f05c5935ed0b0aeaefec6b217dfd7c3e8ebecfb0da7e3,146500,batch_log_or_checkpoint,只读冻结；未执行
A_route/problem3/02_batch_run/logs/checkpoints/P3_MEAN_ROLLOUT_18/2025-08-03.json.gz,82d0690a43dce9ade6e8e4b0e3153d0de20de54d5b259b05ca5fe4b431029e7d,149931,batch_log_or_checkpoint,只读冻结；未执行
A_route/problem3/02_batch_run/logs/checkpoints/P3_MEAN_ROLLOUT_18/2025-08-04.json.gz,d2e3686d417d19c7cc27ed0beb2e96e1f5e5f28ee4b4280f99fa6cd4d5ad772c,150366,batch_log_or_checkpoint,只读冻结；未执行
A_route/problem3/02_batch_run/logs/checkpoints/P3_MEAN_ROLLOUT_18/2025-08-05.json.gz,9356fc97c96420a5f760dbb509819a63e29273270ce66ca460e7e6630f61bbdf,151249,batch_log_or_checkpoint,只读冻结；未执行
A_route/problem3/02_batch_run/logs/checkpoints/P3_MEAN_ROLLOUT_18/2025-08-06.json.gz,af3041bd9d2b45d654ea6b845eb9d7b5cc674637df1576e98c240e8cb22b3a81,149450,batch_log_or_checkpoint,只读冻结；未执行
A_route/problem3/02_batch_run/logs/checkpoints/P3_MEAN_ROLLOUT_18/2025-08-07.json.gz,c7599871f67af0c61f6bc39e1cff32327390ce14584350c24c93e713366e0247,147416,batch_log_or_checkpoint,只读冻结；未执行
A_route/problem3/02_batch_run/logs/checkpoints/P3_MEAN_ROLLOUT_18/2025-08-08.json.gz,9850aab1879114496ce1a584b9760bb7633fac4d88cbd8d16305af6ec70a5eb0,139746,batch_log_or_checkpoint,只读冻结；未执行
A_route/problem3/02_batch_run/logs/checkpoints/P3_MEAN_ROLLOUT_18/2025-08-09.json.gz,92e02795fd8a5405b4ef519086a2a3b9c06b69d4679a86fc7dbf19067409028a,145325,batch_log_or_checkpoint,只读冻结；未执行
A_route/problem3/02_batch_run/logs/checkpoints/P3_MEAN_ROLLOUT_18/2025-08-10.json.gz,1e47e2e3dbaba887e159cda0adf8ab162d02fba98d8c5c0e817a27b61661ba4f,150980,batch_log_or_checkpoint,只读冻结；未执行
A_route/problem3/02_batch_run/logs/checkpoints/P3_MEAN_ROLLOUT_18/2025-08-11.json.gz,4fcd41c2bcaec631578b8da1f431e76019842ea0b6e6c90c7e8dda882c01c6ec,151832,batch_log_or_checkpoint,只读冻结；未执行
A_route/problem3/02_batch_run/logs/checkpoints/P3_MEAN_ROLLOUT_18/2025-08-12.json.gz,51391a295d42b14a7daee0f47c29fc5098cf12a4f288362085935d9330603714,154768,batch_log_or_checkpoint,只读冻结；未执行
A_route/problem3/02_batch_run/logs/checkpoints/P3_MEAN_ROLLOUT_18/2025-08-13.json.gz,a9b4427b0371f1930b81200f1da656a420717ab811a8e5d17357eb98df89f004,153877,batch_log_or_checkpoint,只读冻结；未执行
A_route/problem3/02_batch_run/logs/checkpoints/P3_MEAN_ROLLOUT_18/2025-08-14.json.gz,5152bed1a072540b0a56d1cc14266a148e6d1a9d518d742665cc1893c1963be9,145266,batch_log_or_checkpoint,只读冻结；未执行
A_route/problem3/02_batch_run/logs/checkpoints/P3_MEAN_ROLLOUT_18/2025-08-15.json.gz,ecb3e9c21f5a5a2fe94634316af62b60531f03493ae862e430f0d68802d7821b,139775,batch_log_or_checkpoint,只读冻结；未执行
A_route/problem3/02_batch_run/logs/checkpoints/P3_MEAN_ROLLOUT_18/2025-08-16.json.gz,c59a34c3126d8fff02ebf4202e90057a80ef0564ff5daa75bcc11a5a9656b662,145241,batch_log_or_checkpoint,只读冻结；未执行
A_route/problem3/02_batch_run/logs/checkpoints/P3_MEAN_ROLLOUT_18/2025-08-17.json.gz,c4648d6bacae7e65db53120e3fdcbcf9e5efc3e262d104ba614008b4f2c2fbe4,150578,batch_log_or_checkpoint,只读冻结；未执行
A_route/problem3/02_batch_run/logs/checkpoints/P3_MEAN_ROLLOUT_18/2025-08-18.json.gz,39bc772a35f70b35ddcbacb57e1bf56522edc08b1eb5324f8ef7f581ce73245f,151377,batch_log_or_checkpoint,只读冻结；未执行
A_route/problem3/02_batch_run/logs/checkpoints/P3_MEAN_ROLLOUT_18/2025-08-19.json.gz,d17ec8e01e068447554ffc9ac673beaabcc5237cfa16a398213b60ac51a7ac6c,149947,batch_log_or_checkpoint,只读冻结；未执行
A_route/problem3/02_batch_run/logs/checkpoints/P3_MEAN_ROLLOUT_18/2025-08-20.json.gz,9c5b0bda12c615fe9f342fc065ba3e7700aba3e573a72bc54827ab516a9036fc,151488,batch_log_or_checkpoint,只读冻结；未执行
A_route/problem3/02_batch_run/logs/checkpoints/P3_MEAN_ROLLOUT_18/2025-08-21.json.gz,661c9ef7eac67582b1f44adf2f2fdc3e09b05c6a5360825093695b06acb2fe65,145315,batch_log_or_checkpoint,只读冻结；未执行
A_route/problem3/02_batch_run/logs/checkpoints/P3_MEAN_ROLLOUT_18/2025-08-22.json.gz,46b5f541e3948f89206b6972d5ea3cafcf65120f79f436edd88cdd8c2ae809d5,141748,batch_log_or_checkpoint,只读冻结；未执行
A_route/problem3/02_batch_run/logs/checkpoints/P3_MEAN_ROLLOUT_18/2025-08-23.json.gz,755e32691e7332a11d08630911883935f6c40c87f481dc7132a9cb6b3a6997d8,147033,batch_log_or_checkpoint,只读冻结；未执行
A_route/problem3/02_batch_run/logs/checkpoints/P3_MEAN_ROLLOUT_18/2025-08-24.json.gz,52afac5bd8a61fe270f1faae63bdccf496314ba751697311d2f49d43ffd62a65,151866,batch_log_or_checkpoint,只读冻结；未执行
A_route/problem3/02_batch_run/logs/checkpoints/P3_MEAN_ROLLOUT_18/2025-08-25.json.gz,56dee96e0bdce65343dbe9a84343bed1f3353e82c9afa24d6f69f0882c2e7455,150131,batch_log_or_checkpoint,只读冻结；未执行
A_route/problem3/02_batch_run/logs/checkpoints/P3_MEAN_ROLLOUT_18/2025-08-26.json.gz,2bea265b44d0c145681a0e477d88e24496545719cda69412fb2e4d718416cd83,150419,batch_log_or_checkpoint,只读冻结；未执行
A_route/problem3/02_batch_run/logs/checkpoints/P3_MEAN_ROLLOUT_18/2025-08-27.json.gz,0898e18169e098415fc7d3bd090bb85ee19b1651102a429f6009e9fac27a023d,152849,batch_log_or_checkpoint,只读冻结；未执行
A_route/problem3/02_batch_run/logs/checkpoints/P3_MEAN_ROLLOUT_18/2025-08-28.json.gz,d4fbf3789b98e248956f581958f0eb59641fe167bd7d9eb730e32b77c6f8cc61,153663,batch_log_or_checkpoint,只读冻结；未执行
A_route/problem3/02_batch_run/logs/checkpoints/P3_MEAN_ROLLOUT_18/2025-08-29.json.gz,b76d292d164ab143e7c91a05b840d70e269b195082991ee3e209eccf75e7dd6a,139277,batch_log_or_checkpoint,只读冻结；未执行
A_route/problem3/02_batch_run/logs/checkpoints/P3_MEAN_ROLLOUT_18/2025-08-30.json.gz,683a65ea25dc646fac8ea67d7bb7e6bfe5c54a1f1062e8ecac16b83168670fff,145383,batch_log_or_checkpoint,只读冻结；未执行
A_route/problem3/02_batch_run/logs/checkpoints/P3_MEAN_ROLLOUT_18/2025-08-31.json.gz,deda510472e3958812efc03cf4d03c3d4efab81fc5192132b0a25e4e70cb7cee,149583,batch_log_or_checkpoint,只读冻结；未执行
A_route/problem3/02_batch_run/logs/checkpoints/P3_MEAN_ROLLOUT_18/2025-09-01.json.gz,22bc2c9a2eea114bb94b9d65277347685fe418d065c77e0518eda4582cb491f4,150084,batch_log_or_checkpoint,只读冻结；未执行
A_route/problem3/02_batch_run/logs/checkpoints/P3_MEAN_ROLLOUT_18/2025-09-02.json.gz,b590ff9dd8715c7bc7f8df528b4080882395fa83721fff255c5d0cf2c8b49b11,148666,batch_log_or_checkpoint,只读冻结；未执行
A_route/problem3/02_batch_run/logs/checkpoints/P3_MEAN_ROLLOUT_18/2025-09-03.json.gz,d534f7c474c9c51f2d623ce3901c725e5a4fc23e4755be32541bd45e31c47d46,148071,batch_log_or_checkpoint,只读冻结；未执行
A_route/problem3/02_batch_run/logs/checkpoints/P3_MEAN_ROLLOUT_18/2025-09-04.json.gz,efe453d4887904ad4b11a77376a52daa6c6004a7e3638cdebbb7b268dad2ae4e,143300,batch_log_or_checkpoint,只读冻结；未执行
A_route/problem3/02_batch_run/logs/checkpoints/P3_MEAN_ROLLOUT_18/2025-09-05.json.gz,6a91f09c06787b4ef247cc357924456b29cc80e2063b87aad263fc7d58b9d3e4,138502,batch_log_or_checkpoint,只读冻结；未执行
A_route/problem3/02_batch_run/logs/checkpoints/P3_MEAN_ROLLOUT_18/2025-09-06.json.gz,ef3969c8c2a96a6f5a179da7470e3ab995ab4d65ca6277bb330cd531792ad39f,144583,batch_log_or_checkpoint,只读冻结；未执行
A_route/problem3/02_batch_run/logs/checkpoints/P3_MEAN_ROLLOUT_18/2025-09-07.json.gz,39c8fb479c94316a031df289acc9cf22de4e66f0135e53c810251ff0abfbb205,149025,batch_log_or_checkpoint,只读冻结；未执行
A_route/problem3/02_batch_run/logs/checkpoints/P3_MEAN_ROLLOUT_18/2025-09-08.json.gz,84088e52d97eca9e009a81c330d62f7d634d5b762018f7787d2120959faf041f,151863,batch_log_or_checkpoint,只读冻结；未执行
A_route/problem3/02_batch_run/logs/checkpoints/P3_MEAN_ROLLOUT_18/2025-09-09.json.gz,784d74c76404d12c4208db16acf3471e42f45a424c8c972f5acffebd2469e3b5,152589,batch_log_or_checkpoint,只读冻结；未执行
A_route/problem3/02_batch_run/logs/checkpoints/P3_MEAN_ROLLOUT_18/2025-09-10.json.gz,d3a297a0cae88178efa857de5464e15934ef24ab23a398b876e7b60592cd5ab3,152209,batch_log_or_checkpoint,只读冻结；未执行
A_route/problem3/02_batch_run/logs/checkpoints/P3_MEAN_ROLLOUT_18/2025-09-11.json.gz,cd132036f0431bc2513138e6c49d8a4eab4c31b16029d8084d1c896370d1d332,144264,batch_log_or_checkpoint,只读冻结；未执行
A_route/problem3/02_batch_run/logs/checkpoints/P3_MEAN_ROLLOUT_18/2025-09-12.json.gz,5b49c3ebdbecad99ea3c60016f5d20c825c8a7df618f2729f4798b53dff6fe30,139491,batch_log_or_checkpoint,只读冻结；未执行
A_route/problem3/02_batch_run/logs/checkpoints/P3_MEAN_ROLLOUT_18/2025-09-13.json.gz,69da8f1747d12e0b62cf98bfa644dc9d31e4248cc7d12d2a8f88da98d0d60f23,144455,batch_log_or_checkpoint,只读冻结；未执行
A_route/problem3/02_batch_run/logs/checkpoints/P3_MEAN_ROLLOUT_18/2025-09-14.json.gz,e75cf6e504f966b8926f04e9c0d1d63a10b37d7973df16f7d9c5b735788d8af1,148706,batch_log_or_checkpoint,只读冻结；未执行
A_route/problem3/02_batch_run/logs/checkpoints/P3_MEAN_ROLLOUT_18/2025-09-15.json.gz,a556b090bc50fceddb0f0dfcc71009d359067e741c61db0ee72c3ddf98f85a2c,147359,batch_log_or_checkpoint,只读冻结；未执行
A_route/problem3/02_batch_run/logs/checkpoints/P3_MEAN_ROLLOUT_18/2025-09-16.json.gz,886b26f01cbcbdbe062df19a71c300aa1133de40d00458744c755945a28db283,151294,batch_log_or_checkpoint,只读冻结；未执行
A_route/problem3/02_batch_run/logs/checkpoints/P3_MEAN_ROLLOUT_18/2025-09-17.json.gz,bcf12ee26103a607703d2734118c6b3747941e72633904a03ec45d519d159716,148388,batch_log_or_checkpoint,只读冻结；未执行
A_route/problem3/02_batch_run/logs/checkpoints/P3_MEAN_ROLLOUT_18/2025-09-18.json.gz,f392515bf00c52ce11c7a517a1ccd8def876c3d4fbc038245ce54fe0c622789a,144141,batch_log_or_checkpoint,只读冻结；未执行
A_route/problem3/02_batch_run/logs/checkpoints/P3_MEAN_ROLLOUT_18/2025-09-19.json.gz,c46f511b8e8573ccb669610afd176c366295d7ca9836b20b05416b35136c4fbc,141736,batch_log_or_checkpoint,只读冻结；未执行
A_route/problem3/02_batch_run/logs/checkpoints/P3_MEAN_ROLLOUT_18/2025-09-20.json.gz,7e8579e0f23c842ce004b7a309b801dd964506ad333cf1304008320a88801db2,144830,batch_log_or_checkpoint,只读冻结；未执行
A_route/problem3/02_batch_run/logs/checkpoints/P3_MEAN_ROLLOUT_18/2025-09-21.json.gz,62252c7b649e200047cc761aeb84fbf67c8040a259329e790cb8ebf1d2c6d2e0,147445,batch_log_or_checkpoint,只读冻结；未执行
A_route/problem3/02_batch_run/logs/checkpoints/P3_MEAN_ROLLOUT_18/2025-09-22.json.gz,af8a1a3777f149f68ccdafe912e011250fe09844165b7e6e04aa4797f4d96c7c,149012,batch_log_or_checkpoint,只读冻结；未执行
A_route/problem3/02_batch_run/logs/checkpoints/P3_MEAN_ROLLOUT_18/2025-09-23.json.gz,9f65a460dc95dd30714403d9b95d49df4f5f71d8b6c0e2e16269e9df28184ca1,148435,batch_log_or_checkpoint,只读冻结；未执行
A_route/problem3/02_batch_run/logs/checkpoints/P3_MEAN_ROLLOUT_18/2025-09-24.json.gz,af47b8136b3f2ce6f5540d69de9af4361eb64e8f97b1fada7e85663af9a807c6,152878,batch_log_or_checkpoint,只读冻结；未执行
A_route/problem3/02_batch_run/logs/checkpoints/P3_MEAN_ROLLOUT_18/2025-09-25.json.gz,d96bd61ff1581447e67ca718fdf32e2292115cbf397e89ea5ac4970340f18441,144882,batch_log_or_checkpoint,只读冻结；未执行
A_route/problem3/02_batch_run/logs/checkpoints/P3_MEAN_ROLLOUT_18/2025-09-26.json.gz,0917a8d1ab07699031a4ca84106c9a80458ebd07af1f1513fe79a3fc79564d8b,139529,batch_log_or_checkpoint,只读冻结；未执行
A_route/problem3/02_batch_run/logs/checkpoints/P3_MEAN_ROLLOUT_18/2025-09-27.json.gz,eb55ee744dc9e5bfd2f195056147e0af0e42062cee6098b639e8e73275b9ebf9,144627,batch_log_or_checkpoint,只读冻结；未执行
A_route/problem3/02_batch_run/logs/checkpoints/P3_MEAN_ROLLOUT_18/2025-09-28.json.gz,e40f0a5cb495ba37259d073a07d111f29d0e6440e14834406ad0e90de7d172fb,149772,batch_log_or_checkpoint,只读冻结；未执行
A_route/problem3/02_batch_run/logs/checkpoints/P3_MEAN_ROLLOUT_18/2025-09-29.json.gz,c2f724992c7113042572e64810c99bc1ae977af3831473f074d9c9672ee5bc19,148295,batch_log_or_checkpoint,只读冻结；未执行
A_route/problem3/02_batch_run/logs/checkpoints/P3_MEAN_ROLLOUT_18/2025-09-30.json.gz,d98fe326ac93368f37b74267444edb148ad658563a6ca86e6a52fc2f9e865adc,148712,batch_log_or_checkpoint,只读冻结；未执行
A_route/problem3/02_batch_run/logs/checkpoints/P3_MEAN_ROLLOUT_18/2025-10-01.json.gz,8708e39078a6a88ddd4ce2d41b636b3d1de2d078376d1b5f7d716448d9b43c5b,147276,batch_log_or_checkpoint,只读冻结；未执行
A_route/problem3/02_batch_run/logs/checkpoints/P3_MEAN_ROLLOUT_18/2025-10-02.json.gz,8327fda3dc9f04b9a1a965f2de73cee346c670824af2c9cc22210544781a6706,143436,batch_log_or_checkpoint,只读冻结；未执行
A_route/problem3/02_batch_run/logs/checkpoints/P3_MEAN_ROLLOUT_18/2025-10-03.json.gz,b9afc1b22a17a0b09a32868dda900038ec71d2e7e0df7063a998eef7346713e0,138509,batch_log_or_checkpoint,只读冻结；未执行
A_route/problem3/02_batch_run/logs/checkpoints/P3_MEAN_ROLLOUT_18/2025-10-04.json.gz,36f4b7db66be6f72f494a9ce1fe14ca85a8fd2fe3a5515f961d35a7dc520e3cc,144911,batch_log_or_checkpoint,只读冻结；未执行
A_route/problem3/02_batch_run/logs/checkpoints/P3_MEAN_ROLLOUT_18/2025-10-05.json.gz,be1027c48c30bb407cda9859623a001c090959e61dfb9faecd81224bf2070e35,147264,batch_log_or_checkpoint,只读冻结；未执行
A_route/problem3/02_batch_run/logs/checkpoints/P3_MEAN_ROLLOUT_18/2025-10-06.json.gz,0c400a2d3334244cdf72e8cc42e0c5ac7d1f9f29982f455895c8409a42b339f9,147147,batch_log_or_checkpoint,只读冻结；未执行
A_route/problem3/02_batch_run/logs/checkpoints/P3_MEAN_ROLLOUT_18/2025-10-07.json.gz,ab8746afc7900781f00e402dcf4bb9e1e4087111f8aa2972c150290736bc5e0b,147695,batch_log_or_checkpoint,只读冻结；未执行
A_route/problem3/02_batch_run/logs/checkpoints/P3_MEAN_ROLLOUT_18/2025-10-08.json.gz,a710c5a03928754bc41a67e54da208db43c7ff5859a57f3b29761938e70847eb,147085,batch_log_or_checkpoint,只读冻结；未执行
A_route/problem3/02_batch_run/logs/checkpoints/P3_MEAN_ROLLOUT_18/2025-10-09.json.gz,018c00fc63ca2555a7c93a192390f4ed7e0248e41133f86f1e20ba672d50317b,142898,batch_log_or_checkpoint,只读冻结；未执行
A_route/problem3/02_batch_run/logs/checkpoints/P3_MEAN_ROLLOUT_18/2025-10-10.json.gz,a3f9e7409dc4ebd5613523eb4462e351f39695251ea7391720a64e3e4e85c5c6,139792,batch_log_or_checkpoint,只读冻结；未执行
A_route/problem3/02_batch_run/logs/checkpoints/P3_MEAN_ROLLOUT_18/2025-10-11.json.gz,bfdbe29c5c74568a9daf5b9fd50019052e290a631632fb60c9f27124893c72ca,143321,batch_log_or_checkpoint,只读冻结；未执行
A_route/problem3/02_batch_run/logs/checkpoints/P3_MEAN_ROLLOUT_18/2025-10-12.json.gz,aceae52c60245e2a43a0e14696116d714b77325855d04bfed91e60b73437841f,151026,batch_log_or_checkpoint,只读冻结；未执行
A_route/problem3/02_batch_run/logs/checkpoints/P3_MEAN_ROLLOUT_18/2025-10-13.json.gz,f05e06d4b2a6e7b3ffa5b741fcf15100e76d2af2708e13b0285ab362fa806ced,147190,batch_log_or_checkpoint,只读冻结；未执行
A_route/problem3/02_batch_run/logs/checkpoints/P3_MEAN_ROLLOUT_18/2025-10-14.json.gz,1b29a0d01210625fb5124ee3eff3697f539900599c0a7763da3b4a551f05362c,147373,batch_log_or_checkpoint,只读冻结；未执行
A_route/problem3/02_batch_run/logs/checkpoints/P3_MEAN_ROLLOUT_18/2025-10-15.json.gz,a7b9f0d47662f4fe1594707d8379ea23e4024c7fd6a5e2f773ed49b766759895,147248,batch_log_or_checkpoint,只读冻结；未执行
A_route/problem3/02_batch_run/logs/checkpoints/P3_MEAN_ROLLOUT_18/2025-10-16.json.gz,f8e38127468f30eb61b9e1151ac41a0ca087fb4bbb84f77a31724eed3a46546d,143271,batch_log_or_checkpoint,只读冻结；未执行
A_route/problem3/02_batch_run/logs/checkpoints/P3_MEAN_ROLLOUT_18/2025-10-17.json.gz,6d47a4a0d688c0f9f52f500cd6863dd0c6916c40865fa3dcf2cf6fd9759144be,144255,batch_log_or_checkpoint,只读冻结；未执行
A_route/problem3/02_batch_run/logs/checkpoints/P3_MEAN_ROLLOUT_18/2025-10-18.json.gz,fb886af09094d233400d173e0fbf04aac87fefb28b3d1623bc28f2f8c2c59dc5,144170,batch_log_or_checkpoint,只读冻结；未执行
A_route/problem3/02_batch_run/logs/checkpoints/P3_MEAN_ROLLOUT_18/2025-10-19.json.gz,087d2389c73718eda6997f6a02d1ebf605ea9374fad6ddaa51e6b7cd345bd4d8,147343,batch_log_or_checkpoint,只读冻结；未执行
A_route/problem3/02_batch_run/logs/checkpoints/P3_MEAN_ROLLOUT_18/2025-10-20.json.gz,79d646d09e25871fe3eb34c8b125efe8bc7db9dc476036016abf2fbdd7194160,147271,batch_log_or_checkpoint,只读冻结；未执行
A_route/problem3/02_batch_run/logs/checkpoints/P3_MEAN_ROLLOUT_18/2025-10-21.json.gz,e7e281b2c9ecf6398e676bde6e7445e9c892726480836a947bfa720b7a64fec0,147862,batch_log_or_checkpoint,只读冻结；未执行
A_route/problem3/02_batch_run/logs/checkpoints/P3_MEAN_ROLLOUT_18/2025-10-22.json.gz,b46cd82562e74ce240c0374d4e6075388376d71450344271b61b91506b4792f0,147901,batch_log_or_checkpoint,只读冻结；未执行
A_route/problem3/02_batch_run/logs/checkpoints/P3_MEAN_ROLLOUT_18/2025-10-23.json.gz,fc93cb681a2cd1216d6a197b345dae568985b47595fe73a7d6addfa4b5b47128,146990,batch_log_or_checkpoint,只读冻结；未执行
A_route/problem3/02_batch_run/logs/checkpoints/P3_MEAN_ROLLOUT_18/2025-10-24.json.gz,4c1f9145aba941165d8e9a713e18dbb2c76cfaa79f07bc0f0fc43898d94e6889,139979,batch_log_or_checkpoint,只读冻结；未执行
A_route/problem3/02_batch_run/logs/checkpoints/P3_MEAN_ROLLOUT_18/2025-10-25.json.gz,34f566a4625865019194f89617d1c0600af0558567a9c84a6793f418244fb473,145268,batch_log_or_checkpoint,只读冻结；未执行
A_route/problem3/02_batch_run/logs/checkpoints/P3_MEAN_ROLLOUT_18/2025-10-26.json.gz,7857374dbc42db02a3fb0a74cbd8f7c8bf764661773141b349e29f4021b2832a,148448,batch_log_or_checkpoint,只读冻结；未执行
A_route/problem3/02_batch_run/logs/checkpoints/P3_MEAN_ROLLOUT_18/2025-10-27.json.gz,2521402891380f1f912a3f2200d2071b92edf1f499888f2d8118b17d0bca072d,150277,batch_log_or_checkpoint,只读冻结；未执行
A_route/problem3/02_batch_run/logs/checkpoints/P3_MEAN_ROLLOUT_18/2025-10-28.json.gz,8aaf81b148a6a67e23f62ce17984e98cf0006cffbec4ad5731d260d5f7ffabda,150894,batch_log_or_checkpoint,只读冻结；未执行
A_route/problem3/02_batch_run/logs/checkpoints/P3_MEAN_ROLLOUT_18/2025-10-29.json.gz,5a85d2f5666a7bd60a086865f31634384f9ec280a9facbf004264473606bdcfe,148427,batch_log_or_checkpoint,只读冻结；未执行
A_route/problem3/02_batch_run/logs/checkpoints/P3_MEAN_ROLLOUT_18/2025-10-30.json.gz,6aebdabcdea9bb92040a2284671a2914ec7463f3ee09cf6dc20180c3071aef23,147200,batch_log_or_checkpoint,只读冻结；未执行
A_route/problem3/02_batch_run/logs/checkpoints/P3_MEAN_ROLLOUT_18/2025-10-31.json.gz,3d522b1bd66a45e9e3a38a3e04269c8b04a16855864605eb8a2f1573abd6f005,143208,batch_log_or_checkpoint,只读冻结；未执行
A_route/problem3/02_batch_run/logs/checkpoints/P3_MEAN_ROLLOUT_18/2025-11-01.json.gz,949d0a94d46e1782322e9891b398a03af435b725fec653007f1e0fd8034dd486,145131,batch_log_or_checkpoint,只读冻结；未执行
A_route/problem3/02_batch_run/logs/checkpoints/P3_MEAN_ROLLOUT_18/2025-11-02.json.gz,feba2e6ec2246b900491054813ce63c9ffc1530dc515e6dcc9d27e833eb2ca0c,150319,batch_log_or_checkpoint,只读冻结；未执行
A_route/problem3/02_batch_run/logs/checkpoints/P3_MEAN_ROLLOUT_18/2025-11-03.json.gz,269456fc42077324bc2a0aa2f730381b71a70da0c5fe870647b18355ce5a9c87,151019,batch_log_or_checkpoint,只读冻结；未执行
A_route/problem3/02_batch_run/logs/checkpoints/P3_MEAN_ROLLOUT_18/2025-11-04.json.gz,523770c0b2e8aff05c611eae06bfff6174a547df08f418d0c65a8bb54d1fc598,148237,batch_log_or_checkpoint,只读冻结；未执行
A_route/problem3/02_batch_run/logs/checkpoints/P3_MEAN_ROLLOUT_18/2025-11-05.json.gz,7abccb9f8135bdffa6387f27492c48b0f5ef24fda444a44dd8846510a211d1d0,149463,batch_log_or_checkpoint,只读冻结；未执行
A_route/problem3/02_batch_run/logs/checkpoints/P3_MEAN_ROLLOUT_18/2025-11-06.json.gz,ea44214434abd93614ecb7be9e0e036f60ae519108d5520d52646b8e7f8f8e2b,149228,batch_log_or_checkpoint,只读冻结；未执行
A_route/problem3/02_batch_run/logs/checkpoints/P3_MEAN_ROLLOUT_18/2025-11-07.json.gz,704ab3d6f878aedb7a9f88b9a3eb0f49fcb6911873a907f0093806151a3b930d,144304,batch_log_or_checkpoint,只读冻结；未执行
A_route/problem3/02_batch_run/logs/checkpoints/P3_MEAN_ROLLOUT_18/2025-11-08.json.gz,da3847e1370e1cca794c739de0aa6e0b2a2bc4da0be10c5cf1b99c08c3f76824,145905,batch_log_or_checkpoint,只读冻结；未执行
A_route/problem3/02_batch_run/logs/checkpoints/P3_MEAN_ROLLOUT_18/2025-11-09.json.gz,5e1b5b3525455ee7506cf0a5c7e396a882cd732ab008430d56886d33d66b7632,150317,batch_log_or_checkpoint,只读冻结；未执行
A_route/problem3/02_batch_run/logs/checkpoints/P3_MEAN_ROLLOUT_18/2025-11-10.json.gz,a8453a8f010880b96f1625c5bbb2be267e537cfd3ed02c21767d7642249cf53e,149630,batch_log_or_checkpoint,只读冻结；未执行
A_route/problem3/02_batch_run/logs/checkpoints/P3_MEAN_ROLLOUT_18/2025-11-11.json.gz,74a69912d8f348e9dcec6c59a0b4bb686ed3ac2159bf9dd6e17c9ef1d530ee9d,150254,batch_log_or_checkpoint,只读冻结；未执行
A_route/problem3/02_batch_run/logs/checkpoints/P3_MEAN_ROLLOUT_18/2025-11-12.json.gz,709f31a1c3f5cdc640af47a79b09ed92b8c871b8515e5e3bc457b8ebc3311d95,147586,batch_log_or_checkpoint,只读冻结；未执行
A_route/problem3/02_batch_run/logs/checkpoints/P3_MEAN_ROLLOUT_18/2025-11-13.json.gz,fc4e2b4d6ea58f7a396b2db75c89302b21efaeb161b8cab1158dcfce09030839,151373,batch_log_or_checkpoint,只读冻结；未执行
A_route/problem3/02_batch_run/logs/checkpoints/P3_MEAN_ROLLOUT_18/2025-11-14.json.gz,b059102230cf41df5106f0250e5c85707c8f53ede8389b2f5fcc6b3984af5a35,142609,batch_log_or_checkpoint,只读冻结；未执行
A_route/problem3/02_batch_run/logs/checkpoints/P3_MEAN_ROLLOUT_18/2025-11-15.json.gz,06379526aae4a78ddcc19ed38c8365aa07254e52cafb6a5a1f47318742631466,146259,batch_log_or_checkpoint,只读冻结；未执行
A_route/problem3/02_batch_run/logs/checkpoints/P3_MEAN_ROLLOUT_18/2025-11-16.json.gz,9819b05ea3ef3b0aa9e740ccd792e242435c2f46cac9c41ef85402692e2fd41c,150656,batch_log_or_checkpoint,只读冻结；未执行
A_route/problem3/02_batch_run/logs/checkpoints/P3_MEAN_ROLLOUT_18/2025-11-17.json.gz,dce4cadb956bcbae3f35ff2eae75d97bf557aa5784afe91b9960d56ae6be4379,147141,batch_log_or_checkpoint,只读冻结；未执行
A_route/problem3/02_batch_run/logs/checkpoints/P3_MEAN_ROLLOUT_18/2025-11-18.json.gz,42ce3c05a80c260a8ed62630fca7d1f9ed146b8ad0438982073815b4ee03bb54,148550,batch_log_or_checkpoint,只读冻结；未执行
A_route/problem3/02_batch_run/logs/checkpoints/P3_MEAN_ROLLOUT_18/2025-11-19.json.gz,2c529fdbacc661b661527725c4894c8d76d8c75fe1096ec13ab164e7941eb871,150268,batch_log_or_checkpoint,只读冻结；未执行
A_route/problem3/02_batch_run/logs/checkpoints/P3_MEAN_ROLLOUT_18/2025-11-20.json.gz,bf6be5c360e506510bb433f43f2a3f260d1e456f5ade6947db7da5581b6ec81e,148524,batch_log_or_checkpoint,只读冻结；未执行
A_route/problem3/02_batch_run/logs/checkpoints/P3_MEAN_ROLLOUT_18/2025-11-21.json.gz,aaa3f902df731b82420c46624a0b83507fcfd2793592697cf054b9dea270bd02,142351,batch_log_or_checkpoint,只读冻结；未执行
A_route/problem3/02_batch_run/logs/checkpoints/P3_MEAN_ROLLOUT_18/2025-11-22.json.gz,0ee50ad446548a794e9e3d16ca3b6dd87b18114f7a65043ced02a9c5ca3e0b10,145671,batch_log_or_checkpoint,只读冻结；未执行
A_route/problem3/02_batch_run/logs/checkpoints/P3_MEAN_ROLLOUT_18/2025-11-23.json.gz,f347520f426072c2645fd0c1218967ec1f88095f39ba1fec849497db08ef8205,147324,batch_log_or_checkpoint,只读冻结；未执行
A_route/problem3/02_batch_run/logs/checkpoints/P3_MEAN_ROLLOUT_18/2025-11-24.json.gz,89ecfc92574c0e7644e2668fdaea4f56ee1ce26ac8a8ea81fc5ae1a9227091b5,147989,batch_log_or_checkpoint,只读冻结；未执行
A_route/problem3/02_batch_run/logs/checkpoints/P3_MEAN_ROLLOUT_18/2025-11-25.json.gz,f8df4093ee3aa2c99914facb10985133e18abde3a83fb1383fd5324c61704de2,147326,batch_log_or_checkpoint,只读冻结；未执行
A_route/problem3/02_batch_run/logs/checkpoints/P3_MEAN_ROLLOUT_18/2025-11-26.json.gz,fec460cca90cc89981cf6ce937b54d15c0ff1fd65a705e101418f7fa5e1b673b,147509,batch_log_or_checkpoint,只读冻结；未执行
A_route/problem3/02_batch_run/logs/checkpoints/P3_MEAN_ROLLOUT_18/2025-11-27.json.gz,b6c2ea65de853c421d0c9628edcd682d871468c083db2e46bab45861039a122f,143091,batch_log_or_checkpoint,只读冻结；未执行
A_route/problem3/02_batch_run/logs/checkpoints/P3_MEAN_ROLLOUT_18/2025-11-28.json.gz,0b47b59e525b860eaa51f63994685b3855a4c75941b92ab8a026b56c6d167522,142541,batch_log_or_checkpoint,只读冻结；未执行
A_route/problem3/02_batch_run/logs/checkpoints/P3_MEAN_ROLLOUT_18/2025-11-29.json.gz,3809bf5198f3050249d9398188253679d22e9bee8af8a617bfa1e1f27341073d,145758,batch_log_or_checkpoint,只读冻结；未执行
A_route/problem3/02_batch_run/logs/checkpoints/P3_MEAN_ROLLOUT_18/2025-11-30.json.gz,6763b4a898ae7fd000a12480b5b98efcec52933fd1188a9e38bb65f7499ba16e,150360,batch_log_or_checkpoint,只读冻结；未执行
A_route/problem3/02_batch_run/logs/checkpoints/P3_MEAN_ROLLOUT_18/2025-12-01.json.gz,a46bc24506ea19170db2e5b18709d585d73211cdc63f677485517255b6fcf85b,151141,batch_log_or_checkpoint,只读冻结；未执行
A_route/problem3/02_batch_run/logs/checkpoints/P3_MEAN_ROLLOUT_18/2025-12-02.json.gz,9e121c14cee88a6234a847fcaf572c5aa46889584dfe318a1112a85fb0e1a433,150523,batch_log_or_checkpoint,只读冻结；未执行
A_route/problem3/02_batch_run/logs/checkpoints/P3_MEAN_ROLLOUT_18/2025-12-03.json.gz,9d6b4378612ecd39c373787ba20306f4ac98255b767072f196d22a560286d899,154194,batch_log_or_checkpoint,只读冻结；未执行
A_route/problem3/02_batch_run/logs/checkpoints/P3_MEAN_ROLLOUT_18/2025-12-04.json.gz,55d489e1cb0727ce06551171f1234da52adfa555b039a4dbc52065c64dee35bb,152431,batch_log_or_checkpoint,只读冻结；未执行
A_route/problem3/02_batch_run/logs/checkpoints/P3_MEAN_ROLLOUT_18/2025-12-05.json.gz,f2042f5a63f2844c57100e80f0f2f01c887193a67b733a86a55f6ffb5fa309de,149151,batch_log_or_checkpoint,只读冻结；未执行
A_route/problem3/02_batch_run/logs/checkpoints/P3_MEAN_ROLLOUT_18/2025-12-06.json.gz,c64e83178d117b2da35ab2113dc4778b7f42bb949614efbcdcc79c898f6743df,150128,batch_log_or_checkpoint,只读冻结；未执行
A_route/problem3/02_batch_run/logs/checkpoints/P3_MEAN_ROLLOUT_18/2025-12-07.json.gz,024c0877c30c7da4efdb2400c4e96c5baf7f63b818f402974cac1342d574f1a0,150698,batch_log_or_checkpoint,只读冻结；未执行
A_route/problem3/02_batch_run/logs/checkpoints/P3_MEAN_ROLLOUT_18/2025-12-08.json.gz,f992bd7a16b939fd4f9ba4b68ec71534c9c1fe9d9a6673460eefa2ed287cd08a,147577,batch_log_or_checkpoint,只读冻结；未执行
A_route/problem3/02_batch_run/logs/checkpoints/P3_MEAN_ROLLOUT_18/2025-12-09.json.gz,4c85fc893c9122befce50f77a744836ff2dcba32511df455b6b25f1c03501345,148558,batch_log_or_checkpoint,只读冻结；未执行
A_route/problem3/02_batch_run/logs/checkpoints/P3_MEAN_ROLLOUT_18/2025-12-10.json.gz,02ea19509514ee1a39abdb9ce3e1a0ab5480c7ff908b48c7612516f02c74b046,147250,batch_log_or_checkpoint,只读冻结；未执行
A_route/problem3/02_batch_run/logs/checkpoints/P3_MEAN_ROLLOUT_18/2025-12-11.json.gz,502f769a8c9948c301bd069edf881ee2023033cf756b066c0223a2c9c07a020e,147844,batch_log_or_checkpoint,只读冻结；未执行
A_route/problem3/02_batch_run/logs/checkpoints/P3_MEAN_ROLLOUT_18/2025-12-12.json.gz,236276461aa78fbc7099d1e40f575fa40373143bc6687ee4dc90927861491545,145520,batch_log_or_checkpoint,只读冻结；未执行
A_route/problem3/02_batch_run/logs/checkpoints/P3_MEAN_ROLLOUT_18/2025-12-13.json.gz,009b34f2b7a1e474767f59de5e45f4930d051a5ac8b35b4b48b526d109aa8ae1,145753,batch_log_or_checkpoint,只读冻结；未执行
A_route/problem3/02_batch_run/logs/checkpoints/P3_MEAN_ROLLOUT_18/2025-12-14.json.gz,4326a7e9f80e51113b275e2bcf843f34ac73d77cd435d5f8b73e41c9a3a043f0,147785,batch_log_or_checkpoint,只读冻结；未执行
A_route/problem3/02_batch_run/logs/checkpoints/P3_MEAN_ROLLOUT_18/2025-12-15.json.gz,018df34418dc0042ebee026bddb058c0124ae5032adeee431c14555a25c22129,148358,batch_log_or_checkpoint,只读冻结；未执行
A_route/problem3/02_batch_run/logs/checkpoints/P3_MEAN_ROLLOUT_18/2025-12-16.json.gz,281834b653761daf782f9355590c44acc67ef9c0187b2c2977109860bd955e88,147554,batch_log_or_checkpoint,只读冻结；未执行
A_route/problem3/02_batch_run/logs/checkpoints/P3_MEAN_ROLLOUT_18/2025-12-17.json.gz,36b0750d8dbc1654ad2573fa733767b3c2085929caf3e93a9ca12e5ff212fa9b,146981,batch_log_or_checkpoint,只读冻结；未执行
A_route/problem3/02_batch_run/logs/checkpoints/P3_MEAN_ROLLOUT_18/2025-12-18.json.gz,b3a62c623d2ed5dbddcd94ee6a23328ee69f49d2c604c3c3c3f40687deb89391,147249,batch_log_or_checkpoint,只读冻结；未执行
A_route/problem3/02_batch_run/logs/checkpoints/P3_MEAN_ROLLOUT_18/2025-12-19.json.gz,0d6f19ddd0ef95cdd911ec994bd33f03e41ea5ec42e5721fd5ab819236f2aeb7,146429,batch_log_or_checkpoint,只读冻结；未执行
A_route/problem3/02_batch_run/logs/checkpoints/P3_MEAN_ROLLOUT_18/2025-12-20.json.gz,97d30001b83ce07abcf9dad5ea174b476fe7b872d2d7bb7051d9bb678b9a39d0,146330,batch_log_or_checkpoint,只读冻结；未执行
A_route/problem3/02_batch_run/logs/checkpoints/P3_MEAN_ROLLOUT_18/2025-12-21.json.gz,aef51a1ad18016741867145f5f4179476c527b991a7ceffa827764fafaaae402,146555,batch_log_or_checkpoint,只读冻结；未执行
A_route/problem3/02_batch_run/logs/checkpoints/P3_MEAN_ROLLOUT_18/2025-12-22.json.gz,ac543038cd3b445ce1c5bee8602a22c22dd986c8cb39deb859e9f1878956a4c4,147171,batch_log_or_checkpoint,只读冻结；未执行
A_route/problem3/02_batch_run/logs/checkpoints/P3_MEAN_ROLLOUT_18/2025-12-23.json.gz,d292939c532917373468194f082cfcd57863d1dbf6963906e8e1f243a200119c,147376,batch_log_or_checkpoint,只读冻结；未执行
A_route/problem3/02_batch_run/logs/checkpoints/P3_MEAN_ROLLOUT_18/2025-12-24.json.gz,b31e40158525e20abc7a2e2ae9c81e70b1ea3db89a48c44c74141f020c449470,146269,batch_log_or_checkpoint,只读冻结；未执行
A_route/problem3/02_batch_run/logs/checkpoints/P3_MEAN_ROLLOUT_18/2025-12-25.json.gz,ae173320f1af0507f6868e9e94c274644a20d4eb543abb7d0bd42a848139eb58,147575,batch_log_or_checkpoint,只读冻结；未执行
A_route/problem3/02_batch_run/logs/checkpoints/P3_MEAN_ROLLOUT_18/2025-12-26.json.gz,fce3010d3af363ec19ffd015dc3403d5c69e86a5728fa0185fc2531238bbb446,145532,batch_log_or_checkpoint,只读冻结；未执行
A_route/problem3/02_batch_run/logs/checkpoints/P3_MEAN_ROLLOUT_18/2025-12-27.json.gz,f7ca745d4bf0b0ff3f6b853c509eb5ec579acf9ab12448da773d7ad5cb4f4144,146395,batch_log_or_checkpoint,只读冻结；未执行
A_route/problem3/02_batch_run/logs/checkpoints/P3_MEAN_ROLLOUT_18/2025-12-28.json.gz,37bdb5f081702ad10f65e580e8f39fe96570a1367feb3b16b1cea1d6a75a3a29,147491,batch_log_or_checkpoint,只读冻结；未执行
A_route/problem3/02_batch_run/logs/checkpoints/P3_MEAN_ROLLOUT_18/2025-12-29.json.gz,3e0a7e58c0def4db6ee829a2b72c60aa7ac83bbba535f86305d75d7d8b3d4a26,146934,batch_log_or_checkpoint,只读冻结；未执行
A_route/problem3/02_batch_run/logs/checkpoints/P3_MEAN_ROLLOUT_18/2025-12-30.json.gz,1340864265b5d94411e340ea0d1a599c58e117d259290379cf0470403d250146,146811,batch_log_or_checkpoint,只读冻结；未执行
A_route/problem3/02_batch_run/logs/checkpoints/P3_MEAN_ROLLOUT_18/2025-12-31.json.gz,ed7b3a7882a33c823d35552a7cdbb394063e8644ad53303b8cf82abc15cd0a16,147604,batch_log_or_checkpoint,只读冻结；未执行
A_route/problem3/02_batch_run/logs/checkpoints/P3_MEAN_ROLLOUT_NONE/2025-02-01.json.gz,9d9a797d1731b33e755021fd867ac835e600b860033d24aadc64c979ae00e0b4,54672,batch_log_or_checkpoint,只读冻结；未执行
A_route/problem3/02_batch_run/logs/checkpoints/P3_MEAN_ROLLOUT_NONE/2025-02-02.json.gz,464f57ebe649e9df2e223d90c41a7da6ab13388780ab542ae852db6f0ae1e46f,58736,batch_log_or_checkpoint,只读冻结；未执行
A_route/problem3/02_batch_run/logs/checkpoints/P3_MEAN_ROLLOUT_NONE/2025-02-03.json.gz,309d714bf3eb252835af75f0b41b9736bfd86dbc337d8a253980f7875eba9bc3,60983,batch_log_or_checkpoint,只读冻结；未执行
A_route/problem3/02_batch_run/logs/checkpoints/P3_MEAN_ROLLOUT_NONE/2025-02-04.json.gz,02a493b99998e535e90a2ca688b01877f944c5f250289fa7d688dbead2e0188b,62425,batch_log_or_checkpoint,只读冻结；未执行
A_route/problem3/02_batch_run/logs/checkpoints/P3_MEAN_ROLLOUT_NONE/2025-02-05.json.gz,3e30dafe7193d8ed8d1bd093b511067badfa4c262a1600bc1d84d2844f97a41f,63868,batch_log_or_checkpoint,只读冻结；未执行
A_route/problem3/02_batch_run/logs/checkpoints/P3_MEAN_ROLLOUT_NONE/2025-02-06.json.gz,a8839f726edb9536cef990bf341929cdc5ee04354b4b27da92f901998a99c7ff,63614,batch_log_or_checkpoint,只读冻结；未执行
A_route/problem3/02_batch_run/logs/checkpoints/P3_MEAN_ROLLOUT_NONE/2025-02-07.json.gz,d473c0a967e806852197179dc15397e5f5610511b559b7878a46980cccdbf938,61988,batch_log_or_checkpoint,只读冻结；未执行
A_route/problem3/02_batch_run/logs/checkpoints/P3_MEAN_ROLLOUT_NONE/2025-02-08.json.gz,8bf5d37144fb39dfd3bbfb9972e22a21305518484614f3f0e93838063cf85eff,60583,batch_log_or_checkpoint,只读冻结；未执行
A_route/problem3/02_batch_run/logs/checkpoints/P3_MEAN_ROLLOUT_NONE/2025-02-09.json.gz,12ee07cbc49ecc307076b1afea997c6cd7f9e4bb31e223e8c69f8a4614cd8ca2,63889,batch_log_or_checkpoint,只读冻结；未执行
A_route/problem3/02_batch_run/logs/checkpoints/P3_MEAN_ROLLOUT_NONE/2025-02-10.json.gz,abb9e9b507e0bb864e08a66b2bbb670d57e73362ab2e4c444f52d5348b14df3b,63743,batch_log_or_checkpoint,只读冻结；未执行
A_route/problem3/02_batch_run/logs/checkpoints/P3_MEAN_ROLLOUT_NONE/2025-02-11.json.gz,82a7373f65d6a36f237aa5f85b4ea746f16dc060eaddd77335c22509ce3cacae,63732,batch_log_or_checkpoint,只读冻结；未执行
A_route/problem3/02_batch_run/logs/checkpoints/P3_MEAN_ROLLOUT_NONE/2025-02-12.json.gz,835e5d75838940da23231c95bbffcfc399c085c5830961b46e725af1c819f70b,63924,batch_log_or_checkpoint,只读冻结；未执行
A_route/problem3/02_batch_run/logs/checkpoints/P3_MEAN_ROLLOUT_NONE/2025-02-13.json.gz,96aeb52cbddd44aed5dedc5e325ce790201361817f1b8d37c8216f9ef4130546,63978,batch_log_or_checkpoint,只读冻结；未执行
A_route/problem3/02_batch_run/logs/checkpoints/P3_MEAN_ROLLOUT_NONE/2025-02-14.json.gz,188189210e2d9e6f08de8173daeb1e9cbeb98d2ce4b685b4d4703dfccfdb6187,60884,batch_log_or_checkpoint,只读冻结；未执行
A_route/problem3/02_batch_run/logs/checkpoints/P3_MEAN_ROLLOUT_NONE/2025-02-15.json.gz,cd4ded64603566b7875efa7063a8104e5045452e767a077cf713e90ab794ae86,61259,batch_log_or_checkpoint,只读冻结；未执行
A_route/problem3/02_batch_run/logs/checkpoints/P3_MEAN_ROLLOUT_NONE/2025-02-16.json.gz,c23f3de14cb50f6851f02d2fa6d00c306a3ba14ba39a1f126362507f4cd2c282,63626,batch_log_or_checkpoint,只读冻结；未执行
A_route/problem3/02_batch_run/logs/checkpoints/P3_MEAN_ROLLOUT_NONE/2025-02-17.json.gz,26653ac6d2b0d0ca90d5c1d3f8a8c50028475e345d59254ad2abf048cbeb9455,64153,batch_log_or_checkpoint,只读冻结；未执行
A_route/problem3/02_batch_run/logs/checkpoints/P3_MEAN_ROLLOUT_NONE/2025-02-18.json.gz,bea0fc8768a0144c0f1aa1531ea58fa617ceb001fd40463b3d001fd70fb41e25,64078,batch_log_or_checkpoint,只读冻结；未执行
A_route/problem3/02_batch_run/logs/checkpoints/P3_MEAN_ROLLOUT_NONE/2025-02-19.json.gz,4cdc39450744044db741f489447cd15a6016baf4dc5eadd9ff7e5df2b37b1734,64236,batch_log_or_checkpoint,只读冻结；未执行
A_route/problem3/02_batch_run/logs/checkpoints/P3_MEAN_ROLLOUT_NONE/2025-02-20.json.gz,30a194256c601e0983715ecef25a59e8aacc01b780071e8ade6a0dca1f60edee,64093,batch_log_or_checkpoint,只读冻结；未执行
A_route/problem3/02_batch_run/logs/checkpoints/P3_MEAN_ROLLOUT_NONE/2025-02-21.json.gz,3b20191c924b1222a91ce15a94ea94d65c3982ea78026cb12ddc323982570433,60026,batch_log_or_checkpoint,只读冻结；未执行
A_route/problem3/02_batch_run/logs/checkpoints/P3_MEAN_ROLLOUT_NONE/2025-02-22.json.gz,419118e7b517bc0841d90726afaa5dcb07c84350afd09db8e604a2a65a794f3f,61220,batch_log_or_checkpoint,只读冻结；未执行
A_route/problem3/02_batch_run/logs/checkpoints/P3_MEAN_ROLLOUT_NONE/2025-02-23.json.gz,3e2b7c572e6d76b1510bf83409f08b039cb53a9a13d0a8c40916c23a3dd92441,64139,batch_log_or_checkpoint,只读冻结；未执行
A_route/problem3/02_batch_run/logs/checkpoints/P3_MEAN_ROLLOUT_NONE/2025-02-24.json.gz,647d6d31bb8692907662d39e9756eb048dc5d18be765aa029f20811347aaf9e2,63646,batch_log_or_checkpoint,只读冻结；未执行
A_route/problem3/02_batch_run/logs/checkpoints/P3_MEAN_ROLLOUT_NONE/2025-02-25.json.gz,3a3cc6337a703cc95492d5343169ba0b8a9845a1d08d4cb53e6315a1bfebf68a,63663,batch_log_or_checkpoint,只读冻结；未执行
A_route/problem3/02_batch_run/logs/checkpoints/P3_MEAN_ROLLOUT_NONE/2025-02-26.json.gz,c24dfc0bc6ad3e467153c635389fb7aaf34a9aeb3a8aca9fdd27efee4b1834e1,63967,batch_log_or_checkpoint,只读冻结；未执行
A_route/problem3/02_batch_run/logs/checkpoints/P3_MEAN_ROLLOUT_NONE/2025-02-27.json.gz,62aa4ec44badd8bf24c9e098795f731d4831516007c4f53c78571547737ac951,64313,batch_log_or_checkpoint,只读冻结；未执行
A_route/problem3/02_batch_run/logs/checkpoints/P3_MEAN_ROLLOUT_NONE/2025-02-28.json.gz,25058375e7990b09b817ec958dd308ccd7371fabc024630a784d7857033095ed,59023,batch_log_or_checkpoint,只读冻结；未执行
A_route/problem3/02_batch_run/logs/checkpoints/P3_MEAN_ROLLOUT_NONE/2025-03-01.json.gz,3878ac97fc5edc837f69e9c24b9ab2b2138d24f5ef55c3154f5fc84f68edd4e6,61282,batch_log_or_checkpoint,只读冻结；未执行
A_route/problem3/02_batch_run/logs/checkpoints/P3_MEAN_ROLLOUT_NONE/2025-03-02.json.gz,2e4f6751ebab20445620077c1a4db05f976338504da4992d32bf08dd3ce0efcb,63692,batch_log_or_checkpoint,只读冻结；未执行
A_route/problem3/02_batch_run/logs/checkpoints/P3_MEAN_ROLLOUT_NONE/2025-03-03.json.gz,67322505449eaea0aafe38205eddd05270944f11f80ee3a5d12d1ea93708ad01,63971,batch_log_or_checkpoint,只读冻结；未执行
A_route/problem3/02_batch_run/logs/checkpoints/P3_MEAN_ROLLOUT_NONE/2025-03-04.json.gz,6d20880b7fd498ec0f99478aac8907b737a18f415915cd57f6b5b04898d63ad3,63850,batch_log_or_checkpoint,只读冻结；未执行
A_route/problem3/02_batch_run/logs/checkpoints/P3_MEAN_ROLLOUT_NONE/2025-03-05.json.gz,849883a59aa2633130561b71e77079c9213d8c5a993f8509974b909d50296b2d,64211,batch_log_or_checkpoint,只读冻结；未执行
A_route/problem3/02_batch_run/logs/checkpoints/P3_MEAN_ROLLOUT_NONE/2025-03-06.json.gz,06b6bbf4aed33525243ce6278dd05636b06595c12d3ec0d2d7709ec8a6322ff7,63900,batch_log_or_checkpoint,只读冻结；未执行
A_route/problem3/02_batch_run/logs/checkpoints/P3_MEAN_ROLLOUT_NONE/2025-03-07.json.gz,6528d023287954b8f5d059d01497acf140818ccaf0aea2f3bcc107b9695c4cd5,60853,batch_log_or_checkpoint,只读冻结；未执行
A_route/problem3/02_batch_run/logs/checkpoints/P3_MEAN_ROLLOUT_NONE/2025-03-08.json.gz,1bfe03213f8b1545878ab1c70d1b0702991cf96a628df2074c201bf8af11483b,58811,batch_log_or_checkpoint,只读冻结；未执行
A_route/problem3/02_batch_run/logs/checkpoints/P3_MEAN_ROLLOUT_NONE/2025-03-09.json.gz,b136b71d49e897c4f617a9e8bec48850f218d7608fb3dab556028ee1c958aa4a,63486,batch_log_or_checkpoint,只读冻结；未执行
A_route/problem3/02_batch_run/logs/checkpoints/P3_MEAN_ROLLOUT_NONE/2025-03-10.json.gz,b55d22fd2e1e67ac7179b60e0329d4b28093b866fd7896ca321098903c892c2c,63617,batch_log_or_checkpoint,只读冻结；未执行
A_route/problem3/02_batch_run/logs/checkpoints/P3_MEAN_ROLLOUT_NONE/2025-03-11.json.gz,228343af651a85baf6d9bde22d1c8564cfb04be5268bf0a54974370b0c2c1dcd,63105,batch_log_or_checkpoint,只读冻结；未执行
A_route/problem3/02_batch_run/logs/checkpoints/P3_MEAN_ROLLOUT_NONE/2025-03-12.json.gz,d11c7a6920273c3cadc81848810eb276d16894812b498dda52952376e05929eb,63849,batch_log_or_checkpoint,只读冻结；未执行
A_route/problem3/02_batch_run/logs/checkpoints/P3_MEAN_ROLLOUT_NONE/2025-03-13.json.gz,44af910daae35f2af02791f58de3dfa3b617d5763f2db6389fc352381852b03e,63761,batch_log_or_checkpoint,只读冻结；未执行
A_route/problem3/02_batch_run/logs/checkpoints/P3_MEAN_ROLLOUT_NONE/2025-03-14.json.gz,6651c10c2501bb4dfd424d6850b09d001c32197d8deb61e79898d86f73c00dc8,58968,batch_log_or_checkpoint,只读冻结；未执行
A_route/problem3/02_batch_run/logs/checkpoints/P3_MEAN_ROLLOUT_NONE/2025-03-15.json.gz,c334656f294f2926e3e8d5617ef36842b457b0d184ac8a09dd82e6cf602dc915,59568,batch_log_or_checkpoint,只读冻结；未执行
A_route/problem3/02_batch_run/logs/checkpoints/P3_MEAN_ROLLOUT_NONE/2025-03-16.json.gz,ab21f648850a06a32a42d2e6ee653f7a0c2f1a133c8bb02acceadd2df84d3592,63112,batch_log_or_checkpoint,只读冻结；未执行
A_route/problem3/02_batch_run/logs/checkpoints/P3_MEAN_ROLLOUT_NONE/2025-03-17.json.gz,3219b300a8eead21c48fc6a75ff473055e7e875eefd58a43ae139722d82147fa,63484,batch_log_or_checkpoint,只读冻结；未执行
A_route/problem3/02_batch_run/logs/checkpoints/P3_MEAN_ROLLOUT_NONE/2025-03-18.json.gz,b1988306ea38ed696fa87f02229502a89b7ba03f4dfbcac3b5c3373f8199cac2,63312,batch_log_or_checkpoint,只读冻结；未执行
A_route/problem3/02_batch_run/logs/checkpoints/P3_MEAN_ROLLOUT_NONE/2025-03-19.json.gz,5409e7bb06b697c7d52ec3ebf7aca680d0614534c51e12818c8f802f901d9bbf,63194,batch_log_or_checkpoint,只读冻结；未执行
A_route/problem3/02_batch_run/logs/checkpoints/P3_MEAN_ROLLOUT_NONE/2025-03-20.json.gz,63f8a6f4388cd73779512561b86eca45f29654215649cb4987b2cb039bfec8c7,63665,batch_log_or_checkpoint,只读冻结；未执行
A_route/problem3/02_batch_run/logs/checkpoints/P3_MEAN_ROLLOUT_NONE/2025-03-21.json.gz,d6cc7f8a572a58f334c9c5d54743633e2754550a6d809df04ada2d085ea924d1,59129,batch_log_or_checkpoint,只读冻结；未执行
A_route/problem3/02_batch_run/logs/checkpoints/P3_MEAN_ROLLOUT_NONE/2025-03-22.json.gz,904e310de34f4e4c5704e375be6bed177800600539c20bbbef60bb9481be364a,59276,batch_log_or_checkpoint,只读冻结；未执行
A_route/problem3/02_batch_run/logs/checkpoints/P3_MEAN_ROLLOUT_NONE/2025-03-23.json.gz,13d24781739c24a0e3336f1c97962d26f3d51281cf67696744da8ef73e878809,63635,batch_log_or_checkpoint,只读冻结；未执行
A_route/problem3/02_batch_run/logs/checkpoints/P3_MEAN_ROLLOUT_NONE/2025-03-24.json.gz,a0b293f3d76c2958b5c08e2dff007dffb2e076a8ddb099d9299216554cd6aaa4,63820,batch_log_or_checkpoint,只读冻结；未执行
A_route/problem3/02_batch_run/logs/checkpoints/P3_MEAN_ROLLOUT_NONE/2025-03-25.json.gz,fb9866852c5b1dd39efaff0fce3f0769e5e5811313c755976135cc13dc8d9751,63950,batch_log_or_checkpoint,只读冻结；未执行
A_route/problem3/02_batch_run/logs/checkpoints/P3_MEAN_ROLLOUT_NONE/2025-03-26.json.gz,84a75faabdb5f16ff3d932b55e70026d372eee8129bab7f9fd0431b74ce96388,63227,batch_log_or_checkpoint,只读冻结；未执行
A_route/problem3/02_batch_run/logs/checkpoints/P3_MEAN_ROLLOUT_NONE/2025-03-27.json.gz,29b98b1c4cfe0c2a61c6e6b548f52f631ebf2b65b67d00c0d89cec72e890382b,63747,batch_log_or_checkpoint,只读冻结；未执行
A_route/problem3/02_batch_run/logs/checkpoints/P3_MEAN_ROLLOUT_NONE/2025-03-28.json.gz,9a3e0b0d62657b29f79bd14c8736b831692ceec47c18d42519a87c6e727958b0,58797,batch_log_or_checkpoint,只读冻结；未执行
A_route/problem3/02_batch_run/logs/checkpoints/P3_MEAN_ROLLOUT_NONE/2025-03-29.json.gz,4b88b8f4b1cdd9863c72504e12bdb6e279b2e27982ce1a1fa5cfb6a7911c94e4,58619,batch_log_or_checkpoint,只读冻结；未执行
A_route/problem3/02_batch_run/logs/checkpoints/P3_MEAN_ROLLOUT_NONE/2025-03-30.json.gz,af6b1879093db72e678cdeea10c582412390224d71fe8a536a35fb63d9e1985d,63840,batch_log_or_checkpoint,只读冻结；未执行
A_route/problem3/02_batch_run/logs/checkpoints/P3_MEAN_ROLLOUT_NONE/2025-03-31.json.gz,d1bb551aa34f1440b79e975903f8fa7ec528c1900bea4dfaeed921ef21a945f1,63405,batch_log_or_checkpoint,只读冻结；未执行
A_route/problem3/02_batch_run/logs/checkpoints/P3_MEAN_ROLLOUT_NONE/2025-04-01.json.gz,a2ff5e0eab9f0511c4ad253b2a857e0329ae8f71c113bc54d8c0d9a8da2e80cd,64162,batch_log_or_checkpoint,只读冻结；未执行
A_route/problem3/02_batch_run/logs/checkpoints/P3_MEAN_ROLLOUT_NONE/2025-04-02.json.gz,0a44a29f6d17545727d2e17bd518664a5ce3fefbf560c6488999e9dab636f140,64070,batch_log_or_checkpoint,只读冻结；未执行
A_route/problem3/02_batch_run/logs/checkpoints/P3_MEAN_ROLLOUT_NONE/2025-04-03.json.gz,859c2d2b01683b381da4664091a317476c49bba753e8c88168e20c127bba7874,63267,batch_log_or_checkpoint,只读冻结；未执行
A_route/problem3/02_batch_run/logs/checkpoints/P3_MEAN_ROLLOUT_NONE/2025-04-04.json.gz,bdcbdeb59c3a7726893e153f4bff9b9b90890e5479d91bfbb02a1efdb2328b33,58894,batch_log_or_checkpoint,只读冻结；未执行
A_route/problem3/02_batch_run/logs/checkpoints/P3_MEAN_ROLLOUT_NONE/2025-04-05.json.gz,225661b8836301568f98f7999afe26d48095d5547ae1fc71a051c0b4d52bd00c,59059,batch_log_or_checkpoint,只读冻结；未执行
A_route/problem3/02_batch_run/logs/checkpoints/P3_MEAN_ROLLOUT_NONE/2025-04-06.json.gz,9313ea27945a9f6b81b6be1f6efee338e0acd6d588cda9bf1afabb550d492b83,64114,batch_log_or_checkpoint,只读冻结；未执行
A_route/problem3/02_batch_run/logs/checkpoints/P3_MEAN_ROLLOUT_NONE/2025-04-07.json.gz,747058b965ee362e602688a077fd99046369f5fc06da4be32f3041eaf460277b,63433,batch_log_or_checkpoint,只读冻结；未执行
A_route/problem3/02_batch_run/logs/checkpoints/P3_MEAN_ROLLOUT_NONE/2025-04-08.json.gz,6de4d330dfc55cbd66bbb7c2bd5e55fb3dcea77f5193c7bb1f932e0c050e2059,63527,batch_log_or_checkpoint,只读冻结；未执行
A_route/problem3/02_batch_run/logs/checkpoints/P3_MEAN_ROLLOUT_NONE/2025-04-09.json.gz,266e546fe84ca55d7b8ca1a80f298cb54fb4706e55dc695015a69db651e1a9fe,63095,batch_log_or_checkpoint,只读冻结；未执行
A_route/problem3/02_batch_run/logs/checkpoints/P3_MEAN_ROLLOUT_NONE/2025-04-10.json.gz,9fee2550791a53d8eeb5d265fa97e59156992b7d4710a386aa642f2da4987d5c,63248,batch_log_or_checkpoint,只读冻结；未执行
A_route/problem3/02_batch_run/logs/checkpoints/P3_MEAN_ROLLOUT_NONE/2025-04-11.json.gz,25df2581178710fb7b221cc51e7ad9f6aa99a913250fcf79223ae181cafbe3a3,58520,batch_log_or_checkpoint,只读冻结；未执行
A_route/problem3/02_batch_run/logs/checkpoints/P3_MEAN_ROLLOUT_NONE/2025-04-12.json.gz,c041cfa16c23e703eb307392215979ded0215e00eb163d3b630c2c5c8cb2adc1,59890,batch_log_or_checkpoint,只读冻结；未执行
A_route/problem3/02_batch_run/logs/checkpoints/P3_MEAN_ROLLOUT_NONE/2025-04-13.json.gz,615f8de56db9d104bcb3e68f03dc6a85b26595e0bfc2d282c08b2e84f01b4c25,62940,batch_log_or_checkpoint,只读冻结；未执行
A_route/problem3/02_batch_run/logs/checkpoints/P3_MEAN_ROLLOUT_NONE/2025-04-14.json.gz,7ccec017e02aca1ff1169f9f5902d7d9c82b7b1fd93624c127276fc0053ea165,63635,batch_log_or_checkpoint,只读冻结；未执行
A_route/problem3/02_batch_run/logs/checkpoints/P3_MEAN_ROLLOUT_NONE/2025-04-15.json.gz,c6eb7b556f5ee3070ef5833ace05219e1556be6b281a555b48d7a9a20d62b38d,62747,batch_log_or_checkpoint,只读冻结；未执行
A_route/problem3/02_batch_run/logs/checkpoints/P3_MEAN_ROLLOUT_NONE/2025-04-16.json.gz,9cf49037bcb19941f33dda5f5c28398f480f257337826346b163c7bcb5501cac,63505,batch_log_or_checkpoint,只读冻结；未执行
A_route/problem3/02_batch_run/logs/checkpoints/P3_MEAN_ROLLOUT_NONE/2025-04-17.json.gz,49e594142c05a636a17f0bad64775eba57aa1083904a0f45b0b7762f07aa9e4a,62287,batch_log_or_checkpoint,只读冻结；未执行
A_route/problem3/02_batch_run/logs/checkpoints/P3_MEAN_ROLLOUT_NONE/2025-04-18.json.gz,fed523edd7e156cbe02781608d453c34b7674e028c7f3a5a5e43764b85c482e8,58646,batch_log_or_checkpoint,只读冻结；未执行
A_route/problem3/02_batch_run/logs/checkpoints/P3_MEAN_ROLLOUT_NONE/2025-04-19.json.gz,b87b23f059a1f00195be28683c6146c64c3609672ad74e1b5d096d1a05a37ac3,58752,batch_log_or_checkpoint,只读冻结；未执行
A_route/problem3/02_batch_run/logs/checkpoints/P3_MEAN_ROLLOUT_NONE/2025-04-20.json.gz,c4381f40d457159b197c2c6c70669662f3ae661290f2bfb7264fbdd5b03edd1e,62595,batch_log_or_checkpoint,只读冻结；未执行
A_route/problem3/02_batch_run/logs/checkpoints/P3_MEAN_ROLLOUT_NONE/2025-04-21.json.gz,96a39d2d89953346191d0372ca6a42f2856f5ed52a7d2a415949a68ad1c49518,62876,batch_log_or_checkpoint,只读冻结；未执行
A_route/problem3/02_batch_run/logs/checkpoints/P3_MEAN_ROLLOUT_NONE/2025-04-22.json.gz,5afc26b3603f79429dec820d48fabb624e590840471cf323a8b0e17a32ec3b7d,62573,batch_log_or_checkpoint,只读冻结；未执行
A_route/problem3/02_batch_run/logs/checkpoints/P3_MEAN_ROLLOUT_NONE/2025-04-23.json.gz,d12c728a3ba01e186287684d56ccccd86d96f66a97b6bc62fc996518f71b7382,62276,batch_log_or_checkpoint,只读冻结；未执行
A_route/problem3/02_batch_run/logs/checkpoints/P3_MEAN_ROLLOUT_NONE/2025-04-24.json.gz,befdac67a0d50070926e5f17a81226156805140432689cf74fcc10010ec5c406,62168,batch_log_or_checkpoint,只读冻结；未执行
A_route/problem3/02_batch_run/logs/checkpoints/P3_MEAN_ROLLOUT_NONE/2025-04-25.json.gz,e296473b1d92cf84e122c184fc52b84a68640e9ed504a6c58fc17d11c8e4da99,58580,batch_log_or_checkpoint,只读冻结；未执行
A_route/problem3/02_batch_run/logs/checkpoints/P3_MEAN_ROLLOUT_NONE/2025-04-26.json.gz,9c3f71f3041682fcb121e5da3a6b780aeefe9967f64fe28996e51f3ecbcc99ec,58657,batch_log_or_checkpoint,只读冻结；未执行
A_route/problem3/02_batch_run/logs/checkpoints/P3_MEAN_ROLLOUT_NONE/2025-04-27.json.gz,b6e33804f7d1ecb43b04514e3595d7ed7426991fd8961a175501ef7937667474,62095,batch_log_or_checkpoint,只读冻结；未执行
A_route/problem3/02_batch_run/logs/checkpoints/P3_MEAN_ROLLOUT_NONE/2025-04-28.json.gz,2eee864aae4142796ba03bb195fa7161f90761e3c4df5b88883a0a10678b5515,63602,batch_log_or_checkpoint,只读冻结；未执行
A_route/problem3/02_batch_run/logs/checkpoints/P3_MEAN_ROLLOUT_NONE/2025-04-29.json.gz,d6db28d09baa4b0d2f47fe868ce7df9574b7e3441581bd2d83bfbf8e8d37cc9e,62757,batch_log_or_checkpoint,只读冻结；未执行
A_route/problem3/02_batch_run/logs/checkpoints/P3_MEAN_ROLLOUT_NONE/2025-04-30.json.gz,4ccbcac7e2413910979e5d92942c5e1da8bf2d24e2ed04a3f81917a54aa1d6a6,61799,batch_log_or_checkpoint,只读冻结；未执行
A_route/problem3/02_batch_run/logs/checkpoints/P3_MEAN_ROLLOUT_NONE/2025-05-01.json.gz,b020d3311541edf904af750f64081d7a1b83b1e17347edaf7f2ef8da0075b545,62816,batch_log_or_checkpoint,只读冻结；未执行
A_route/problem3/02_batch_run/logs/checkpoints/P3_MEAN_ROLLOUT_NONE/2025-05-02.json.gz,be13360f106c8facb3f89aa93a650e04a4d0865f9d4ed1302de0c0aa754420d7,59578,batch_log_or_checkpoint,只读冻结；未执行
A_route/problem3/02_batch_run/logs/checkpoints/P3_MEAN_ROLLOUT_NONE/2025-05-03.json.gz,029a4accbc3f5c113c8921ff50eec37bce16a050113bc878cdb84b30f68535ad,59209,batch_log_or_checkpoint,只读冻结；未执行
A_route/problem3/02_batch_run/logs/checkpoints/P3_MEAN_ROLLOUT_NONE/2025-05-04.json.gz,258c232076257f4ecc3c7750ec701fd745315ba62927b4896c2382db09e80513,62897,batch_log_or_checkpoint,只读冻结；未执行
A_route/problem3/02_batch_run/logs/checkpoints/P3_MEAN_ROLLOUT_NONE/2025-05-05.json.gz,9ec4f0efd001f404d33ce360bbfb7a1b7e6fc3ce90987140dbaddf0249b9bb6c,63303,batch_log_or_checkpoint,只读冻结；未执行
A_route/problem3/02_batch_run/logs/checkpoints/P3_MEAN_ROLLOUT_NONE/2025-05-06.json.gz,6666b3b03848d7ce3e57ac908b35e8135a620c27a7b4b26ac176031fd2a155d5,61903,batch_log_or_checkpoint,只读冻结；未执行
A_route/problem3/02_batch_run/logs/checkpoints/P3_MEAN_ROLLOUT_NONE/2025-05-07.json.gz,e49556e4c63bc004947d090ad4d0b9d5f0c50cc2a1d344bd89afbd291019fa3f,62467,batch_log_or_checkpoint,只读冻结；未执行
A_route/problem3/02_batch_run/logs/checkpoints/P3_MEAN_ROLLOUT_NONE/2025-05-08.json.gz,0046339c48b95de2ded5280d44d66627749d06e0715205457c740243ceeee435,64147,batch_log_or_checkpoint,只读冻结；未执行
A_route/problem3/02_batch_run/logs/checkpoints/P3_MEAN_ROLLOUT_NONE/2025-05-09.json.gz,eb666331cce033d48f444931c45dde763439f5d73174f6c9c875463f3b1f3d73,59549,batch_log_or_checkpoint,只读冻结；未执行
A_route/problem3/02_batch_run/logs/checkpoints/P3_MEAN_ROLLOUT_NONE/2025-05-10.json.gz,87378766bd24d2c920e60bf8a66f25361c6c840050c109aed4c46d70dae76934,59507,batch_log_or_checkpoint,只读冻结；未执行
A_route/problem3/02_batch_run/logs/checkpoints/P3_MEAN_ROLLOUT_NONE/2025-05-11.json.gz,9d1468adb17d28dc87c4e2f2ab2ae5a6e99666e45ce10834b89245e9cf78185f,63453,batch_log_or_checkpoint,只读冻结；未执行
A_route/problem3/02_batch_run/logs/checkpoints/P3_MEAN_ROLLOUT_NONE/2025-05-12.json.gz,7b27e400daf0a05e46fc62fd96635ab3b5d8cc7fcc69b9472572d6790e4d55c3,62251,batch_log_or_checkpoint,只读冻结；未执行
A_route/problem3/02_batch_run/logs/checkpoints/P3_MEAN_ROLLOUT_NONE/2025-05-13.json.gz,8922bc855a009d99f6d2e822140d4bcf937eade90b63441d4a0618007b214b36,63856,batch_log_or_checkpoint,只读冻结；未执行
A_route/problem3/02_batch_run/logs/checkpoints/P3_MEAN_ROLLOUT_NONE/2025-05-14.json.gz,d09e79d047253fbd213e82188cc88885f64d3074fd406443a7a33ddb2a6321df,62808,batch_log_or_checkpoint,只读冻结；未执行
A_route/problem3/02_batch_run/logs/checkpoints/P3_MEAN_ROLLOUT_NONE/2025-05-15.json.gz,8ab1001d25e8503336ab86f93ef1d6fb65ffca1b604c8f572c225ad12ca8e9c0,62570,batch_log_or_checkpoint,只读冻结；未执行
A_route/problem3/02_batch_run/logs/checkpoints/P3_MEAN_ROLLOUT_NONE/2025-05-16.json.gz,a90ad9d3697fb4a542f2f21ce8e1b0ff4d60e5a8e3024424de296f2a00bbf9ec,58896,batch_log_or_checkpoint,只读冻结；未执行
A_route/problem3/02_batch_run/logs/checkpoints/P3_MEAN_ROLLOUT_NONE/2025-05-17.json.gz,ce30991f77cc0e9f2bea60525bcbffe3de31ee5c12846bffdd2774cdba266012,59376,batch_log_or_checkpoint,只读冻结；未执行
A_route/problem3/02_batch_run/logs/checkpoints/P3_MEAN_ROLLOUT_NONE/2025-05-18.json.gz,d738f6d9c05026b46b6bb9a9f5cad0941eda60849d24c91fddcd488e16e3a8b2,63183,batch_log_or_checkpoint,只读冻结；未执行
A_route/problem3/02_batch_run/logs/checkpoints/P3_MEAN_ROLLOUT_NONE/2025-05-19.json.gz,5082429780782f4fca9a07647f11966986aed942f28810a8a26b437a203cb7ed,62784,batch_log_or_checkpoint,只读冻结；未执行
A_route/problem3/02_batch_run/logs/checkpoints/P3_MEAN_ROLLOUT_NONE/2025-05-20.json.gz,c3838c63310457ecd5538960ae48e858c27378c7ae7d2b6a4cb96a3df94c0956,63052,batch_log_or_checkpoint,只读冻结；未执行
A_route/problem3/02_batch_run/logs/checkpoints/P3_MEAN_ROLLOUT_NONE/2025-05-21.json.gz,1fc1e9b48520894374920c7e2bbde5a23d3da553815e4b059f984f804f0c7f37,62533,batch_log_or_checkpoint,只读冻结；未执行
A_route/problem3/02_batch_run/logs/checkpoints/P3_MEAN_ROLLOUT_NONE/2025-05-22.json.gz,a7b1c21041bb6d2334933724b1eef45c30284ea146bec005cc0a728eb16dc1c3,62642,batch_log_or_checkpoint,只读冻结；未执行
A_route/problem3/02_batch_run/logs/checkpoints/P3_MEAN_ROLLOUT_NONE/2025-05-23.json.gz,338fea046b39c2cbe508bd89ebdee0ce324aa73695def168f79480d212229b0e,58904,batch_log_or_checkpoint,只读冻结；未执行
A_route/problem3/02_batch_run/logs/checkpoints/P3_MEAN_ROLLOUT_NONE/2025-05-24.json.gz,838ab49413be083ce405eb64650eb92a1a56898afe30ac47c9501067acc24e90,58647,batch_log_or_checkpoint,只读冻结；未执行
A_route/problem3/02_batch_run/logs/checkpoints/P3_MEAN_ROLLOUT_NONE/2025-05-25.json.gz,234d1d5c42a6a6b02b2dc62909a87cb7eec6d5a16dfec8f60fb1b13419ac0dbd,62574,batch_log_or_checkpoint,只读冻结；未执行
A_route/problem3/02_batch_run/logs/checkpoints/P3_MEAN_ROLLOUT_NONE/2025-05-26.json.gz,c989f5a9e37bb92791c215600a0b93f7b807f9ce827c32c9df94cf3a664262f4,62824,batch_log_or_checkpoint,只读冻结；未执行
A_route/problem3/02_batch_run/logs/checkpoints/P3_MEAN_ROLLOUT_NONE/2025-05-27.json.gz,dfdf7c7cd7309822cbf5ed37fa4c724c87259abd2274e00cae023ad25e687693,62058,batch_log_or_checkpoint,只读冻结；未执行
A_route/problem3/02_batch_run/logs/checkpoints/P3_MEAN_ROLLOUT_NONE/2025-05-28.json.gz,1b224c141476a3e3fb37e84b3b1d8d37979f0b12ca84b1122b8539b0d5fad5ac,63055,batch_log_or_checkpoint,只读冻结；未执行
A_route/problem3/02_batch_run/logs/checkpoints/P3_MEAN_ROLLOUT_NONE/2025-05-29.json.gz,d02aba944aff5f03f5bc7f645af66c7a1ee2ad1350a95269ac115e3e22f5e536,63371,batch_log_or_checkpoint,只读冻结；未执行
A_route/problem3/02_batch_run/logs/checkpoints/P3_MEAN_ROLLOUT_NONE/2025-05-30.json.gz,39bb92d8c5557edb7280c5b2f346ded831be7da5952999457c62b1cd996b1501,59368,batch_log_or_checkpoint,只读冻结；未执行
A_route/problem3/02_batch_run/logs/checkpoints/P3_MEAN_ROLLOUT_NONE/2025-05-31.json.gz,e3ca145a244ed60464a0f32583ac6c82386aa44ceef3a951deb84daa17f43bdf,59634,batch_log_or_checkpoint,只读冻结；未执行
A_route/problem3/02_batch_run/logs/checkpoints/P3_MEAN_ROLLOUT_NONE/2025-06-01.json.gz,634a7b9646831fdfdfc002be7f38fecef8c11eef2931da3a55332729ce1a7511,64414,batch_log_or_checkpoint,只读冻结；未执行
A_route/problem3/02_batch_run/logs/checkpoints/P3_MEAN_ROLLOUT_NONE/2025-06-02.json.gz,332e8dae02c3bd702bd89aaf1031162d21694b63584632364e61016b7c19d010,64432,batch_log_or_checkpoint,只读冻结；未执行
A_route/problem3/02_batch_run/logs/checkpoints/P3_MEAN_ROLLOUT_NONE/2025-06-03.json.gz,459e60a583992fc2ce0b4023493f22e0cf6e5c740f6f26bb7e17c4b3861ec4b4,64931,batch_log_or_checkpoint,只读冻结；未执行
A_route/problem3/02_batch_run/logs/checkpoints/P3_MEAN_ROLLOUT_NONE/2025-06-04.json.gz,39bad6e12aa8aadc0a818019b56baf5259b711016551fd11af99ad71a53136a2,64742,batch_log_or_checkpoint,只读冻结；未执行
A_route/problem3/02_batch_run/logs/checkpoints/P3_MEAN_ROLLOUT_NONE/2025-06-05.json.gz,541f19321075dcbebfe9fd1e947fb5de629929692f3032a5afa3fe545294e38f,64745,batch_log_or_checkpoint,只读冻结；未执行
A_route/problem3/02_batch_run/logs/checkpoints/P3_MEAN_ROLLOUT_NONE/2025-06-06.json.gz,5c2654724c69e40b05e1c218f79dc5e1aadc3000b2a4f7f265cd709c65cdeb3a,61854,batch_log_or_checkpoint,只读冻结；未执行
A_route/problem3/02_batch_run/logs/checkpoints/P3_MEAN_ROLLOUT_NONE/2025-06-07.json.gz,2b287c0e76c256c31dbef258f10cae0e7a99688b50650d8ed4f912df1fa60d8b,61904,batch_log_or_checkpoint,只读冻结；未执行
A_route/problem3/02_batch_run/logs/checkpoints/P3_MEAN_ROLLOUT_NONE/2025-06-08.json.gz,4c9ca852a8c9901232b2f3d5d422822ee982e17bc39588a60f57a221f4d537cc,64021,batch_log_or_checkpoint,只读冻结；未执行
A_route/problem3/02_batch_run/logs/checkpoints/P3_MEAN_ROLLOUT_NONE/2025-06-09.json.gz,890c43c4c1f7254715ff6321ae23694e634d4b52bbe8e17870e45581d2daf370,64058,batch_log_or_checkpoint,只读冻结；未执行
A_route/problem3/02_batch_run/logs/checkpoints/P3_MEAN_ROLLOUT_NONE/2025-06-10.json.gz,e9a2a74ee161a829e0818826de1de1178d83310d2f4c162f91f448694bc5ab70,63875,batch_log_or_checkpoint,只读冻结；未执行
A_route/problem3/02_batch_run/logs/checkpoints/P3_MEAN_ROLLOUT_NONE/2025-06-11.json.gz,3242e5652131b2b09f180830c5e94a1fe6b5baf4fed5efdc5c0850030edf3583,64474,batch_log_or_checkpoint,只读冻结；未执行
A_route/problem3/02_batch_run/logs/checkpoints/P3_MEAN_ROLLOUT_NONE/2025-06-12.json.gz,32f7e59a0dc25fd3ca9c5ce6ecce6309a4d59d3ce29e685728fbd29a6923bcf9,64595,batch_log_or_checkpoint,只读冻结；未执行
A_route/problem3/02_batch_run/logs/checkpoints/P3_MEAN_ROLLOUT_NONE/2025-06-13.json.gz,a1e24f38a3cd1f86dfc6600b66e5ff00b990491c2778232b52bab9ee058479b8,61875,batch_log_or_checkpoint,只读冻结；未执行
A_route/problem3/02_batch_run/logs/checkpoints/P3_MEAN_ROLLOUT_NONE/2025-06-14.json.gz,6a707d45c6ce80c07957159561fb0d664c5e087f632a153ea7b57a17a08b7f92,61520,batch_log_or_checkpoint,只读冻结；未执行
A_route/problem3/02_batch_run/logs/checkpoints/P3_MEAN_ROLLOUT_NONE/2025-06-15.json.gz,3312badc9186ec9d0bf2d5b320aebdf9d9f3d8047c3a9cd2ae04f63a5ca62cf7,64271,batch_log_or_checkpoint,只读冻结；未执行
A_route/problem3/02_batch_run/logs/checkpoints/P3_MEAN_ROLLOUT_NONE/2025-06-16.json.gz,24f90bf509b22f2fd1e381980602fa4985bf659840876570ac5ae1d529e4ba24,64307,batch_log_or_checkpoint,只读冻结；未执行
A_route/problem3/02_batch_run/logs/checkpoints/P3_MEAN_ROLLOUT_NONE/2025-06-17.json.gz,8cfd79def508bcae47950e11dc34b73fe34081d39e8e7bc9b7321da574b5f59d,64109,batch_log_or_checkpoint,只读冻结；未执行
A_route/problem3/02_batch_run/logs/checkpoints/P3_MEAN_ROLLOUT_NONE/2025-06-18.json.gz,9825181972eb43d2becee9792b33c94b1a5ae1ec386cda11183c9ae82a30f843,64364,batch_log_or_checkpoint,只读冻结；未执行
A_route/problem3/02_batch_run/logs/checkpoints/P3_MEAN_ROLLOUT_NONE/2025-06-19.json.gz,5278a98997a5f854f19b13eb89d0691459f0582951e557ff567d0da9a252f41b,64848,batch_log_or_checkpoint,只读冻结；未执行
A_route/problem3/02_batch_run/logs/checkpoints/P3_MEAN_ROLLOUT_NONE/2025-06-20.json.gz,6704dac2068bd0b54a9430fb3351d8486177e9be1c1bc8c273d0174fc777440a,60947,batch_log_or_checkpoint,只读冻结；未执行
A_route/problem3/02_batch_run/logs/checkpoints/P3_MEAN_ROLLOUT_NONE/2025-06-21.json.gz,13d10cf6187fa45cf85390ac740b8c5cbcd9d111abba6c2c9c3040fc4c3793d4,59820,batch_log_or_checkpoint,只读冻结；未执行
A_route/problem3/02_batch_run/logs/checkpoints/P3_MEAN_ROLLOUT_NONE/2025-06-22.json.gz,f7064729180153b1f9de4f445d7caf6c86b07b5f650fec20e8cfa2f230c843cc,64595,batch_log_or_checkpoint,只读冻结；未执行
A_route/problem3/02_batch_run/logs/checkpoints/P3_MEAN_ROLLOUT_NONE/2025-06-23.json.gz,df290e7322fb2fc48e4ba29d625e79c723845f0231f4de4e30d2acee6b19b449,64368,batch_log_or_checkpoint,只读冻结；未执行
A_route/problem3/02_batch_run/logs/checkpoints/P3_MEAN_ROLLOUT_NONE/2025-06-24.json.gz,b8af39c35412a6d653243aac3eee2751f95b74e8eefa513045603bd345801835,64774,batch_log_or_checkpoint,只读冻结；未执行
A_route/problem3/02_batch_run/logs/checkpoints/P3_MEAN_ROLLOUT_NONE/2025-06-25.json.gz,ee1f5d8963da2632d0559879d16a8b548b4108fd19b23fd84b0dafa00912d0d9,64955,batch_log_or_checkpoint,只读冻结；未执行
A_route/problem3/02_batch_run/logs/checkpoints/P3_MEAN_ROLLOUT_NONE/2025-06-26.json.gz,0940f20ff964cbf61c9a608048348f465f75137e38fb797ff63686ebb4058959,64380,batch_log_or_checkpoint,只读冻结；未执行
A_route/problem3/02_batch_run/logs/checkpoints/P3_MEAN_ROLLOUT_NONE/2025-06-27.json.gz,f505ebfdfdcea4cdf166c0b52538c4bf0871d707721d6f4775ec12e0e45d1de6,60252,batch_log_or_checkpoint,只读冻结；未执行
A_route/problem3/02_batch_run/logs/checkpoints/P3_MEAN_ROLLOUT_NONE/2025-06-28.json.gz,17d70e7325a7659af85fab63a602f948b7f66e727675170e80467ae3a7e42de8,59873,batch_log_or_checkpoint,只读冻结；未执行
A_route/problem3/02_batch_run/logs/checkpoints/P3_MEAN_ROLLOUT_NONE/2025-06-29.json.gz,5b01c0555d7699fb0a227d30813ee477b7b9436df0567dd74481ff267245957a,64600,batch_log_or_checkpoint,只读冻结；未执行
A_route/problem3/02_batch_run/logs/checkpoints/P3_MEAN_ROLLOUT_NONE/2025-06-30.json.gz,f86b020477e8804beaa8051d47b1566f1fe75e4a25064acb0b2c9c5f19b5868a,64519,batch_log_or_checkpoint,只读冻结；未执行
A_route/problem3/02_batch_run/logs/checkpoints/P3_MEAN_ROLLOUT_NONE/2025-07-01.json.gz,1cd01c6798f220e7d6d0765dbfdc28ba40965af9a68eb735c8770193354fee4f,64932,batch_log_or_checkpoint,只读冻结；未执行
A_route/problem3/02_batch_run/logs/checkpoints/P3_MEAN_ROLLOUT_NONE/2025-07-02.json.gz,9bcc0d9909059f20477ba72e79ecc1abe296b11c30a36e1fe8b8c9512f3eba6a,64113,batch_log_or_checkpoint,只读冻结；未执行
A_route/problem3/02_batch_run/logs/checkpoints/P3_MEAN_ROLLOUT_NONE/2025-07-03.json.gz,74b9af13187f7ca904e9146a5f9a1840a4c8568c760c2f26d58d4e4b2f72e4ba,64677,batch_log_or_checkpoint,只读冻结；未执行
A_route/problem3/02_batch_run/logs/checkpoints/P3_MEAN_ROLLOUT_NONE/2025-07-04.json.gz,8bc211c684a4d670f9800e3fe55c61c09109ce8201a99bd3d80a6796dd79f7b1,59745,batch_log_or_checkpoint,只读冻结；未执行
A_route/problem3/02_batch_run/logs/checkpoints/P3_MEAN_ROLLOUT_NONE/2025-07-05.json.gz,404f9382685d53b9e65f1ca0982579d493e714ff03f262af0f86454939412915,59594,batch_log_or_checkpoint,只读冻结；未执行
A_route/problem3/02_batch_run/logs/checkpoints/P3_MEAN_ROLLOUT_NONE/2025-07-06.json.gz,c9ebd2a83402edd4845ca6b544b14dccd4059b1ce0ec92a3437799b63f8e4156,64355,batch_log_or_checkpoint,只读冻结；未执行
A_route/problem3/02_batch_run/logs/checkpoints/P3_MEAN_ROLLOUT_NONE/2025-07-07.json.gz,f42250b502325eba0d9a5e8d713a511e78fb9ec4f80236a9a0cefa91954ad7b7,63669,batch_log_or_checkpoint,只读冻结；未执行
A_route/problem3/02_batch_run/logs/checkpoints/P3_MEAN_ROLLOUT_NONE/2025-07-08.json.gz,a3672f8b26d77ad935224842ceb7c3c0b26c7f7942b5929118d82a5fd679e55d,64903,batch_log_or_checkpoint,只读冻结；未执行
A_route/problem3/02_batch_run/logs/checkpoints/P3_MEAN_ROLLOUT_NONE/2025-07-09.json.gz,7f039f4bd1895b19861ee2569018f4cbd68f06acc668b0308d03387c286d9c5d,64235,batch_log_or_checkpoint,只读冻结；未执行
A_route/problem3/02_batch_run/logs/checkpoints/P3_MEAN_ROLLOUT_NONE/2025-07-10.json.gz,acafb1623f305615b31039a2a2e4b53637c85068802d742fb7b5a074b2164a29,63646,batch_log_or_checkpoint,只读冻结；未执行
A_route/problem3/02_batch_run/logs/checkpoints/P3_MEAN_ROLLOUT_NONE/2025-07-11.json.gz,63dc5b497b169f33c4a09df8e30bce16a61b99ee7d8f503f1384910cb447960f,60994,batch_log_or_checkpoint,只读冻结；未执行
A_route/problem3/02_batch_run/logs/checkpoints/P3_MEAN_ROLLOUT_NONE/2025-07-12.json.gz,e1959404bcc9fd2dc32de924a848682275171eaff804970e3c971613d2aee0f1,59400,batch_log_or_checkpoint,只读冻结；未执行
A_route/problem3/02_batch_run/logs/checkpoints/P3_MEAN_ROLLOUT_NONE/2025-07-13.json.gz,bb4f750b4f31b3fe2821ea17d261c1068037094f48603dd2f5a2a5597f7715c5,63896,batch_log_or_checkpoint,只读冻结；未执行
A_route/problem3/02_batch_run/logs/checkpoints/P3_MEAN_ROLLOUT_NONE/2025-07-14.json.gz,4dc041c1888503ab14eb2e75f0f320ae01c3024ec13e4c26c129d816d7e0cfdd,64216,batch_log_or_checkpoint,只读冻结；未执行
A_route/problem3/02_batch_run/logs/checkpoints/P3_MEAN_ROLLOUT_NONE/2025-07-15.json.gz,0dfc71f10b72dda1a9c7d0bf81d044922e62be51a141c4496e1cbbf25847dd3a,63953,batch_log_or_checkpoint,只读冻结；未执行
A_route/problem3/02_batch_run/logs/checkpoints/P3_MEAN_ROLLOUT_NONE/2025-07-16.json.gz,e67ebfcebf55c627dda811a24636b1acaf9bcc02278b6b82985bb763e48392b7,63586,batch_log_or_checkpoint,只读冻结；未执行
A_route/problem3/02_batch_run/logs/checkpoints/P3_MEAN_ROLLOUT_NONE/2025-07-17.json.gz,d7c4be92000a7ffb83bad425d117e065cdfda81670e20bc5aec6c12935b79525,64341,batch_log_or_checkpoint,只读冻结；未执行
A_route/problem3/02_batch_run/logs/checkpoints/P3_MEAN_ROLLOUT_NONE/2025-07-18.json.gz,aa174d7c952d2cb09712fd36d9efc3ac585d38352b3e1c693512f650128e458f,61296,batch_log_or_checkpoint,只读冻结；未执行
A_route/problem3/02_batch_run/logs/checkpoints/P3_MEAN_ROLLOUT_NONE/2025-07-19.json.gz,5d03d2d009195bf380710614e211a4087471c28858a461f1297f64874854dc2a,60900,batch_log_or_checkpoint,只读冻结；未执行
A_route/problem3/02_batch_run/logs/checkpoints/P3_MEAN_ROLLOUT_NONE/2025-07-20.json.gz,2a26b056ada91a1fd7438967c265f14566fb11a6dcdb21996edcfa342c3f1e5f,63956,batch_log_or_checkpoint,只读冻结；未执行
A_route/problem3/02_batch_run/logs/checkpoints/P3_MEAN_ROLLOUT_NONE/2025-07-21.json.gz,ba1cd4e42d605cdb3a3a5bb2e3913513afa95156da0c4c1a06745b3ed57e9c3a,63755,batch_log_or_checkpoint,只读冻结；未执行
A_route/problem3/02_batch_run/logs/checkpoints/P3_MEAN_ROLLOUT_NONE/2025-07-22.json.gz,b738801eba0bf61514aabfdc4e661ff048b5136c58c4d66a74b6a640832ebfe9,63816,batch_log_or_checkpoint,只读冻结；未执行
A_route/problem3/02_batch_run/logs/checkpoints/P3_MEAN_ROLLOUT_NONE/2025-07-23.json.gz,2cb913ac22d81b465e75bab3360059626a433380d445b5b67b9872a47f7ac30d,64083,batch_log_or_checkpoint,只读冻结；未执行
A_route/problem3/02_batch_run/logs/checkpoints/P3_MEAN_ROLLOUT_NONE/2025-07-24.json.gz,954d619782e34525c13a328c5ee40449a6ba9a724fe5828feed1537735857f1e,63991,batch_log_or_checkpoint,只读冻结；未执行
A_route/problem3/02_batch_run/logs/checkpoints/P3_MEAN_ROLLOUT_NONE/2025-07-25.json.gz,5cf82a80ca4a9c26ff60c6f06acd372744e7a818754a9eb4c831eec64e9971d4,59810,batch_log_or_checkpoint,只读冻结；未执行
A_route/problem3/02_batch_run/logs/checkpoints/P3_MEAN_ROLLOUT_NONE/2025-07-26.json.gz,9edfe7864f5aa7d3a9d69e393261f46ccfd376638e4a0590033134fdb69ef8b6,61161,batch_log_or_checkpoint,只读冻结；未执行
A_route/problem3/02_batch_run/logs/checkpoints/P3_MEAN_ROLLOUT_NONE/2025-07-27.json.gz,f22e1b9f350c62d5b453c5cbb5c63fc1ad6609090468da1b5939be7eadbf5e1c,64117,batch_log_or_checkpoint,只读冻结；未执行
A_route/problem3/02_batch_run/logs/checkpoints/P3_MEAN_ROLLOUT_NONE/2025-07-28.json.gz,769b2ce038c49bf7f37104e9a5a4e6368ccda9a6bd06e146fb2c5730cbb1df1d,64030,batch_log_or_checkpoint,只读冻结；未执行
A_route/problem3/02_batch_run/logs/checkpoints/P3_MEAN_ROLLOUT_NONE/2025-07-29.json.gz,7cb2f3855bc65f3516d7c2166f18cbe2e8df3da1bae7ceb1aca82f057f31995d,63440,batch_log_or_checkpoint,只读冻结；未执行
A_route/problem3/02_batch_run/logs/checkpoints/P3_MEAN_ROLLOUT_NONE/2025-07-30.json.gz,4219c6facb658e8c2ccccbfd547fb9271a1cfefda8d7faa31e524c7e59d79d1f,63643,batch_log_or_checkpoint,只读冻结；未执行
A_route/problem3/02_batch_run/logs/checkpoints/P3_MEAN_ROLLOUT_NONE/2025-07-31.json.gz,6b061670123513fde265a74a595df9d6542d0552425f213084f07090d8230dd4,64155,batch_log_or_checkpoint,只读冻结；未执行
A_route/problem3/02_batch_run/logs/checkpoints/P3_MEAN_ROLLOUT_NONE/2025-08-01.json.gz,308856a938fd896e598b2ff9df9c5cffac824e1611859e0acb1a676aedc0272f,59442,batch_log_or_checkpoint,只读冻结；未执行
A_route/problem3/02_batch_run/logs/checkpoints/P3_MEAN_ROLLOUT_NONE/2025-08-02.json.gz,f1b2d3dc2c99f6e890bbe76bbd35e8d2661e697156e84b52049fb55aa51ef4b5,61257,batch_log_or_checkpoint,只读冻结；未执行
A_route/problem3/02_batch_run/logs/checkpoints/P3_MEAN_ROLLOUT_NONE/2025-08-03.json.gz,571d382d80bd0980f202cadcd5c54ea9eead090a51c9525f1d077e7600c51b55,63490,batch_log_or_checkpoint,只读冻结；未执行
A_route/problem3/02_batch_run/logs/checkpoints/P3_MEAN_ROLLOUT_NONE/2025-08-04.json.gz,730be3f30e1a2876d6960be3ce8a7ac89151c8a377a7b76471e41183f91c1568,63396,batch_log_or_checkpoint,只读冻结；未执行
A_route/problem3/02_batch_run/logs/checkpoints/P3_MEAN_ROLLOUT_NONE/2025-08-05.json.gz,526b83bdf87fee33a4661c23ab276e4aae76a25fe0bf55ecd5918d5b773f91ec,63900,batch_log_or_checkpoint,只读冻结；未执行
A_route/problem3/02_batch_run/logs/checkpoints/P3_MEAN_ROLLOUT_NONE/2025-08-06.json.gz,cc3de9d52d4a54f41789673089e8ffbb6d8393a9add951fc2c514a2cad63cf5f,63652,batch_log_or_checkpoint,只读冻结；未执行
A_route/problem3/02_batch_run/logs/checkpoints/P3_MEAN_ROLLOUT_NONE/2025-08-07.json.gz,9107ac0db24f7386513dbe1548ec7a00947cd6fd817361aa96a291ec28c8c536,65090,batch_log_or_checkpoint,只读冻结；未执行
A_route/problem3/02_batch_run/logs/checkpoints/P3_MEAN_ROLLOUT_NONE/2025-08-08.json.gz,e52711547c09fa853dbd028db4f1ba8ae4e222160781d9f3901fbc9e267adcf4,59611,batch_log_or_checkpoint,只读冻结；未执行
A_route/problem3/02_batch_run/logs/checkpoints/P3_MEAN_ROLLOUT_NONE/2025-08-09.json.gz,a928eec3a3ee84135e0c9ab368fe453db0fd994cf18cbc024350ac183a28b617,59263,batch_log_or_checkpoint,只读冻结；未执行
A_route/problem3/02_batch_run/logs/checkpoints/P3_MEAN_ROLLOUT_NONE/2025-08-10.json.gz,3853e6cec0c57367d458acfee74bd2524271b76fc85c772d2a1235be6d95b5f5,63734,batch_log_or_checkpoint,只读冻结；未执行
A_route/problem3/02_batch_run/logs/checkpoints/P3_MEAN_ROLLOUT_NONE/2025-08-11.json.gz,5ff4dfd2776984e651109c1f4599b770b4dafb232df9a25309a015b8323e9a3c,64414,batch_log_or_checkpoint,只读冻结；未执行
A_route/problem3/02_batch_run/logs/checkpoints/P3_MEAN_ROLLOUT_NONE/2025-08-12.json.gz,f93b8af5e4784c32c2931fa60ff70458f7bc89d07f2f12ffa0a264400d61ba19,65025,batch_log_or_checkpoint,只读冻结；未执行
A_route/problem3/02_batch_run/logs/checkpoints/P3_MEAN_ROLLOUT_NONE/2025-08-13.json.gz,45186479ea95bfe871836be21989a6d9e684ccaa6227efac3bb3386a6d53063a,64338,batch_log_or_checkpoint,只读冻结；未执行
A_route/problem3/02_batch_run/logs/checkpoints/P3_MEAN_ROLLOUT_NONE/2025-08-14.json.gz,84b4634b995f8311d2ba67fa4383b456318cdc1e396e3e2e57c8fb6875fc2de8,64009,batch_log_or_checkpoint,只读冻结；未执行
A_route/problem3/02_batch_run/logs/checkpoints/P3_MEAN_ROLLOUT_NONE/2025-08-15.json.gz,436cee7f416aaadff37a943f59373c60bfa206728f1b56a8d43f8825803bd27b,60386,batch_log_or_checkpoint,只读冻结；未执行
A_route/problem3/02_batch_run/logs/checkpoints/P3_MEAN_ROLLOUT_NONE/2025-08-16.json.gz,ed177102f3591d7400158d1cb08094b75d7bb65f7b2f9eb6563a31cce5a3fa76,60082,batch_log_or_checkpoint,只读冻结；未执行
A_route/problem3/02_batch_run/logs/checkpoints/P3_MEAN_ROLLOUT_NONE/2025-08-17.json.gz,2f4f9a4026122912a89c8c72ad038e5800c9915099f69178e6fb714dafca7d91,64226,batch_log_or_checkpoint,只读冻结；未执行
A_route/problem3/02_batch_run/logs/checkpoints/P3_MEAN_ROLLOUT_NONE/2025-08-18.json.gz,0ef815cc2cdad215fa7e5282992647cc231d15923c31e8c0f4ecb078e61adeb5,64212,batch_log_or_checkpoint,只读冻结；未执行
A_route/problem3/02_batch_run/logs/checkpoints/P3_MEAN_ROLLOUT_NONE/2025-08-19.json.gz,26809ba269f43a22140128720de6f7a33229792d37be009e85b6a872c1046933,63705,batch_log_or_checkpoint,只读冻结；未执行
A_route/problem3/02_batch_run/logs/checkpoints/P3_MEAN_ROLLOUT_NONE/2025-08-20.json.gz,42df1f7130e5c4f8a0dcd84b29aa0ba8101438561c83b4c3bc96897ae9227f40,64618,batch_log_or_checkpoint,只读冻结；未执行
A_route/problem3/02_batch_run/logs/checkpoints/P3_MEAN_ROLLOUT_NONE/2025-08-21.json.gz,390814f5060688595a0a49e377578db6dec4621a1ec77278731272d7950b12f1,64186,batch_log_or_checkpoint,只读冻结；未执行
A_route/problem3/02_batch_run/logs/checkpoints/P3_MEAN_ROLLOUT_NONE/2025-08-22.json.gz,ea434f73f7ffcd87330ade3820c5f25d512291128b95ae9f38545f7aca60dd02,60152,batch_log_or_checkpoint,只读冻结；未执行
A_route/problem3/02_batch_run/logs/checkpoints/P3_MEAN_ROLLOUT_NONE/2025-08-23.json.gz,9b96ee65df43ee7f69f2108b64dd9fa80814382ac2ac0c6c1b6173afb16d8a14,59722,batch_log_or_checkpoint,只读冻结；未执行
A_route/problem3/02_batch_run/logs/checkpoints/P3_MEAN_ROLLOUT_NONE/2025-08-24.json.gz,d77f5cabd25c0c1b9e81d2c692ef6f3853fe1afdc7dfbd7e5147729c9a49a5be,63430,batch_log_or_checkpoint,只读冻结；未执行
A_route/problem3/02_batch_run/logs/checkpoints/P3_MEAN_ROLLOUT_NONE/2025-08-25.json.gz,2afd52432565ff91b376b73f71d2d508cb4e37ac23837eb039dad3ba608f2a01,64333,batch_log_or_checkpoint,只读冻结；未执行
A_route/problem3/02_batch_run/logs/checkpoints/P3_MEAN_ROLLOUT_NONE/2025-08-26.json.gz,35d4b4fd8f417292df90b380ad9d0404262e3733d7c4906f5a166ca5a03f129f,63104,batch_log_or_checkpoint,只读冻结；未执行
A_route/problem3/02_batch_run/logs/checkpoints/P3_MEAN_ROLLOUT_NONE/2025-08-27.json.gz,02029117a7c536e6c7a702aeda47d073194a233065d61f2b09e38f3d709bbe7f,64376,batch_log_or_checkpoint,只读冻结；未执行
A_route/problem3/02_batch_run/logs/checkpoints/P3_MEAN_ROLLOUT_NONE/2025-08-28.json.gz,3f295c8489ac61c7fd9dde7c17bb1b1ec035a99c0b1847701fc1d7a82c711834,64470,batch_log_or_checkpoint,只读冻结；未执行
A_route/problem3/02_batch_run/logs/checkpoints/P3_MEAN_ROLLOUT_NONE/2025-08-29.json.gz,98b170a97eba571421695d8abe6b238c50d9f71ce06bda456984fb5608e6c17c,59691,batch_log_or_checkpoint,只读冻结；未执行
A_route/problem3/02_batch_run/logs/checkpoints/P3_MEAN_ROLLOUT_NONE/2025-08-30.json.gz,58b5c5fb47aa2d81ad73d3402ec3c9f7fada97fe32f32a65330218f647d9c4c3,60198,batch_log_or_checkpoint,只读冻结；未执行
A_route/problem3/02_batch_run/logs/checkpoints/P3_MEAN_ROLLOUT_NONE/2025-08-31.json.gz,aedacc0cf3fcd8382ff3a088b64cb6d4e301f99fc943380fadff146a6453a380,63323,batch_log_or_checkpoint,只读冻结；未执行
A_route/problem3/02_batch_run/logs/checkpoints/P3_MEAN_ROLLOUT_NONE/2025-09-01.json.gz,e158824f17c85e7e56e07c8ff0f645ec8314a4cb1c2bc4a74295a23a627daa80,63780,batch_log_or_checkpoint,只读冻结；未执行
A_route/problem3/02_batch_run/logs/checkpoints/P3_MEAN_ROLLOUT_NONE/2025-09-02.json.gz,53e38d276720e3d013a34a2da7700d381ea7b73f398f1ae44424087d54de1ad6,63385,batch_log_or_checkpoint,只读冻结；未执行
A_route/problem3/02_batch_run/logs/checkpoints/P3_MEAN_ROLLOUT_NONE/2025-09-03.json.gz,36cb66dd3df1763cfce0ded212d0d5c247550128c22bc33f5cdb3c6dec5147a7,63021,batch_log_or_checkpoint,只读冻结；未执行
A_route/problem3/02_batch_run/logs/checkpoints/P3_MEAN_ROLLOUT_NONE/2025-09-04.json.gz,55b4e4198839c3e394b517af97c42109841921301f5c65a7c24b7a26a509f984,62670,batch_log_or_checkpoint,只读冻结；未执行
A_route/problem3/02_batch_run/logs/checkpoints/P3_MEAN_ROLLOUT_NONE/2025-09-05.json.gz,667f2c47e7ff30ae9bd16c02ffc245a824367ff9b8787470d2ba351beac06b59,58583,batch_log_or_checkpoint,只读冻结；未执行
A_route/problem3/02_batch_run/logs/checkpoints/P3_MEAN_ROLLOUT_NONE/2025-09-06.json.gz,7bedb090c0cf196a101da1c2ac21305343f9581267d9a0f6cb785ac0e89b1dba,58700,batch_log_or_checkpoint,只读冻结；未执行
A_route/problem3/02_batch_run/logs/checkpoints/P3_MEAN_ROLLOUT_NONE/2025-09-07.json.gz,20085857b2e166f55c32223037a51e587deb5c994200e0def9ea05a810de6a3a,62800,batch_log_or_checkpoint,只读冻结；未执行
A_route/problem3/02_batch_run/logs/checkpoints/P3_MEAN_ROLLOUT_NONE/2025-09-08.json.gz,3bc468a8d54f56012fd3ba53b919dbfe82b05c44c76ee219750df922460377c4,64002,batch_log_or_checkpoint,只读冻结；未执行
A_route/problem3/02_batch_run/logs/checkpoints/P3_MEAN_ROLLOUT_NONE/2025-09-09.json.gz,f73b3c77ed18a0e2855b20a4a939325aa2fef069059eedf45a819d5e1006e50e,62849,batch_log_or_checkpoint,只读冻结；未执行
A_route/problem3/02_batch_run/logs/checkpoints/P3_MEAN_ROLLOUT_NONE/2025-09-10.json.gz,c04e6afe4776808dbf650b6b8ab13a0123fae70098ff629d82bf09912cf2e362,64473,batch_log_or_checkpoint,只读冻结；未执行
A_route/problem3/02_batch_run/logs/checkpoints/P3_MEAN_ROLLOUT_NONE/2025-09-11.json.gz,082f248289d065ad89ad5213cd335c3f20ae656785315980531981cc509d3134,63404,batch_log_or_checkpoint,只读冻结；未执行
A_route/problem3/02_batch_run/logs/checkpoints/P3_MEAN_ROLLOUT_NONE/2025-09-12.json.gz,bdb36818324669f6b231059d978c4559e97ca78190e3ff2310514262abcf75ee,59043,batch_log_or_checkpoint,只读冻结；未执行
A_route/problem3/02_batch_run/logs/checkpoints/P3_MEAN_ROLLOUT_NONE/2025-09-13.json.gz,3e86c8d067a30efed4dbdafe49e665c26032f53689924017c0467a8a703c5d03,59223,batch_log_or_checkpoint,只读冻结；未执行
A_route/problem3/02_batch_run/logs/checkpoints/P3_MEAN_ROLLOUT_NONE/2025-09-14.json.gz,7e4d87b15bf58c3e56d20df23f2304c11fd6ab170bdaa942bf77d6c5da7c338e,63539,batch_log_or_checkpoint,只读冻结；未执行
A_route/problem3/02_batch_run/logs/checkpoints/P3_MEAN_ROLLOUT_NONE/2025-09-15.json.gz,94aebc655fbe83648c52d719a5a06ed510aec14c104cf38174852b73dfe88891,62297,batch_log_or_checkpoint,只读冻结；未执行
A_route/problem3/02_batch_run/logs/checkpoints/P3_MEAN_ROLLOUT_NONE/2025-09-16.json.gz,ae5f2c59a5da57519ff83575b6d1aa4111488ea371b1d384f8c1bfc864895633,64103,batch_log_or_checkpoint,只读冻结；未执行
A_route/problem3/02_batch_run/logs/checkpoints/P3_MEAN_ROLLOUT_NONE/2025-09-17.json.gz,e6025d3057f296e793f22c9d70b58eaad7d63f64471d525d9542a1fbc93f414a,63325,batch_log_or_checkpoint,只读冻结；未执行
A_route/problem3/02_batch_run/logs/checkpoints/P3_MEAN_ROLLOUT_NONE/2025-09-18.json.gz,2be9590987e489c238f32060c9c70c09831c3cb97cfb82baf3f16b351b9f7252,63169,batch_log_or_checkpoint,只读冻结；未执行
A_route/problem3/02_batch_run/logs/checkpoints/P3_MEAN_ROLLOUT_NONE/2025-09-19.json.gz,58e45490ae39bbf7603b34369b131b626418381d4367b4b4dabe3d2e6ade5357,59157,batch_log_or_checkpoint,只读冻结；未执行
A_route/problem3/02_batch_run/logs/checkpoints/P3_MEAN_ROLLOUT_NONE/2025-09-20.json.gz,2aa28c4f020bc87db574b52a5b76f406219e4868c17e742577d264379123a762,59049,batch_log_or_checkpoint,只读冻结；未执行
A_route/problem3/02_batch_run/logs/checkpoints/P3_MEAN_ROLLOUT_NONE/2025-09-21.json.gz,dfff97af2676e93eb77892a6d402340727b5d96a6ebe7985921c89eb4ac7b053,63425,batch_log_or_checkpoint,只读冻结；未执行
A_route/problem3/02_batch_run/logs/checkpoints/P3_MEAN_ROLLOUT_NONE/2025-09-22.json.gz,9196f64b24983924a76c1996af09e2ad1ae279d059bfcd06f1a3108174ef5951,63529,batch_log_or_checkpoint,只读冻结；未执行
A_route/problem3/02_batch_run/logs/checkpoints/P3_MEAN_ROLLOUT_NONE/2025-09-23.json.gz,dce73e11c15a832c0007dbf67a9f6d568153f43ca949df5986ece0f53167a619,63525,batch_log_or_checkpoint,只读冻结；未执行
A_route/problem3/02_batch_run/logs/checkpoints/P3_MEAN_ROLLOUT_NONE/2025-09-24.json.gz,f15b41644917c0f9343fa04d7521cb19f6c05ef3446feb0fdbbd1c9677e6270b,63143,batch_log_or_checkpoint,只读冻结；未执行
A_route/problem3/02_batch_run/logs/checkpoints/P3_MEAN_ROLLOUT_NONE/2025-09-25.json.gz,15e0d5b941c77766fd9b96ec92db20abe985f51ff5c6426ce0fa07bad776cba8,64005,batch_log_or_checkpoint,只读冻结；未执行
A_route/problem3/02_batch_run/logs/checkpoints/P3_MEAN_ROLLOUT_NONE/2025-09-26.json.gz,0d7ef2f5a5c305d4cfddb065c4c2780193100e6bf93d7e13680151d5e18894c5,60057,batch_log_or_checkpoint,只读冻结；未执行
A_route/problem3/02_batch_run/logs/checkpoints/P3_MEAN_ROLLOUT_NONE/2025-09-27.json.gz,183c8e45f0fd45c7de7013164308e17ff2bf8500caf1685bebf39ae44fea4230,59376,batch_log_or_checkpoint,只读冻结；未执行
A_route/problem3/02_batch_run/logs/checkpoints/P3_MEAN_ROLLOUT_NONE/2025-09-28.json.gz,5c0d796907a19694a93cef0793761b470ff35bf82e9e9f87e11533c0e56d77c6,63556,batch_log_or_checkpoint,只读冻结；未执行
A_route/problem3/02_batch_run/logs/checkpoints/P3_MEAN_ROLLOUT_NONE/2025-09-29.json.gz,7b4e394b1b1f8275c3b5a7ed943b01da0d91190a8e2b31f9d6d4f92cb02cdbd8,63455,batch_log_or_checkpoint,只读冻结；未执行
A_route/problem3/02_batch_run/logs/checkpoints/P3_MEAN_ROLLOUT_NONE/2025-09-30.json.gz,5f412de706aa2cf452b641f971bd597e52ace577ba798cb9eaf58b10a9d29649,63694,batch_log_or_checkpoint,只读冻结；未执行
A_route/problem3/02_batch_run/logs/checkpoints/P3_MEAN_ROLLOUT_NONE/2025-10-01.json.gz,f159f08aa8a947d385ff688da746eb3bc7a4f4313a3aca1bd7f140a12789d758,63254,batch_log_or_checkpoint,只读冻结；未执行
A_route/problem3/02_batch_run/logs/checkpoints/P3_MEAN_ROLLOUT_NONE/2025-10-02.json.gz,8cfe493551c98f92ce0efa64692138f726182be7a23dbf21f174bcc90cdfc9c0,63215,batch_log_or_checkpoint,只读冻结；未执行
A_route/problem3/02_batch_run/logs/checkpoints/P3_MEAN_ROLLOUT_NONE/2025-10-03.json.gz,2d0155f98e6e37b9cb1fb30b6f7959fbfb695fb7d16c9cf5d062688dc41c3158,58702,batch_log_or_checkpoint,只读冻结；未执行
A_route/problem3/02_batch_run/logs/checkpoints/P3_MEAN_ROLLOUT_NONE/2025-10-04.json.gz,0201ee19e955a36cf8f4c2b13b574efb6435239f4ac7fdd41bee74e7d4b1b8cb,60582,batch_log_or_checkpoint,只读冻结；未执行
A_route/problem3/02_batch_run/logs/checkpoints/P3_MEAN_ROLLOUT_NONE/2025-10-05.json.gz,9d7bba6bfb122c62708936fd85b7fe861222d4ee0f817b454fa93764a53e293b,63162,batch_log_or_checkpoint,只读冻结；未执行
A_route/problem3/02_batch_run/logs/checkpoints/P3_MEAN_ROLLOUT_NONE/2025-10-06.json.gz,63b4d4630161d7d5e22e75589edff096890d85fc6c9d2106d398af42dc93dc0c,62894,batch_log_or_checkpoint,只读冻结；未执行
A_route/problem3/02_batch_run/logs/checkpoints/P3_MEAN_ROLLOUT_NONE/2025-10-07.json.gz,ad265e775bab8ce07ae713d00a2d7d0614466c0cf6904d830d28139e89176cd5,63361,batch_log_or_checkpoint,只读冻结；未执行
A_route/problem3/02_batch_run/logs/checkpoints/P3_MEAN_ROLLOUT_NONE/2025-10-08.json.gz,775135746fe7a48841feffea19dedbd4737c412b40936601e9b0cc2db1a8e705,62709,batch_log_or_checkpoint,只读冻结；未执行
A_route/problem3/02_batch_run/logs/checkpoints/P3_MEAN_ROLLOUT_NONE/2025-10-09.json.gz,e35290917fd8f3e18def82c357de7c313bcf717b227d7934a1bc8dc97824d656,63218,batch_log_or_checkpoint,只读冻结；未执行
A_route/problem3/02_batch_run/logs/checkpoints/P3_MEAN_ROLLOUT_NONE/2025-10-10.json.gz,eec5c293b32789eed9b4bacf26823b37290c8cb91768a8033e63687815b8a8c9,59047,batch_log_or_checkpoint,只读冻结；未执行
A_route/problem3/02_batch_run/logs/checkpoints/P3_MEAN_ROLLOUT_NONE/2025-10-11.json.gz,00aaf2cac8132451134d7eb10df04a1f0df37ce97d20c2631e7f18ddbcac8eff,59075,batch_log_or_checkpoint,只读冻结；未执行
A_route/problem3/02_batch_run/logs/checkpoints/P3_MEAN_ROLLOUT_NONE/2025-10-12.json.gz,17d99b0304aaaba54a8059f2c3a5094a7c8a5ca643e3f74a5fb5d1aa25f71b01,63426,batch_log_or_checkpoint,只读冻结；未执行
A_route/problem3/02_batch_run/logs/checkpoints/P3_MEAN_ROLLOUT_NONE/2025-10-13.json.gz,7ca29a1a7842d402f3fae316bf34de356b4712a157fa08681a2245314c03963a,62620,batch_log_or_checkpoint,只读冻结；未执行
A_route/problem3/02_batch_run/logs/checkpoints/P3_MEAN_ROLLOUT_NONE/2025-10-14.json.gz,43be45a233c335422c72349243368a899df61a6d8c7f8f9f73eb03ce1623ca66,63161,batch_log_or_checkpoint,只读冻结；未执行
A_route/problem3/02_batch_run/logs/checkpoints/P3_MEAN_ROLLOUT_NONE/2025-10-15.json.gz,758cb404c4bd36674f7dca6e9c4e885f2f40adaeb5a9706f29e3b5d833aac9dd,63067,batch_log_or_checkpoint,只读冻结；未执行
A_route/problem3/02_batch_run/logs/checkpoints/P3_MEAN_ROLLOUT_NONE/2025-10-16.json.gz,ae85d63d9b77dae57f89f5959e3e1c39c74bfc5573d886b91dba56fdcc943dc2,63453,batch_log_or_checkpoint,只读冻结；未执行
A_route/problem3/02_batch_run/logs/checkpoints/P3_MEAN_ROLLOUT_NONE/2025-10-17.json.gz,da3176e2ae2f3b5b3fe24f31034944c681a1e879eb98bf40eafb7c9d1c8197e9,58680,batch_log_or_checkpoint,只读冻结；未执行
A_route/problem3/02_batch_run/logs/checkpoints/P3_MEAN_ROLLOUT_NONE/2025-10-18.json.gz,5cb03f59fd5e684d60a925d0eaf56887f15c0ee546db94cd6529c8a4d8ed9174,59485,batch_log_or_checkpoint,只读冻结；未执行
A_route/problem3/02_batch_run/logs/checkpoints/P3_MEAN_ROLLOUT_NONE/2025-10-19.json.gz,a813708fe9c129efc10936570e9d6d573d47ec9e4c4a4ae2903c8cf6a07e6aec,62992,batch_log_or_checkpoint,只读冻结；未执行
A_route/problem3/02_batch_run/logs/checkpoints/P3_MEAN_ROLLOUT_NONE/2025-10-20.json.gz,0412d3b44b3d87025d57faa8c24cb7c0bfd916bea931f47b6a01e9f95eaa4b2f,63002,batch_log_or_checkpoint,只读冻结；未执行
A_route/problem3/02_batch_run/logs/checkpoints/P3_MEAN_ROLLOUT_NONE/2025-10-21.json.gz,4a88232e319340fe8932f901f6dbf2638657a25e36e3e8da583ecc872613c69a,63769,batch_log_or_checkpoint,只读冻结；未执行
A_route/problem3/02_batch_run/logs/checkpoints/P3_MEAN_ROLLOUT_NONE/2025-10-22.json.gz,eb3653e37dffb39b54bc82c2fa55c05cd193e8e15101f6e3965556f8dab1ddd9,63540,batch_log_or_checkpoint,只读冻结；未执行
A_route/problem3/02_batch_run/logs/checkpoints/P3_MEAN_ROLLOUT_NONE/2025-10-23.json.gz,241dec9abc1d894074a0467bf26e38546ccc4800fc215cca974393a0f8726c7e,63363,batch_log_or_checkpoint,只读冻结；未执行
A_route/problem3/02_batch_run/logs/checkpoints/P3_MEAN_ROLLOUT_NONE/2025-10-24.json.gz,3185985495ba91c16bce602dce1da6eaa6d5ef091145a23d78df26c40d94a346,58840,batch_log_or_checkpoint,只读冻结；未执行
A_route/problem3/02_batch_run/logs/checkpoints/P3_MEAN_ROLLOUT_NONE/2025-10-25.json.gz,ca8895c2db991e8d0ecbe383d4ac30b7aa61936d9cd392882c71f16ba472e63a,60391,batch_log_or_checkpoint,只读冻结；未执行
A_route/problem3/02_batch_run/logs/checkpoints/P3_MEAN_ROLLOUT_NONE/2025-10-26.json.gz,a8b632f6efe9319e7a11e4bfaf3566724c33b5bdbb199d91ab53bf005ebbace2,63247,batch_log_or_checkpoint,只读冻结；未执行
A_route/problem3/02_batch_run/logs/checkpoints/P3_MEAN_ROLLOUT_NONE/2025-10-27.json.gz,2edbeab43a93d40cc886dee19a1ab3c2789641f33f1442843ccdefc329211f28,62899,batch_log_or_checkpoint,只读冻结；未执行
A_route/problem3/02_batch_run/logs/checkpoints/P3_MEAN_ROLLOUT_NONE/2025-10-28.json.gz,4efefd1ef03317893ffad12dbe56ef3991ca9db3fcf408784bd814bb219d575e,63094,batch_log_or_checkpoint,只读冻结；未执行
A_route/problem3/02_batch_run/logs/checkpoints/P3_MEAN_ROLLOUT_NONE/2025-10-29.json.gz,3bdda6c054d009eafc9eec5370936d305a2e2a762ca367295075f00576203c02,63453,batch_log_or_checkpoint,只读冻结；未执行
A_route/problem3/02_batch_run/logs/checkpoints/P3_MEAN_ROLLOUT_NONE/2025-10-30.json.gz,5ead2bf6831c4330ce69e0cf78932e312924aec5e9a7c814c6612641dfd05b71,63347,batch_log_or_checkpoint,只读冻结；未执行
A_route/problem3/02_batch_run/logs/checkpoints/P3_MEAN_ROLLOUT_NONE/2025-10-31.json.gz,b64167e757222289f9736306ed7f8fd0d905db83bf2cd18954bf79ef57fd8e37,59922,batch_log_or_checkpoint,只读冻结；未执行
A_route/problem3/02_batch_run/logs/checkpoints/P3_MEAN_ROLLOUT_NONE/2025-11-01.json.gz,4846782d9ca2b6397e6687b673d2576d663870162d48b0d2c2013ec2c45438c8,59291,batch_log_or_checkpoint,只读冻结；未执行
A_route/problem3/02_batch_run/logs/checkpoints/P3_MEAN_ROLLOUT_NONE/2025-11-02.json.gz,6ee52ba7f0c990e96e0587f64f31c2a8d8e5386061daf3be9190fc7079bb2e76,63267,batch_log_or_checkpoint,只读冻结；未执行
A_route/problem3/02_batch_run/logs/checkpoints/P3_MEAN_ROLLOUT_NONE/2025-11-03.json.gz,cef7e58dd4c8a2130610022c583b7eea5e0f9d1b945eca676f01e353ffe2cc67,63477,batch_log_or_checkpoint,只读冻结；未执行
A_route/problem3/02_batch_run/logs/checkpoints/P3_MEAN_ROLLOUT_NONE/2025-11-04.json.gz,5d2d38cf024052c74bf55382531c12fd7d2c9ebb2b39dab342cacd31c43d960b,63010,batch_log_or_checkpoint,只读冻结；未执行
A_route/problem3/02_batch_run/logs/checkpoints/P3_MEAN_ROLLOUT_NONE/2025-11-05.json.gz,11c0f3d7949a97b87a9d28d66d6ebeb725c01c5747438f5f7e948ddfda4fed59,62837,batch_log_or_checkpoint,只读冻结；未执行
A_route/problem3/02_batch_run/logs/checkpoints/P3_MEAN_ROLLOUT_NONE/2025-11-06.json.gz,ad278a61137aa46550135610d386f8d4b52cd03fd31af6fc325881b6a3ec0996,63277,batch_log_or_checkpoint,只读冻结；未执行
A_route/problem3/02_batch_run/logs/checkpoints/P3_MEAN_ROLLOUT_NONE/2025-11-07.json.gz,fb50455e4b42ee486cef380df91318c21e6457b3e1da5fbcf22736a227974fad,59394,batch_log_or_checkpoint,只读冻结；未执行
A_route/problem3/02_batch_run/logs/checkpoints/P3_MEAN_ROLLOUT_NONE/2025-11-08.json.gz,9da20dc9f55f1739500ba7f2ab1cafa5398da970dac254bccf2f52c7737a1a58,60196,batch_log_or_checkpoint,只读冻结；未执行
A_route/problem3/02_batch_run/logs/checkpoints/P3_MEAN_ROLLOUT_NONE/2025-11-09.json.gz,e04728d0da9e7c59de45d595436db734e2e9f0812d908e62c41a4236b8fa0f6b,63948,batch_log_or_checkpoint,只读冻结；未执行
A_route/problem3/02_batch_run/logs/checkpoints/P3_MEAN_ROLLOUT_NONE/2025-11-10.json.gz,ed06e40e2994781c195cb5ae1f97f6abbe43652a499aae7e57dd565c8d385db0,63201,batch_log_or_checkpoint,只读冻结；未执行
A_route/problem3/02_batch_run/logs/checkpoints/P3_MEAN_ROLLOUT_NONE/2025-11-11.json.gz,12316b359fd6a8da55a1c475717943c848419ca09bb4b5f0fe57b733f960e02c,63320,batch_log_or_checkpoint,只读冻结；未执行
A_route/problem3/02_batch_run/logs/checkpoints/P3_MEAN_ROLLOUT_NONE/2025-11-12.json.gz,a8eb0dcaebda07e385b5e55701a849d3f833af3e2eea19d58a3dff8a3f1a440d,63381,batch_log_or_checkpoint,只读冻结；未执行
A_route/problem3/02_batch_run/logs/checkpoints/P3_MEAN_ROLLOUT_NONE/2025-11-13.json.gz,c987b90bb799bb5da5899681fb7182104036d712e8ded85ed1e2b3ca0da0bb50,63608,batch_log_or_checkpoint,只读冻结；未执行
A_route/problem3/02_batch_run/logs/checkpoints/P3_MEAN_ROLLOUT_NONE/2025-11-14.json.gz,f7f97729e2f4a7694497548e26e28cfa4e0ec0d7810030eade450b86b759d09b,59882,batch_log_or_checkpoint,只读冻结；未执行
A_route/problem3/02_batch_run/logs/checkpoints/P3_MEAN_ROLLOUT_NONE/2025-11-15.json.gz,a0c19128c8384ce5ed1a557e79e99bda8fd441fb9e477c7a03bee8f8a3328870,60669,batch_log_or_checkpoint,只读冻结；未执行
A_route/problem3/02_batch_run/logs/checkpoints/P3_MEAN_ROLLOUT_NONE/2025-11-16.json.gz,bae44b3eb90c04ac51b9bdf00265ec08636ff917abc3bcbf76510cc782ee35fa,63677,batch_log_or_checkpoint,只读冻结；未执行
A_route/problem3/02_batch_run/logs/checkpoints/P3_MEAN_ROLLOUT_NONE/2025-11-17.json.gz,a3f628da77efd393a036ab4325140a94bd8b739ab48ec76974f1c9cc82c2aa5e,63279,batch_log_or_checkpoint,只读冻结；未执行
A_route/problem3/02_batch_run/logs/checkpoints/P3_MEAN_ROLLOUT_NONE/2025-11-18.json.gz,cd0959d9131d58912e462a48ef499245e258a8ac35bd35fdb00a789fa99d1d93,63838,batch_log_or_checkpoint,只读冻结；未执行
A_route/problem3/02_batch_run/logs/checkpoints/P3_MEAN_ROLLOUT_NONE/2025-11-19.json.gz,06efe55301e97569ea5d950126669ff2b3c3609e6837332889b23dc2ddc76c51,63736,batch_log_or_checkpoint,只读冻结；未执行
A_route/problem3/02_batch_run/logs/checkpoints/P3_MEAN_ROLLOUT_NONE/2025-11-20.json.gz,64f3dadd2dc6a31ccaf89891aa000eb7891e72016d56e0d540f560ae9af9ca2e,63637,batch_log_or_checkpoint,只读冻结；未执行
A_route/problem3/02_batch_run/logs/checkpoints/P3_MEAN_ROLLOUT_NONE/2025-11-21.json.gz,53e2ea6f47610d424c875bf901b084d957dbffae3db568bdf8716286fff3659a,59734,batch_log_or_checkpoint,只读冻结；未执行
A_route/problem3/02_batch_run/logs/checkpoints/P3_MEAN_ROLLOUT_NONE/2025-11-22.json.gz,b702853d7772237586c8a0b055e34cb99d2309f5e25ebbea95237f9498ca4dc5,60999,batch_log_or_checkpoint,只读冻结；未执行
A_route/problem3/02_batch_run/logs/checkpoints/P3_MEAN_ROLLOUT_NONE/2025-11-23.json.gz,094fc3ee8014169a191a81ed1b66de99a01af9d571075f709de43b62f373c79f,63418,batch_log_or_checkpoint,只读冻结；未执行
A_route/problem3/02_batch_run/logs/checkpoints/P3_MEAN_ROLLOUT_NONE/2025-11-24.json.gz,879fab597a39f2af4f1c1b9f10e9f05e73f5bee8e56e5d0df7963a99c555de1e,63204,batch_log_or_checkpoint,只读冻结；未执行
A_route/problem3/02_batch_run/logs/checkpoints/P3_MEAN_ROLLOUT_NONE/2025-11-25.json.gz,a8abb1d9cb32444b786e9d8fd0afbf9256e2c26ed2ff41bcef373a62f6afdf27,63635,batch_log_or_checkpoint,只读冻结；未执行
A_route/problem3/02_batch_run/logs/checkpoints/P3_MEAN_ROLLOUT_NONE/2025-11-26.json.gz,cd50758d7c1f482ceb67f49a6490dda6aa30362ffa0835971809d1686b82c87b,63564,batch_log_or_checkpoint,只读冻结；未执行
A_route/problem3/02_batch_run/logs/checkpoints/P3_MEAN_ROLLOUT_NONE/2025-11-27.json.gz,12343c3a281335b21d01a246da9edd23058fde01cbc86e212c5099676f0fea89,62938,batch_log_or_checkpoint,只读冻结；未执行
A_route/problem3/02_batch_run/logs/checkpoints/P3_MEAN_ROLLOUT_NONE/2025-11-28.json.gz,4a9202bdbfc5edeceb22d17afd652f0b45432a92d1d2b54770b27f1f39f90ffc,60631,batch_log_or_checkpoint,只读冻结；未执行
A_route/problem3/02_batch_run/logs/checkpoints/P3_MEAN_ROLLOUT_NONE/2025-11-29.json.gz,97ba854e3d22b94ce774dc614dcae34eb6aac1bce656797ac0dd4360134c6aa2,61701,batch_log_or_checkpoint,只读冻结；未执行
A_route/problem3/02_batch_run/logs/checkpoints/P3_MEAN_ROLLOUT_NONE/2025-11-30.json.gz,4487cd4697671d1570e6bda7724162d1a144e67dff207816a9f117e0f12576c0,63633,batch_log_or_checkpoint,只读冻结；未执行
A_route/problem3/02_batch_run/logs/checkpoints/P3_MEAN_ROLLOUT_NONE/2025-12-01.json.gz,20e6ac6216bbb0982a62c7f8ff4151a3c05b86229c50d7a7dd7363028bdb8935,64353,batch_log_or_checkpoint,只读冻结；未执行
A_route/problem3/02_batch_run/logs/checkpoints/P3_MEAN_ROLLOUT_NONE/2025-12-02.json.gz,5361ba26be185de06d087083be126ab8af7f37f79f4423ee7f2c57fa35f89e95,63846,batch_log_or_checkpoint,只读冻结；未执行
A_route/problem3/02_batch_run/logs/checkpoints/P3_MEAN_ROLLOUT_NONE/2025-12-03.json.gz,d39402c3f6794d1f1c1abc8afc8864c529d910dd6eb402e79a92bfa5471a310e,64039,batch_log_or_checkpoint,只读冻结；未执行
A_route/problem3/02_batch_run/logs/checkpoints/P3_MEAN_ROLLOUT_NONE/2025-12-04.json.gz,42b1ed1216f648b687faf0ecc0f7183e90f75633ecd48e9144dac0e86566d4f2,63788,batch_log_or_checkpoint,只读冻结；未执行
A_route/problem3/02_batch_run/logs/checkpoints/P3_MEAN_ROLLOUT_NONE/2025-12-05.json.gz,de7b0f5def8e1a7ca17d4c1bbd36d8134d975885cac318fcd02a49e170a33e2c,62721,batch_log_or_checkpoint,只读冻结；未执行
A_route/problem3/02_batch_run/logs/checkpoints/P3_MEAN_ROLLOUT_NONE/2025-12-06.json.gz,5a7e81fa763d4857744c3f2282196500093550c7164d801ffc3345a33a2f884d,63043,batch_log_or_checkpoint,只读冻结；未执行
A_route/problem3/02_batch_run/logs/checkpoints/P3_MEAN_ROLLOUT_NONE/2025-12-07.json.gz,43b8ab30453a9c9b6059c35e853bca1890464112aeccf1a97c230b826e590899,63597,batch_log_or_checkpoint,只读冻结；未执行
A_route/problem3/02_batch_run/logs/checkpoints/P3_MEAN_ROLLOUT_NONE/2025-12-08.json.gz,e5eb26ab78e9b22f6fe3c992ee00910aa747bd87c994d472698c02510d6411c0,63983,batch_log_or_checkpoint,只读冻结；未执行
A_route/problem3/02_batch_run/logs/checkpoints/P3_MEAN_ROLLOUT_NONE/2025-12-09.json.gz,c9bfece01640b38ffb04492e481ef79c6e8668082d0ecb3b7142cd05e376a129,63763,batch_log_or_checkpoint,只读冻结；未执行
A_route/problem3/02_batch_run/logs/checkpoints/P3_MEAN_ROLLOUT_NONE/2025-12-10.json.gz,3f2d4edf0328c9f72a0065ecd2df851938f9083d36dde766a5cec1d32bba8e25,63499,batch_log_or_checkpoint,只读冻结；未执行
A_route/problem3/02_batch_run/logs/checkpoints/P3_MEAN_ROLLOUT_NONE/2025-12-11.json.gz,8a745f24295fdfe2159966c849bbc9a73be1615faf9f5fdabe15fd81183f0206,63987,batch_log_or_checkpoint,只读冻结；未执行
A_route/problem3/02_batch_run/logs/checkpoints/P3_MEAN_ROLLOUT_NONE/2025-12-12.json.gz,9639709acb9e2f8535a7321e9c2d6e51674ccaf6cb15aced4c88f51fc2cbf9ae,62248,batch_log_or_checkpoint,只读冻结；未执行
A_route/problem3/02_batch_run/logs/checkpoints/P3_MEAN_ROLLOUT_NONE/2025-12-13.json.gz,4540202609cf57009e8c533e9a9eae00dfec68d5c40de65e6b1edb440647ea12,62127,batch_log_or_checkpoint,只读冻结；未执行
A_route/problem3/02_batch_run/logs/checkpoints/P3_MEAN_ROLLOUT_NONE/2025-12-14.json.gz,21aaf23711b0ee2e3a98141f04d03c0ca3cf97cc8ef35d6a4257a45d12738c74,63699,batch_log_or_checkpoint,只读冻结；未执行
A_route/problem3/02_batch_run/logs/checkpoints/P3_MEAN_ROLLOUT_NONE/2025-12-15.json.gz,6fb5ecd782f038b344294936911bc769abe3badcf7fbb7c917650830425f7ff3,64431,batch_log_or_checkpoint,只读冻结；未执行
A_route/problem3/02_batch_run/logs/checkpoints/P3_MEAN_ROLLOUT_NONE/2025-12-16.json.gz,cece79ece23b6a6b15f3d8b637422ecab5b8f74d31f8077b7eb9a3c22fa38c61,63797,batch_log_or_checkpoint,只读冻结；未执行
A_route/problem3/02_batch_run/logs/checkpoints/P3_MEAN_ROLLOUT_NONE/2025-12-17.json.gz,d5b7cb0c36e7204e38ec2ffabb5094b72b5fa5a686bf3e6cbeb51b873830f743,63493,batch_log_or_checkpoint,只读冻结；未执行
A_route/problem3/02_batch_run/logs/checkpoints/P3_MEAN_ROLLOUT_NONE/2025-12-18.json.gz,764a2ef08a7ccb1deb88d620cfa0fdbf3c85bf08e6e67d737381154241f59e69,63815,batch_log_or_checkpoint,只读冻结；未执行
A_route/problem3/02_batch_run/logs/checkpoints/P3_MEAN_ROLLOUT_NONE/2025-12-19.json.gz,d7d681c8a907a3f0824809cda986bb19056c9fe81f46e6e3e1bf394b83b94510,62407,batch_log_or_checkpoint,只读冻结；未执行
A_route/problem3/02_batch_run/logs/checkpoints/P3_MEAN_ROLLOUT_NONE/2025-12-20.json.gz,82b42864fa864c18fe2a2d990a2290fdb810486f7dcd4ff7b4881ba3d4c07dd0,62464,batch_log_or_checkpoint,只读冻结；未执行
A_route/problem3/02_batch_run/logs/checkpoints/P3_MEAN_ROLLOUT_NONE/2025-12-21.json.gz,3ce825b9effa47dc6b6fc89a934d16ef21de4de770208f405ffd03a79cb50bcd,63633,batch_log_or_checkpoint,只读冻结；未执行
A_route/problem3/02_batch_run/logs/checkpoints/P3_MEAN_ROLLOUT_NONE/2025-12-22.json.gz,0903430d23e7ae073aca4b013437b4d07cd45f2306064c358c6f125a6d57c64a,63923,batch_log_or_checkpoint,只读冻结；未执行
A_route/problem3/02_batch_run/logs/checkpoints/P3_MEAN_ROLLOUT_NONE/2025-12-23.json.gz,d7aae08f45c7d3b29abe6dedc913c9a4e770fc4b10deea11bd988fc5d432355b,63972,batch_log_or_checkpoint,只读冻结；未执行
A_route/problem3/02_batch_run/logs/checkpoints/P3_MEAN_ROLLOUT_NONE/2025-12-24.json.gz,6e79739bae99eaba6eb42033d9ec06653db5217f24639602a029616b3e7f64bb,63565,batch_log_or_checkpoint,只读冻结；未执行
A_route/problem3/02_batch_run/logs/checkpoints/P3_MEAN_ROLLOUT_NONE/2025-12-25.json.gz,b5262bafc23af5eea0737004fd0995aa097e367449c673870f294c836b330a8e,64057,batch_log_or_checkpoint,只读冻结；未执行
A_route/problem3/02_batch_run/logs/checkpoints/P3_MEAN_ROLLOUT_NONE/2025-12-26.json.gz,16817789aaf034702fa25c4acd5eb0e8e87ca9757247fb74093b140a73a490c5,62147,batch_log_or_checkpoint,只读冻结；未执行
A_route/problem3/02_batch_run/logs/checkpoints/P3_MEAN_ROLLOUT_NONE/2025-12-27.json.gz,f60c58f0bc638d902564aee404c9f92ee3c1895aaba8e955f93cd91a6e173896,62066,batch_log_or_checkpoint,只读冻结；未执行
A_route/problem3/02_batch_run/logs/checkpoints/P3_MEAN_ROLLOUT_NONE/2025-12-28.json.gz,a332d98842251fa541c3bdbfad5c91e9676df94866703336c5a38d00cdea9d3d,63680,batch_log_or_checkpoint,只读冻结；未执行
A_route/problem3/02_batch_run/logs/checkpoints/P3_MEAN_ROLLOUT_NONE/2025-12-29.json.gz,79a098d9003e12e95231cb17c1319721f4db2ead6a1db62be50d54312f9e9da9,63476,batch_log_or_checkpoint,只读冻结；未执行
A_route/problem3/02_batch_run/logs/checkpoints/P3_MEAN_ROLLOUT_NONE/2025-12-30.json.gz,23cf9495d8c3b1f2962807e532e188b9b249267e9de155831ef15a8702582440,63355,batch_log_or_checkpoint,只读冻结；未执行
A_route/problem3/02_batch_run/logs/checkpoints/P3_MEAN_ROLLOUT_NONE/2025-12-31.json.gz,b04d7a59e5fd9b88afdd9c996bd792e81da7c50a3d8b7b6a05a4278652dfd8cd,63763,batch_log_or_checkpoint,只读冻结；未执行
A_route/problem3/02_batch_run/logs/checkpoints/P3_NO_PREFIX_061218/2025-02-01.json.gz,f5a13de99020836725a60cdef7bda42c8e54deb235e86efc6cb6dc3ca349de81,262300,batch_log_or_checkpoint,只读冻结；未执行
A_route/problem3/02_batch_run/logs/checkpoints/P3_NO_PREFIX_061218/2025-02-02.json.gz,2f6d5b8ec722389103f269e432dd9530407e2e83466c3c549225e9972d4df9b1,276773,batch_log_or_checkpoint,只读冻结；未执行
A_route/problem3/02_batch_run/logs/checkpoints/P3_NO_PREFIX_061218/2025-02-03.json.gz,03f93b1872c4302e9637d587a4b2d6b9b649bd955a1601a12526fe7093ea299c,286725,batch_log_or_checkpoint,只读冻结；未执行
A_route/problem3/02_batch_run/logs/checkpoints/P3_NO_PREFIX_061218/2025-02-04.json.gz,22ab40290033b7aed9025d07570e57905f4380e6bb41cfcf32d21b04743a3668,297437,batch_log_or_checkpoint,只读冻结；未执行
A_route/problem3/02_batch_run/logs/checkpoints/P3_NO_PREFIX_061218/2025-02-05.json.gz,e3f8a41fcfec12e269ff65b26cd4e46f4f8c344f4d491dd0eb6947214b3f6c21,310316,batch_log_or_checkpoint,只读冻结；未执行
A_route/problem3/02_batch_run/logs/checkpoints/P3_NO_PREFIX_061218/2025-02-06.json.gz,7a823d5d3b6f4a883990f9f5ad6172bf3297d5dc7135106f79c160142730bec1,302311,batch_log_or_checkpoint,只读冻结；未执行
A_route/problem3/02_batch_run/logs/checkpoints/P3_NO_PREFIX_061218/2025-02-07.json.gz,5b3e61cc04afafd308edb5963f94cfe9470b8097a7deaaa252fa8ba868a2b889,298689,batch_log_or_checkpoint,只读冻结；未执行
A_route/problem3/02_batch_run/logs/checkpoints/P3_NO_PREFIX_061218/2025-02-08.json.gz,42efff3667857e589f136d1aa0978ddf05a9535faa64f14c04a083363909f696,307331,batch_log_or_checkpoint,只读冻结；未执行
A_route/problem3/02_batch_run/logs/checkpoints/P3_NO_PREFIX_061218/2025-02-09.json.gz,c332e8d48a36751e5036d9d65ee4e8c15a85690ea81f63f98b8b1f92b7012a90,307548,batch_log_or_checkpoint,只读冻结；未执行
A_route/problem3/02_batch_run/logs/checkpoints/P3_NO_PREFIX_061218/2025-02-10.json.gz,518db9a70bf62c5ed4f8379185e166cec92d00ca4d6a06b133352bc0f225fa47,308772,batch_log_or_checkpoint,只读冻结；未执行
A_route/problem3/02_batch_run/logs/checkpoints/P3_NO_PREFIX_061218/2025-02-11.json.gz,ae88475ed5e46a8e04ebf02772fab8554cf6c5512f9ccea5b22b60f5996804fb,304463,batch_log_or_checkpoint,只读冻结；未执行
A_route/problem3/02_batch_run/logs/checkpoints/P3_NO_PREFIX_061218/2025-02-12.json.gz,1045cd765f3828bebfe50d9eb94192ab59553a202ca62a8af1e756ab4d2face6,304587,batch_log_or_checkpoint,只读冻结；未执行
A_route/problem3/02_batch_run/logs/checkpoints/P3_NO_PREFIX_061218/2025-02-13.json.gz,0956980565c580dbc746b47f07da7944097fa2902aa9d3e4173feeb0c2837545,306784,batch_log_or_checkpoint,只读冻结；未执行
A_route/problem3/02_batch_run/logs/checkpoints/P3_NO_PREFIX_061218/2025-02-14.json.gz,ceff135c999e1481d219ec70bd4c55d53f7a07496c252e1d1278c50ee0dfc37f,300510,batch_log_or_checkpoint,只读冻结；未执行
A_route/problem3/02_batch_run/logs/checkpoints/P3_NO_PREFIX_061218/2025-02-15.json.gz,c2f3018aefaa75a9c870bc9c75cdebfe0904debaa2f99c480e034405d2964ee6,297965,batch_log_or_checkpoint,只读冻结；未执行
A_route/problem3/02_batch_run/logs/checkpoints/P3_NO_PREFIX_061218/2025-02-16.json.gz,110f9dcbfff509d856919d029ea4e9e717456b83b2efc35fd61236088ab320d8,304540,batch_log_or_checkpoint,只读冻结；未执行
A_route/problem3/02_batch_run/logs/checkpoints/P3_NO_PREFIX_061218/2025-02-17.json.gz,e2af8e9c5bedb4fa1a3449d8e589ba1b6e6bf2190889929492d7b7a0c399a45d,306438,batch_log_or_checkpoint,只读冻结；未执行
A_route/problem3/02_batch_run/logs/checkpoints/P3_NO_PREFIX_061218/2025-02-18.json.gz,8c61680650db5b78b8b41bdf0f344e4fbd2cc98234f31512778600d63af1b8db,311414,batch_log_or_checkpoint,只读冻结；未执行
A_route/problem3/02_batch_run/logs/checkpoints/P3_NO_PREFIX_061218/2025-02-19.json.gz,fde3bf6318c6f59a7aca04c3d92eca625c8b563b5d75c6440be09197b10d4722,309418,batch_log_or_checkpoint,只读冻结；未执行
A_route/problem3/02_batch_run/logs/checkpoints/P3_NO_PREFIX_061218/2025-02-20.json.gz,cfb56a8aa0c3d6e085bd0b247079a8bebaec9748365acfa84f0d4bf88476a949,307503,batch_log_or_checkpoint,只读冻结；未执行
A_route/problem3/02_batch_run/logs/checkpoints/P3_NO_PREFIX_061218/2025-02-21.json.gz,bd950245929ddf0f35186cf42e25371c16dc6c14f561e18a35fe77ce0f02d279,295652,batch_log_or_checkpoint,只读冻结；未执行
A_route/problem3/02_batch_run/logs/checkpoints/P3_NO_PREFIX_061218/2025-02-22.json.gz,f75135fd743b2c3aafd8ce5ab46b720ec5b103afe13ee87e1331260fd14ef604,302063,batch_log_or_checkpoint,只读冻结；未执行
A_route/problem3/02_batch_run/logs/checkpoints/P3_NO_PREFIX_061218/2025-02-23.json.gz,8dbb01ba0f4572fb6c038cbf43d6c00aaefe75f0a30a5a730ef2d3009405cc1c,309853,batch_log_or_checkpoint,只读冻结；未执行
A_route/problem3/02_batch_run/logs/checkpoints/P3_NO_PREFIX_061218/2025-02-24.json.gz,d4ba9ae072e2da26ad032c45a9364d80222989a843f8855f876b003a0c8d24cf,308303,batch_log_or_checkpoint,只读冻结；未执行
A_route/problem3/02_batch_run/logs/checkpoints/P3_NO_PREFIX_061218/2025-02-25.json.gz,b7072fefb22e3d5c4f01208c6ec2112a7cc702ed50c17cf1e8fa5b314931746b,308370,batch_log_or_checkpoint,只读冻结；未执行
A_route/problem3/02_batch_run/logs/checkpoints/P3_NO_PREFIX_061218/2025-02-26.json.gz,c8039677c8ddb9c01835c9eb7eae79d61956432b534d5ffbb7a485b26c420aa1,316979,batch_log_or_checkpoint,只读冻结；未执行
A_route/problem3/02_batch_run/logs/checkpoints/P3_NO_PREFIX_061218/2025-02-27.json.gz,112244a051d4548bbf6252b95b350a98bc94207829689b5673935d1d0161f5ce,306177,batch_log_or_checkpoint,只读冻结；未执行
A_route/problem3/02_batch_run/logs/checkpoints/P3_NO_PREFIX_061218/2025-02-28.json.gz,4764a1720816c317ef91f9a75ee785969e121219e55eb89e51fee9b0bd78c338,293407,batch_log_or_checkpoint,只读冻结；未执行
A_route/problem3/02_batch_run/logs/checkpoints/P3_NO_PREFIX_061218/2025-03-01.json.gz,11f9a8eb5a39459544ab0681d23195c72fa9f9ff1ed7b2421062c5070a50b6b2,297505,batch_log_or_checkpoint,只读冻结；未执行
A_route/problem3/02_batch_run/logs/checkpoints/P3_NO_PREFIX_061218/2025-03-02.json.gz,fb2f602a5f994b4203b499929ee95279c1829c505587c06a86f3ddb63f9aaf28,310821,batch_log_or_checkpoint,只读冻结；未执行
A_route/problem3/02_batch_run/logs/checkpoints/P3_NO_PREFIX_061218/2025-03-03.json.gz,8b8f3c092488e394f540566e0733293156912a2c547bac9f2759a5d0aa44d6cd,311625,batch_log_or_checkpoint,只读冻结；未执行
A_route/problem3/02_batch_run/logs/checkpoints/P3_NO_PREFIX_061218/2025-03-04.json.gz,e3222b688e295f44c1dbee206ff127b3f0ae5efcd3e8226d91a741698b1a6e31,310833,batch_log_or_checkpoint,只读冻结；未执行
A_route/problem3/02_batch_run/logs/checkpoints/P3_NO_PREFIX_061218/2025-03-05.json.gz,b0f86fae17bae23d3c4caf9b077d8b31c2b21792e20346e4ee61157dc3ba9b65,308187,batch_log_or_checkpoint,只读冻结；未执行
A_route/problem3/02_batch_run/logs/checkpoints/P3_NO_PREFIX_061218/2025-03-06.json.gz,55d7d508438a856020ba44033a7df343db75ad4a195064c260313635215186c5,305667,batch_log_or_checkpoint,只读冻结；未执行
A_route/problem3/02_batch_run/logs/checkpoints/P3_NO_PREFIX_061218/2025-03-07.json.gz,c918b5b3caa3b516abe0fea205104f7ab83ddf7204a7a73fda26d5cfe8c282c8,291070,batch_log_or_checkpoint,只读冻结；未执行
A_route/problem3/02_batch_run/logs/checkpoints/P3_NO_PREFIX_061218/2025-03-08.json.gz,eed05095078692b015aa138461efa19e615ede3d738bbb984ed89f81f71ad410,295969,batch_log_or_checkpoint,只读冻结；未执行
A_route/problem3/02_batch_run/logs/checkpoints/P3_NO_PREFIX_061218/2025-03-09.json.gz,0747971435ad4c3e19240ad80d6a3bbc39b09bf08d524a1fd646af2e65342f23,306577,batch_log_or_checkpoint,只读冻结；未执行
A_route/problem3/02_batch_run/logs/checkpoints/P3_NO_PREFIX_061218/2025-03-10.json.gz,faa093be3ff9bb5f868efab5897e186ef08a750721a6179ec3152c0b2bff86ce,310978,batch_log_or_checkpoint,只读冻结；未执行
A_route/problem3/02_batch_run/logs/checkpoints/P3_NO_PREFIX_061218/2025-03-11.json.gz,6254767ba98476f0c97b100bec4b40f4aadae03004620ccc3a149d7f5b0e72e2,319262,batch_log_or_checkpoint,只读冻结；未执行
A_route/problem3/02_batch_run/logs/checkpoints/P3_NO_PREFIX_061218/2025-03-12.json.gz,7eae857d1048bc85b38f99070fc028dad54b88f0225cf11679eba7865ac41072,306674,batch_log_or_checkpoint,只读冻结；未执行
A_route/problem3/02_batch_run/logs/checkpoints/P3_NO_PREFIX_061218/2025-03-13.json.gz,c50acc0cb6c3ad17290d05ef975a5348e8663896a2b6378b25818cdb48261583,307543,batch_log_or_checkpoint,只读冻结；未执行
A_route/problem3/02_batch_run/logs/checkpoints/P3_NO_PREFIX_061218/2025-03-14.json.gz,0d3d9af1e848ab786fb1d64eac91693458fbc124b795279e43440985c37b71be,297043,batch_log_or_checkpoint,只读冻结；未执行
A_route/problem3/02_batch_run/logs/checkpoints/P3_NO_PREFIX_061218/2025-03-15.json.gz,bda9bcb8d42236c54880ee2dfe0ee373ac3d5ac574c3beb2b4ae9446ef93d40a,306229,batch_log_or_checkpoint,只读冻结；未执行
A_route/problem3/02_batch_run/logs/checkpoints/P3_NO_PREFIX_061218/2025-03-16.json.gz,500f2465058b63e12c7bee2ad0cad7457dfeb34ec69d88f2b225e32a65337a27,311351,batch_log_or_checkpoint,只读冻结；未执行
A_route/problem3/02_batch_run/logs/checkpoints/P3_NO_PREFIX_061218/2025-03-17.json.gz,008b7531b30ad61c54706cf23f097773a71ebf3148c20480716c47ed68114cbb,310011,batch_log_or_checkpoint,只读冻结；未执行
A_route/problem3/02_batch_run/logs/checkpoints/P3_NO_PREFIX_061218/2025-03-18.json.gz,6eb4c5091c375dfa0cf55486d984e23fd087db2af2f37907c76bb45786d3dbcd,304950,batch_log_or_checkpoint,只读冻结；未执行
A_route/problem3/02_batch_run/logs/checkpoints/P3_NO_PREFIX_061218/2025-03-19.json.gz,0b22ee3071632c12b0a09875011fa738ed4540c04e5daaecd79a0610c5a09a25,317691,batch_log_or_checkpoint,只读冻结；未执行
A_route/problem3/02_batch_run/logs/checkpoints/P3_NO_PREFIX_061218/2025-03-20.json.gz,9db51a0fcd32b1049ecd4a9e240f4196b02b1f8e8c3448dd43bddbccf02bfaa5,306450,batch_log_or_checkpoint,只读冻结；未执行
A_route/problem3/02_batch_run/logs/checkpoints/P3_NO_PREFIX_061218/2025-03-21.json.gz,6f8549f01d81d0a578753069b0d439e2e4f931445a3e40b1159c73772f7d3c56,288258,batch_log_or_checkpoint,只读冻结；未执行
A_route/problem3/02_batch_run/logs/checkpoints/P3_NO_PREFIX_061218/2025-03-22.json.gz,c451358f69455b9f48d8e3c4a19e4fca589868134780f2710f7c019a35b76725,296865,batch_log_or_checkpoint,只读冻结；未执行
A_route/problem3/02_batch_run/logs/checkpoints/P3_NO_PREFIX_061218/2025-03-23.json.gz,3e8aadc7792f6830d6c3e192f687b392c880ce383882750e4846729027af3a94,306020,batch_log_or_checkpoint,只读冻结；未执行
A_route/problem3/02_batch_run/logs/checkpoints/P3_NO_PREFIX_061218/2025-03-24.json.gz,dffd6adceab8c841c255309a5018aecd564ff66186dd3bc3c66038ea8d0eddc6,311456,batch_log_or_checkpoint,只读冻结；未执行
A_route/problem3/02_batch_run/logs/checkpoints/P3_NO_PREFIX_061218/2025-03-25.json.gz,d126b9c5e3145d9df6d9be7cf02ded1e553d349de7253aeeb0d265b9af4631e6,306675,batch_log_or_checkpoint,只读冻结；未执行
A_route/problem3/02_batch_run/logs/checkpoints/P3_NO_PREFIX_061218/2025-03-26.json.gz,1bce3a952b4589c40dbb9521e918ebf1ea9ac33b9e5be48221ee3a0d9b1876b6,308587,batch_log_or_checkpoint,只读冻结；未执行
A_route/problem3/02_batch_run/logs/checkpoints/P3_NO_PREFIX_061218/2025-03-27.json.gz,7b9521130ef14c4413c436f453af5d30d5de33bfed0ad5d882c294118d9cd1d3,304780,batch_log_or_checkpoint,只读冻结；未执行
A_route/problem3/02_batch_run/logs/checkpoints/P3_NO_PREFIX_061218/2025-03-28.json.gz,812c7b1942092fa686e897f46f018bc8684be725aa90064bd42080d46fd89489,290472,batch_log_or_checkpoint,只读冻结；未执行
A_route/problem3/02_batch_run/logs/checkpoints/P3_NO_PREFIX_061218/2025-03-29.json.gz,7b06af5f0a7f389a07a5636a2bc5a3f276828d2bcf1910664c7d38c20a6ee99f,299863,batch_log_or_checkpoint,只读冻结；未执行
A_route/problem3/02_batch_run/logs/checkpoints/P3_NO_PREFIX_061218/2025-03-30.json.gz,bda0ef594a093b560a9e29f34aa6b2dee79b7a8a9a0dfcba1a49bc10bd761f0d,305922,batch_log_or_checkpoint,只读冻结；未执行
A_route/problem3/02_batch_run/logs/checkpoints/P3_NO_PREFIX_061218/2025-03-31.json.gz,ccd3108c37d6454c6439a049b345c96d8f5102ea0bcd127d7961623d8cfae0cb,320346,batch_log_or_checkpoint,只读冻结；未执行
A_route/problem3/02_batch_run/logs/checkpoints/P3_NO_PREFIX_061218/2025-04-01.json.gz,6ddde55fde1318dc8fa3aa7d176082417cc3d7983170df9f10ee0835b92aa684,310289,batch_log_or_checkpoint,只读冻结；未执行
A_route/problem3/02_batch_run/logs/checkpoints/P3_NO_PREFIX_061218/2025-04-02.json.gz,f7a95c5a2f58b74aeaf657cd54e8ce18fa550ace370d478cf1b307c16ccf3672,313208,batch_log_or_checkpoint,只读冻结；未执行
A_route/problem3/02_batch_run/logs/checkpoints/P3_NO_PREFIX_061218/2025-04-03.json.gz,d7de8eae4293848a3b0b196aa6c4d2d06d01c005ff81be61dec368e544d7212f,297490,batch_log_or_checkpoint,只读冻结；未执行
A_route/problem3/02_batch_run/logs/checkpoints/P3_NO_PREFIX_061218/2025-04-04.json.gz,c11e4bb38f36789ad08cc3fa1f76ffab191cee414603fa4c29342a6713a48e54,294221,batch_log_or_checkpoint,只读冻结；未执行
A_route/problem3/02_batch_run/logs/checkpoints/P3_NO_PREFIX_061218/2025-04-05.json.gz,32dc0adfa5d0b9de159dd8b86a175485462119636da5f61f533e5334da12aa6f,297788,batch_log_or_checkpoint,只读冻结；未执行
A_route/problem3/02_batch_run/logs/checkpoints/P3_NO_PREFIX_061218/2025-04-06.json.gz,69be182a94fbfc50d6c2c36ada7eb2fa60d009cec3695ece4021026ff3f85e53,309770,batch_log_or_checkpoint,只读冻结；未执行
A_route/problem3/02_batch_run/logs/checkpoints/P3_NO_PREFIX_061218/2025-04-07.json.gz,a759515cc2ba0fcff1c305a16be3c3e4eec081d544b8c9c5cb870b512bd3c831,313685,batch_log_or_checkpoint,只读冻结；未执行
A_route/problem3/02_batch_run/logs/checkpoints/P3_NO_PREFIX_061218/2025-04-08.json.gz,848a678cb244f1194af6c2deffd4eb558423e190f7031078c4c0396cf9393e67,306797,batch_log_or_checkpoint,只读冻结；未执行
A_route/problem3/02_batch_run/logs/checkpoints/P3_NO_PREFIX_061218/2025-04-09.json.gz,a562a8e2dc93032c749c862491434dc8773d7730e7e70d49296a018ea4e69619,311390,batch_log_or_checkpoint,只读冻结；未执行
A_route/problem3/02_batch_run/logs/checkpoints/P3_NO_PREFIX_061218/2025-04-10.json.gz,1ed7804c711b0163648214e8213b24751377eab94b2b8f37fdc167ff2b2eaf27,303970,batch_log_or_checkpoint,只读冻结；未执行
A_route/problem3/02_batch_run/logs/checkpoints/P3_NO_PREFIX_061218/2025-04-11.json.gz,bdc31114f3bd5c06172eb4955af60b4e113723047311c511b86c1f061751d3ef,296004,batch_log_or_checkpoint,只读冻结；未执行
A_route/problem3/02_batch_run/logs/checkpoints/P3_NO_PREFIX_061218/2025-04-12.json.gz,c9ac0e7f5df18db594fc57637e6111b825cceb95eda08b3c0ba734508372744f,295190,batch_log_or_checkpoint,只读冻结；未执行
A_route/problem3/02_batch_run/logs/checkpoints/P3_NO_PREFIX_061218/2025-04-13.json.gz,bf7848c9f662a3474de76f9e2ff8fbf101959de5c11bfc897ac1030a1004ed98,307323,batch_log_or_checkpoint,只读冻结；未执行
A_route/problem3/02_batch_run/logs/checkpoints/P3_NO_PREFIX_061218/2025-04-14.json.gz,09cd5ea826acd345c865657bce1b49b3b1c679d343621af00150c444fdee7df1,300650,batch_log_or_checkpoint,只读冻结；未执行
A_route/problem3/02_batch_run/logs/checkpoints/P3_NO_PREFIX_061218/2025-04-15.json.gz,cac7bac138ee7f8fb20221da59d84b1bb8addd0d1fab8db2b898dcb17813753b,315522,batch_log_or_checkpoint,只读冻结；未执行
A_route/problem3/02_batch_run/logs/checkpoints/P3_NO_PREFIX_061218/2025-04-16.json.gz,336e0129da0c0295f51bdc02cb41f9b8d8ac9cc7fa102379dba9078f1cfd7dac,313247,batch_log_or_checkpoint,只读冻结；未执行
A_route/problem3/02_batch_run/logs/checkpoints/P3_NO_PREFIX_061218/2025-04-17.json.gz,8811a559e33ba495b65096852ae0562c70d30310e9bebcf835a5fa7d65bafb01,308230,batch_log_or_checkpoint,只读冻结；未执行
A_route/problem3/02_batch_run/logs/checkpoints/P3_NO_PREFIX_061218/2025-04-18.json.gz,480ba82dfbbf04b691d518f7928218b648aabc70fa1fd92a5704e0bc4b9de518,290534,batch_log_or_checkpoint,只读冻结；未执行
A_route/problem3/02_batch_run/logs/checkpoints/P3_NO_PREFIX_061218/2025-04-19.json.gz,cc81a8579c68afc2da72591de60129bc9e8a2d5b5b6a1b075c959ac382543099,296960,batch_log_or_checkpoint,只读冻结；未执行
A_route/problem3/02_batch_run/logs/checkpoints/P3_NO_PREFIX_061218/2025-04-20.json.gz,5bd71c9841e0074f22be4233b0e52bd5c48688b64e2a9046a08eb83944e388db,307550,batch_log_or_checkpoint,只读冻结；未执行
A_route/problem3/02_batch_run/logs/checkpoints/P3_NO_PREFIX_061218/2025-04-21.json.gz,61ab3e98a1546dd735349a45e80427866c60f2b719fe43af863a6c454de720ce,299333,batch_log_or_checkpoint,只读冻结；未执行
A_route/problem3/02_batch_run/logs/checkpoints/P3_NO_PREFIX_061218/2025-04-22.json.gz,39e908e03ef655acde10e8104df9c4f961d213dbf3695cb8dc11d7222d8c6d91,316087,batch_log_or_checkpoint,只读冻结；未执行
A_route/problem3/02_batch_run/logs/checkpoints/P3_NO_PREFIX_061218/2025-04-23.json.gz,60694f29c14c03aa4cfd1051ea62207f187b8c3a7642594674c36dd80761f4bc,315509,batch_log_or_checkpoint,只读冻结；未执行
A_route/problem3/02_batch_run/logs/checkpoints/P3_NO_PREFIX_061218/2025-04-24.json.gz,a93aef61307fe5368f9577b501b4a37bd5c2015e22fe43700f4cbc57d6a9c6e3,299377,batch_log_or_checkpoint,只读冻结；未执行
A_route/problem3/02_batch_run/logs/checkpoints/P3_NO_PREFIX_061218/2025-04-25.json.gz,5b9cd0d34e44d86826ef29504ba10f060bcd168221581743d18c41c088dc6720,287288,batch_log_or_checkpoint,只读冻结；未执行
A_route/problem3/02_batch_run/logs/checkpoints/P3_NO_PREFIX_061218/2025-04-26.json.gz,b2790fceb0d59bbac417a5c9c05cca1b6d8a3ec99b7879033a145d6cf9112f84,295883,batch_log_or_checkpoint,只读冻结；未执行
A_route/problem3/02_batch_run/logs/checkpoints/P3_NO_PREFIX_061218/2025-04-27.json.gz,65457328d1def33352f66f8952bfac6f285b01cb350b884b60ce96355e4cc7b0,313576,batch_log_or_checkpoint,只读冻结；未执行
A_route/problem3/02_batch_run/logs/checkpoints/P3_NO_PREFIX_061218/2025-04-28.json.gz,1f8778c12d0e8abe9b7a218e699a23827dc4d665f3634d447cbd75de40d383b7,308901,batch_log_or_checkpoint,只读冻结；未执行
A_route/problem3/02_batch_run/logs/checkpoints/P3_NO_PREFIX_061218/2025-04-29.json.gz,068947036989219a411f47c50e0928bc8bee488d0f5edac6dbb23da7e9967d48,307268,batch_log_or_checkpoint,只读冻结；未执行
A_route/problem3/02_batch_run/logs/checkpoints/P3_NO_PREFIX_061218/2025-04-30.json.gz,4e670c32d4e69bc389d8be50510d8bd21ec40b51b188a0225f5ed494684204da,302983,batch_log_or_checkpoint,只读冻结；未执行
A_route/problem3/02_batch_run/logs/checkpoints/P3_NO_PREFIX_061218/2025-05-01.json.gz,2b975222e9147eaf7caeb45be1ac7da4c324d3add042f2ed8612eaca978cc779,304019,batch_log_or_checkpoint,只读冻结；未执行
A_route/problem3/02_batch_run/logs/checkpoints/P3_NO_PREFIX_061218/2025-05-02.json.gz,dc9288de6adbcb671438a011637ec275c26e9d3a219d8e4e3436b5d72f046e3b,288055,batch_log_or_checkpoint,只读冻结；未执行
A_route/problem3/02_batch_run/logs/checkpoints/P3_NO_PREFIX_061218/2025-05-03.json.gz,0fd5b4373124b70fbc41eb333fa9f5b370f667bef8114da1df6c83f32552b688,294467,batch_log_or_checkpoint,只读冻结；未执行
A_route/problem3/02_batch_run/logs/checkpoints/P3_NO_PREFIX_061218/2025-05-04.json.gz,2018f847cc488c6f0d2deacb14122ad2d6f93559f8a9da898481a20c8c73df1d,303952,batch_log_or_checkpoint,只读冻结；未执行
A_route/problem3/02_batch_run/logs/checkpoints/P3_NO_PREFIX_061218/2025-05-05.json.gz,0ff7cc1e34d2f2e6d5a2a16fc0c36e10355b5394b17a92c08fd435ba5f9399af,303549,batch_log_or_checkpoint,只读冻结；未执行
A_route/problem3/02_batch_run/logs/checkpoints/P3_NO_PREFIX_061218/2025-05-06.json.gz,6be1f1fdf804b940343e9fde02a75cbca9f23057f8b5e977746dcd3868f0d455,313176,batch_log_or_checkpoint,只读冻结；未执行
A_route/problem3/02_batch_run/logs/checkpoints/P3_NO_PREFIX_061218/2025-05-07.json.gz,78eadd6c061997319f4a5f6a8e99656524f55f04ec546fb343fb34e62d8593f9,309477,batch_log_or_checkpoint,只读冻结；未执行
A_route/problem3/02_batch_run/logs/checkpoints/P3_NO_PREFIX_061218/2025-05-08.json.gz,6f81faf6346b44abba3ff3a9d2d3e8f9609314d3195bb3303649a7c1c7ec10a6,306201,batch_log_or_checkpoint,只读冻结；未执行
A_route/problem3/02_batch_run/logs/checkpoints/P3_NO_PREFIX_061218/2025-05-09.json.gz,da3ad8047c106b55724ff7b58eae88667032509846e797b494ecbb3b5ae717ca,293443,batch_log_or_checkpoint,只读冻结；未执行
A_route/problem3/02_batch_run/logs/checkpoints/P3_NO_PREFIX_061218/2025-05-10.json.gz,bfd51b3e5670d11647959391752c3a4c66350fcfa42097b4f64f0446718e55cf,298945,batch_log_or_checkpoint,只读冻结；未执行
A_route/problem3/02_batch_run/logs/checkpoints/P3_NO_PREFIX_061218/2025-05-11.json.gz,d6d8525c3315f5099e6636b2b942180c9d7096d8a17305370964a4c39d24995e,309605,batch_log_or_checkpoint,只读冻结；未执行
A_route/problem3/02_batch_run/logs/checkpoints/P3_NO_PREFIX_061218/2025-05-12.json.gz,adbaeca54aeafc752b1198ab00758e1f1b2eda41c559d22d40a0c9a501448e45,315906,batch_log_or_checkpoint,只读冻结；未执行
A_route/problem3/02_batch_run/logs/checkpoints/P3_NO_PREFIX_061218/2025-05-13.json.gz,3bf4f1b6c3f4305b54403c3e7b5ec0a552250fadc85641e4713be99851234319,310223,batch_log_or_checkpoint,只读冻结；未执行
A_route/problem3/02_batch_run/logs/checkpoints/P3_NO_PREFIX_061218/2025-05-14.json.gz,a44ca54f156857451e5bb787ca7044fa41c3cfe9932df39da7b9dd55e06f2408,305932,batch_log_or_checkpoint,只读冻结；未执行
A_route/problem3/02_batch_run/logs/checkpoints/P3_NO_PREFIX_061218/2025-05-15.json.gz,48d983bf5ffec5d16fdae5326eaf623e449e73355d67f2e21eab18f8283fa6cf,305346,batch_log_or_checkpoint,只读冻结；未执行
A_route/problem3/02_batch_run/logs/checkpoints/P3_NO_PREFIX_061218/2025-05-16.json.gz,95c7d8e498f4ac8d2afccde564cff74bbab5d1881d9aeefb83c75b336373dc38,289998,batch_log_or_checkpoint,只读冻结；未执行
A_route/problem3/02_batch_run/logs/checkpoints/P3_NO_PREFIX_061218/2025-05-17.json.gz,4dd2f4f4d69a14fe47c1b06508b68b95319707b31564aff2d8885b33aabb0785,293793,batch_log_or_checkpoint,只读冻结；未执行
A_route/problem3/02_batch_run/logs/checkpoints/P3_NO_PREFIX_061218/2025-05-18.json.gz,16b69d85d832741a6d54c4a760eb673f6e1fb40f1ca8c99b22ad11277e8bb0d0,304819,batch_log_or_checkpoint,只读冻结；未执行
A_route/problem3/02_batch_run/logs/checkpoints/P3_NO_PREFIX_061218/2025-05-19.json.gz,e4956f64adaa5b42f4c3825d6f2992766a137716f2b8c62f1ad081c649bfe73b,305875,batch_log_or_checkpoint,只读冻结；未执行
A_route/problem3/02_batch_run/logs/checkpoints/P3_NO_PREFIX_061218/2025-05-20.json.gz,6905143b28c1eeaad48f043aecbe7a6d64024ee377e41559d99886061b2a5da7,309131,batch_log_or_checkpoint,只读冻结；未执行
A_route/problem3/02_batch_run/logs/checkpoints/P3_NO_PREFIX_061218/2025-05-21.json.gz,ec8b15b51c041f9fd8700913649e2b87acf4457b72d925f4803dafb56f415f76,315214,batch_log_or_checkpoint,只读冻结；未执行
A_route/problem3/02_batch_run/logs/checkpoints/P3_NO_PREFIX_061218/2025-05-22.json.gz,128fcc701e9a66df9b6e40149fc81bcaf157867501ef3d573d2f279da5b1771d,298527,batch_log_or_checkpoint,只读冻结；未执行
A_route/problem3/02_batch_run/logs/checkpoints/P3_NO_PREFIX_061218/2025-05-23.json.gz,647ff9d34835ff15960aa33bc864e41e32503bf5af7dc710c63851c1def76e6f,292915,batch_log_or_checkpoint,只读冻结；未执行
A_route/problem3/02_batch_run/logs/checkpoints/P3_NO_PREFIX_061218/2025-05-24.json.gz,b4ec18460c1e30e67abf54301e54402f89dc508ac03af4cd2db1cda2a8e66c4f,293352,batch_log_or_checkpoint,只读冻结；未执行
A_route/problem3/02_batch_run/logs/checkpoints/P3_NO_PREFIX_061218/2025-05-25.json.gz,f9cc8e2152b0ec61ec9dd23bae7c4d3db41efd1277f6cee6f7b23880c9b02f34,307346,batch_log_or_checkpoint,只读冻结；未执行
A_route/problem3/02_batch_run/logs/checkpoints/P3_NO_PREFIX_061218/2025-05-26.json.gz,5bbf23c641052d43ef5c0b3a6db395577c34bbffe513b1d2080cc71d3ad78ed3,316668,batch_log_or_checkpoint,只读冻结；未执行
A_route/problem3/02_batch_run/logs/checkpoints/P3_NO_PREFIX_061218/2025-05-27.json.gz,a53d177b360273632f041c387632a9c8670da1e0a57651f3e04a3e336e6df4f8,314869,batch_log_or_checkpoint,只读冻结；未执行
A_route/problem3/02_batch_run/logs/checkpoints/P3_NO_PREFIX_061218/2025-05-28.json.gz,e84d4e0630e96412b1fd23eacd9fc0802319581fcdf1f65fbfef9748638a2af6,307832,batch_log_or_checkpoint,只读冻结；未执行
A_route/problem3/02_batch_run/logs/checkpoints/P3_NO_PREFIX_061218/2025-05-29.json.gz,0644535b5e91995f03104d81c2c9654464550a763f7e1ab2107507543b648156,310421,batch_log_or_checkpoint,只读冻结；未执行
A_route/problem3/02_batch_run/logs/checkpoints/P3_NO_PREFIX_061218/2025-05-30.json.gz,4a31136a2d7da29a825be21c344da8b554f19f11328dfbecf9d4b492136f99fe,294095,batch_log_or_checkpoint,只读冻结；未执行
A_route/problem3/02_batch_run/logs/checkpoints/P3_NO_PREFIX_061218/2025-05-31.json.gz,073a61791e294f9e3995b69465e9fc008a844db304faa78d8fbad385ea1f53fa,295422,batch_log_or_checkpoint,只读冻结；未执行
A_route/problem3/02_batch_run/logs/checkpoints/P3_NO_PREFIX_061218/2025-06-01.json.gz,c96264bd7f4a6bd66be4ea7b740b435f02b098931c780d867fbaeb33d2ee2352,312789,batch_log_or_checkpoint,只读冻结；未执行
A_route/problem3/02_batch_run/logs/checkpoints/P3_NO_PREFIX_061218/2025-06-02.json.gz,3173a263a2adce9ac465121174978d6cb0f45a11632a4abc30e39f1cf8d478ef,308839,batch_log_or_checkpoint,只读冻结；未执行
A_route/problem3/02_batch_run/logs/checkpoints/P3_NO_PREFIX_061218/2025-06-03.json.gz,66ba69f4a69a685d889142bcebd405c1e86a0728e260ae28ba9ae2fa6f12fb75,316371,batch_log_or_checkpoint,只读冻结；未执行
A_route/problem3/02_batch_run/logs/checkpoints/P3_NO_PREFIX_061218/2025-06-04.json.gz,c8919c9276c09fd29696ac6f2d2e889fc69a96ea7b164908ce7861067a2fd84c,313091,batch_log_or_checkpoint,只读冻结；未执行
A_route/problem3/02_batch_run/logs/checkpoints/P3_NO_PREFIX_061218/2025-06-05.json.gz,998e4670fb65692b6759a3f345fd28fbcfba6feac13ad0a59fdc640a3b05a608,317264,batch_log_or_checkpoint,只读冻结；未执行
A_route/problem3/02_batch_run/logs/checkpoints/P3_NO_PREFIX_061218/2025-06-06.json.gz,d11b4e8413087950c20944c39235e4ca098c559bf9b1db90321e25b20ba38300,296579,batch_log_or_checkpoint,只读冻结；未执行
A_route/problem3/02_batch_run/logs/checkpoints/P3_NO_PREFIX_061218/2025-06-07.json.gz,511669831b764e8aaf4ba78be3a032e38c41218ee9f64a29b491e69ed1c9d0ee,300803,batch_log_or_checkpoint,只读冻结；未执行
A_route/problem3/02_batch_run/logs/checkpoints/P3_NO_PREFIX_061218/2025-06-08.json.gz,b2357cf0321631a4bd9924147309139b2bcbd0ffa05f34b456d8f6d60aa06917,309090,batch_log_or_checkpoint,只读冻结；未执行
A_route/problem3/02_batch_run/logs/checkpoints/P3_NO_PREFIX_061218/2025-06-09.json.gz,12360b87e2d2cd6c645c91fbc0812195c89c3f8af4a60c81508a16763c4257c3,306628,batch_log_or_checkpoint,只读冻结；未执行
A_route/problem3/02_batch_run/logs/checkpoints/P3_NO_PREFIX_061218/2025-06-10.json.gz,788fa931071d416098edd7618df747e8ffe11159323d3236759796e97700c1d9,310589,batch_log_or_checkpoint,只读冻结；未执行
A_route/problem3/02_batch_run/logs/checkpoints/P3_NO_PREFIX_061218/2025-06-11.json.gz,687f8acb57fbdf64cd872c3b34b31bede03643c50ab207a813077f28a7d9af27,314041,batch_log_or_checkpoint,只读冻结；未执行
A_route/problem3/02_batch_run/logs/checkpoints/P3_NO_PREFIX_061218/2025-06-12.json.gz,27a2b40820d33d302898fbb1c2677c19a8428388a37433c0f10f76033720f9f7,311041,batch_log_or_checkpoint,只读冻结；未执行
A_route/problem3/02_batch_run/logs/checkpoints/P3_NO_PREFIX_061218/2025-06-13.json.gz,655942b3506969a672ff88c806c1b2fda1c3c7cff68b3c06fce252b16747a0ec,299265,batch_log_or_checkpoint,只读冻结；未执行
A_route/problem3/02_batch_run/logs/checkpoints/P3_NO_PREFIX_061218/2025-06-14.json.gz,63d37e3622e5687aa3cd18f9a9ecd453944f3790175d00889f80b279e1c16455,299359,batch_log_or_checkpoint,只读冻结；未执行
A_route/problem3/02_batch_run/logs/checkpoints/P3_NO_PREFIX_061218/2025-06-15.json.gz,473588a4831ed0218fe4c3fdeba76392f8da2285f5b6924d859aad0b32c9eb8f,320044,batch_log_or_checkpoint,只读冻结；未执行
A_route/problem3/02_batch_run/logs/checkpoints/P3_NO_PREFIX_061218/2025-06-16.json.gz,c7987e67b3f466fff7869a346fe68afd64c7a5a26b81f54b3c8f3540901c6527,316180,batch_log_or_checkpoint,只读冻结；未执行
A_route/problem3/02_batch_run/logs/checkpoints/P3_NO_PREFIX_061218/2025-06-17.json.gz,83f89db521100951c903e55f6fa5c337e0efafbe7ba36468db0b8662acd11753,318642,batch_log_or_checkpoint,只读冻结；未执行
A_route/problem3/02_batch_run/logs/checkpoints/P3_NO_PREFIX_061218/2025-06-18.json.gz,9dd1821d7470b337b2d5184540278a9fc5c188cd0b59fa88c0c02f1934ccc9de,319229,batch_log_or_checkpoint,只读冻结；未执行
A_route/problem3/02_batch_run/logs/checkpoints/P3_NO_PREFIX_061218/2025-06-19.json.gz,5530bbe719e9d7202da15eb6dba0fe5a9acaadc108c095913b93f54169d68d87,314668,batch_log_or_checkpoint,只读冻结；未执行
A_route/problem3/02_batch_run/logs/checkpoints/P3_NO_PREFIX_061218/2025-06-20.json.gz,28d743a216fa893f86abd609e438c47adfb7824bc7ae3fcaef6adfa7cb2ee4cd,293432,batch_log_or_checkpoint,只读冻结；未执行
A_route/problem3/02_batch_run/logs/checkpoints/P3_NO_PREFIX_061218/2025-06-21.json.gz,ea9f236b03c024f523c35b9b5320e2fac0f414507a46692833b2d74544fdcca6,295946,batch_log_or_checkpoint,只读冻结；未执行
A_route/problem3/02_batch_run/logs/checkpoints/P3_NO_PREFIX_061218/2025-06-22.json.gz,b8ca8b4a17a9a401a63464b55222bcf1131b16977f92c145df4f1f7ba7acffb3,318341,batch_log_or_checkpoint,只读冻结；未执行
A_route/problem3/02_batch_run/logs/checkpoints/P3_NO_PREFIX_061218/2025-06-23.json.gz,81a6bc407e0d23080e7e0c09581e9d4a8116ceface592829939419b0a41a9fb9,312861,batch_log_or_checkpoint,只读冻结；未执行
A_route/problem3/02_batch_run/logs/checkpoints/P3_NO_PREFIX_061218/2025-06-24.json.gz,7ef28379015bc09086c9ac292d45d4d18522d633a7bdaee75dd84dc39ebf54bc,311533,batch_log_or_checkpoint,只读冻结；未执行
A_route/problem3/02_batch_run/logs/checkpoints/P3_NO_PREFIX_061218/2025-06-25.json.gz,436d7c7ed79c8cdc55d3fd69d634237617b20f105ba747b2dbaeea18bbdeb494,320202,batch_log_or_checkpoint,只读冻结；未执行
A_route/problem3/02_batch_run/logs/checkpoints/P3_NO_PREFIX_061218/2025-06-26.json.gz,78e2e96c4f44d7d0adddf82412e110a753af2e8f3a6904df3cb1727078486527,315883,batch_log_or_checkpoint,只读冻结；未执行
A_route/problem3/02_batch_run/logs/checkpoints/P3_NO_PREFIX_061218/2025-06-27.json.gz,61e65f97a5956b11f170f41673ed788566d1d13025921ef064fe821b18796ff9,295125,batch_log_or_checkpoint,只读冻结；未执行
A_route/problem3/02_batch_run/logs/checkpoints/P3_NO_PREFIX_061218/2025-06-28.json.gz,7a3fb39f8874742f6849d8e2869a8fa79f0bc21d3a8b45c91f09425e5391ea78,301040,batch_log_or_checkpoint,只读冻结；未执行
A_route/problem3/02_batch_run/logs/checkpoints/P3_NO_PREFIX_061218/2025-06-29.json.gz,2570f9bb256474cca5cbf5d1c7d64cf7698be00701e477f9e63ec521bbb64774,320224,batch_log_or_checkpoint,只读冻结；未执行
A_route/problem3/02_batch_run/logs/checkpoints/P3_NO_PREFIX_061218/2025-06-30.json.gz,24b72c69b95a85c18ef64592983afc9bfafbeca8236e9429e56571de62f2c1a7,310455,batch_log_or_checkpoint,只读冻结；未执行
A_route/problem3/02_batch_run/logs/checkpoints/P3_NO_PREFIX_061218/2025-07-01.json.gz,a3807a16a4b97fb6a506389762e9f6badd961e9522f8d831e7fad8bfce927657,326598,batch_log_or_checkpoint,只读冻结；未执行
A_route/problem3/02_batch_run/logs/checkpoints/P3_NO_PREFIX_061218/2025-07-02.json.gz,70f2ccdc03a0bf70093a22da1371679da2f9726b3394332c3c6547ae335aeb69,317518,batch_log_or_checkpoint,只读冻结；未执行
A_route/problem3/02_batch_run/logs/checkpoints/P3_NO_PREFIX_061218/2025-07-03.json.gz,d62ebd98766684ff858474a2b99a1836a5db240ac253a60ae53f3ea851b961f9,316192,batch_log_or_checkpoint,只读冻结；未执行
A_route/problem3/02_batch_run/logs/checkpoints/P3_NO_PREFIX_061218/2025-07-04.json.gz,b682cf3e3d2ace7465bfb6075e6749cf48190c78e0316387a5861c27826ce889,299991,batch_log_or_checkpoint,只读冻结；未执行
A_route/problem3/02_batch_run/logs/checkpoints/P3_NO_PREFIX_061218/2025-07-05.json.gz,d9ae0e95efa0690fc7de1aa94986512f78b6a89c803a23a14b11da7f6b9146fc,301604,batch_log_or_checkpoint,只读冻结；未执行
A_route/problem3/02_batch_run/logs/checkpoints/P3_NO_PREFIX_061218/2025-07-06.json.gz,5e30268d4536b2682bdcbce4536dad94bd427c1cdcf80b3eb79240b539ccd414,324007,batch_log_or_checkpoint,只读冻结；未执行
A_route/problem3/02_batch_run/logs/checkpoints/P3_NO_PREFIX_061218/2025-07-07.json.gz,5f4af236300b8d5e892bb44c869dbf950ec5ed327fbab0d04b3a2198e40eea6e,306631,batch_log_or_checkpoint,只读冻结；未执行
A_route/problem3/02_batch_run/logs/checkpoints/P3_NO_PREFIX_061218/2025-07-08.json.gz,4ea04b0c6bf4b972b41f17f6ada05565d12eb23962f5e2cb8b6ba1d0fce3892c,310184,batch_log_or_checkpoint,只读冻结；未执行
A_route/problem3/02_batch_run/logs/checkpoints/P3_NO_PREFIX_061218/2025-07-09.json.gz,64b67c93196f7aa9325eb19f78b33803ffe638e159c0c0de79a5a96171c281a2,308902,batch_log_or_checkpoint,只读冻结；未执行
A_route/problem3/02_batch_run/logs/checkpoints/P3_NO_PREFIX_061218/2025-07-10.json.gz,aa2407a6bdcca1dc5ce6a9df3bd7630cccaac30a2e46003502f62a9b0f433acb,308168,batch_log_or_checkpoint,只读冻结；未执行
A_route/problem3/02_batch_run/logs/checkpoints/P3_NO_PREFIX_061218/2025-07-11.json.gz,267f3297f344d8cde62cd10fca6fffcc1d83c0e6ebdeb400f4405260240e76cc,294463,batch_log_or_checkpoint,只读冻结；未执行
A_route/problem3/02_batch_run/logs/checkpoints/P3_NO_PREFIX_061218/2025-07-12.json.gz,201441f3dc93ec30b6ba3cfae7565db56af63f0c68e0c1e263f70ba940c4e5ab,301613,batch_log_or_checkpoint,只读冻结；未执行
A_route/problem3/02_batch_run/logs/checkpoints/P3_NO_PREFIX_061218/2025-07-13.json.gz,52e845681207560f83bff222db775f205bdfe320c9529b53729ffea98a03e127,307128,batch_log_or_checkpoint,只读冻结；未执行
A_route/problem3/02_batch_run/logs/checkpoints/P3_NO_PREFIX_061218/2025-07-14.json.gz,7b00851b49e0be0cdf7ed3a3da9d51ba7328e41ae05d60e00d0a8a65bb41478e,310799,batch_log_or_checkpoint,只读冻结；未执行
A_route/problem3/02_batch_run/logs/checkpoints/P3_NO_PREFIX_061218/2025-07-15.json.gz,d59a8cb5b8b2846c53eb25cbe009682638f20a4ee888aa95e42ff6487f8dc019,307943,batch_log_or_checkpoint,只读冻结；未执行
A_route/problem3/02_batch_run/logs/checkpoints/P3_NO_PREFIX_061218/2025-07-16.json.gz,ca67a66256447fcd66bd38b8adec1d4643c2cf4540bac81f9c1ac4706d79e676,307705,batch_log_or_checkpoint,只读冻结；未执行
A_route/problem3/02_batch_run/logs/checkpoints/P3_NO_PREFIX_061218/2025-07-17.json.gz,6b9d5fd4e3d7b055a86e91a5ff5e7a6132f9ef604cdb8d171a3e431888bd7803,311466,batch_log_or_checkpoint,只读冻结；未执行
A_route/problem3/02_batch_run/logs/checkpoints/P3_NO_PREFIX_061218/2025-07-18.json.gz,e8b6c88c1f975a0f1a66bbce34b3b2004afb8a845126061db9f17dabb4e444b9,294516,batch_log_or_checkpoint,只读冻结；未执行
A_route/problem3/02_batch_run/logs/checkpoints/P3_NO_PREFIX_061218/2025-07-19.json.gz,535c3066451a8aa1121b60f0649e6831ff049b636af1b103d7f540946a743ffb,296983,batch_log_or_checkpoint,只读冻结；未执行
A_route/problem3/02_batch_run/logs/checkpoints/P3_NO_PREFIX_061218/2025-07-20.json.gz,46dc8abb4a0dce4bb2be59d2a2091a72926105af0042404573e30678c2586547,309269,batch_log_or_checkpoint,只读冻结；未执行
A_route/problem3/02_batch_run/logs/checkpoints/P3_NO_PREFIX_061218/2025-07-21.json.gz,2ac3e95fceb4f2588e62c26e61acfbbff01da7fcaa9a29a19d7f3c6b4d6ca172,308752,batch_log_or_checkpoint,只读冻结；未执行
A_route/problem3/02_batch_run/logs/checkpoints/P3_NO_PREFIX_061218/2025-07-22.json.gz,e243ea82bf0b5b471c5427e22ac60de0b1bebadc3bcadc0554104b1e2b1a5997,318963,batch_log_or_checkpoint,只读冻结；未执行
A_route/problem3/02_batch_run/logs/checkpoints/P3_NO_PREFIX_061218/2025-07-23.json.gz,0d14f5260e34688b84fe03bed981fa56d77db412da5a75352965a026480597b5,308611,batch_log_or_checkpoint,只读冻结；未执行
A_route/problem3/02_batch_run/logs/checkpoints/P3_NO_PREFIX_061218/2025-07-24.json.gz,186d7dd49f496a0821bd450bc9b890428f2ad14040c2172e03004e5a9bffd8c7,300505,batch_log_or_checkpoint,只读冻结；未执行
A_route/problem3/02_batch_run/logs/checkpoints/P3_NO_PREFIX_061218/2025-07-25.json.gz,35f7998cfdee6448d00df68afd36f25ecb70eedc09555cd3ba3e0dfb4d9aa3d2,294000,batch_log_or_checkpoint,只读冻结；未执行
A_route/problem3/02_batch_run/logs/checkpoints/P3_NO_PREFIX_061218/2025-07-26.json.gz,74e691e027f70b27f836c719d473bfd78c6b757c6b13b68d72782272a66d9dd1,300590,batch_log_or_checkpoint,只读冻结；未执行
A_route/problem3/02_batch_run/logs/checkpoints/P3_NO_PREFIX_061218/2025-07-27.json.gz,1a0c3e6f9179283580a8af1ec51eb9e78f17398ccd82fdfbcb61ced913f7faae,313813,batch_log_or_checkpoint,只读冻结；未执行
A_route/problem3/02_batch_run/logs/checkpoints/P3_NO_PREFIX_061218/2025-07-28.json.gz,deb20a60cabf72d3222572a5454ee0083d7f2f8eb3c851001a61b14a46c7132e,312537,batch_log_or_checkpoint,只读冻结；未执行
A_route/problem3/02_batch_run/logs/checkpoints/P3_NO_PREFIX_061218/2025-07-29.json.gz,4b4a91894642741a690ebfbf4ed7e11e755de295dad136b4b157bb4af50a3ded,313473,batch_log_or_checkpoint,只读冻结；未执行
A_route/problem3/02_batch_run/logs/checkpoints/P3_NO_PREFIX_061218/2025-07-30.json.gz,a72e533f7901b7014ef2265aba7e4fa637a989eeda102139a9ad7548780f1f17,321746,batch_log_or_checkpoint,只读冻结；未执行
A_route/problem3/02_batch_run/logs/checkpoints/P3_NO_PREFIX_061218/2025-07-31.json.gz,2eae3a6094cb6a5d6196d3526c4ee174867d11e16ce7954db901fcde1bc58928,307803,batch_log_or_checkpoint,只读冻结；未执行
A_route/problem3/02_batch_run/logs/checkpoints/P3_NO_PREFIX_061218/2025-08-01.json.gz,fb7e558dab38cc36b7885cf1a7f7be61a554e024ab63e5fdc38aaf9685bd5634,288942,batch_log_or_checkpoint,只读冻结；未执行
A_route/problem3/02_batch_run/logs/checkpoints/P3_NO_PREFIX_061218/2025-08-02.json.gz,6bf2fd5cc54f30c6f3bf3b272e48150b6eb8176831067e7ecb9868653c884021,297986,batch_log_or_checkpoint,只读冻结；未执行
A_route/problem3/02_batch_run/logs/checkpoints/P3_NO_PREFIX_061218/2025-08-03.json.gz,d746b94d13596919ad2c555a8accf0a4846ffd32981d795898f54b2ed43ffef9,312646,batch_log_or_checkpoint,只读冻结；未执行
A_route/problem3/02_batch_run/logs/checkpoints/P3_NO_PREFIX_061218/2025-08-04.json.gz,a3428b598201df1c8bae835d6fa21c5cbf9de06a5cd089128c32e0007db956c5,312878,batch_log_or_checkpoint,只读冻结；未执行
A_route/problem3/02_batch_run/logs/checkpoints/P3_NO_PREFIX_061218/2025-08-05.json.gz,34c55b65ff01ff0e364ac5b70fe9a57f7be6d5fe877d99cd941c7a86100bde9f,316174,batch_log_or_checkpoint,只读冻结；未执行
A_route/problem3/02_batch_run/logs/checkpoints/P3_NO_PREFIX_061218/2025-08-06.json.gz,aed543c03a9e7541fb478c31c46fd69f800580177a0ff1cae3d23e1fd6f4fde1,307807,batch_log_or_checkpoint,只读冻结；未执行
A_route/problem3/02_batch_run/logs/checkpoints/P3_NO_PREFIX_061218/2025-08-07.json.gz,5bd5ec5c0c633460fae31f67261a694c97542d70570d62104d7642c7e78c7559,309468,batch_log_or_checkpoint,只读冻结；未执行
A_route/problem3/02_batch_run/logs/checkpoints/P3_NO_PREFIX_061218/2025-08-08.json.gz,89d3cebda43943e6f795149cb3235830d430f449636bf82e5bfe8c040fd3c13a,291263,batch_log_or_checkpoint,只读冻结；未执行
A_route/problem3/02_batch_run/logs/checkpoints/P3_NO_PREFIX_061218/2025-08-09.json.gz,245b8f50863364b1c7a6ba8636974bbf761ee8878903164ec6c058874dcfd3e6,296514,batch_log_or_checkpoint,只读冻结；未执行
A_route/problem3/02_batch_run/logs/checkpoints/P3_NO_PREFIX_061218/2025-08-10.json.gz,ec1f2a7555f22c51a8fce2f05b7b708bec6a1446bd0e7be880b0eccafe783b77,307604,batch_log_or_checkpoint,只读冻结；未执行
A_route/problem3/02_batch_run/logs/checkpoints/P3_NO_PREFIX_061218/2025-08-11.json.gz,f92d46cf4f9458a92cfc1814f4826f7e14fa789bcd96a4ee431c570af1903537,319548,batch_log_or_checkpoint,只读冻结；未执行
A_route/problem3/02_batch_run/logs/checkpoints/P3_NO_PREFIX_061218/2025-08-12.json.gz,75e6b3c35bc6ff9c1aa8464fac21051eaeb10bfc0f1d28b9dfeffead429b4e76,317152,batch_log_or_checkpoint,只读冻结；未执行
A_route/problem3/02_batch_run/logs/checkpoints/P3_NO_PREFIX_061218/2025-08-13.json.gz,4740deeb2869b6c4f12f43bddf9230cac909dde6b37da677478032846ae707ba,318596,batch_log_or_checkpoint,只读冻结；未执行
A_route/problem3/02_batch_run/logs/checkpoints/P3_NO_PREFIX_061218/2025-08-14.json.gz,f733b33fed3e372b07405bb0c03162b4f701698edbdf6218995d7d42a403367e,310556,batch_log_or_checkpoint,只读冻结；未执行
A_route/problem3/02_batch_run/logs/checkpoints/P3_NO_PREFIX_061218/2025-08-15.json.gz,31a8b1d9c6d781d8f510db9de785655f10436a4df365210eb587dcd524d5e543,290599,batch_log_or_checkpoint,只读冻结；未执行
A_route/problem3/02_batch_run/logs/checkpoints/P3_NO_PREFIX_061218/2025-08-16.json.gz,ec2cd7458d89c4f85e5f50edde793eec411d2987740067c29c9f180b09231cff,295987,batch_log_or_checkpoint,只读冻结；未执行
A_route/problem3/02_batch_run/logs/checkpoints/P3_NO_PREFIX_061218/2025-08-17.json.gz,d1f6b535b3671897d4df2853077246eb1ae6f878d422e5e67c101c768893de9a,309915,batch_log_or_checkpoint,只读冻结；未执行
A_route/problem3/02_batch_run/logs/checkpoints/P3_NO_PREFIX_061218/2025-08-18.json.gz,60d974eb4bdbefc8e8c5b54ff43784389af7f562e88253eb3b40d779a0054004,309840,batch_log_or_checkpoint,只读冻结；未执行
A_route/problem3/02_batch_run/logs/checkpoints/P3_NO_PREFIX_061218/2025-08-19.json.gz,a69669584b7fa0ea52656500ecc8a29fa8f62d77b5db0cf8c385472cfa813f7e,310446,batch_log_or_checkpoint,只读冻结；未执行
A_route/problem3/02_batch_run/logs/checkpoints/P3_NO_PREFIX_061218/2025-08-20.json.gz,c1797ee934addf0c16da30d4042707c079a1668437f8d8e7d7873a31d97b85c3,319110,batch_log_or_checkpoint,只读冻结；未执行
A_route/problem3/02_batch_run/logs/checkpoints/P3_NO_PREFIX_061218/2025-08-21.json.gz,edf99197f7074822106ce718888554501dc6ba50c69bc1fa2be5622bd8743585,302821,batch_log_or_checkpoint,只读冻结；未执行
A_route/problem3/02_batch_run/logs/checkpoints/P3_NO_PREFIX_061218/2025-08-22.json.gz,ddb2629b0819317b48e2247c45d65f821f57d1388e90480bc6a81ed148930a40,290810,batch_log_or_checkpoint,只读冻结；未执行
A_route/problem3/02_batch_run/logs/checkpoints/P3_NO_PREFIX_061218/2025-08-23.json.gz,ff9f555ebe2d076222ba6291c7c8b20adffbd74070c2c2d8b2790cc150290330,304442,batch_log_or_checkpoint,只读冻结；未执行
A_route/problem3/02_batch_run/logs/checkpoints/P3_NO_PREFIX_061218/2025-08-24.json.gz,361ffeb576db968ae6f624e53363b0b5869165a7d54f1c72bee88a417288b828,311047,batch_log_or_checkpoint,只读冻结；未执行
A_route/problem3/02_batch_run/logs/checkpoints/P3_NO_PREFIX_061218/2025-08-25.json.gz,2b1584e9e6ce9d2874606b0fc840e56d3140445c98c3ce06b5d50dfc2067f0ff,306610,batch_log_or_checkpoint,只读冻结；未执行
A_route/problem3/02_batch_run/logs/checkpoints/P3_NO_PREFIX_061218/2025-08-26.json.gz,262907ae384ad11b020f817f68d0f9d4b29c89eede58ed06f9262aaaf3176e15,311637,batch_log_or_checkpoint,只读冻结；未执行
A_route/problem3/02_batch_run/logs/checkpoints/P3_NO_PREFIX_061218/2025-08-27.json.gz,dd41fb4af1b3b24dc06c9e90b584962b4de362d3519e29e4245d521d87e04791,322517,batch_log_or_checkpoint,只读冻结；未执行
A_route/problem3/02_batch_run/logs/checkpoints/P3_NO_PREFIX_061218/2025-08-28.json.gz,daf1ad77a376d74a790612556f253825892d603b6fc3de9614d715af06da0107,317806,batch_log_or_checkpoint,只读冻结；未执行
A_route/problem3/02_batch_run/logs/checkpoints/P3_NO_PREFIX_061218/2025-08-29.json.gz,34e428d26fe2ecd36b6e3e3b10709591f966e2e1efe244e6923035dfb10b6147,291226,batch_log_or_checkpoint,只读冻结；未执行
A_route/problem3/02_batch_run/logs/checkpoints/P3_NO_PREFIX_061218/2025-08-30.json.gz,28676ee7d34fccd8098e4323519f61b93e8a696b644e8f2804237957220f789c,297304,batch_log_or_checkpoint,只读冻结；未执行
A_route/problem3/02_batch_run/logs/checkpoints/P3_NO_PREFIX_061218/2025-08-31.json.gz,a210e7f52d9fc865e85be8321315fd90305665533807cb02189db41bd3eacf82,311756,batch_log_or_checkpoint,只读冻结；未执行
A_route/problem3/02_batch_run/logs/checkpoints/P3_NO_PREFIX_061218/2025-09-01.json.gz,5d464313fdc7a8039593e228f4643159eee2d7d90eb64991e698285c9c53ec69,309019,batch_log_or_checkpoint,只读冻结；未执行
A_route/problem3/02_batch_run/logs/checkpoints/P3_NO_PREFIX_061218/2025-09-02.json.gz,2213bf76728af2146319ef37ce52dd9f795e5776f314957726ec79c2e39809f3,316961,batch_log_or_checkpoint,只读冻结；未执行
A_route/problem3/02_batch_run/logs/checkpoints/P3_NO_PREFIX_061218/2025-09-03.json.gz,f9672044db7d60af5e05b9c5ea95ce61398cddef9c8339387b41a4cb74976e6c,309146,batch_log_or_checkpoint,只读冻结；未执行
A_route/problem3/02_batch_run/logs/checkpoints/P3_NO_PREFIX_061218/2025-09-04.json.gz,99d5170a21360c97ee29c53c666efe01f7e5e077cc6b98965510b55d9684eb04,300554,batch_log_or_checkpoint,只读冻结；未执行
A_route/problem3/02_batch_run/logs/checkpoints/P3_NO_PREFIX_061218/2025-09-05.json.gz,cacde1e459a290c4fb91c29a88527e912862b16b124b629c597a5f71a4f5fb2a,287696,batch_log_or_checkpoint,只读冻结；未执行
A_route/problem3/02_batch_run/logs/checkpoints/P3_NO_PREFIX_061218/2025-09-06.json.gz,9fedce8134bb355caeea9c9fd031f098a42f77873aaf6ff4b3d740f95551681c,294586,batch_log_or_checkpoint,只读冻结；未执行
A_route/problem3/02_batch_run/logs/checkpoints/P3_NO_PREFIX_061218/2025-09-07.json.gz,3fa361af17cbbc80fd04783f97b7e681e9fdb140a59c763eab25edade103f232,315881,batch_log_or_checkpoint,只读冻结；未执行
A_route/problem3/02_batch_run/logs/checkpoints/P3_NO_PREFIX_061218/2025-09-08.json.gz,e835d44b468fa91eae1239731de3f5c7b8fca0ca6932b12e101947fb4e4fa60e,309182,batch_log_or_checkpoint,只读冻结；未执行
A_route/problem3/02_batch_run/logs/checkpoints/P3_NO_PREFIX_061218/2025-09-09.json.gz,f476578106bfe25b23fd22ce9c94dfabdb33a84701fabe82add9ea45ada8785c,313962,batch_log_or_checkpoint,只读冻结；未执行
A_route/problem3/02_batch_run/logs/checkpoints/P3_NO_PREFIX_061218/2025-09-10.json.gz,2aa6173f76b3f0fce6fa167bc4ee94a70d300cdc9835442fadf4b9997d17c395,311793,batch_log_or_checkpoint,只读冻结；未执行
A_route/problem3/02_batch_run/logs/checkpoints/P3_NO_PREFIX_061218/2025-09-11.json.gz,4779b2e342a274dbeaa0737e1eb5106d8edffe7a50e906826560f5ac51e91f6d,296567,batch_log_or_checkpoint,只读冻结；未执行
A_route/problem3/02_batch_run/logs/checkpoints/P3_NO_PREFIX_061218/2025-09-12.json.gz,b2268ea7f288debbaea39f0da4f20743cf18a5462d1dfb6ab07dcc01c319c379,290700,batch_log_or_checkpoint,只读冻结；未执行
A_route/problem3/02_batch_run/logs/checkpoints/P3_NO_PREFIX_061218/2025-09-13.json.gz,b509932559609da59a01f7815e645b4562c2543dd15b3d2216e34bbf20a12213,294930,batch_log_or_checkpoint,只读冻结；未执行
A_route/problem3/02_batch_run/logs/checkpoints/P3_NO_PREFIX_061218/2025-09-14.json.gz,94d661be980e45abc1975bd66617b9c6e89656bc08a32e9e4d96ebe9ae25fb7d,303795,batch_log_or_checkpoint,只读冻结；未执行
A_route/problem3/02_batch_run/logs/checkpoints/P3_NO_PREFIX_061218/2025-09-15.json.gz,0d2b90bf29f3934cf2a54f42d553bceca33522331a465b0b0edf175f75da06a3,307489,batch_log_or_checkpoint,只读冻结；未执行
A_route/problem3/02_batch_run/logs/checkpoints/P3_NO_PREFIX_061218/2025-09-16.json.gz,4626d29fdac811b38b3a52d64fbcfb12e6000236fb4b430332cdde618598bba4,306648,batch_log_or_checkpoint,只读冻结；未执行
A_route/problem3/02_batch_run/logs/checkpoints/P3_NO_PREFIX_061218/2025-09-17.json.gz,3096c66ea6b06fd7e76ba1a487efdf6e82fe488d3806f2f1619e271acdb24d1a,304381,batch_log_or_checkpoint,只读冻结；未执行
A_route/problem3/02_batch_run/logs/checkpoints/P3_NO_PREFIX_061218/2025-09-18.json.gz,f4abe30a96af52eedbc16cf15811dac34d1e9007e3ceed5e995d098e7ad1cc45,312415,batch_log_or_checkpoint,只读冻结；未执行
A_route/problem3/02_batch_run/logs/checkpoints/P3_NO_PREFIX_061218/2025-09-19.json.gz,228e0b3e964090924c03ecc367e0ac4a84db5e9cfccd243602e186f1c8738710,293612,batch_log_or_checkpoint,只读冻结；未执行
A_route/problem3/02_batch_run/logs/checkpoints/P3_NO_PREFIX_061218/2025-09-20.json.gz,71686c9d745dca37a0626825183cfdcb45a728c613e9a3dd385e733304c52349,294795,batch_log_or_checkpoint,只读冻结；未执行
A_route/problem3/02_batch_run/logs/checkpoints/P3_NO_PREFIX_061218/2025-09-21.json.gz,2c83f6d43eb30c005b0ed96dfdf3d8f7af13fd3879ad512e96f2ab3902b83791,304414,batch_log_or_checkpoint,只读冻结；未执行
A_route/problem3/02_batch_run/logs/checkpoints/P3_NO_PREFIX_061218/2025-09-22.json.gz,cd43bf35d8fa3e672ea247282c991ca833b622264f64e6f5b688f9ff8ca1b33c,302671,batch_log_or_checkpoint,只读冻结；未执行
A_route/problem3/02_batch_run/logs/checkpoints/P3_NO_PREFIX_061218/2025-09-23.json.gz,1027d8accf884f5e9906046a7c7330de137984958eb48b0cdd38ce1a372afb44,303989,batch_log_or_checkpoint,只读冻结；未执行
A_route/problem3/02_batch_run/logs/checkpoints/P3_NO_PREFIX_061218/2025-09-24.json.gz,9b56babd4db4b1933866b23c22aa400f300deb323ec8a7c90f6ec5f2c383a750,316326,batch_log_or_checkpoint,只读冻结；未执行
A_route/problem3/02_batch_run/logs/checkpoints/P3_NO_PREFIX_061218/2025-09-25.json.gz,f602de95fdf8bc7098b38bfad83f1244f5071e015acaa668a719f880192b81c4,307396,batch_log_or_checkpoint,只读冻结；未执行
A_route/problem3/02_batch_run/logs/checkpoints/P3_NO_PREFIX_061218/2025-09-26.json.gz,f2bb03302da08c47eaf230505187d04837cc5f3df19737650dc97c410affbddd,289154,batch_log_or_checkpoint,只读冻结；未执行
A_route/problem3/02_batch_run/logs/checkpoints/P3_NO_PREFIX_061218/2025-09-27.json.gz,5a3fe767f0ad8fd347795494e5305a526973cd6e6f585d77c45f96df7ead2714,300008,batch_log_or_checkpoint,只读冻结；未执行
A_route/problem3/02_batch_run/logs/checkpoints/P3_NO_PREFIX_061218/2025-09-28.json.gz,386a075332fbcf7eac69d2e0e204159e122e8ee31637b8845b79243a95a46071,316928,batch_log_or_checkpoint,只读冻结；未执行
A_route/problem3/02_batch_run/logs/checkpoints/P3_NO_PREFIX_061218/2025-09-29.json.gz,f8bd418503cae496abf3f108c3a3e5a2675013d91ea1542953968ba06ff6d0bb,303463,batch_log_or_checkpoint,只读冻结；未执行
A_route/problem3/02_batch_run/logs/checkpoints/P3_NO_PREFIX_061218/2025-09-30.json.gz,df0ca35a9b9539946cc8d4c1eebcd3a776b8d56c40c2664ea95016157cfc3232,307276,batch_log_or_checkpoint,只读冻结；未执行
A_route/problem3/02_batch_run/logs/checkpoints/P3_NO_PREFIX_061218/2025-10-01.json.gz,8fa351fa56fa4fcb4e5e733f05fa065c943510e95bb97411a755fce0eec4be0e,303493,batch_log_or_checkpoint,只读冻结；未执行
A_route/problem3/02_batch_run/logs/checkpoints/P3_NO_PREFIX_061218/2025-10-02.json.gz,f1bce8c1549faeee99cc2972c1593a088d75d7c6316374a7729eec6dec7148c2,297356,batch_log_or_checkpoint,只读冻结；未执行
A_route/problem3/02_batch_run/logs/checkpoints/P3_NO_PREFIX_061218/2025-10-03.json.gz,335b51319e4c54fea56b4df41f38286cd67be23c8a8b98c42e7b1cc69f7b3027,291013,batch_log_or_checkpoint,只读冻结；未执行
A_route/problem3/02_batch_run/logs/checkpoints/P3_NO_PREFIX_061218/2025-10-04.json.gz,08c04a40dad419afe7c50f66af1f201137c12f1f76ed0c49c1b1163acecbfae2,296097,batch_log_or_checkpoint,只读冻结；未执行
A_route/problem3/02_batch_run/logs/checkpoints/P3_NO_PREFIX_061218/2025-10-05.json.gz,ab4d9c59307b29ecf5760a24c65798e15de8c6ca4d2ac2393bc9848cd7606f3b,305710,batch_log_or_checkpoint,只读冻结；未执行
A_route/problem3/02_batch_run/logs/checkpoints/P3_NO_PREFIX_061218/2025-10-06.json.gz,4349a0acc0b89e20d336a742f4492d4991503241920546fff3f08e3b20024ae2,313347,batch_log_or_checkpoint,只读冻结；未执行
A_route/problem3/02_batch_run/logs/checkpoints/P3_NO_PREFIX_061218/2025-10-07.json.gz,4e00530fe43769dc519f9fc312d373572e8639b12cd20829d198703298a4fd8e,309921,batch_log_or_checkpoint,只读冻结；未执行
A_route/problem3/02_batch_run/logs/checkpoints/P3_NO_PREFIX_061218/2025-10-08.json.gz,1fd8ec1f421c4c3da90f2999c7e5e889f699bcf5a9836b3acb01f0f83a335dc9,303365,batch_log_or_checkpoint,只读冻结；未执行
A_route/problem3/02_batch_run/logs/checkpoints/P3_NO_PREFIX_061218/2025-10-09.json.gz,4fe0f4538346f8dc0abc54842ed45b96cf34c540e600e986c688af0475e0d93e,296457,batch_log_or_checkpoint,只读冻结；未执行
A_route/problem3/02_batch_run/logs/checkpoints/P3_NO_PREFIX_061218/2025-10-10.json.gz,56ac17b1b024dbe87ec92411f50051948aaf1f846662f9ab9067b4e1023eb1c6,289213,batch_log_or_checkpoint,只读冻结；未执行
A_route/problem3/02_batch_run/logs/checkpoints/P3_NO_PREFIX_061218/2025-10-11.json.gz,d361999881dddd6458f6b3a8e6d39511356fc3eb410d0d31b6c2a0ac5130f7cc,296482,batch_log_or_checkpoint,只读冻结；未执行
A_route/problem3/02_batch_run/logs/checkpoints/P3_NO_PREFIX_061218/2025-10-12.json.gz,3357e4f01b87f4912d4863d29285dfacfd7417c3c99ae75856499a7f1d6a47bd,309288,batch_log_or_checkpoint,只读冻结；未执行
A_route/problem3/02_batch_run/logs/checkpoints/P3_NO_PREFIX_061218/2025-10-13.json.gz,445aa0b0a5fa8a4c218de7ebd16a9aec46d83f1804a00d9d388fd31a1628395b,303934,batch_log_or_checkpoint,只读冻结；未执行
A_route/problem3/02_batch_run/logs/checkpoints/P3_NO_PREFIX_061218/2025-10-14.json.gz,839870ff037b1878830aa212b0f88d6ff8aa72cc0fe8723a2f089354307004e2,308872,batch_log_or_checkpoint,只读冻结；未执行
A_route/problem3/02_batch_run/logs/checkpoints/P3_NO_PREFIX_061218/2025-10-15.json.gz,2d65f45f97312880d381785d39dc8fe8ebfa8dfb813ee931ffddae191ecffcfe,302332,batch_log_or_checkpoint,只读冻结；未执行
A_route/problem3/02_batch_run/logs/checkpoints/P3_NO_PREFIX_061218/2025-10-16.json.gz,db1815a3400d065868bd0c98eb5ac9e991aff7240e9c9c6440eb569ffb2ca3a5,302759,batch_log_or_checkpoint,只读冻结；未执行
A_route/problem3/02_batch_run/logs/checkpoints/P3_NO_PREFIX_061218/2025-10-17.json.gz,a85abf81cbe4c2b84f4f09f63d23bf8c069802bbc58e7d282fa2e96569ac4e8c,296337,batch_log_or_checkpoint,只读冻结；未执行
A_route/problem3/02_batch_run/logs/checkpoints/P3_NO_PREFIX_061218/2025-10-18.json.gz,f7ce2603a8df8f6fa5546ed2a3be953731cc30215649fcec7290db4b12df218d,295332,batch_log_or_checkpoint,只读冻结；未执行
A_route/problem3/02_batch_run/logs/checkpoints/P3_NO_PREFIX_061218/2025-10-19.json.gz,2059fca8b5e8e37e27bdd962ef6ff5674fb4cd401d3779a64506f6ca19e79f38,302429,batch_log_or_checkpoint,只读冻结；未执行
A_route/problem3/02_batch_run/logs/checkpoints/P3_NO_PREFIX_061218/2025-10-20.json.gz,d83dccd1a408e81450144d7a7bf92bf4add2254a37d02b9aad91a862255938d1,301144,batch_log_or_checkpoint,只读冻结；未执行
A_route/problem3/02_batch_run/logs/checkpoints/P3_NO_PREFIX_061218/2025-10-21.json.gz,b9a92e4fa5c663ca9330274c1178e2d1d47b8f0974d78488d899b69f49fc9f24,306396,batch_log_or_checkpoint,只读冻结；未执行
A_route/problem3/02_batch_run/logs/checkpoints/P3_NO_PREFIX_061218/2025-10-22.json.gz,66ed86109c525d3fbb2e7fc30933cf9831883808f2156f33edd284f395d129db,306432,batch_log_or_checkpoint,只读冻结；未执行
A_route/problem3/02_batch_run/logs/checkpoints/P3_NO_PREFIX_061218/2025-10-23.json.gz,f3ac71fd6255ebc7838b6edbdb7c4fbfb81b87068c247ea706eaa381ec516791,304925,batch_log_or_checkpoint,只读冻结；未执行
A_route/problem3/02_batch_run/logs/checkpoints/P3_NO_PREFIX_061218/2025-10-24.json.gz,b7c0574018f7c8afed76c97cbe5b366b854631c0fe8d7523f3878ea2d628b1d6,292266,batch_log_or_checkpoint,只读冻结；未执行
A_route/problem3/02_batch_run/logs/checkpoints/P3_NO_PREFIX_061218/2025-10-25.json.gz,b94e3c2400dbfe5c3e9e7d080a0fe608ba28829de0e5561a384af1f2a114c55e,296740,batch_log_or_checkpoint,只读冻结；未执行
A_route/problem3/02_batch_run/logs/checkpoints/P3_NO_PREFIX_061218/2025-10-26.json.gz,1466a411ccec639b484c480eec8b57abfc16753083b9e1ef377c01a806742abf,305586,batch_log_or_checkpoint,只读冻结；未执行
A_route/problem3/02_batch_run/logs/checkpoints/P3_NO_PREFIX_061218/2025-10-27.json.gz,b706f685b31668f7a0e8b393adec0a5689a90e9614f6584e35bd51d49c75de91,315851,batch_log_or_checkpoint,只读冻结；未执行
A_route/problem3/02_batch_run/logs/checkpoints/P3_NO_PREFIX_061218/2025-10-28.json.gz,323fdc07ee7ec3c11187754caf8b771fabb5176e86e8c1db3f43e3083c7ebe6d,313311,batch_log_or_checkpoint,只读冻结；未执行
A_route/problem3/02_batch_run/logs/checkpoints/P3_NO_PREFIX_061218/2025-10-29.json.gz,f75a11fdaa13b5c7a460f25a0168806fd2ee58f6ec01fd26a5b985e734bf5d33,307070,batch_log_or_checkpoint,只读冻结；未执行
A_route/problem3/02_batch_run/logs/checkpoints/P3_NO_PREFIX_061218/2025-10-30.json.gz,10a766e50a6461b9e58a02ba7827325486b5324dc82a43838d375ded049027c8,306028,batch_log_or_checkpoint,只读冻结；未执行
A_route/problem3/02_batch_run/logs/checkpoints/P3_NO_PREFIX_061218/2025-10-31.json.gz,0316d5e542ff9235d2ed57a0fbe822ca88035a538a7ef9724dedbd85c0ed4756,292556,batch_log_or_checkpoint,只读冻结；未执行
A_route/problem3/02_batch_run/logs/checkpoints/P3_NO_PREFIX_061218/2025-11-01.json.gz,14af268990a6e262e32a7366c20d23c2e488a7ff3538f98c407f3cd04bfd22ec,294622,batch_log_or_checkpoint,只读冻结；未执行
A_route/problem3/02_batch_run/logs/checkpoints/P3_NO_PREFIX_061218/2025-11-02.json.gz,3aa147eb4877c761c7f21c638bb4290920610a71ea3712fdeaeb3fda5939852b,313445,batch_log_or_checkpoint,只读冻结；未执行
A_route/problem3/02_batch_run/logs/checkpoints/P3_NO_PREFIX_061218/2025-11-03.json.gz,2fcd3d0db49cc79c951c0081943aad54575ce5f8f3d60252706d4a3b4a5002f0,303792,batch_log_or_checkpoint,只读冻结；未执行
A_route/problem3/02_batch_run/logs/checkpoints/P3_NO_PREFIX_061218/2025-11-04.json.gz,611f73e176d273eb91fbfc892358aa5afcf25e9fd3b29105b5e069a249dfe05c,310388,batch_log_or_checkpoint,只读冻结；未执行
A_route/problem3/02_batch_run/logs/checkpoints/P3_NO_PREFIX_061218/2025-11-05.json.gz,0d6093f64b950511f4f9ebd1337eba317775abae2c70ec29adad58e4b9df5f3b,300705,batch_log_or_checkpoint,只读冻结；未执行
A_route/problem3/02_batch_run/logs/checkpoints/P3_NO_PREFIX_061218/2025-11-06.json.gz,38ed8a894141d6bc998490565359ed6939dd8ce611c62885038d01a9335d0e4b,310304,batch_log_or_checkpoint,只读冻结；未执行
A_route/problem3/02_batch_run/logs/checkpoints/P3_NO_PREFIX_061218/2025-11-07.json.gz,256e8d3ea07624cbefae9b45fe9df19309f2cb5bdc8677606a626d8f950e3e76,296785,batch_log_or_checkpoint,只读冻结；未执行
A_route/problem3/02_batch_run/logs/checkpoints/P3_NO_PREFIX_061218/2025-11-08.json.gz,2635fd5b0d6eb99d646d5325e00f8b18e190ef3faec5f883142741490c144c23,294742,batch_log_or_checkpoint,只读冻结；未执行
A_route/problem3/02_batch_run/logs/checkpoints/P3_NO_PREFIX_061218/2025-11-09.json.gz,ac1858686f3406abd93dbaca0d4fd3ff343741b8f5e2f477875b603bd3ae72c7,305694,batch_log_or_checkpoint,只读冻结；未执行
A_route/problem3/02_batch_run/logs/checkpoints/P3_NO_PREFIX_061218/2025-11-10.json.gz,76d3c99d756323a72ec58368858cb7781011a97a6d0cbd4d4d2f660ea59793ed,311622,batch_log_or_checkpoint,只读冻结；未执行
A_route/problem3/02_batch_run/logs/checkpoints/P3_NO_PREFIX_061218/2025-11-11.json.gz,0f7026c2816a1bbe742bb41b64c33e56d561ef0d74649858917664b4d18f61ce,302900,batch_log_or_checkpoint,只读冻结；未执行
A_route/problem3/02_batch_run/logs/checkpoints/P3_NO_PREFIX_061218/2025-11-12.json.gz,eea9ed749a7ff4c29d5b1a64f1f38165c2e7ac7142be5b701240249d88ebfbbf,313727,batch_log_or_checkpoint,只读冻结；未执行
A_route/problem3/02_batch_run/logs/checkpoints/P3_NO_PREFIX_061218/2025-11-13.json.gz,e141731424ea3e0303b7b6dfa91416d2aed6d1084ea58a9fa03e86717bccf562,313056,batch_log_or_checkpoint,只读冻结；未执行
A_route/problem3/02_batch_run/logs/checkpoints/P3_NO_PREFIX_061218/2025-11-14.json.gz,5c94cff4251e9c30f24ced9d1df2310665e6781f8cb654311777b909b6c0759e,292504,batch_log_or_checkpoint,只读冻结；未执行
A_route/problem3/02_batch_run/logs/checkpoints/P3_NO_PREFIX_061218/2025-11-15.json.gz,dd2d4091d683d14a01f2355c5b83ea5c2eb23f7e260cf990b188cef736f76fd6,296235,batch_log_or_checkpoint,只读冻结；未执行
A_route/problem3/02_batch_run/logs/checkpoints/P3_NO_PREFIX_061218/2025-11-16.json.gz,be150ec19666bcfb65d3a73532aa4e1b2bd72fd72d0d165e6379b960ee9333be,314995,batch_log_or_checkpoint,只读冻结；未执行
A_route/problem3/02_batch_run/logs/checkpoints/P3_NO_PREFIX_061218/2025-11-17.json.gz,4db3190ef95acef81b9bdbf79a0d1987cd39bb06edb0d2c030cda23046c46a55,318221,batch_log_or_checkpoint,只读冻结；未执行
A_route/problem3/02_batch_run/logs/checkpoints/P3_NO_PREFIX_061218/2025-11-18.json.gz,2d4c3845e432b54a6110e9eecabb5b0eaf938086d11552fc9f7af5d6012d06de,305498,batch_log_or_checkpoint,只读冻结；未执行
A_route/problem3/02_batch_run/logs/checkpoints/P3_NO_PREFIX_061218/2025-11-19.json.gz,78229f7bd7adbd70a45df29f5d5429029fd8f67147bfd7ab3534feff73c75ccc,316812,batch_log_or_checkpoint,只读冻结；未执行
A_route/problem3/02_batch_run/logs/checkpoints/P3_NO_PREFIX_061218/2025-11-20.json.gz,5f08a2f228c9b4315399274f41ad6f9836c18ea178b3d5e900b337f80f9e53c3,310711,batch_log_or_checkpoint,只读冻结；未执行
A_route/problem3/02_batch_run/logs/checkpoints/P3_NO_PREFIX_061218/2025-11-21.json.gz,704bd3b3a3544c66984a79470756471c1d22e70a144594f905800395c235bf8a,297060,batch_log_or_checkpoint,只读冻结；未执行
A_route/problem3/02_batch_run/logs/checkpoints/P3_NO_PREFIX_061218/2025-11-22.json.gz,6da6ea97d0e12ab01e2f2a9970cd0b60855f7d8462abf065777bba53b6e7088a,296976,batch_log_or_checkpoint,只读冻结；未执行
A_route/problem3/02_batch_run/logs/checkpoints/P3_NO_PREFIX_061218/2025-11-23.json.gz,716b4b75c5218ad38675b1fc95a08d64bb0744224e4d43a0d6054c0181b7060e,311321,batch_log_or_checkpoint,只读冻结；未执行
A_route/problem3/02_batch_run/logs/checkpoints/P3_NO_PREFIX_061218/2025-11-24.json.gz,0f83847b7443c149064ebddaa3c7388dcbf9c19bb4f25008a2ea3dcf980575cf,305859,batch_log_or_checkpoint,只读冻结；未执行
A_route/problem3/02_batch_run/logs/checkpoints/P3_NO_PREFIX_061218/2025-11-25.json.gz,1ebc180bc7c2384d692bd60c82962bf4867b7560e5df9e21979afb2ad85e7c7b,302375,batch_log_or_checkpoint,只读冻结；未执行
A_route/problem3/02_batch_run/logs/checkpoints/P3_NO_PREFIX_061218/2025-11-26.json.gz,444eeb9089c4758c3dedd1c625f201264aa3cad5f1bd0d92a3cf82ba195968b9,307342,batch_log_or_checkpoint,只读冻结；未执行
A_route/problem3/02_batch_run/logs/checkpoints/P3_NO_PREFIX_061218/2025-11-27.json.gz,9ae849c141a7b72b38a5c2eb11681c9dd078b3b933c8ce96a62bbb7904ed3699,305287,batch_log_or_checkpoint,只读冻结；未执行
A_route/problem3/02_batch_run/logs/checkpoints/P3_NO_PREFIX_061218/2025-11-28.json.gz,50321ccc8ae57d98cd57371652a3de2fcbc09bc38d90549d29ca944eb675dc6d,296511,batch_log_or_checkpoint,只读冻结；未执行
A_route/problem3/02_batch_run/logs/checkpoints/P3_NO_PREFIX_061218/2025-11-29.json.gz,2b9c9517e29c90e2ad8a47b549ea0089cb36dd706a696c17367cd182950fb1b6,299246,batch_log_or_checkpoint,只读冻结；未执行
A_route/problem3/02_batch_run/logs/checkpoints/P3_NO_PREFIX_061218/2025-11-30.json.gz,647bc83b2e9dc66016a7e0bbca5d147cc1bd8b3c94a2aeb76f25f0469956deae,311870,batch_log_or_checkpoint,只读冻结；未执行
A_route/problem3/02_batch_run/logs/checkpoints/P3_NO_PREFIX_061218/2025-12-01.json.gz,a55fe70a87ee36a8a6d439b028aa735e7fc46d02a27a41a4ee32418997fc7c0f,305934,batch_log_or_checkpoint,只读冻结；未执行
A_route/problem3/02_batch_run/logs/checkpoints/P3_NO_PREFIX_061218/2025-12-02.json.gz,e78dc7494386ada2a6ccaa4ad68a0e7724a36e4f870e5a1a1128dfd4531c1c42,305863,batch_log_or_checkpoint,只读冻结；未执行
A_route/problem3/02_batch_run/logs/checkpoints/P3_NO_PREFIX_061218/2025-12-03.json.gz,d6d90b6cfc0db476cf10b31766f06b90158003bb2bc20302756db3fb10649b17,325601,batch_log_or_checkpoint,只读冻结；未执行
A_route/problem3/02_batch_run/logs/checkpoints/P3_NO_PREFIX_061218/2025-12-04.json.gz,e38d3f4e49d62baf88b2dbc00143983425dd16644e2c76fd1e169236d9a41720,306962,batch_log_or_checkpoint,只读冻结；未执行
A_route/problem3/02_batch_run/logs/checkpoints/P3_NO_PREFIX_061218/2025-12-05.json.gz,89fd8a40ab3d03110a9702cd894ac3fe4ca47c1c1602fc3b70d6664c0b38fbd3,303742,batch_log_or_checkpoint,只读冻结；未执行
A_route/problem3/02_batch_run/logs/checkpoints/P3_NO_PREFIX_061218/2025-12-06.json.gz,ebe512ca0bfad2780461aab4e587f7867e18a79954fd3609059b0f64ab1e2565,301840,batch_log_or_checkpoint,只读冻结；未执行
A_route/problem3/02_batch_run/logs/checkpoints/P3_NO_PREFIX_061218/2025-12-07.json.gz,08e5a9b66394881f97848bf3c340eeb52fb847af330f0e0705485deca196e464,303631,batch_log_or_checkpoint,只读冻结；未执行
A_route/problem3/02_batch_run/logs/checkpoints/P3_NO_PREFIX_061218/2025-12-08.json.gz,a787a2a541b63c7f0516b8d549b11e3514c6d6302e9171d18c18426fcd7085ad,304192,batch_log_or_checkpoint,只读冻结；未执行
A_route/problem3/02_batch_run/logs/checkpoints/P3_NO_PREFIX_061218/2025-12-09.json.gz,fdd7ee5def147c7338405810b27af37b06bae999b95fc5edb2966dc398b71292,303580,batch_log_or_checkpoint,只读冻结；未执行
A_route/problem3/02_batch_run/logs/checkpoints/P3_NO_PREFIX_061218/2025-12-10.json.gz,1297efe68655af54ded2452ddb225cc543775450fb276ff8ed3e3817acf18aae,307086,batch_log_or_checkpoint,只读冻结；未执行
A_route/problem3/02_batch_run/logs/checkpoints/P3_NO_PREFIX_061218/2025-12-11.json.gz,9b0a9e78ffa9b536a8f66f6ee94138b8cf1d88820dee10b6e1a39e0ac32ac2ff,302377,batch_log_or_checkpoint,只读冻结；未执行
A_route/problem3/02_batch_run/logs/checkpoints/P3_NO_PREFIX_061218/2025-12-12.json.gz,be8dd9bb262882561b2ebaa42318677a2b24761ae6b624d81cc2f5791f3ea3d2,305831,batch_log_or_checkpoint,只读冻结；未执行
A_route/problem3/02_batch_run/logs/checkpoints/P3_NO_PREFIX_061218/2025-12-13.json.gz,f65c82a0cb3bdb95baa8884e8e53ded576a91149c125f026c827a5e88a56a3c1,305878,batch_log_or_checkpoint,只读冻结；未执行
A_route/problem3/02_batch_run/logs/checkpoints/P3_NO_PREFIX_061218/2025-12-14.json.gz,084d1091359515752827bb7e636c114b1309f9e9b1fd238404bfba1ebc5fabaf,310095,batch_log_or_checkpoint,只读冻结；未执行
A_route/problem3/02_batch_run/logs/checkpoints/P3_NO_PREFIX_061218/2025-12-15.json.gz,c660312233d58a6c79a555df0b947c18d00d73a79d336d7bd229427fc3d5aa96,313306,batch_log_or_checkpoint,只读冻结；未执行
A_route/problem3/02_batch_run/logs/checkpoints/P3_NO_PREFIX_061218/2025-12-16.json.gz,a3b3729faf6f1e56869daa390162b287028c15465f07148836046d8549b8d060,301660,batch_log_or_checkpoint,只读冻结；未执行
A_route/problem3/02_batch_run/logs/checkpoints/P3_NO_PREFIX_061218/2025-12-17.json.gz,efc2dd6bae89387e11d58408a853da51947246ebd49323968d0647196e9363b5,300918,batch_log_or_checkpoint,只读冻结；未执行
A_route/problem3/02_batch_run/logs/checkpoints/P3_NO_PREFIX_061218/2025-12-18.json.gz,f49d16381c940efe683444f2f91a18f6df824e81d4b9c6e020192f7631b94988,307302,batch_log_or_checkpoint,只读冻结；未执行
A_route/problem3/02_batch_run/logs/checkpoints/P3_NO_PREFIX_061218/2025-12-19.json.gz,48a5400a1eaefb94c8f897b8a3d6dea872b3abdd9546d8721004afe48a1bde95,305719,batch_log_or_checkpoint,只读冻结；未执行
A_route/problem3/02_batch_run/logs/checkpoints/P3_NO_PREFIX_061218/2025-12-20.json.gz,f28511da3f7b261a6090f62ccb11bdeb6b76c33340b9c37ed02d439f3218a344,301490,batch_log_or_checkpoint,只读冻结；未执行
A_route/problem3/02_batch_run/logs/checkpoints/P3_NO_PREFIX_061218/2025-12-21.json.gz,e330349f26851bdccdae3f4c781235f8ef8ddc6050ec7eea33d018ff1b03536b,303073,batch_log_or_checkpoint,只读冻结；未执行
A_route/problem3/02_batch_run/logs/checkpoints/P3_NO_PREFIX_061218/2025-12-22.json.gz,0bbab791141b002dce64274e53d97a0de3897f4fbd2a184e97f7c5f7cce4d1f1,302111,batch_log_or_checkpoint,只读冻结；未执行
A_route/problem3/02_batch_run/logs/checkpoints/P3_NO_PREFIX_061218/2025-12-23.json.gz,a49c906be5a772338b62c51d293ef25ae67a0c76c910a554b76fba83a3724f64,303134,batch_log_or_checkpoint,只读冻结；未执行
A_route/problem3/02_batch_run/logs/checkpoints/P3_NO_PREFIX_061218/2025-12-24.json.gz,a0d645fac1bbe5a322835f255e266140733890e0a686f67070aea879d8748199,301547,batch_log_or_checkpoint,只读冻结；未执行
A_route/problem3/02_batch_run/logs/checkpoints/P3_NO_PREFIX_061218/2025-12-25.json.gz,349eac96d4b783793a43dc1d8623b783df1e0a411543133a0f5d48bb6b337871,308769,batch_log_or_checkpoint,只读冻结；未执行
A_route/problem3/02_batch_run/logs/checkpoints/P3_NO_PREFIX_061218/2025-12-26.json.gz,6634d33704f24fecd80785f5f01324c6813b058faab864a4adb1b501cc59211b,301636,batch_log_or_checkpoint,只读冻结；未执行
A_route/problem3/02_batch_run/logs/checkpoints/P3_NO_PREFIX_061218/2025-12-27.json.gz,bfb6042878bc3f75a74e6e9fb919bd54ad2d8e5d48436c325aba2fffb10558a4,303206,batch_log_or_checkpoint,只读冻结；未执行
A_route/problem3/02_batch_run/logs/checkpoints/P3_NO_PREFIX_061218/2025-12-28.json.gz,a017ffe0ed63f06fac726fc1ba5ebe506579aed38aa49496839a30014bca440e,302644,batch_log_or_checkpoint,只读冻结；未执行
A_route/problem3/02_batch_run/logs/checkpoints/P3_NO_PREFIX_061218/2025-12-29.json.gz,1ad670d91834ceb7868c4ff3e76c4ea461de8b445ac6212ea21a6e89a92e347f,309005,batch_log_or_checkpoint,只读冻结；未执行
A_route/problem3/02_batch_run/logs/checkpoints/P3_NO_PREFIX_061218/2025-12-30.json.gz,8cd4d8af5a88bfe38280641f63dd8cf00903e4a4139384ede22420389ee4d21a,304731,batch_log_or_checkpoint,只读冻结；未执行
A_route/problem3/02_batch_run/logs/checkpoints/P3_NO_PREFIX_061218/2025-12-31.json.gz,aed42d5fa98ea40a506574ae334103777cfdb0ea74fff69ff7120fdc799f61d6,305044,batch_log_or_checkpoint,只读冻结；未执行
A_route/problem3/02_batch_run/logs/checkpoints/P3_PARTIAL_ADJUST_MEAN_ROLLOUT_061218/2025-02-01.json.gz,d9a9bd30c5fef6993c63a8c3e2dafedcb35c006a45341f93eb3aca7c31c2b769,281505,batch_log_or_checkpoint,只读冻结；未执行
A_route/problem3/02_batch_run/logs/checkpoints/P3_PARTIAL_ADJUST_MEAN_ROLLOUT_061218/2025-02-02.json.gz,7383bff692e87a776ff5d93252864fc7e0885c7c46878666066892cf87e9c607,298431,batch_log_or_checkpoint,只读冻结；未执行
A_route/problem3/02_batch_run/logs/checkpoints/P3_PARTIAL_ADJUST_MEAN_ROLLOUT_061218/2025-02-03.json.gz,e730076f1b452f2ada20b0004a15887d46775439c3c6172d1713f6252faed215,310435,batch_log_or_checkpoint,只读冻结；未执行
A_route/problem3/02_batch_run/logs/checkpoints/P3_PARTIAL_ADJUST_MEAN_ROLLOUT_061218/2025-02-04.json.gz,4b0a012444666fbb28adc6174acc01192de6d7f34de25ba4b0add9b2547d62bd,320845,batch_log_or_checkpoint,只读冻结；未执行
A_route/problem3/02_batch_run/logs/checkpoints/P3_PARTIAL_ADJUST_MEAN_ROLLOUT_061218/2025-02-05.json.gz,86d24f9fae25abd1027c6c5111721af7faf28711eea88fa488cc4c0f7886fdea,334806,batch_log_or_checkpoint,只读冻结；未执行
A_route/problem3/02_batch_run/logs/checkpoints/P3_PARTIAL_ADJUST_MEAN_ROLLOUT_061218/2025-02-06.json.gz,9fcc5d16d48e35dd7658009c523af45ec49c950caa0b45160e94120b96fc24d5,329078,batch_log_or_checkpoint,只读冻结；未执行
A_route/problem3/02_batch_run/logs/checkpoints/P3_PARTIAL_ADJUST_MEAN_ROLLOUT_061218/2025-02-07.json.gz,83cc8223b7fbd45b308cef6bd9ec570674a5a3dfbf4a09aee517db65488cc625,322743,batch_log_or_checkpoint,只读冻结；未执行
A_route/problem3/02_batch_run/logs/checkpoints/P3_PARTIAL_ADJUST_MEAN_ROLLOUT_061218/2025-02-08.json.gz,e168e5cd6789924a76775edaf7ad351f4108c5ccbfadb6baffec11d178e4cbbb,333218,batch_log_or_checkpoint,只读冻结；未执行
A_route/problem3/02_batch_run/logs/checkpoints/P3_PARTIAL_ADJUST_MEAN_ROLLOUT_061218/2025-02-09.json.gz,d26b498adfc104cbbcc05a5eb16039bf5f78429658af62994e8a16af118b869c,332516,batch_log_or_checkpoint,只读冻结；未执行
A_route/problem3/02_batch_run/logs/checkpoints/P3_PARTIAL_ADJUST_MEAN_ROLLOUT_061218/2025-02-10.json.gz,d9b9a71bae5571270469614ff86aee43a4143ae593a7b507a1c5ecfff43fd8b3,334010,batch_log_or_checkpoint,只读冻结；未执行
A_route/problem3/02_batch_run/logs/checkpoints/P3_PARTIAL_ADJUST_MEAN_ROLLOUT_061218/2025-02-11.json.gz,87a8513cde665d6fe1e308a7d5294c6c08c6b48cfc047908e210910437ae0c1e,329816,batch_log_or_checkpoint,只读冻结；未执行
A_route/problem3/02_batch_run/logs/checkpoints/P3_PARTIAL_ADJUST_MEAN_ROLLOUT_061218/2025-02-12.json.gz,9abb956854b0d07238badd27e84655be8da6d934b6dc4d8b94362ca8bc387a81,332592,batch_log_or_checkpoint,只读冻结；未执行
A_route/problem3/02_batch_run/logs/checkpoints/P3_PARTIAL_ADJUST_MEAN_ROLLOUT_061218/2025-02-13.json.gz,a694a9e3ce9edb2fc1175d08725ad5ece9d34ee6b8b5d2e43ad0e8eda2779673,336310,batch_log_or_checkpoint,只读冻结；未执行
A_route/problem3/02_batch_run/logs/checkpoints/P3_PARTIAL_ADJUST_MEAN_ROLLOUT_061218/2025-02-14.json.gz,78b4284d57280c959e4b8e1e03c1883077a2cefb3db7d713228902560e647cfd,330480,batch_log_or_checkpoint,只读冻结；未执行
A_route/problem3/02_batch_run/logs/checkpoints/P3_PARTIAL_ADJUST_MEAN_ROLLOUT_061218/2025-02-15.json.gz,80e35477f7605ff5370beb90d0b1c1c2e5d908c20c09770a0676be605b3645d9,328219,batch_log_or_checkpoint,只读冻结；未执行
A_route/problem3/02_batch_run/logs/checkpoints/P3_PARTIAL_ADJUST_MEAN_ROLLOUT_061218/2025-02-16.json.gz,4666b7d6e89e370b2a920794b4792bd604c23ce5dfc53e7975c450047ef90e28,335080,batch_log_or_checkpoint,只读冻结；未执行
A_route/problem3/02_batch_run/logs/checkpoints/P3_PARTIAL_ADJUST_MEAN_ROLLOUT_061218/2025-02-17.json.gz,86fea8953809b83358c72f8b2dba867962cd86eb2542552129bacec0bc98d0a1,334525,batch_log_or_checkpoint,只读冻结；未执行
A_route/problem3/02_batch_run/logs/checkpoints/P3_PARTIAL_ADJUST_MEAN_ROLLOUT_061218/2025-02-18.json.gz,c391d2872a8c20eb98abbea55ce4f940677eb443dc9c511577a2012943726757,347409,batch_log_or_checkpoint,只读冻结；未执行
A_route/problem3/02_batch_run/logs/checkpoints/P3_PARTIAL_ADJUST_MEAN_ROLLOUT_061218/2025-02-19.json.gz,d05ba8239d4c9f8900f40c84ca86baa13c4ed3fff75b4d513dce67203cbf39b9,349411,batch_log_or_checkpoint,只读冻结；未执行
A_route/problem3/02_batch_run/logs/checkpoints/P3_PARTIAL_ADJUST_MEAN_ROLLOUT_061218/2025-02-20.json.gz,28735f36337b7fece6451198e79819ad7ebdb7eec13068eaa5b2130162189229,339985,batch_log_or_checkpoint,只读冻结；未执行
A_route/problem3/02_batch_run/logs/checkpoints/P3_PARTIAL_ADJUST_MEAN_ROLLOUT_061218/2025-02-21.json.gz,a2d5366e62b95a99aad23ed34f1a95a5aebb61afeaf3aff1fe472d3a894f262d,325617,batch_log_or_checkpoint,只读冻结；未执行
A_route/problem3/02_batch_run/logs/checkpoints/P3_PARTIAL_ADJUST_MEAN_ROLLOUT_061218/2025-02-22.json.gz,7a3a362c74bde87a78a3dd7982a447885a27018df4fabb91167e57c9d0fc77dd,337450,batch_log_or_checkpoint,只读冻结；未执行
A_route/problem3/02_batch_run/logs/checkpoints/P3_PARTIAL_ADJUST_MEAN_ROLLOUT_061218/2025-02-23.json.gz,7508a32165bc5683493f202022c17c70eca11d2dfbce32c390f92610a2032174,341829,batch_log_or_checkpoint,只读冻结；未执行
A_route/problem3/02_batch_run/logs/checkpoints/P3_PARTIAL_ADJUST_MEAN_ROLLOUT_061218/2025-02-24.json.gz,7b8833d2c2e4ad7c1d33175db2a2889e8ed1fa221390f17b40d205cb09a60556,337473,batch_log_or_checkpoint,只读冻结；未执行
A_route/problem3/02_batch_run/logs/checkpoints/P3_PARTIAL_ADJUST_MEAN_ROLLOUT_061218/2025-02-25.json.gz,ff08dc05d07496a53f65d89a5d7131c1a1c4368ca799d2ac721ab98ac9c74007,341061,batch_log_or_checkpoint,只读冻结；未执行
A_route/problem3/02_batch_run/logs/checkpoints/P3_PARTIAL_ADJUST_MEAN_ROLLOUT_061218/2025-02-26.json.gz,f2fd4757f6da1c9b53639c33cdb66128c5441e81eb3ee03e40b808a3482918d2,350560,batch_log_or_checkpoint,只读冻结；未执行
A_route/problem3/02_batch_run/logs/checkpoints/P3_PARTIAL_ADJUST_MEAN_ROLLOUT_061218/2025-02-27.json.gz,230260650e2167095ee309ec6c653fd05b506f0371009007071c5dcd3742e133,333472,batch_log_or_checkpoint,只读冻结；未执行
A_route/problem3/02_batch_run/logs/checkpoints/P3_PARTIAL_ADJUST_MEAN_ROLLOUT_061218/2025-02-28.json.gz,4a09d7b55464ed21e9b6f2a748541ee7692fcafe170b06f249d9c4feb1b4767e,319311,batch_log_or_checkpoint,只读冻结；未执行
A_route/problem3/02_batch_run/logs/checkpoints/P3_PARTIAL_ADJUST_MEAN_ROLLOUT_061218/2025-03-01.json.gz,c9fd186841d5a11b69fd521a28a89e7e1188f4bad03d6b8e03424593e1dd6dc4,323676,batch_log_or_checkpoint,只读冻结；未执行
A_route/problem3/02_batch_run/logs/checkpoints/P3_PARTIAL_ADJUST_MEAN_ROLLOUT_061218/2025-03-02.json.gz,7a99f45e40e6d2935c7dd522e86e99f4e69e8bf973ebb4d6ff44a9a1d1c81e8d,339228,batch_log_or_checkpoint,只读冻结；未执行
A_route/problem3/02_batch_run/logs/checkpoints/P3_PARTIAL_ADJUST_MEAN_ROLLOUT_061218/2025-03-03.json.gz,e0e6e49b75b033bec059578265a432848f78f19a958c79412cb1843a4221ae8b,340809,batch_log_or_checkpoint,只读冻结；未执行
A_route/problem3/02_batch_run/logs/checkpoints/P3_PARTIAL_ADJUST_MEAN_ROLLOUT_061218/2025-03-04.json.gz,e3a8c7f90a962fa37594ec5404b658d46250731ab59b686784bea9ad12e6e700,336254,batch_log_or_checkpoint,只读冻结；未执行
A_route/problem3/02_batch_run/logs/checkpoints/P3_PARTIAL_ADJUST_MEAN_ROLLOUT_061218/2025-03-05.json.gz,b1d52304b54c9316c3b6fed9eb92ce177b576a76dba1a883121f0f99e729b5d4,332145,batch_log_or_checkpoint,只读冻结；未执行
A_route/problem3/02_batch_run/logs/checkpoints/P3_PARTIAL_ADJUST_MEAN_ROLLOUT_061218/2025-03-06.json.gz,de92e4687905eff4767535b3d0b36b955f5d0529dd188c53eb00a31a70faa32c,329464,batch_log_or_checkpoint,只读冻结；未执行
A_route/problem3/02_batch_run/logs/checkpoints/P3_PARTIAL_ADJUST_MEAN_ROLLOUT_061218/2025-03-07.json.gz,eeee371b3e6c8ac1e1ae97b37c40b4db587ad8daeec58e28cbf8e7b527c0e322,320044,batch_log_or_checkpoint,只读冻结；未执行
A_route/problem3/02_batch_run/logs/checkpoints/P3_PARTIAL_ADJUST_MEAN_ROLLOUT_061218/2025-03-08.json.gz,9c32e1c0a8d5cdc738f5866cf35975a1b4800f7c6f7580361c0efde3a1a87f10,329441,batch_log_or_checkpoint,只读冻结；未执行
A_route/problem3/02_batch_run/logs/checkpoints/P3_PARTIAL_ADJUST_MEAN_ROLLOUT_061218/2025-03-09.json.gz,9eb9abf6ce8bb2525ec7428bc9108ab24e3a8c8476fac2da48191e3a05b2bea0,346062,batch_log_or_checkpoint,只读冻结；未执行
A_route/problem3/02_batch_run/logs/checkpoints/P3_PARTIAL_ADJUST_MEAN_ROLLOUT_061218/2025-03-10.json.gz,65faa0a608a81a73517043e21c6e579c0a5d8c862f56aab5c1488b4bd0a58267,352529,batch_log_or_checkpoint,只读冻结；未执行
A_route/problem3/02_batch_run/logs/checkpoints/P3_PARTIAL_ADJUST_MEAN_ROLLOUT_061218/2025-03-11.json.gz,648c09ee7266d5f59dcaeb9e60484392271359577e01b64a19cba7b06065e9aa,354187,batch_log_or_checkpoint,只读冻结；未执行
A_route/problem3/02_batch_run/logs/checkpoints/P3_PARTIAL_ADJUST_MEAN_ROLLOUT_061218/2025-03-12.json.gz,b1dba38ea9dcf25eccdf54f52a5fadf3bfc670ac3d2aeaa3b2446b6bb7fed7c8,345568,batch_log_or_checkpoint,只读冻结；未执行
A_route/problem3/02_batch_run/logs/checkpoints/P3_PARTIAL_ADJUST_MEAN_ROLLOUT_061218/2025-03-13.json.gz,cb1cc437fb3a1b61f29034637e7a3cb1aed1cbda6689899260b4683a8a3e40a5,346158,batch_log_or_checkpoint,只读冻结；未执行
A_route/problem3/02_batch_run/logs/checkpoints/P3_PARTIAL_ADJUST_MEAN_ROLLOUT_061218/2025-03-14.json.gz,51a2be7c7a1926f401ea48c017abbdf766079549b30f24cf9dc1962d040c70e7,331568,batch_log_or_checkpoint,只读冻结；未执行
A_route/problem3/02_batch_run/logs/checkpoints/P3_PARTIAL_ADJUST_MEAN_ROLLOUT_061218/2025-03-15.json.gz,f26038b7b0f30312e6587a974d3338fe4a048b0cafcea88728b794fb62eab7e0,339737,batch_log_or_checkpoint,只读冻结；未执行
A_route/problem3/02_batch_run/logs/checkpoints/P3_PARTIAL_ADJUST_MEAN_ROLLOUT_061218/2025-03-16.json.gz,f66a18dad3aa6d6c78441465895a291d5f070a899bd71f1b0e6624cbdf75f77a,351630,batch_log_or_checkpoint,只读冻结；未执行
A_route/problem3/02_batch_run/logs/checkpoints/P3_PARTIAL_ADJUST_MEAN_ROLLOUT_061218/2025-03-17.json.gz,cde53c97612e77d0d9711e0456c1f14613f0647a3d36adb944d6c3d3a8ecc58e,341367,batch_log_or_checkpoint,只读冻结；未执行
A_route/problem3/02_batch_run/logs/checkpoints/P3_PARTIAL_ADJUST_MEAN_ROLLOUT_061218/2025-03-18.json.gz,d91a24578e3d3eb509c43525225e00a70bf4d00eef3a6b2bed3788852a176683,334410,batch_log_or_checkpoint,只读冻结；未执行
A_route/problem3/02_batch_run/logs/checkpoints/P3_PARTIAL_ADJUST_MEAN_ROLLOUT_061218/2025-03-19.json.gz,636289e622bdc52570f5c8571d52249e6fc8430001232d791b82ec7733b72826,351433,batch_log_or_checkpoint,只读冻结；未执行
A_route/problem3/02_batch_run/logs/checkpoints/P3_PARTIAL_ADJUST_MEAN_ROLLOUT_061218/2025-03-20.json.gz,0364a41e21eb64e57ce9c29235ce24c1cb3d5f69ebc9aac56706dc88c3779cbe,343851,batch_log_or_checkpoint,只读冻结；未执行
A_route/problem3/02_batch_run/logs/checkpoints/P3_PARTIAL_ADJUST_MEAN_ROLLOUT_061218/2025-03-21.json.gz,9c5534da09d495da83210d188aa2ffa8c0842f1a33b418578d3f4ded68c26212,320767,batch_log_or_checkpoint,只读冻结；未执行
A_route/problem3/02_batch_run/logs/checkpoints/P3_PARTIAL_ADJUST_MEAN_ROLLOUT_061218/2025-03-22.json.gz,801f9ef8dac9facab98eda0b3005e7f335455674a8e25fe524efc59271352e1d,322638,batch_log_or_checkpoint,只读冻结；未执行
A_route/problem3/02_batch_run/logs/checkpoints/P3_PARTIAL_ADJUST_MEAN_ROLLOUT_061218/2025-03-23.json.gz,87ac5923d9804cba2da08152f45fd9c7810abc2ba4df7ac791dac536503d94b8,340419,batch_log_or_checkpoint,只读冻结；未执行
A_route/problem3/02_batch_run/logs/checkpoints/P3_PARTIAL_ADJUST_MEAN_ROLLOUT_061218/2025-03-24.json.gz,41f200adaadc974cfb09bc2acb50aae095f34b374b9fb4797a8427fbc259e1fc,346642,batch_log_or_checkpoint,只读冻结；未执行
A_route/problem3/02_batch_run/logs/checkpoints/P3_PARTIAL_ADJUST_MEAN_ROLLOUT_061218/2025-03-25.json.gz,d5a70d9125aefc9112817468adf8990c2216e18f401af2285b31a29cea9e1c23,345790,batch_log_or_checkpoint,只读冻结；未执行
A_route/problem3/02_batch_run/logs/checkpoints/P3_PARTIAL_ADJUST_MEAN_ROLLOUT_061218/2025-03-26.json.gz,8e05df8dc9e8bfabd694235a66e1f08a87e27f8258a0690c28d49a330b3e513d,346726,batch_log_or_checkpoint,只读冻结；未执行
A_route/problem3/02_batch_run/logs/checkpoints/P3_PARTIAL_ADJUST_MEAN_ROLLOUT_061218/2025-03-27.json.gz,e0edead99e80feb38db1ebce516b408cee7285c54e11b7833eb8f40b4c6c99dc,342138,batch_log_or_checkpoint,只读冻结；未执行
A_route/problem3/02_batch_run/logs/checkpoints/P3_PARTIAL_ADJUST_MEAN_ROLLOUT_061218/2025-03-28.json.gz,c429ac5e1271370e4a2bb77ff68914c92da587e4679b558ea1d210423c8e2454,315085,batch_log_or_checkpoint,只读冻结；未执行
A_route/problem3/02_batch_run/logs/checkpoints/P3_PARTIAL_ADJUST_MEAN_ROLLOUT_061218/2025-03-29.json.gz,53a8274d1a793a81db72cbae2b8ae59dc996d900a4e7f9792e25118f6ac4c98f,335151,batch_log_or_checkpoint,只读冻结；未执行
A_route/problem3/02_batch_run/logs/checkpoints/P3_PARTIAL_ADJUST_MEAN_ROLLOUT_061218/2025-03-30.json.gz,6e0b9dde258dc3f9762968dc6c90b1bae962f35d3bd63c2980fd5a5532cf5a8d,341523,batch_log_or_checkpoint,只读冻结；未执行
A_route/problem3/02_batch_run/logs/checkpoints/P3_PARTIAL_ADJUST_MEAN_ROLLOUT_061218/2025-03-31.json.gz,3b5aea93594fe63d12c1a56235bc7c7382c05092ed19f4a627607d001a43955a,358071,batch_log_or_checkpoint,只读冻结；未执行
A_route/problem3/02_batch_run/logs/checkpoints/P3_PARTIAL_ADJUST_MEAN_ROLLOUT_061218/2025-04-01.json.gz,72aa2cc4e76b9327ec51efafb637b2a4c229f9478a549c8dbf3fd22cd1f57a67,346783,batch_log_or_checkpoint,只读冻结；未执行
A_route/problem3/02_batch_run/logs/checkpoints/P3_PARTIAL_ADJUST_MEAN_ROLLOUT_061218/2025-04-02.json.gz,de41c97cd2c9381daca37b7d5c18f6f367abd0fc2c7971358afb569cf872b3a4,348335,batch_log_or_checkpoint,只读冻结；未执行
A_route/problem3/02_batch_run/logs/checkpoints/P3_PARTIAL_ADJUST_MEAN_ROLLOUT_061218/2025-04-03.json.gz,ea3cd8cea58533e4d5450955bb8b6014ecbc87a71d17387a97e6e154c0bfe953,324827,batch_log_or_checkpoint,只读冻结；未执行
A_route/problem3/02_batch_run/logs/checkpoints/P3_PARTIAL_ADJUST_MEAN_ROLLOUT_061218/2025-04-04.json.gz,f6386f97d53298576c58980037fd9dacf7efcb9a58a884eeef9307aee1f742f8,318621,batch_log_or_checkpoint,只读冻结；未执行
A_route/problem3/02_batch_run/logs/checkpoints/P3_PARTIAL_ADJUST_MEAN_ROLLOUT_061218/2025-04-05.json.gz,19a54451b1ba7397b21d15157247fa7fbd04b6e443e7fb71ca769a63b15d8aef,324192,batch_log_or_checkpoint,只读冻结；未执行
A_route/problem3/02_batch_run/logs/checkpoints/P3_PARTIAL_ADJUST_MEAN_ROLLOUT_061218/2025-04-06.json.gz,50f871521abebf2b708e35b54ba13cda3427af6fd6458bfda19de427656fee61,339969,batch_log_or_checkpoint,只读冻结；未执行
A_route/problem3/02_batch_run/logs/checkpoints/P3_PARTIAL_ADJUST_MEAN_ROLLOUT_061218/2025-04-07.json.gz,5bd3de3c54bd0b9c7dc60e62b1f66bd0cf38dd244a8eae20188c6768b3d3d6b0,344635,batch_log_or_checkpoint,只读冻结；未执行
A_route/problem3/02_batch_run/logs/checkpoints/P3_PARTIAL_ADJUST_MEAN_ROLLOUT_061218/2025-04-08.json.gz,499e7ee1dc0800fe5abc1ec4519b6109d04843c37fa501c83811cae149b411f4,333023,batch_log_or_checkpoint,只读冻结；未执行
A_route/problem3/02_batch_run/logs/checkpoints/P3_PARTIAL_ADJUST_MEAN_ROLLOUT_061218/2025-04-09.json.gz,63749baebc3d2208e6b6e5779388db62b4dea593597a6304ad44814098e5bb0d,337587,batch_log_or_checkpoint,只读冻结；未执行
A_route/problem3/02_batch_run/logs/checkpoints/P3_PARTIAL_ADJUST_MEAN_ROLLOUT_061218/2025-04-10.json.gz,6436d5b10bc239e689251baacc660bf43b12ca9bf64f2331e0a989e1259800dd,332202,batch_log_or_checkpoint,只读冻结；未执行
A_route/problem3/02_batch_run/logs/checkpoints/P3_PARTIAL_ADJUST_MEAN_ROLLOUT_061218/2025-04-11.json.gz,4a7f9056e4802fc4badc543f1b30d8b3b0ea2b9ed59ba18f7f6b7602e330a701,323890,batch_log_or_checkpoint,只读冻结；未执行
A_route/problem3/02_batch_run/logs/checkpoints/P3_PARTIAL_ADJUST_MEAN_ROLLOUT_061218/2025-04-12.json.gz,c72da7654a1f7e97178736ba30cdf66f350dd960288020f645db107299c1301b,319088,batch_log_or_checkpoint,只读冻结；未执行
A_route/problem3/02_batch_run/logs/checkpoints/P3_PARTIAL_ADJUST_MEAN_ROLLOUT_061218/2025-04-13.json.gz,d14e1326f740843b374731e8d4ab5eb847cd41667e703b315af942d1d187046f,334769,batch_log_or_checkpoint,只读冻结；未执行
A_route/problem3/02_batch_run/logs/checkpoints/P3_PARTIAL_ADJUST_MEAN_ROLLOUT_061218/2025-04-14.json.gz,d8cc0368aea79ffc3cb18b34d1d7ea52e85e470cbbc2de658d5662cd952c2882,333008,batch_log_or_checkpoint,只读冻结；未执行
A_route/problem3/02_batch_run/logs/checkpoints/P3_PARTIAL_ADJUST_MEAN_ROLLOUT_061218/2025-04-15.json.gz,4ad2f768752d33242bf2f72112e7de176c5f8d49072c0643b5adf44de5a0977c,346655,batch_log_or_checkpoint,只读冻结；未执行
A_route/problem3/02_batch_run/logs/checkpoints/P3_PARTIAL_ADJUST_MEAN_ROLLOUT_061218/2025-04-16.json.gz,5423459bfb43e864f1a1ec5f33cbdf0922fcd94c782e8abd81a623b9735cbb72,347327,batch_log_or_checkpoint,只读冻结；未执行
A_route/problem3/02_batch_run/logs/checkpoints/P3_PARTIAL_ADJUST_MEAN_ROLLOUT_061218/2025-04-17.json.gz,19e82561a34043473754add75adb01dff0f06551e31771ae5474f4678670dae6,335581,batch_log_or_checkpoint,只读冻结；未执行
A_route/problem3/02_batch_run/logs/checkpoints/P3_PARTIAL_ADJUST_MEAN_ROLLOUT_061218/2025-04-18.json.gz,044a5a0bcd6d2b7fa479eb1b441c4bb1e432d3ee3327afe3eb9306d79334a165,313579,batch_log_or_checkpoint,只读冻结；未执行
A_route/problem3/02_batch_run/logs/checkpoints/P3_PARTIAL_ADJUST_MEAN_ROLLOUT_061218/2025-04-19.json.gz,9306086681fda2014033158bd30037759a81e0a6376708a12ce913f46dbf3ba5,321245,batch_log_or_checkpoint,只读冻结；未执行
A_route/problem3/02_batch_run/logs/checkpoints/P3_PARTIAL_ADJUST_MEAN_ROLLOUT_061218/2025-04-20.json.gz,d833d6d012fed903852859dd3e832bffac02cddb962da1de6769a0d86a6f1e68,337072,batch_log_or_checkpoint,只读冻结；未执行
A_route/problem3/02_batch_run/logs/checkpoints/P3_PARTIAL_ADJUST_MEAN_ROLLOUT_061218/2025-04-21.json.gz,2894e2f671679a1578c2639062b4756e0d83d5eb97b2bb0a5fcfe3b0e4bd6c95,327576,batch_log_or_checkpoint,只读冻结；未执行
A_route/problem3/02_batch_run/logs/checkpoints/P3_PARTIAL_ADJUST_MEAN_ROLLOUT_061218/2025-04-22.json.gz,f267e13a690b3085e770b3546e9724bf4d77e4af01ae1794a79a5b46282a555d,350547,batch_log_or_checkpoint,只读冻结；未执行
A_route/problem3/02_batch_run/logs/checkpoints/P3_PARTIAL_ADJUST_MEAN_ROLLOUT_061218/2025-04-23.json.gz,e912e9248d7e80c8d756c6e6386802c9478ec5f9a4ac3cf1bc3b4ef62c5764ed,353329,batch_log_or_checkpoint,只读冻结；未执行
A_route/problem3/02_batch_run/logs/checkpoints/P3_PARTIAL_ADJUST_MEAN_ROLLOUT_061218/2025-04-24.json.gz,a56f8e2001d30a489e7e468867a15ff442ef1fca9aa35fbec840283bfa0122b9,325988,batch_log_or_checkpoint,只读冻结；未执行
A_route/problem3/02_batch_run/logs/checkpoints/P3_PARTIAL_ADJUST_MEAN_ROLLOUT_061218/2025-04-25.json.gz,ee1a5c2be6f11998e80a27cd32bba0ac7bce6112e23eaa87ec184d380c4d403c,308720,batch_log_or_checkpoint,只读冻结；未执行
A_route/problem3/02_batch_run/logs/checkpoints/P3_PARTIAL_ADJUST_MEAN_ROLLOUT_061218/2025-04-26.json.gz,f12b5bf160e987d6091acd31bafd18f6569d1a2b7a19f4a76bf434c79fa99511,319073,batch_log_or_checkpoint,只读冻结；未执行
A_route/problem3/02_batch_run/logs/checkpoints/P3_PARTIAL_ADJUST_MEAN_ROLLOUT_061218/2025-04-27.json.gz,fcba43bf270f7c9a6fe1123837a216aecc45fcf811da5735bf951906682d2585,345494,batch_log_or_checkpoint,只读冻结；未执行
A_route/problem3/02_batch_run/logs/checkpoints/P3_PARTIAL_ADJUST_MEAN_ROLLOUT_061218/2025-04-28.json.gz,d47df9702194658faa0813ea6f6c577ce501542e770d13c238a673dca5a5a83e,333775,batch_log_or_checkpoint,只读冻结；未执行
A_route/problem3/02_batch_run/logs/checkpoints/P3_PARTIAL_ADJUST_MEAN_ROLLOUT_061218/2025-04-29.json.gz,823f8ac3363f529a80a00189eabc320828ca951162811fe7340f8ff6b5a89259,336982,batch_log_or_checkpoint,只读冻结；未执行
A_route/problem3/02_batch_run/logs/checkpoints/P3_PARTIAL_ADJUST_MEAN_ROLLOUT_061218/2025-04-30.json.gz,012e87a6c70535411049564bd8ba9839e2399d57ae735c86c06c930e8b808c4f,329449,batch_log_or_checkpoint,只读冻结；未执行
A_route/problem3/02_batch_run/logs/checkpoints/P3_PARTIAL_ADJUST_MEAN_ROLLOUT_061218/2025-05-01.json.gz,57665e64e5fbb03950441fb834fe8e6c1782c4ab7bf8d912f1df1558db94f6ab,332173,batch_log_or_checkpoint,只读冻结；未执行
A_route/problem3/02_batch_run/logs/checkpoints/P3_PARTIAL_ADJUST_MEAN_ROLLOUT_061218/2025-05-02.json.gz,798d217ea101f4c8a1acaec5092a57ecdb1bec8739149231b5bd068aa3d027f3,310555,batch_log_or_checkpoint,只读冻结；未执行
A_route/problem3/02_batch_run/logs/checkpoints/P3_PARTIAL_ADJUST_MEAN_ROLLOUT_061218/2025-05-03.json.gz,e8ccfbcd6cc2791c78ca15b4a655a6d6648cba3c73e9dabaa17bef91ff79ec71,319459,batch_log_or_checkpoint,只读冻结；未执行
A_route/problem3/02_batch_run/logs/checkpoints/P3_PARTIAL_ADJUST_MEAN_ROLLOUT_061218/2025-05-04.json.gz,7b6c6f606b6394535301cb06e708a3b02b5be8c968b85462512ac034490f9e61,337023,batch_log_or_checkpoint,只读冻结；未执行
A_route/problem3/02_batch_run/logs/checkpoints/P3_PARTIAL_ADJUST_MEAN_ROLLOUT_061218/2025-05-05.json.gz,c0d25ca849f07d3d0685d0d1a32e449316d91399e63913355f82e5938d3cd303,335255,batch_log_or_checkpoint,只读冻结；未执行
A_route/problem3/02_batch_run/logs/checkpoints/P3_PARTIAL_ADJUST_MEAN_ROLLOUT_061218/2025-05-06.json.gz,9f6a42fe86349f711fec6e5730e8397c0955cc1e1b159b81e98079aea73c898e,354413,batch_log_or_checkpoint,只读冻结；未执行
A_route/problem3/02_batch_run/logs/checkpoints/P3_PARTIAL_ADJUST_MEAN_ROLLOUT_061218/2025-05-07.json.gz,08d237292407894df6ad75511143ce44af42a800b5b038c89e650f66561e9895,347004,batch_log_or_checkpoint,只读冻结；未执行
A_route/problem3/02_batch_run/logs/checkpoints/P3_PARTIAL_ADJUST_MEAN_ROLLOUT_061218/2025-05-08.json.gz,8504f975641314b7976598bdb00adb031441b67a18b18dd2368c81c35ac720cb,339312,batch_log_or_checkpoint,只读冻结；未执行
A_route/problem3/02_batch_run/logs/checkpoints/P3_PARTIAL_ADJUST_MEAN_ROLLOUT_061218/2025-05-09.json.gz,b274cda7597926ff741a9bacb06395c9af2522b40107cdce982585c0cf0720ac,322110,batch_log_or_checkpoint,只读冻结；未执行
A_route/problem3/02_batch_run/logs/checkpoints/P3_PARTIAL_ADJUST_MEAN_ROLLOUT_061218/2025-05-10.json.gz,42602bcdd3ac4ab966fa5c40853e55c9c5ea1445edd04c238b80f9bc60550c86,327676,batch_log_or_checkpoint,只读冻结；未执行
A_route/problem3/02_batch_run/logs/checkpoints/P3_PARTIAL_ADJUST_MEAN_ROLLOUT_061218/2025-05-11.json.gz,0029af3a61121e379ff3c546673a8def16735b83333bc786f042219a467e2693,340075,batch_log_or_checkpoint,只读冻结；未执行
A_route/problem3/02_batch_run/logs/checkpoints/P3_PARTIAL_ADJUST_MEAN_ROLLOUT_061218/2025-05-12.json.gz,8f9e810cd78fbb1c6da01ecaf24ef12899f841de3eb803571b4387bc9ec99637,350033,batch_log_or_checkpoint,只读冻结；未执行
A_route/problem3/02_batch_run/logs/checkpoints/P3_PARTIAL_ADJUST_MEAN_ROLLOUT_061218/2025-05-13.json.gz,747744583430fa99cb28a6a745ba272d191a098ed47189c26f23ab7d26b1c366,340905,batch_log_or_checkpoint,只读冻结；未执行
A_route/problem3/02_batch_run/logs/checkpoints/P3_PARTIAL_ADJUST_MEAN_ROLLOUT_061218/2025-05-14.json.gz,a5571ef0198b7960ba81e02a18946828dfbd2eb5869dc1cad8a51103f1f24106,334009,batch_log_or_checkpoint,只读冻结；未执行
A_route/problem3/02_batch_run/logs/checkpoints/P3_PARTIAL_ADJUST_MEAN_ROLLOUT_061218/2025-05-15.json.gz,18e9d14ed4a7789a4ffd53a43a11620784f1063ff366bb552d4c3653a3e42afb,335780,batch_log_or_checkpoint,只读冻结；未执行
A_route/problem3/02_batch_run/logs/checkpoints/P3_PARTIAL_ADJUST_MEAN_ROLLOUT_061218/2025-05-16.json.gz,371316c367899ee5560e56142e1fdd36e726998ca263047e25e99c5a3a67ea60,313826,batch_log_or_checkpoint,只读冻结；未执行
A_route/problem3/02_batch_run/logs/checkpoints/P3_PARTIAL_ADJUST_MEAN_ROLLOUT_061218/2025-05-17.json.gz,3ddd700f155ff38f775a8d0d65778bee9fc2b2c17b7b058472492614fc7a96a8,321936,batch_log_or_checkpoint,只读冻结；未执行
A_route/problem3/02_batch_run/logs/checkpoints/P3_PARTIAL_ADJUST_MEAN_ROLLOUT_061218/2025-05-18.json.gz,bd7a11703c9429388c8688a3e81c93c5a98731f03ce8951ed7c4ec80a62e23f9,338088,batch_log_or_checkpoint,只读冻结；未执行
A_route/problem3/02_batch_run/logs/checkpoints/P3_PARTIAL_ADJUST_MEAN_ROLLOUT_061218/2025-05-19.json.gz,906c9cdc0cbcaf555ec0cbc6390ea91517c4c815fd861d078a041f9e136401d7,333474,batch_log_or_checkpoint,只读冻结；未执行
A_route/problem3/02_batch_run/logs/checkpoints/P3_PARTIAL_ADJUST_MEAN_ROLLOUT_061218/2025-05-20.json.gz,a2d7ab77d9afce2db94205d0fd7e8a959599261f5c96c33e82dd0052e1ed6fba,338755,batch_log_or_checkpoint,只读冻结；未执行
A_route/problem3/02_batch_run/logs/checkpoints/P3_PARTIAL_ADJUST_MEAN_ROLLOUT_061218/2025-05-21.json.gz,451ca5c6f7968de1263f9cdff802a63491ef115fc78666aae669f3ebbc6bfc62,347179,batch_log_or_checkpoint,只读冻结；未执行
A_route/problem3/02_batch_run/logs/checkpoints/P3_PARTIAL_ADJUST_MEAN_ROLLOUT_061218/2025-05-22.json.gz,764829266f7f110392cc7ff447060ffeb3b3f1f5a90a59960d99b804acacaf89,324907,batch_log_or_checkpoint,只读冻结；未执行
A_route/problem3/02_batch_run/logs/checkpoints/P3_PARTIAL_ADJUST_MEAN_ROLLOUT_061218/2025-05-23.json.gz,1697a83b495fb7811c5e8549e871a5813ff36c642b4f497a1953ceb57200b18b,324494,batch_log_or_checkpoint,只读冻结；未执行
A_route/problem3/02_batch_run/logs/checkpoints/P3_PARTIAL_ADJUST_MEAN_ROLLOUT_061218/2025-05-24.json.gz,ba1a758146e7c5dbd0cf656956fc84c0278aecac7ab463b94f45e18015e92f70,317596,batch_log_or_checkpoint,只读冻结；未执行
A_route/problem3/02_batch_run/logs/checkpoints/P3_PARTIAL_ADJUST_MEAN_ROLLOUT_061218/2025-05-25.json.gz,06272228cc09b9f0afd80f14527c2d301045f0fb9f9397cccd3b899615b92382,335725,batch_log_or_checkpoint,只读冻结；未执行
A_route/problem3/02_batch_run/logs/checkpoints/P3_PARTIAL_ADJUST_MEAN_ROLLOUT_061218/2025-05-26.json.gz,94193713edc51c4e9dfc1803781d7d0b6cca502df5b19b56d92ae872fcccee13,345415,batch_log_or_checkpoint,只读冻结；未执行
A_route/problem3/02_batch_run/logs/checkpoints/P3_PARTIAL_ADJUST_MEAN_ROLLOUT_061218/2025-05-27.json.gz,a831b900b71191d538be83986b9a2d5be77293144733282560fff2047472fde6,347142,batch_log_or_checkpoint,只读冻结；未执行
A_route/problem3/02_batch_run/logs/checkpoints/P3_PARTIAL_ADJUST_MEAN_ROLLOUT_061218/2025-05-28.json.gz,240a1d8a50dd88f212cddb4cf54f2e7427c46bee4978580eba4c1865e02d9eb6,338600,batch_log_or_checkpoint,只读冻结；未执行
A_route/problem3/02_batch_run/logs/checkpoints/P3_PARTIAL_ADJUST_MEAN_ROLLOUT_061218/2025-05-29.json.gz,e8aa44864cf86732524a9809d433b361745d60f0ee9cb9a70090914a7efa7ddf,342864,batch_log_or_checkpoint,只读冻结；未执行
A_route/problem3/02_batch_run/logs/checkpoints/P3_PARTIAL_ADJUST_MEAN_ROLLOUT_061218/2025-05-30.json.gz,9bf6521f96f4599c56f6dbfa983174bb65b75b231594ce4ff7f854b631c51b21,317266,batch_log_or_checkpoint,只读冻结；未执行
A_route/problem3/02_batch_run/logs/checkpoints/P3_PARTIAL_ADJUST_MEAN_ROLLOUT_061218/2025-05-31.json.gz,150398e4ceffa6b023478428a63160f9cb9a538746c79c5edc2da425f78674a8,319937,batch_log_or_checkpoint,只读冻结；未执行
A_route/problem3/02_batch_run/logs/checkpoints/P3_PARTIAL_ADJUST_MEAN_ROLLOUT_061218/2025-06-01.json.gz,871b15fc2d48826652e07ee0cf1bb538eee72fa904509c50ffb173811938788c,349413,batch_log_or_checkpoint,只读冻结；未执行
A_route/problem3/02_batch_run/logs/checkpoints/P3_PARTIAL_ADJUST_MEAN_ROLLOUT_061218/2025-06-02.json.gz,097c8a3ab6f36b8938c5277eb59a22bdb35f6d1f5087eb2466196bb4bca0523e,349046,batch_log_or_checkpoint,只读冻结；未执行
A_route/problem3/02_batch_run/logs/checkpoints/P3_PARTIAL_ADJUST_MEAN_ROLLOUT_061218/2025-06-03.json.gz,40874b2e6ce4bf642646f60d288309603a0220211fc59d4f8e319f8a1c5e190d,359980,batch_log_or_checkpoint,只读冻结；未执行
A_route/problem3/02_batch_run/logs/checkpoints/P3_PARTIAL_ADJUST_MEAN_ROLLOUT_061218/2025-06-04.json.gz,bb51fa4a1beb5caaf67d763954fd402c994dfa3f43ba7601e610ed45d583c1bd,360480,batch_log_or_checkpoint,只读冻结；未执行
A_route/problem3/02_batch_run/logs/checkpoints/P3_PARTIAL_ADJUST_MEAN_ROLLOUT_061218/2025-06-05.json.gz,95cbd3a135ed2159ab97d22e4f27182fa7f9650aac4482f3a3c96d87dae65d37,374583,batch_log_or_checkpoint,只读冻结；未执行
A_route/problem3/02_batch_run/logs/checkpoints/P3_PARTIAL_ADJUST_MEAN_ROLLOUT_061218/2025-06-06.json.gz,49824862ea6b06efefeb545aa07bb6e043326a39bf21121f162bbd716e8d5927,343161,batch_log_or_checkpoint,只读冻结；未执行
A_route/problem3/02_batch_run/logs/checkpoints/P3_PARTIAL_ADJUST_MEAN_ROLLOUT_061218/2025-06-07.json.gz,3e0deda6b806e194c08a2475c8252c9cbb7348d4992d36940423aca4322b3943,343965,batch_log_or_checkpoint,只读冻结；未执行
A_route/problem3/02_batch_run/logs/checkpoints/P3_PARTIAL_ADJUST_MEAN_ROLLOUT_061218/2025-06-08.json.gz,7ce1fa85212496dd56c99e41011957ddaa25346e375a75fd0771083bbe93ebbc,341084,batch_log_or_checkpoint,只读冻结；未执行
A_route/problem3/02_batch_run/logs/checkpoints/P3_PARTIAL_ADJUST_MEAN_ROLLOUT_061218/2025-06-09.json.gz,2fd2fefda8b53db45c17cd9f74bc3796c2063f3935d1a0894f22b54d068153b8,339738,batch_log_or_checkpoint,只读冻结；未执行
A_route/problem3/02_batch_run/logs/checkpoints/P3_PARTIAL_ADJUST_MEAN_ROLLOUT_061218/2025-06-10.json.gz,e847ac80f9f9086c01901bf92d8ee0b012f67b1230c0ac219796ce08e572e3c0,344940,batch_log_or_checkpoint,只读冻结；未执行
A_route/problem3/02_batch_run/logs/checkpoints/P3_PARTIAL_ADJUST_MEAN_ROLLOUT_061218/2025-06-11.json.gz,3750b1515c3bb04f0f5e3022e0f82b1ef6a03c87ad83cd7ce4ecdd466c52be10,346669,batch_log_or_checkpoint,只读冻结；未执行
A_route/problem3/02_batch_run/logs/checkpoints/P3_PARTIAL_ADJUST_MEAN_ROLLOUT_061218/2025-06-12.json.gz,1c35ba124f8b2caf62b6db55421076d3452d8bc75f1fcb763a6b5e14887805d4,338717,batch_log_or_checkpoint,只读冻结；未执行
A_route/problem3/02_batch_run/logs/checkpoints/P3_PARTIAL_ADJUST_MEAN_ROLLOUT_061218/2025-06-13.json.gz,729b427d85b964a6cbc4207a06508c95fe414bbb9787f6bfe043d032df12dd8e,327174,batch_log_or_checkpoint,只读冻结；未执行
A_route/problem3/02_batch_run/logs/checkpoints/P3_PARTIAL_ADJUST_MEAN_ROLLOUT_061218/2025-06-14.json.gz,ad2342a9226342d7b91dddca5d70e0c6af8ab2273f9c89d4dd1416b5d27c6f56,326302,batch_log_or_checkpoint,只读冻结；未执行
A_route/problem3/02_batch_run/logs/checkpoints/P3_PARTIAL_ADJUST_MEAN_ROLLOUT_061218/2025-06-15.json.gz,55ccc0476922265c2d73668dc9bfa53181d1f8d156c5ff852f52a8d7a970e6cb,351473,batch_log_or_checkpoint,只读冻结；未执行
A_route/problem3/02_batch_run/logs/checkpoints/P3_PARTIAL_ADJUST_MEAN_ROLLOUT_061218/2025-06-16.json.gz,e21e7c3066178020e9230d88b027bf172bcd3a4bb3e9a04dec40ddad95568597,345492,batch_log_or_checkpoint,只读冻结；未执行
A_route/problem3/02_batch_run/logs/checkpoints/P3_PARTIAL_ADJUST_MEAN_ROLLOUT_061218/2025-06-17.json.gz,5df2c6a0d029030ba2db29a8af46f50786a365c30c4bea034c8ce24b070bfb44,347377,batch_log_or_checkpoint,只读冻结；未执行
A_route/problem3/02_batch_run/logs/checkpoints/P3_PARTIAL_ADJUST_MEAN_ROLLOUT_061218/2025-06-18.json.gz,6e986970d047a9cd710f60ad2fc428b071f8da69b515e713cacfe96933100d37,346178,batch_log_or_checkpoint,只读冻结；未执行
A_route/problem3/02_batch_run/logs/checkpoints/P3_PARTIAL_ADJUST_MEAN_ROLLOUT_061218/2025-06-19.json.gz,3057cb78bc7380dfc98789a9d2a4fefc666210758fd114868551097298b41729,348792,batch_log_or_checkpoint,只读冻结；未执行
A_route/problem3/02_batch_run/logs/checkpoints/P3_PARTIAL_ADJUST_MEAN_ROLLOUT_061218/2025-06-20.json.gz,f8dff8dfe1d02b40962ca1689976f12aaf8a6ff9d52ae5e400459d2e04a381af,323333,batch_log_or_checkpoint,只读冻结；未执行
A_route/problem3/02_batch_run/logs/checkpoints/P3_PARTIAL_ADJUST_MEAN_ROLLOUT_061218/2025-06-21.json.gz,46ee39c15b4aafa7d6611db04943c23d4ca815b1723854dda99b3e465770bd8a,319679,batch_log_or_checkpoint,只读冻结；未执行
A_route/problem3/02_batch_run/logs/checkpoints/P3_PARTIAL_ADJUST_MEAN_ROLLOUT_061218/2025-06-22.json.gz,310db4a3185056bc63f4b96ca0b198d896a55a927e356c19e66b66e4cf6e4a73,353335,batch_log_or_checkpoint,只读冻结；未执行
A_route/problem3/02_batch_run/logs/checkpoints/P3_PARTIAL_ADJUST_MEAN_ROLLOUT_061218/2025-06-23.json.gz,f1ffad82023d95ee66fe739a016acb0e025f05ec4e7075d469651e372c8a1239,342621,batch_log_or_checkpoint,只读冻结；未执行
A_route/problem3/02_batch_run/logs/checkpoints/P3_PARTIAL_ADJUST_MEAN_ROLLOUT_061218/2025-06-24.json.gz,aedd3c74e8f8c3040323f8739f4883394b131f231219f9f249eb72e43ecb3c98,342277,batch_log_or_checkpoint,只读冻结；未执行
A_route/problem3/02_batch_run/logs/checkpoints/P3_PARTIAL_ADJUST_MEAN_ROLLOUT_061218/2025-06-25.json.gz,22bb42caad51cf5105b2d08d28dcc5db74e34df1b2217fdbe86fc6f6ab01c1c1,349962,batch_log_or_checkpoint,只读冻结；未执行
A_route/problem3/02_batch_run/logs/checkpoints/P3_PARTIAL_ADJUST_MEAN_ROLLOUT_061218/2025-06-26.json.gz,d5cf0a7ea9225b5e131b357ae068d5304078a1c6d273416060ab1304e16a66de,344076,batch_log_or_checkpoint,只读冻结；未执行
A_route/problem3/02_batch_run/logs/checkpoints/P3_PARTIAL_ADJUST_MEAN_ROLLOUT_061218/2025-06-27.json.gz,e5bce9967d710af83acd9952ca483098e28185554f330c1f017047b10551ebbb,323577,batch_log_or_checkpoint,只读冻结；未执行
A_route/problem3/02_batch_run/logs/checkpoints/P3_PARTIAL_ADJUST_MEAN_ROLLOUT_061218/2025-06-28.json.gz,c4a03bd22ea1bb2515001315da14a05d4039d02f980fec9a7dd68509091de2fc,324921,batch_log_or_checkpoint,只读冻结；未执行
A_route/problem3/02_batch_run/logs/checkpoints/P3_PARTIAL_ADJUST_MEAN_ROLLOUT_061218/2025-06-29.json.gz,6eb9bc114b447886bb56197e3653e55b6a2b187815271a4bb300353fe7593c47,354710,batch_log_or_checkpoint,只读冻结；未执行
A_route/problem3/02_batch_run/logs/checkpoints/P3_PARTIAL_ADJUST_MEAN_ROLLOUT_061218/2025-06-30.json.gz,05b8c3be5be3e3c45fc2e8716b10cb399851edff775c14955291f7288d47ae56,338166,batch_log_or_checkpoint,只读冻结；未执行
A_route/problem3/02_batch_run/logs/checkpoints/P3_PARTIAL_ADJUST_MEAN_ROLLOUT_061218/2025-07-01.json.gz,492822e503163eb4acba3127d7ce10e27ac8af7fb2b29d094159fec391b178f8,381010,batch_log_or_checkpoint,只读冻结；未执行
A_route/problem3/02_batch_run/logs/checkpoints/P3_PARTIAL_ADJUST_MEAN_ROLLOUT_061218/2025-07-02.json.gz,c482db306145187e13e7e58b5dc8b0afe537189cbe1daff54dec9b820852c634,374899,batch_log_or_checkpoint,只读冻结；未执行
A_route/problem3/02_batch_run/logs/checkpoints/P3_PARTIAL_ADJUST_MEAN_ROLLOUT_061218/2025-07-03.json.gz,40568286a6a4aa7de009c3da4b01f36722aafea5f3661e4f5e0b9906c806c839,372841,batch_log_or_checkpoint,只读冻结；未执行
A_route/problem3/02_batch_run/logs/checkpoints/P3_PARTIAL_ADJUST_MEAN_ROLLOUT_061218/2025-07-04.json.gz,ec260f11eb056fbb93933339b9684a486f9a9dcf359c73075683ced1513818ac,350022,batch_log_or_checkpoint,只读冻结；未执行
A_route/problem3/02_batch_run/logs/checkpoints/P3_PARTIAL_ADJUST_MEAN_ROLLOUT_061218/2025-07-05.json.gz,5e2ebbbcce859126304abc501dadce5b2ef130b7d24b88ccef618c5f43d06b3e,355713,batch_log_or_checkpoint,只读冻结；未执行
A_route/problem3/02_batch_run/logs/checkpoints/P3_PARTIAL_ADJUST_MEAN_ROLLOUT_061218/2025-07-06.json.gz,204a8a77b84107cdde238a6dd992e5c6fb11e5482d3358bd83a7f9e8c7852220,380907,batch_log_or_checkpoint,只读冻结；未执行
A_route/problem3/02_batch_run/logs/checkpoints/P3_PARTIAL_ADJUST_MEAN_ROLLOUT_061218/2025-07-07.json.gz,f83df61753077d9e08de04d5fe0ce71afb7cf90e226c02586af3c6f27caab826,373349,batch_log_or_checkpoint,只读冻结；未执行
A_route/problem3/02_batch_run/logs/checkpoints/P3_PARTIAL_ADJUST_MEAN_ROLLOUT_061218/2025-07-08.json.gz,3ef6ca801669479a922a92a73d5cde5a9c0e01030b43394f2b56c6bda04d12d9,346439,batch_log_or_checkpoint,只读冻结；未执行
A_route/problem3/02_batch_run/logs/checkpoints/P3_PARTIAL_ADJUST_MEAN_ROLLOUT_061218/2025-07-09.json.gz,36df3984fd06787de362bc87efc30ba147a489a23c5f08910edeaae4885107c8,346696,batch_log_or_checkpoint,只读冻结；未执行
A_route/problem3/02_batch_run/logs/checkpoints/P3_PARTIAL_ADJUST_MEAN_ROLLOUT_061218/2025-07-10.json.gz,3752ff482532c0418a7cd9bf96052264db35ae9bde4026876020243e76fc86b4,339335,batch_log_or_checkpoint,只读冻结；未执行
A_route/problem3/02_batch_run/logs/checkpoints/P3_PARTIAL_ADJUST_MEAN_ROLLOUT_061218/2025-07-11.json.gz,124db889cae7cb9886d76094a618b0179242834ce7c1a5cc3f20016f9f0c330b,324576,batch_log_or_checkpoint,只读冻结；未执行
A_route/problem3/02_batch_run/logs/checkpoints/P3_PARTIAL_ADJUST_MEAN_ROLLOUT_061218/2025-07-12.json.gz,7e9d12b90a3d7212b99b135cb106f0922d3c56c72e242bf961dbf0d64483b9b8,329009,batch_log_or_checkpoint,只读冻结；未执行
A_route/problem3/02_batch_run/logs/checkpoints/P3_PARTIAL_ADJUST_MEAN_ROLLOUT_061218/2025-07-13.json.gz,adfb9df72368bbb96ff8ae7203a3c5a9c58355b3303f5f762553968e8899aa8b,344143,batch_log_or_checkpoint,只读冻结；未执行
A_route/problem3/02_batch_run/logs/checkpoints/P3_PARTIAL_ADJUST_MEAN_ROLLOUT_061218/2025-07-14.json.gz,0d12085ff1ecd98fc915cd7f0b8ab3efa33cc7a6a384200e41b060424856e047,344842,batch_log_or_checkpoint,只读冻结；未执行
A_route/problem3/02_batch_run/logs/checkpoints/P3_PARTIAL_ADJUST_MEAN_ROLLOUT_061218/2025-07-15.json.gz,139fe7640a69c755249c5e3729f7318d7d0c43c579254681a34f791314635650,344979,batch_log_or_checkpoint,只读冻结；未执行
A_route/problem3/02_batch_run/logs/checkpoints/P3_PARTIAL_ADJUST_MEAN_ROLLOUT_061218/2025-07-16.json.gz,b5dfb3134a61829ea21ddfb0dda25e7e04360ed7adbb1b0d8ddb6599d27391e8,346707,batch_log_or_checkpoint,只读冻结；未执行
A_route/problem3/02_batch_run/logs/checkpoints/P3_PARTIAL_ADJUST_MEAN_ROLLOUT_061218/2025-07-17.json.gz,ff8a2eeb1161e6b2208483ef89003c4252c35da966eb010f70c63c0984c01a19,341638,batch_log_or_checkpoint,只读冻结；未执行
A_route/problem3/02_batch_run/logs/checkpoints/P3_PARTIAL_ADJUST_MEAN_ROLLOUT_061218/2025-07-18.json.gz,3b807e9839e5338603847bbfa66a40cb89bd831f80774dacce4225f1a34a0e7b,323288,batch_log_or_checkpoint,只读冻结；未执行
A_route/problem3/02_batch_run/logs/checkpoints/P3_PARTIAL_ADJUST_MEAN_ROLLOUT_061218/2025-07-19.json.gz,ca01e0d33fe2e9301db7228431f928e41b6d691e136eb9058a444e3e8e9d3a22,326255,batch_log_or_checkpoint,只读冻结；未执行
A_route/problem3/02_batch_run/logs/checkpoints/P3_PARTIAL_ADJUST_MEAN_ROLLOUT_061218/2025-07-20.json.gz,eb5c2a4c318f4b091ba94e5b759af9a3352bced9b5d29222f7ebe893aee78862,343629,batch_log_or_checkpoint,只读冻结；未执行
A_route/problem3/02_batch_run/logs/checkpoints/P3_PARTIAL_ADJUST_MEAN_ROLLOUT_061218/2025-07-21.json.gz,1afc84a5251692ae90c2329007e3c946ec561bc8faf25693982360a0a52b2f39,347419,batch_log_or_checkpoint,只读冻结；未执行
A_route/problem3/02_batch_run/logs/checkpoints/P3_PARTIAL_ADJUST_MEAN_ROLLOUT_061218/2025-07-22.json.gz,9c03d37cef9322a9d80dd9debafd999e761088ace9fe948cd1302a98ed94d654,356368,batch_log_or_checkpoint,只读冻结；未执行
A_route/problem3/02_batch_run/logs/checkpoints/P3_PARTIAL_ADJUST_MEAN_ROLLOUT_061218/2025-07-23.json.gz,604ee30b83f661105d5ceb0277fd418bf7e99533262237f9a1060fe06672b899,347039,batch_log_or_checkpoint,只读冻结；未执行
A_route/problem3/02_batch_run/logs/checkpoints/P3_PARTIAL_ADJUST_MEAN_ROLLOUT_061218/2025-07-24.json.gz,38140382ba48491a85823b8670abfeb79fb57d6abf72af584008882d2dd1224d,337586,batch_log_or_checkpoint,只读冻结；未执行
A_route/problem3/02_batch_run/logs/checkpoints/P3_PARTIAL_ADJUST_MEAN_ROLLOUT_061218/2025-07-25.json.gz,8fede5a608fac1b00c609a2ea4e99e8a7c4b0a7e0a3949ccca1522b530918a59,321241,batch_log_or_checkpoint,只读冻结；未执行
A_route/problem3/02_batch_run/logs/checkpoints/P3_PARTIAL_ADJUST_MEAN_ROLLOUT_061218/2025-07-26.json.gz,7cecfb00a13c28587913c28671b87161ccb616b5702e633f619aa98244f121a6,328373,batch_log_or_checkpoint,只读冻结；未执行
A_route/problem3/02_batch_run/logs/checkpoints/P3_PARTIAL_ADJUST_MEAN_ROLLOUT_061218/2025-07-27.json.gz,1c39eace8bb45bd76983454cea887d86d2d1d04d88c918f7ee9ddaf1520a6717,347157,batch_log_or_checkpoint,只读冻结；未执行
A_route/problem3/02_batch_run/logs/checkpoints/P3_PARTIAL_ADJUST_MEAN_ROLLOUT_061218/2025-07-28.json.gz,473a8f4ef15087523023404625143b69230f7acd63ec0f6b5c76f0e9e7a15af9,343840,batch_log_or_checkpoint,只读冻结；未执行
A_route/problem3/02_batch_run/logs/checkpoints/P3_PARTIAL_ADJUST_MEAN_ROLLOUT_061218/2025-07-29.json.gz,57d033452e43ae3c6b440e6d623410d624ba4bc06feec8fcf307397b890e9815,343991,batch_log_or_checkpoint,只读冻结；未执行
A_route/problem3/02_batch_run/logs/checkpoints/P3_PARTIAL_ADJUST_MEAN_ROLLOUT_061218/2025-07-30.json.gz,a8702091612563b125612bcccab5789c93a1692f47a40b1c0c5b7b65930a7bbc,359817,batch_log_or_checkpoint,只读冻结；未执行
A_route/problem3/02_batch_run/logs/checkpoints/P3_PARTIAL_ADJUST_MEAN_ROLLOUT_061218/2025-07-31.json.gz,7174abdd71247c9679355b4f2c3da4b65d3389d85b1bcd356c8879a0e22486e8,338021,batch_log_or_checkpoint,只读冻结；未执行
A_route/problem3/02_batch_run/logs/checkpoints/P3_PARTIAL_ADJUST_MEAN_ROLLOUT_061218/2025-08-01.json.gz,7ddf40a57097288f28f6801e2ff9b4934e7a437203bfa68aead2d99bdab76245,313082,batch_log_or_checkpoint,只读冻结；未执行
A_route/problem3/02_batch_run/logs/checkpoints/P3_PARTIAL_ADJUST_MEAN_ROLLOUT_061218/2025-08-02.json.gz,8b299844c1d151a4306f70f148d933291914bcddebeeab283b061c589bd26c06,325409,batch_log_or_checkpoint,只读冻结；未执行
A_route/problem3/02_batch_run/logs/checkpoints/P3_PARTIAL_ADJUST_MEAN_ROLLOUT_061218/2025-08-03.json.gz,ec609381414ccf0ee5d027207c5f66a6ddaf019a97511620e2a09f6956d0fcf7,341576,batch_log_or_checkpoint,只读冻结；未执行
A_route/problem3/02_batch_run/logs/checkpoints/P3_PARTIAL_ADJUST_MEAN_ROLLOUT_061218/2025-08-04.json.gz,f8886f008ea3839372b0c5415ae1a7ee902f3f6ba34524951600dde318698c09,341653,batch_log_or_checkpoint,只读冻结；未执行
A_route/problem3/02_batch_run/logs/checkpoints/P3_PARTIAL_ADJUST_MEAN_ROLLOUT_061218/2025-08-05.json.gz,c5b03e99aa1976d013aa91bee22e3a515e485d3d8bee5f53c0b682331867d219,348247,batch_log_or_checkpoint,只读冻结；未执行
A_route/problem3/02_batch_run/logs/checkpoints/P3_PARTIAL_ADJUST_MEAN_ROLLOUT_061218/2025-08-06.json.gz,c8e909e0de5da87168703c038afcd2585899f2aa480b0671da3c09bd4b3b6091,338139,batch_log_or_checkpoint,只读冻结；未执行
A_route/problem3/02_batch_run/logs/checkpoints/P3_PARTIAL_ADJUST_MEAN_ROLLOUT_061218/2025-08-07.json.gz,40f81be874377bccc47e2ba66f29f69650e898b4153ad7b70cbbeafcda7dd4aa,343871,batch_log_or_checkpoint,只读冻结；未执行
A_route/problem3/02_batch_run/logs/checkpoints/P3_PARTIAL_ADJUST_MEAN_ROLLOUT_061218/2025-08-08.json.gz,218709495ce00af91d04aced3ee242e8c825a7633deb9a7ed67d15a14c9dc238,313012,batch_log_or_checkpoint,只读冻结；未执行
A_route/problem3/02_batch_run/logs/checkpoints/P3_PARTIAL_ADJUST_MEAN_ROLLOUT_061218/2025-08-09.json.gz,061ed3934c1be17780ba25d0ce677673f4bd6f79ee66632f297e9745510f7897,321260,batch_log_or_checkpoint,只读冻结；未执行
A_route/problem3/02_batch_run/logs/checkpoints/P3_PARTIAL_ADJUST_MEAN_ROLLOUT_061218/2025-08-10.json.gz,e855d1324208bad0110f4a8dbaf473207160893910abc1eb75daa1a71d0f69d4,337936,batch_log_or_checkpoint,只读冻结；未执行
A_route/problem3/02_batch_run/logs/checkpoints/P3_PARTIAL_ADJUST_MEAN_ROLLOUT_061218/2025-08-11.json.gz,0c79e9a5378f492f839bfb920804afa70e16f3460bf7e0e41642794bd99ab27f,352704,batch_log_or_checkpoint,只读冻结；未执行
A_route/problem3/02_batch_run/logs/checkpoints/P3_PARTIAL_ADJUST_MEAN_ROLLOUT_061218/2025-08-12.json.gz,f475b408096782cfa61e2c6da3d47629863dc4997a4b4a178988e4e84a4dd86f,354610,batch_log_or_checkpoint,只读冻结；未执行
A_route/problem3/02_batch_run/logs/checkpoints/P3_PARTIAL_ADJUST_MEAN_ROLLOUT_061218/2025-08-13.json.gz,9938ae65c3e2b1d32aa14114ddcc91f9c97255f6428c0724d991574ec71dcf31,357563,batch_log_or_checkpoint,只读冻结；未执行
A_route/problem3/02_batch_run/logs/checkpoints/P3_PARTIAL_ADJUST_MEAN_ROLLOUT_061218/2025-08-14.json.gz,32600acff5186593d4b46d530ea0a859c756ad6b0cac4243cbc651fe3fe2bda9,339752,batch_log_or_checkpoint,只读冻结；未执行
A_route/problem3/02_batch_run/logs/checkpoints/P3_PARTIAL_ADJUST_MEAN_ROLLOUT_061218/2025-08-15.json.gz,b14aac0c21fa9cb6748d3a77c4e178ec438ef95cae00970253d162eb9ac1d2a2,318036,batch_log_or_checkpoint,只读冻结；未执行
A_route/problem3/02_batch_run/logs/checkpoints/P3_PARTIAL_ADJUST_MEAN_ROLLOUT_061218/2025-08-16.json.gz,c81e4cfdb9721044370562aba6a3c830c862d58d157ffcfe04586bc5a293decf,326345,batch_log_or_checkpoint,只读冻结；未执行
A_route/problem3/02_batch_run/logs/checkpoints/P3_PARTIAL_ADJUST_MEAN_ROLLOUT_061218/2025-08-17.json.gz,eb4917f5363a1c094a2aaa7b39a33e51e0783acc12f844caa06796ee470aba20,336772,batch_log_or_checkpoint,只读冻结；未执行
A_route/problem3/02_batch_run/logs/checkpoints/P3_PARTIAL_ADJUST_MEAN_ROLLOUT_061218/2025-08-18.json.gz,c6569a7d7c7c20b0c72323adb3e53ac8245ac3ab889d0b90feffedb3e74a5b21,344498,batch_log_or_checkpoint,只读冻结；未执行
A_route/problem3/02_batch_run/logs/checkpoints/P3_PARTIAL_ADJUST_MEAN_ROLLOUT_061218/2025-08-19.json.gz,5497307c0999c350ee123481409dc8ce36ec64cef1532bd5bed6aaf18fd7e5de,345663,batch_log_or_checkpoint,只读冻结；未执行
A_route/problem3/02_batch_run/logs/checkpoints/P3_PARTIAL_ADJUST_MEAN_ROLLOUT_061218/2025-08-20.json.gz,af828ab9f5a2857eb6641cd8a62c9164c1df2003fd4d088f72648ffce276ba10,345278,batch_log_or_checkpoint,只读冻结；未执行
A_route/problem3/02_batch_run/logs/checkpoints/P3_PARTIAL_ADJUST_MEAN_ROLLOUT_061218/2025-08-21.json.gz,0bb34f6b75fa00b5aa600a5f94a6d8e034aadacb00410f0e9c496f4a06c685e9,335835,batch_log_or_checkpoint,只读冻结；未执行
A_route/problem3/02_batch_run/logs/checkpoints/P3_PARTIAL_ADJUST_MEAN_ROLLOUT_061218/2025-08-22.json.gz,755e3b793797ef07f19d243718407c745caa19cf5372508cef1b515da817f97e,318015,batch_log_or_checkpoint,只读冻结；未执行
A_route/problem3/02_batch_run/logs/checkpoints/P3_PARTIAL_ADJUST_MEAN_ROLLOUT_061218/2025-08-23.json.gz,5c00362daf7b6a057e42e187208fedeaf6145630c8dd8866dc7a977cdaec9464,332092,batch_log_or_checkpoint,只读冻结；未执行
A_route/problem3/02_batch_run/logs/checkpoints/P3_PARTIAL_ADJUST_MEAN_ROLLOUT_061218/2025-08-24.json.gz,fc87231b9e0b317c50a8e03bdc8a09e79ece0e5cd592de52b71ef8043c31d2f8,349973,batch_log_or_checkpoint,只读冻结；未执行
A_route/problem3/02_batch_run/logs/checkpoints/P3_PARTIAL_ADJUST_MEAN_ROLLOUT_061218/2025-08-25.json.gz,f7134edca74371da6ce0d5e4373bda988c27b85b5cf5062f0bb8414dd0856ca1,334742,batch_log_or_checkpoint,只读冻结；未执行
A_route/problem3/02_batch_run/logs/checkpoints/P3_PARTIAL_ADJUST_MEAN_ROLLOUT_061218/2025-08-26.json.gz,4bf11448e55df0cd12bc8b0fdef4ed5d73abe63e471dc5662b48836dd96e7fc2,342833,batch_log_or_checkpoint,只读冻结；未执行
A_route/problem3/02_batch_run/logs/checkpoints/P3_PARTIAL_ADJUST_MEAN_ROLLOUT_061218/2025-08-27.json.gz,176162392a3436e369259454e04825a1842407a073b54b3020b02e1d161a4bed,355805,batch_log_or_checkpoint,只读冻结；未执行
A_route/problem3/02_batch_run/logs/checkpoints/P3_PARTIAL_ADJUST_MEAN_ROLLOUT_061218/2025-08-28.json.gz,653bc90fdea211a90cbf3c19be6d85ae0104edb5e08f331c0606f482b9c14964,353062,batch_log_or_checkpoint,只读冻结；未执行
A_route/problem3/02_batch_run/logs/checkpoints/P3_PARTIAL_ADJUST_MEAN_ROLLOUT_061218/2025-08-29.json.gz,30763cde679cb3047d04e5c5ba99fd7e99fc6714d4f36407cc73e6bf78867137,313579,batch_log_or_checkpoint,只读冻结；未执行
A_route/problem3/02_batch_run/logs/checkpoints/P3_PARTIAL_ADJUST_MEAN_ROLLOUT_061218/2025-08-30.json.gz,419c06b9f9ae00b98d47cba968b7a9f7cac14076a1680ed7b99b0e32215473e7,322076,batch_log_or_checkpoint,只读冻结；未执行
A_route/problem3/02_batch_run/logs/checkpoints/P3_PARTIAL_ADJUST_MEAN_ROLLOUT_061218/2025-08-31.json.gz,cde1119d1e2d6d6c37fab6fddf33b85568f82c96569acf131211f791f218ef86,337476,batch_log_or_checkpoint,只读冻结；未执行
A_route/problem3/02_batch_run/logs/checkpoints/P3_PARTIAL_ADJUST_MEAN_ROLLOUT_061218/2025-09-01.json.gz,175b65c0c0150882b50470a66a7e8130cb58ec05a4c87b2ab53f6866e64b6327,336769,batch_log_or_checkpoint,只读冻结；未执行
A_route/problem3/02_batch_run/logs/checkpoints/P3_PARTIAL_ADJUST_MEAN_ROLLOUT_061218/2025-09-02.json.gz,9e1fdba46d27240e4e5a84f6e58c775c1647f46f3b7d04b9ce6284dc4a04cf93,346793,batch_log_or_checkpoint,只读冻结；未执行
A_route/problem3/02_batch_run/logs/checkpoints/P3_PARTIAL_ADJUST_MEAN_ROLLOUT_061218/2025-09-03.json.gz,a4346b27c4df6c847a2c418f69c5206fc5a2fb8e29cdd33adb4fa048f41d8c73,336073,batch_log_or_checkpoint,只读冻结；未执行
A_route/problem3/02_batch_run/logs/checkpoints/P3_PARTIAL_ADJUST_MEAN_ROLLOUT_061218/2025-09-04.json.gz,a09a3a0cf52d7fbdb019c043f808137988072902708525673c4b10471bad6e46,329936,batch_log_or_checkpoint,只读冻结；未执行
A_route/problem3/02_batch_run/logs/checkpoints/P3_PARTIAL_ADJUST_MEAN_ROLLOUT_061218/2025-09-05.json.gz,9ea3dd133b32035b364e1dfd72dc81d84170b85703be8e9dd0f6bcc540585599,313479,batch_log_or_checkpoint,只读冻结；未执行
A_route/problem3/02_batch_run/logs/checkpoints/P3_PARTIAL_ADJUST_MEAN_ROLLOUT_061218/2025-09-06.json.gz,03d9abbcff2a34018979504275ac59d4b8acaff50c757ac23b6e1e7f0c9f4959,321166,batch_log_or_checkpoint,只读冻结；未执行
A_route/problem3/02_batch_run/logs/checkpoints/P3_PARTIAL_ADJUST_MEAN_ROLLOUT_061218/2025-09-07.json.gz,90a0d7ded3d29b7628c330d1ce530643fa979d3dc019415c859d7afe3ac99ba0,338435,batch_log_or_checkpoint,只读冻结；未执行
A_route/problem3/02_batch_run/logs/checkpoints/P3_PARTIAL_ADJUST_MEAN_ROLLOUT_061218/2025-09-08.json.gz,7ec288438c7c92a262c6932757f46daacfe149146c3de54018e6068e189c6106,338688,batch_log_or_checkpoint,只读冻结；未执行
A_route/problem3/02_batch_run/logs/checkpoints/P3_PARTIAL_ADJUST_MEAN_ROLLOUT_061218/2025-09-09.json.gz,038f6c1d6722bfa618fe6b1bdf28923175f202c26f8da643e03436027f4c0cb1,345515,batch_log_or_checkpoint,只读冻结；未执行
A_route/problem3/02_batch_run/logs/checkpoints/P3_PARTIAL_ADJUST_MEAN_ROLLOUT_061218/2025-09-10.json.gz,945bbd0980dca030b59ae69cf8162afb1963cb7574e12d41754b39f21c6b9033,341206,batch_log_or_checkpoint,只读冻结；未执行
A_route/problem3/02_batch_run/logs/checkpoints/P3_PARTIAL_ADJUST_MEAN_ROLLOUT_061218/2025-09-11.json.gz,427737b819aed7865e59692c47991db1307f442fc58098ff1a4d7e8aeafc26af,329791,batch_log_or_checkpoint,只读冻结；未执行
A_route/problem3/02_batch_run/logs/checkpoints/P3_PARTIAL_ADJUST_MEAN_ROLLOUT_061218/2025-09-12.json.gz,c859b0b8fbdddbedd99f96fbc501f9c94fd281bb12ea1f6e60b966280f17d2ed,321736,batch_log_or_checkpoint,只读冻结；未执行
A_route/problem3/02_batch_run/logs/checkpoints/P3_PARTIAL_ADJUST_MEAN_ROLLOUT_061218/2025-09-13.json.gz,966448e293e5822639ec07c8496d2ad4c897d536bf9234ff9d4e2d7ae352e740,315778,batch_log_or_checkpoint,只读冻结；未执行
A_route/problem3/02_batch_run/logs/checkpoints/P3_PARTIAL_ADJUST_MEAN_ROLLOUT_061218/2025-09-14.json.gz,f8c6ea12fc19e57d319954fec901712219d1d9990bb0f75ddbe6c7b26f85b750,330274,batch_log_or_checkpoint,只读冻结；未执行
A_route/problem3/02_batch_run/logs/checkpoints/P3_PARTIAL_ADJUST_MEAN_ROLLOUT_061218/2025-09-15.json.gz,79d77fc1e82b0f06ad7007ab1df4c44d632f800b6697fa8b2e7cd44711a2130b,335808,batch_log_or_checkpoint,只读冻结；未执行
A_route/problem3/02_batch_run/logs/checkpoints/P3_PARTIAL_ADJUST_MEAN_ROLLOUT_061218/2025-09-16.json.gz,bef8012ed26578fcb4d95b4abfc7cec8b497d30a076750f8d2b8b40f907c901a,340070,batch_log_or_checkpoint,只读冻结；未执行
A_route/problem3/02_batch_run/logs/checkpoints/P3_PARTIAL_ADJUST_MEAN_ROLLOUT_061218/2025-09-17.json.gz,3a81317a02c52da84eaf1e2b5d8d23498d6895f8187862f86a8baa4fb4bc93e6,331612,batch_log_or_checkpoint,只读冻结；未执行
A_route/problem3/02_batch_run/logs/checkpoints/P3_PARTIAL_ADJUST_MEAN_ROLLOUT_061218/2025-09-18.json.gz,4e1add7a56bc1c3313ee834f193cf065bd38254662d276602701afb39cf05fbb,342455,batch_log_or_checkpoint,只读冻结；未执行
A_route/problem3/02_batch_run/logs/checkpoints/P3_PARTIAL_ADJUST_MEAN_ROLLOUT_061218/2025-09-19.json.gz,e727f9a9afd71a91b971218d514b2f0db2d48b2844f56b9fa18349eb9c683619,319279,batch_log_or_checkpoint,只读冻结；未执行
A_route/problem3/02_batch_run/logs/checkpoints/P3_PARTIAL_ADJUST_MEAN_ROLLOUT_061218/2025-09-20.json.gz,c6b91409241e71c3ed1d70a73ba1eb496721cf282f0e02c266e58fe64c6d6866,326047,batch_log_or_checkpoint,只读冻结；未执行
A_route/problem3/02_batch_run/logs/checkpoints/P3_PARTIAL_ADJUST_MEAN_ROLLOUT_061218/2025-09-21.json.gz,8e3f64ddfc211c65a68f56854d8329b3435973341fe690f266f7f13c06ee3922,336674,batch_log_or_checkpoint,只读冻结；未执行
A_route/problem3/02_batch_run/logs/checkpoints/P3_PARTIAL_ADJUST_MEAN_ROLLOUT_061218/2025-09-22.json.gz,465654199d9728e27f60f6d51a1f366e8642cc5f846ee212edafc295f23e0506,337716,batch_log_or_checkpoint,只读冻结；未执行
A_route/problem3/02_batch_run/logs/checkpoints/P3_PARTIAL_ADJUST_MEAN_ROLLOUT_061218/2025-09-23.json.gz,34200421b620ca239e9310ffca87d922efac4e5b55eb4cbb289cfc1b4779ad19,331987,batch_log_or_checkpoint,只读冻结；未执行
A_route/problem3/02_batch_run/logs/checkpoints/P3_PARTIAL_ADJUST_MEAN_ROLLOUT_061218/2025-09-24.json.gz,36a7608d9b5433c5c75e90bbd86cf013c3858752afaff1556592d61ee4ec8307,353706,batch_log_or_checkpoint,只读冻结；未执行
A_route/problem3/02_batch_run/logs/checkpoints/P3_PARTIAL_ADJUST_MEAN_ROLLOUT_061218/2025-09-25.json.gz,467f0166fce7bec5b9293881d92baa037217034218d374288d867d7637d1848d,338346,batch_log_or_checkpoint,只读冻结；未执行
A_route/problem3/02_batch_run/logs/checkpoints/P3_PARTIAL_ADJUST_MEAN_ROLLOUT_061218/2025-09-26.json.gz,0698f7abd98c502bc023dda436b5ba76434d09656a51c2ae8a6f73fdcb8e6a83,311915,batch_log_or_checkpoint,只读冻结；未执行
A_route/problem3/02_batch_run/logs/checkpoints/P3_PARTIAL_ADJUST_MEAN_ROLLOUT_061218/2025-09-27.json.gz,b51bddb4de034a4f9f73bc7e5574a88c7ceed80d1106a3e1f0604b0792151bb4,329540,batch_log_or_checkpoint,只读冻结；未执行
A_route/problem3/02_batch_run/logs/checkpoints/P3_PARTIAL_ADJUST_MEAN_ROLLOUT_061218/2025-09-28.json.gz,88f08ce6167b5ddeabb76c3848d5fd90c89fec978a3150e34f680a478be88ac2,349629,batch_log_or_checkpoint,只读冻结；未执行
A_route/problem3/02_batch_run/logs/checkpoints/P3_PARTIAL_ADJUST_MEAN_ROLLOUT_061218/2025-09-29.json.gz,2431613b478532e697f89981b6a412cf566de37c8c22931cf490b4279260f939,332170,batch_log_or_checkpoint,只读冻结；未执行
A_route/problem3/02_batch_run/logs/checkpoints/P3_PARTIAL_ADJUST_MEAN_ROLLOUT_061218/2025-09-30.json.gz,b8d714027e9f357bf571b999d39eea9a7b6f6901549f342d2ddb4e0a00a21774,341869,batch_log_or_checkpoint,只读冻结；未执行
A_route/problem3/02_batch_run/logs/checkpoints/P3_PARTIAL_ADJUST_MEAN_ROLLOUT_061218/2025-10-01.json.gz,616a41693245df9efea2b08f399bbcc77984edaa7f37f97b403b0db08a48844f,329345,batch_log_or_checkpoint,只读冻结；未执行
A_route/problem3/02_batch_run/logs/checkpoints/P3_PARTIAL_ADJUST_MEAN_ROLLOUT_061218/2025-10-02.json.gz,6a6bf43461e657deb77bf846c611f9e640ea5a88e53d9929eb9e71d555f7d541,324242,batch_log_or_checkpoint,只读冻结；未执行
A_route/problem3/02_batch_run/logs/checkpoints/P3_PARTIAL_ADJUST_MEAN_ROLLOUT_061218/2025-10-03.json.gz,4ab5c8b8293872bb4462495720ac16041c91f97cdc5eb95aaf32ab8ae58e2dff,314669,batch_log_or_checkpoint,只读冻结；未执行
A_route/problem3/02_batch_run/logs/checkpoints/P3_PARTIAL_ADJUST_MEAN_ROLLOUT_061218/2025-10-04.json.gz,99f7264dff61bad290dd118898504bf6d9897bfed0c395b2d14030afbb895a48,318111,batch_log_or_checkpoint,只读冻结；未执行
A_route/problem3/02_batch_run/logs/checkpoints/P3_PARTIAL_ADJUST_MEAN_ROLLOUT_061218/2025-10-05.json.gz,41d5c5aab20f6b8e6562c496ae78df5922f243661dbe1462e36ab94a7b7e0ed3,333431,batch_log_or_checkpoint,只读冻结；未执行
A_route/problem3/02_batch_run/logs/checkpoints/P3_PARTIAL_ADJUST_MEAN_ROLLOUT_061218/2025-10-06.json.gz,c2e59adcb0a87362e34b3de104d11ea0de38d60ecc900442c284bb91f1a18907,339486,batch_log_or_checkpoint,只读冻结；未执行
A_route/problem3/02_batch_run/logs/checkpoints/P3_PARTIAL_ADJUST_MEAN_ROLLOUT_061218/2025-10-07.json.gz,b32449804870a1d3b34e355f027abb60b7d993fb59ee3ccfd18fe718f4fa4ff0,336719,batch_log_or_checkpoint,只读冻结；未执行
A_route/problem3/02_batch_run/logs/checkpoints/P3_PARTIAL_ADJUST_MEAN_ROLLOUT_061218/2025-10-08.json.gz,4b520a6badc8941ee93f9ce2855a70b0710cbc21b78606b965d64a67be1598b0,329003,batch_log_or_checkpoint,只读冻结；未执行
A_route/problem3/02_batch_run/logs/checkpoints/P3_PARTIAL_ADJUST_MEAN_ROLLOUT_061218/2025-10-09.json.gz,d8d25f601ea2c6eda2b851c94ac440375e95bed30bdbfccfd4b25b0564d4b716,322723,batch_log_or_checkpoint,只读冻结；未执行
A_route/problem3/02_batch_run/logs/checkpoints/P3_PARTIAL_ADJUST_MEAN_ROLLOUT_061218/2025-10-10.json.gz,6af02e94bd4d2d9c0a338bbc35fbb7fdf905521fca410bf24b4de522e3e4da14,314547,batch_log_or_checkpoint,只读冻结；未执行
A_route/problem3/02_batch_run/logs/checkpoints/P3_PARTIAL_ADJUST_MEAN_ROLLOUT_061218/2025-10-11.json.gz,65c3135f828c2a0b0be2d8943b1e0ca57eab672d544b1ca00ececead86538a30,318308,batch_log_or_checkpoint,只读冻结；未执行
A_route/problem3/02_batch_run/logs/checkpoints/P3_PARTIAL_ADJUST_MEAN_ROLLOUT_061218/2025-10-12.json.gz,2079d3ef9a5e2d86181047bbbb7c6c84dec8502769ea809cd8af47fb7bddc8fd,338479,batch_log_or_checkpoint,只读冻结；未执行
A_route/problem3/02_batch_run/logs/checkpoints/P3_PARTIAL_ADJUST_MEAN_ROLLOUT_061218/2025-10-13.json.gz,6a2088d019f2e6b5ea7788c3b9f15b3cf630d05618933c8340aeba4764c5a8dd,330700,batch_log_or_checkpoint,只读冻结；未执行
A_route/problem3/02_batch_run/logs/checkpoints/P3_PARTIAL_ADJUST_MEAN_ROLLOUT_061218/2025-10-14.json.gz,ada8d6acf320fd9dd600596656837f4dcc5d0ba73023e99944e837f6215bb289,338621,batch_log_or_checkpoint,只读冻结；未执行
A_route/problem3/02_batch_run/logs/checkpoints/P3_PARTIAL_ADJUST_MEAN_ROLLOUT_061218/2025-10-15.json.gz,a2c7bbc7362c7c65f78fbda9743235489866e2a94a2dee97c7939ae76e3a9fe7,330343,batch_log_or_checkpoint,只读冻结；未执行
A_route/problem3/02_batch_run/logs/checkpoints/P3_PARTIAL_ADJUST_MEAN_ROLLOUT_061218/2025-10-16.json.gz,fc992f0f21cfe2f271bd38a189f58010bf3ae73ba30f54643af707259fcf4480,337023,batch_log_or_checkpoint,只读冻结；未执行
A_route/problem3/02_batch_run/logs/checkpoints/P3_PARTIAL_ADJUST_MEAN_ROLLOUT_061218/2025-10-17.json.gz,49f5831de3aabc568459c4e94e38d12b5f620537290d07313acc242827741815,324849,batch_log_or_checkpoint,只读冻结；未执行
A_route/problem3/02_batch_run/logs/checkpoints/P3_PARTIAL_ADJUST_MEAN_ROLLOUT_061218/2025-10-18.json.gz,c0cddcc346c70e6d73e24d9896690bb19198ea3dc1dd3d3d80db4fc4e0be09ed,322379,batch_log_or_checkpoint,只读冻结；未执行
A_route/problem3/02_batch_run/logs/checkpoints/P3_PARTIAL_ADJUST_MEAN_ROLLOUT_061218/2025-10-19.json.gz,86b3e063c86550f4b9f4715019d8adbf8288e523eec000fb0b00908dac1534df,334019,batch_log_or_checkpoint,只读冻结；未执行
A_route/problem3/02_batch_run/logs/checkpoints/P3_PARTIAL_ADJUST_MEAN_ROLLOUT_061218/2025-10-20.json.gz,dff58a1a58c6c6f1db58e2280d24c4426e436403d57d39e90b8f0c544d2965b2,328796,batch_log_or_checkpoint,只读冻结；未执行
A_route/problem3/02_batch_run/logs/checkpoints/P3_PARTIAL_ADJUST_MEAN_ROLLOUT_061218/2025-10-21.json.gz,ae75e28c0bbd74eab26b2c5eec598b20f8a09b2169d320697204cf2145d32ad1,330624,batch_log_or_checkpoint,只读冻结；未执行
A_route/problem3/02_batch_run/logs/checkpoints/P3_PARTIAL_ADJUST_MEAN_ROLLOUT_061218/2025-10-22.json.gz,f7e99e7200774adcbdd4d7d6812a4352d8d179752551894d2cf980990a04b09e,333580,batch_log_or_checkpoint,只读冻结；未执行
A_route/problem3/02_batch_run/logs/checkpoints/P3_PARTIAL_ADJUST_MEAN_ROLLOUT_061218/2025-10-23.json.gz,b395f8dc916aa1d472bd639288088ce91e4c5f929a541f299c0021a90bb6bfa5,330062,batch_log_or_checkpoint,只读冻结；未执行
A_route/problem3/02_batch_run/logs/checkpoints/P3_PARTIAL_ADJUST_MEAN_ROLLOUT_061218/2025-10-24.json.gz,606e3af672a2ffb3a7d77cd4ebabaf307f94fdb330de260c263289f056632d18,317779,batch_log_or_checkpoint,只读冻结；未执行
A_route/problem3/02_batch_run/logs/checkpoints/P3_PARTIAL_ADJUST_MEAN_ROLLOUT_061218/2025-10-25.json.gz,cb5f4e9d92fe7b63592157e23afa1c1cbef9d664f10b43bda065cffb8f679b21,318749,batch_log_or_checkpoint,只读冻结；未执行
A_route/problem3/02_batch_run/logs/checkpoints/P3_PARTIAL_ADJUST_MEAN_ROLLOUT_061218/2025-10-26.json.gz,c0f70e3a904731af650b0885a706c279db103ac246b108d657024cb2db646898,334376,batch_log_or_checkpoint,只读冻结；未执行
A_route/problem3/02_batch_run/logs/checkpoints/P3_PARTIAL_ADJUST_MEAN_ROLLOUT_061218/2025-10-27.json.gz,b927166ac3c951f6e38058d0d4c511db64aba8069c4e17123b858c93d9a72512,347302,batch_log_or_checkpoint,只读冻结；未执行
A_route/problem3/02_batch_run/logs/checkpoints/P3_PARTIAL_ADJUST_MEAN_ROLLOUT_061218/2025-10-28.json.gz,94f9d8fd2ed1ce6bbfe856ce033e662fb896fba5f5a38149430b6d37a49b197d,342365,batch_log_or_checkpoint,只读冻结；未执行
A_route/problem3/02_batch_run/logs/checkpoints/P3_PARTIAL_ADJUST_MEAN_ROLLOUT_061218/2025-10-29.json.gz,1690e1d9b45370e079b08e76da4b0d29d1a2f22a34613ef77e25b989095e8082,332730,batch_log_or_checkpoint,只读冻结；未执行
A_route/problem3/02_batch_run/logs/checkpoints/P3_PARTIAL_ADJUST_MEAN_ROLLOUT_061218/2025-10-30.json.gz,f5fbaf5406bc1a1de32f116008cbdbd75658128939b3acb6c6721927931c3467,334942,batch_log_or_checkpoint,只读冻结；未执行
A_route/problem3/02_batch_run/logs/checkpoints/P3_PARTIAL_ADJUST_MEAN_ROLLOUT_061218/2025-10-31.json.gz,4854c78f2a9950090557c2b52d9f698752ba260ca5718cf35a3ebde0f973769f,320600,batch_log_or_checkpoint,只读冻结；未执行
A_route/problem3/02_batch_run/logs/checkpoints/P3_PARTIAL_ADJUST_MEAN_ROLLOUT_061218/2025-11-01.json.gz,17e4dfbfefb37d64ec6feba7a7ee3ee31927a8c137c706619e3ab66620c58162,327416,batch_log_or_checkpoint,只读冻结；未执行
A_route/problem3/02_batch_run/logs/checkpoints/P3_PARTIAL_ADJUST_MEAN_ROLLOUT_061218/2025-11-02.json.gz,6f1aac55053d815d9d4defc05e7183cec048243eb8b4e576559943046b75e5cc,354765,batch_log_or_checkpoint,只读冻结；未执行
A_route/problem3/02_batch_run/logs/checkpoints/P3_PARTIAL_ADJUST_MEAN_ROLLOUT_061218/2025-11-03.json.gz,0638a7459cd9f59c2014140650dfdbb0fd9e522b2c5f3f75031388bc9c6e5d38,345686,batch_log_or_checkpoint,只读冻结；未执行
A_route/problem3/02_batch_run/logs/checkpoints/P3_PARTIAL_ADJUST_MEAN_ROLLOUT_061218/2025-11-04.json.gz,d56f85941c60d2d0b870321937fc1b32e018ea573349544a25d84ebd24752104,345563,batch_log_or_checkpoint,只读冻结；未执行
A_route/problem3/02_batch_run/logs/checkpoints/P3_PARTIAL_ADJUST_MEAN_ROLLOUT_061218/2025-11-05.json.gz,7786613f96598314239cc140f870eb41a76b66074199869b554180b4b54d9b3f,342680,batch_log_or_checkpoint,只读冻结；未执行
A_route/problem3/02_batch_run/logs/checkpoints/P3_PARTIAL_ADJUST_MEAN_ROLLOUT_061218/2025-11-06.json.gz,a6eae243bd465db11451a959ff1f502bcb5678448e05a9f37b98d9bd65417fd8,356917,batch_log_or_checkpoint,只读冻结；未执行
A_route/problem3/02_batch_run/logs/checkpoints/P3_PARTIAL_ADJUST_MEAN_ROLLOUT_061218/2025-11-07.json.gz,7dd203eeaf9fd5154b1814b06c25514ac3eb58ca2bed8b573e5f4d255286fc82,337427,batch_log_or_checkpoint,只读冻结；未执行
A_route/problem3/02_batch_run/logs/checkpoints/P3_PARTIAL_ADJUST_MEAN_ROLLOUT_061218/2025-11-08.json.gz,47f4d9e5ae3dff79bfeb634c28df37cb7ebee67e462db2ce7bf0a9915f6d6f04,323512,batch_log_or_checkpoint,只读冻结；未执行
A_route/problem3/02_batch_run/logs/checkpoints/P3_PARTIAL_ADJUST_MEAN_ROLLOUT_061218/2025-11-09.json.gz,995954b0fa5231875ccb1036cf76f2f5d1ead23f2a7bdc582a3f209abccacbc0,338728,batch_log_or_checkpoint,只读冻结；未执行
A_route/problem3/02_batch_run/logs/checkpoints/P3_PARTIAL_ADJUST_MEAN_ROLLOUT_061218/2025-11-10.json.gz,35fb1a16692155d5eb96008cdeb026edc9ee8ba1ef433e574de5f69e54731fb7,348909,batch_log_or_checkpoint,只读冻结；未执行
A_route/problem3/02_batch_run/logs/checkpoints/P3_PARTIAL_ADJUST_MEAN_ROLLOUT_061218/2025-11-11.json.gz,326f9e503a3061e352e9f8343bb5310ba2c6adc989b0f8a5ea5cf7ed1a37db5d,339720,batch_log_or_checkpoint,只读冻结；未执行
A_route/problem3/02_batch_run/logs/checkpoints/P3_PARTIAL_ADJUST_MEAN_ROLLOUT_061218/2025-11-12.json.gz,22b02677485f20fbe46f299a54ca39f6c293295342ee87c6a49c8c2772861d40,343219,batch_log_or_checkpoint,只读冻结；未执行
A_route/problem3/02_batch_run/logs/checkpoints/P3_PARTIAL_ADJUST_MEAN_ROLLOUT_061218/2025-11-13.json.gz,f6740c98f2a95e6b89997c91188489caa70ba61ac001d26a65bccf924027f73b,349110,batch_log_or_checkpoint,只读冻结；未执行
A_route/problem3/02_batch_run/logs/checkpoints/P3_PARTIAL_ADJUST_MEAN_ROLLOUT_061218/2025-11-14.json.gz,d05d812e8e9ffae76776302981e44fba6bee100a0251fc9c73d9609dd83f10d0,316820,batch_log_or_checkpoint,只读冻结；未执行
A_route/problem3/02_batch_run/logs/checkpoints/P3_PARTIAL_ADJUST_MEAN_ROLLOUT_061218/2025-11-15.json.gz,b27474ebd67ba5c45b36179c67c590f99c503d8d0cd5901d10e0221b14144680,327556,batch_log_or_checkpoint,只读冻结；未执行
A_route/problem3/02_batch_run/logs/checkpoints/P3_PARTIAL_ADJUST_MEAN_ROLLOUT_061218/2025-11-16.json.gz,5d09ffcb89f894f84170de95f11e81ac75c67a823f2afdf0a92499c3791e7689,352293,batch_log_or_checkpoint,只读冻结；未执行
A_route/problem3/02_batch_run/logs/checkpoints/P3_PARTIAL_ADJUST_MEAN_ROLLOUT_061218/2025-11-17.json.gz,2f91121a964bc1e1415d65d9439198c3b2333a93258a8cd57834d38b31eaa021,349418,batch_log_or_checkpoint,只读冻结；未执行
A_route/problem3/02_batch_run/logs/checkpoints/P3_PARTIAL_ADJUST_MEAN_ROLLOUT_061218/2025-11-18.json.gz,46ca68ef0dda606ae2fee53cfb9a6fa9993b040f03e65e5c505f2b01ea64ed11,336363,batch_log_or_checkpoint,只读冻结；未执行
A_route/problem3/02_batch_run/logs/checkpoints/P3_PARTIAL_ADJUST_MEAN_ROLLOUT_061218/2025-11-19.json.gz,6a15b70b4101c9178cf2f9a9f5a6b6948090c7b34afcde373d1d74db18cb416f,362686,batch_log_or_checkpoint,只读冻结；未执行
A_route/problem3/02_batch_run/logs/checkpoints/P3_PARTIAL_ADJUST_MEAN_ROLLOUT_061218/2025-11-20.json.gz,e8d44d028ea9fe3cb328185bfc8fe35cf019a2b9cc0631b732dc6a3515302b35,343033,batch_log_or_checkpoint,只读冻结；未执行
A_route/problem3/02_batch_run/logs/checkpoints/P3_PARTIAL_ADJUST_MEAN_ROLLOUT_061218/2025-11-21.json.gz,587d528783ec54e4b0da27767b68f9be6c9446b270092ca68a85574ed66bddf2,336921,batch_log_or_checkpoint,只读冻结；未执行
A_route/problem3/02_batch_run/logs/checkpoints/P3_PARTIAL_ADJUST_MEAN_ROLLOUT_061218/2025-11-22.json.gz,ac6f9c07ba014cd3fa97996e8c40fa6ae42a2ab9ad0692971ad4ea98ae117314,325258,batch_log_or_checkpoint,只读冻结；未执行
A_route/problem3/02_batch_run/logs/checkpoints/P3_PARTIAL_ADJUST_MEAN_ROLLOUT_061218/2025-11-23.json.gz,a58c0afcd4c50f8a518a95d26009d086e981a7a601bf05e467efbf86a0ad7384,343221,batch_log_or_checkpoint,只读冻结；未执行
A_route/problem3/02_batch_run/logs/checkpoints/P3_PARTIAL_ADJUST_MEAN_ROLLOUT_061218/2025-11-24.json.gz,6e3f0dc749ec0be1576846eee241c9dda1fd4bf155a2e3cd509fc5807adf619b,339952,batch_log_or_checkpoint,只读冻结；未执行
A_route/problem3/02_batch_run/logs/checkpoints/P3_PARTIAL_ADJUST_MEAN_ROLLOUT_061218/2025-11-25.json.gz,3b20ca22a41247f7775b2447122f86a7b6d4ad9c13f88d676d9d657afa9c132f,330321,batch_log_or_checkpoint,只读冻结；未执行
A_route/problem3/02_batch_run/logs/checkpoints/P3_PARTIAL_ADJUST_MEAN_ROLLOUT_061218/2025-11-26.json.gz,3eeee5753bd3ce848cedaa2b593eaec96b7f871fa8326295191dbd6b7f59dc54,333013,batch_log_or_checkpoint,只读冻结；未执行
A_route/problem3/02_batch_run/logs/checkpoints/P3_PARTIAL_ADJUST_MEAN_ROLLOUT_061218/2025-11-27.json.gz,297bc979ec86610ffe6fdb70b3ea26bc62bb76a1b2b8dec3194bfeea22ce82ca,331984,batch_log_or_checkpoint,只读冻结；未执行
A_route/problem3/02_batch_run/logs/checkpoints/P3_PARTIAL_ADJUST_MEAN_ROLLOUT_061218/2025-11-28.json.gz,437437082831216dd0e059d51693dc77b97b2f226f951b13dd8d50d7c7960ec9,322845,batch_log_or_checkpoint,只读冻结；未执行
A_route/problem3/02_batch_run/logs/checkpoints/P3_PARTIAL_ADJUST_MEAN_ROLLOUT_061218/2025-11-29.json.gz,3f2aeccfffb18448e2a472ab4c8b4d799fdade2a8f4314c26c4c0498ea7d2933,326223,batch_log_or_checkpoint,只读冻结；未执行
A_route/problem3/02_batch_run/logs/checkpoints/P3_PARTIAL_ADJUST_MEAN_ROLLOUT_061218/2025-11-30.json.gz,b34d3ab694dacf33e2fd0aacae56a49c007565d081a1f575deb37772bd685cb6,348890,batch_log_or_checkpoint,只读冻结；未执行
A_route/problem3/02_batch_run/logs/checkpoints/P3_PARTIAL_ADJUST_MEAN_ROLLOUT_061218/2025-12-01.json.gz,d6d447cb14ae8c04b9fcb5e6830129ed2b7655361745f8e2658ed59c1c1b2815,344435,batch_log_or_checkpoint,只读冻结；未执行
A_route/problem3/02_batch_run/logs/checkpoints/P3_PARTIAL_ADJUST_MEAN_ROLLOUT_061218/2025-12-02.json.gz,d599c0505719ca94505e2b63b9d27741ac790b301f0bc48a6c64a9064498ef26,346638,batch_log_or_checkpoint,只读冻结；未执行
A_route/problem3/02_batch_run/logs/checkpoints/P3_PARTIAL_ADJUST_MEAN_ROLLOUT_061218/2025-12-03.json.gz,806cf4bc2c9e49a9f25af4663c335ba46c6fd84276fe29008317a089108ae305,367582,batch_log_or_checkpoint,只读冻结；未执行
A_route/problem3/02_batch_run/logs/checkpoints/P3_PARTIAL_ADJUST_MEAN_ROLLOUT_061218/2025-12-04.json.gz,e8d1989eabd408c73b44d6e65218d12875a80f7e189b62aaf42cdf14488c9da0,354894,batch_log_or_checkpoint,只读冻结；未执行
A_route/problem3/02_batch_run/logs/checkpoints/P3_PARTIAL_ADJUST_MEAN_ROLLOUT_061218/2025-12-05.json.gz,f25df4465c85b08033282711375913c893608c4000bc916a8ac5e1a5c3387858,353932,batch_log_or_checkpoint,只读冻结；未执行
A_route/problem3/02_batch_run/logs/checkpoints/P3_PARTIAL_ADJUST_MEAN_ROLLOUT_061218/2025-12-06.json.gz,952228b0e02e138aef73901799d552b55a38814a846fc35296693fc51f986ddd,350229,batch_log_or_checkpoint,只读冻结；未执行
A_route/problem3/02_batch_run/logs/checkpoints/P3_PARTIAL_ADJUST_MEAN_ROLLOUT_061218/2025-12-07.json.gz,1a91a6f6d4d6bfe9d109083172995bcb82d88f5e3d7747946be7dc08a83a9e25,354686,batch_log_or_checkpoint,只读冻结；未执行
A_route/problem3/02_batch_run/logs/checkpoints/P3_PARTIAL_ADJUST_MEAN_ROLLOUT_061218/2025-12-08.json.gz,b08371098339dac04ee378169aebb220e00a068521740b6379d6cf0da616eaac,331515,batch_log_or_checkpoint,只读冻结；未执行
A_route/problem3/02_batch_run/logs/checkpoints/P3_PARTIAL_ADJUST_MEAN_ROLLOUT_061218/2025-12-09.json.gz,c735449951ad915c474b7125e0b0990f2a702568a9e55013f093becec991cbfd,333094,batch_log_or_checkpoint,只读冻结；未执行
A_route/problem3/02_batch_run/logs/checkpoints/P3_PARTIAL_ADJUST_MEAN_ROLLOUT_061218/2025-12-10.json.gz,0a2c66dfdc71f817d2a987be46869c4992ba26d6ee4b960777894998b3dbcbc0,337196,batch_log_or_checkpoint,只读冻结；未执行
A_route/problem3/02_batch_run/logs/checkpoints/P3_PARTIAL_ADJUST_MEAN_ROLLOUT_061218/2025-12-11.json.gz,277004f0feb72f8565a927ed307d6794aa25dfd2e7354d48e0c8014f69970fc4,330010,batch_log_or_checkpoint,只读冻结；未执行
A_route/problem3/02_batch_run/logs/checkpoints/P3_PARTIAL_ADJUST_MEAN_ROLLOUT_061218/2025-12-12.json.gz,9d0f8c2e898431f5e0eef12e6c4b1859d105334aab9d111bd00098c4eb0646d7,334798,batch_log_or_checkpoint,只读冻结；未执行
A_route/problem3/02_batch_run/logs/checkpoints/P3_PARTIAL_ADJUST_MEAN_ROLLOUT_061218/2025-12-13.json.gz,d4f3a591113ec7e89e4f8887042cab7dec3460ec997e9fc72cb0d2a92fd619ec,336079,batch_log_or_checkpoint,只读冻结；未执行
A_route/problem3/02_batch_run/logs/checkpoints/P3_PARTIAL_ADJUST_MEAN_ROLLOUT_061218/2025-12-14.json.gz,eea65993917fdf243cbb3f9dbf2eb725ad1fda3e7bd9f2b4338265570489712a,340705,batch_log_or_checkpoint,只读冻结；未执行
A_route/problem3/02_batch_run/logs/checkpoints/P3_PARTIAL_ADJUST_MEAN_ROLLOUT_061218/2025-12-15.json.gz,a1b7d24d7eb5b94fe2978eaf03e78e20b3b02168d4c8c3672a62595a8da96d44,344279,batch_log_or_checkpoint,只读冻结；未执行
A_route/problem3/02_batch_run/logs/checkpoints/P3_PARTIAL_ADJUST_MEAN_ROLLOUT_061218/2025-12-16.json.gz,8018d60892ca2e94887fecfca8759e3c5171d4d35d616d44ee5a17bd7f0755b5,330621,batch_log_or_checkpoint,只读冻结；未执行
A_route/problem3/02_batch_run/logs/checkpoints/P3_PARTIAL_ADJUST_MEAN_ROLLOUT_061218/2025-12-17.json.gz,69c6a5449e4dc3c9e90405ccd1a8fa69e20d085b6d5b716f0561d5d514081354,329924,batch_log_or_checkpoint,只读冻结；未执行
A_route/problem3/02_batch_run/logs/checkpoints/P3_PARTIAL_ADJUST_MEAN_ROLLOUT_061218/2025-12-18.json.gz,c203cf6a35a96e2d8ab486af924009f777f1c97c38939116559a19a386168861,334908,batch_log_or_checkpoint,只读冻结；未执行
A_route/problem3/02_batch_run/logs/checkpoints/P3_PARTIAL_ADJUST_MEAN_ROLLOUT_061218/2025-12-19.json.gz,8631ba29180dd05e93ed440a51f629849dcd970561d156fa55bc29fd9906e4df,332100,batch_log_or_checkpoint,只读冻结；未执行
A_route/problem3/02_batch_run/logs/checkpoints/P3_PARTIAL_ADJUST_MEAN_ROLLOUT_061218/2025-12-20.json.gz,3ca4ed59af847800d268d88ff05bdbc2c192fa7100b99abc524ded12564dcd35,327422,batch_log_or_checkpoint,只读冻结；未执行
A_route/problem3/02_batch_run/logs/checkpoints/P3_PARTIAL_ADJUST_MEAN_ROLLOUT_061218/2025-12-21.json.gz,1a40e58750843e927f88a63d751bc198f76554039ed64bf4420e14bb219ef6b7,330265,batch_log_or_checkpoint,只读冻结；未执行
A_route/problem3/02_batch_run/logs/checkpoints/P3_PARTIAL_ADJUST_MEAN_ROLLOUT_061218/2025-12-22.json.gz,ca8a856f9b79af67e41301394fe56d0e9564f0ec875c16df87bf83181aa70e15,332635,batch_log_or_checkpoint,只读冻结；未执行
A_route/problem3/02_batch_run/logs/checkpoints/P3_PARTIAL_ADJUST_MEAN_ROLLOUT_061218/2025-12-23.json.gz,9319dd02c8a172305f38761e01761d181f4d8b03d035b1a37aa7bd7beff352b3,331725,batch_log_or_checkpoint,只读冻结；未执行
A_route/problem3/02_batch_run/logs/checkpoints/P3_PARTIAL_ADJUST_MEAN_ROLLOUT_061218/2025-12-24.json.gz,8af09c3a2e4585f573c6f4ff873e3e484806ebd6063c93207d449d891e5a684a,326943,batch_log_or_checkpoint,只读冻结；未执行
A_route/problem3/02_batch_run/logs/checkpoints/P3_PARTIAL_ADJUST_MEAN_ROLLOUT_061218/2025-12-25.json.gz,75008593baa03a8ff1677fe82c12f15f827e9631c609dc316a9fd20397c1d746,332183,batch_log_or_checkpoint,只读冻结；未执行
A_route/problem3/02_batch_run/logs/checkpoints/P3_PARTIAL_ADJUST_MEAN_ROLLOUT_061218/2025-12-26.json.gz,4b444b1ebaebaea43b04edc07e04f6915342e2117504ca3098d20e1cfb1892d6,327026,batch_log_or_checkpoint,只读冻结；未执行
A_route/problem3/02_batch_run/logs/checkpoints/P3_PARTIAL_ADJUST_MEAN_ROLLOUT_061218/2025-12-27.json.gz,cddaf2094ef5bcb0a37e18a201b735ebb4a1a98d00371a70305dd14f8515e8a0,327106,batch_log_or_checkpoint,只读冻结；未执行
A_route/problem3/02_batch_run/logs/checkpoints/P3_PARTIAL_ADJUST_MEAN_ROLLOUT_061218/2025-12-28.json.gz,34654d00b0f4076d9143bc87ccb89d8d3414ba72d64484aab36d1a6ba445abf5,329319,batch_log_or_checkpoint,只读冻结；未执行
A_route/problem3/02_batch_run/logs/checkpoints/P3_PARTIAL_ADJUST_MEAN_ROLLOUT_061218/2025-12-29.json.gz,a1863f82a50efc188427aeabc36a249d6ccac5e1c5f27639ca3309fd1d2379f2,332665,batch_log_or_checkpoint,只读冻结；未执行
A_route/problem3/02_batch_run/logs/checkpoints/P3_PARTIAL_ADJUST_MEAN_ROLLOUT_061218/2025-12-30.json.gz,a80567e12657eda25824ecabbdd574be6a8b3d586761e1c546f3a401957ce74e,331535,batch_log_or_checkpoint,只读冻结；未执行
A_route/problem3/02_batch_run/logs/checkpoints/P3_PARTIAL_ADJUST_MEAN_ROLLOUT_061218/2025-12-31.json.gz,403ab645e48004c3477f2f7cc3cd35d0b96180897f65bb027bf52a10b9a834be,328216,batch_log_or_checkpoint,只读冻结；未执行
A_route/problem3/02_batch_run/logs/checkpoints/P3_ROBUST_WORST_061218/2025-02-01.json.gz,ca5dd821ad10f16e2b0833f9add5040fc72b2473517cbeb61b3256b4c5d5b590,277440,batch_log_or_checkpoint,只读冻结；未执行
A_route/problem3/02_batch_run/logs/checkpoints/P3_ROBUST_WORST_061218/2025-02-02.json.gz,7f62021e6eb2404c1154a8ec212fcad2869a124ea038d741562a1a59938d136f,288822,batch_log_or_checkpoint,只读冻结；未执行
A_route/problem3/02_batch_run/logs/checkpoints/P3_ROBUST_WORST_061218/2025-02-03.json.gz,60d52c4f06451293c4c9a3a2448fac0da56be0c1615f86c434f7fd7f83f72db4,295132,batch_log_or_checkpoint,只读冻结；未执行
A_route/problem3/02_batch_run/logs/checkpoints/P3_ROBUST_WORST_061218/2025-02-04.json.gz,2a6ce11385ba6ca36d519a2a5857693b1f4f71a7835f1f114d7d68810c408875,304363,batch_log_or_checkpoint,只读冻结；未执行
A_route/problem3/02_batch_run/logs/checkpoints/P3_ROBUST_WORST_061218/2025-02-05.json.gz,9e73a766b13341290449cbfce7fac7bd83140fbc623868222e4b19b0c0806100,315373,batch_log_or_checkpoint,只读冻结；未执行
A_route/problem3/02_batch_run/logs/checkpoints/P3_ROBUST_WORST_061218/2025-02-06.json.gz,5426b6966e8f93c54c44a8be09c94c0161dc95745751e8600cad1ed5dede3b9f,313654,batch_log_or_checkpoint,只读冻结；未执行
A_route/problem3/02_batch_run/logs/checkpoints/P3_ROBUST_WORST_061218/2025-02-07.json.gz,aeaf3ea9839f1172bbcddd0abfd03a1552f7ae8b3da78959cfd2e184c4bd618a,308382,batch_log_or_checkpoint,只读冻结；未执行
A_route/problem3/02_batch_run/logs/checkpoints/P3_ROBUST_WORST_061218/2025-02-08.json.gz,ec751d1801d4a46cf159c782748b256a30b0ae8153dd30ec625040d84c05d081,312711,batch_log_or_checkpoint,只读冻结；未执行
A_route/problem3/02_batch_run/logs/checkpoints/P3_ROBUST_WORST_061218/2025-02-09.json.gz,b81d0339d2cc0d423b181032c4a99f8fa8ac6c44ca84a7a5fcb93010b604f541,316342,batch_log_or_checkpoint,只读冻结；未执行
A_route/problem3/02_batch_run/logs/checkpoints/P3_ROBUST_WORST_061218/2025-02-10.json.gz,1a4a32dc9139fd5fbcc9445609f2627d21dda4685bdbcef2acfc4107d7d3a34c,322388,batch_log_or_checkpoint,只读冻结；未执行
A_route/problem3/02_batch_run/logs/checkpoints/P3_ROBUST_WORST_061218/2025-02-11.json.gz,405c251cd6720ee0cca86fd56d8861f556d648f6d58ea4e97b5d4907a1c8e67b,318050,batch_log_or_checkpoint,只读冻结；未执行
A_route/problem3/02_batch_run/logs/checkpoints/P3_ROBUST_WORST_061218/2025-02-12.json.gz,beccb32975e594d60d9287fef624ff454e1026b056ecad1ab0fc9a23bdd45f84,317406,batch_log_or_checkpoint,只读冻结；未执行
A_route/problem3/02_batch_run/logs/checkpoints/P3_ROBUST_WORST_061218/2025-02-13.json.gz,b24a921107044a8b9176fdd732175d25b9c23d218682e39148e1dc8a9820937d,319861,batch_log_or_checkpoint,只读冻结；未执行
A_route/problem3/02_batch_run/logs/checkpoints/P3_ROBUST_WORST_061218/2025-02-14.json.gz,77551e4bfe929818d55ebcba4860c4b72d36a934a6d53151f4f60635c572cbf9,317552,batch_log_or_checkpoint,只读冻结；未执行
A_route/problem3/02_batch_run/logs/checkpoints/P3_ROBUST_WORST_061218/2025-02-15.json.gz,b92336c330b1a5299fd77754982ed3d18c26278391a66cd18724f5107c793a4b,315420,batch_log_or_checkpoint,只读冻结；未执行
A_route/problem3/02_batch_run/logs/checkpoints/P3_ROBUST_WORST_061218/2025-02-16.json.gz,bd28d0b1abab3342475446422c78339faf72a9cfed8cd0f8199ebf9cedc916c8,320874,batch_log_or_checkpoint,只读冻结；未执行
A_route/problem3/02_batch_run/logs/checkpoints/P3_ROBUST_WORST_061218/2025-02-17.json.gz,893d2bc04c58ec4db3b5c1b18f3d11310b9d50c6bb609e14a6ff203bcfb3fa8a,318738,batch_log_or_checkpoint,只读冻结；未执行
A_route/problem3/02_batch_run/logs/checkpoints/P3_ROBUST_WORST_061218/2025-02-18.json.gz,3186e5586bf3cbc33c12933c0cac5736a6d20186d60bcdd5bc1427e6d3470e8e,321178,batch_log_or_checkpoint,只读冻结；未执行
A_route/problem3/02_batch_run/logs/checkpoints/P3_ROBUST_WORST_061218/2025-02-19.json.gz,e40f15f6d7adbcba2a3ed4662efdfdf8cd66d3c86a9229deb3f3ff61bee6398c,323096,batch_log_or_checkpoint,只读冻结；未执行
A_route/problem3/02_batch_run/logs/checkpoints/P3_ROBUST_WORST_061218/2025-02-20.json.gz,59ba0935b6734f995161b483a999f1125e550ec3a1f1260f29651ec98cff436a,322811,batch_log_or_checkpoint,只读冻结；未执行
A_route/problem3/02_batch_run/logs/checkpoints/P3_ROBUST_WORST_061218/2025-02-21.json.gz,013817546219ace35a14b9a12a00dd116ee678f4458e0a03f67262e18f1dcb62,313371,batch_log_or_checkpoint,只读冻结；未执行
A_route/problem3/02_batch_run/logs/checkpoints/P3_ROBUST_WORST_061218/2025-02-22.json.gz,d2e46cf224426d4470b17a0ee44c482c3b3c1a97eaeb0402f7069d2170b694f3,315929,batch_log_or_checkpoint,只读冻结；未执行
A_route/problem3/02_batch_run/logs/checkpoints/P3_ROBUST_WORST_061218/2025-02-23.json.gz,e3ca347a6519666691aa312cbb7d12eae17eafd3897e2f67c49e87163df6d94b,320525,batch_log_or_checkpoint,只读冻结；未执行
A_route/problem3/02_batch_run/logs/checkpoints/P3_ROBUST_WORST_061218/2025-02-24.json.gz,c3ff2317c60b32d2c8059b874414f4997937027bbda3ec4c9d60507b9ff3f70b,319231,batch_log_or_checkpoint,只读冻结；未执行
A_route/problem3/02_batch_run/logs/checkpoints/P3_ROBUST_WORST_061218/2025-02-25.json.gz,7216057cff716df15b7c48faedfc48f0e257498e2bfabb12a8e193e7b0ba15a7,322601,batch_log_or_checkpoint,只读冻结；未执行
A_route/problem3/02_batch_run/logs/checkpoints/P3_ROBUST_WORST_061218/2025-02-26.json.gz,72800c55314ad32b2b8dc2d60d50f6993a233f87be3cbbf1cdf9ca7db76b6cf6,323381,batch_log_or_checkpoint,只读冻结；未执行
A_route/problem3/02_batch_run/logs/checkpoints/P3_ROBUST_WORST_061218/2025-02-27.json.gz,0d62fa6cf632bf8f6edcac1b01e1cfaf250304502432d6ced97c90df2ec9536e,316255,batch_log_or_checkpoint,只读冻结；未执行
A_route/problem3/02_batch_run/logs/checkpoints/P3_ROBUST_WORST_061218/2025-02-28.json.gz,9c7bf49f3c7f64f22be1b1ef982c6dffbb8b233b51bdbb45bee121f532a81b06,310295,batch_log_or_checkpoint,只读冻结；未执行
A_route/problem3/02_batch_run/logs/checkpoints/P3_ROBUST_WORST_061218/2025-03-01.json.gz,1364bef9933044e8e5e499bcd2cbd5318fbda319e84f3b4a393373e6b9b91c98,310990,batch_log_or_checkpoint,只读冻结；未执行
A_route/problem3/02_batch_run/logs/checkpoints/P3_ROBUST_WORST_061218/2025-03-02.json.gz,bd28e134edc4f436bceaa90afd6fc9f8c6f8500fe4b41459b21e3e4aea5849e4,319475,batch_log_or_checkpoint,只读冻结；未执行
A_route/problem3/02_batch_run/logs/checkpoints/P3_ROBUST_WORST_061218/2025-03-03.json.gz,9bf7ebf369b3dfffa4ce36012758d2e1cddd5077eb928459244a347c7b1a6648,325373,batch_log_or_checkpoint,只读冻结；未执行
A_route/problem3/02_batch_run/logs/checkpoints/P3_ROBUST_WORST_061218/2025-03-04.json.gz,bdfdc3aae18c1858e983eb1810f4a166d0a05d46f2e69ac3b09a0eb90ad4ba65,322368,batch_log_or_checkpoint,只读冻结；未执行
A_route/problem3/02_batch_run/logs/checkpoints/P3_ROBUST_WORST_061218/2025-03-05.json.gz,62207588a370e7aedd22ac3071cf0df6d5ba52242be8f47f74082bd348065afb,322977,batch_log_or_checkpoint,只读冻结；未执行
A_route/problem3/02_batch_run/logs/checkpoints/P3_ROBUST_WORST_061218/2025-03-06.json.gz,9c47f491a87af4205f2d393ff398f38683ea96c2fcc91ead55f1ee5026d0065b,320740,batch_log_or_checkpoint,只读冻结；未执行
A_route/problem3/02_batch_run/logs/checkpoints/P3_ROBUST_WORST_061218/2025-03-07.json.gz,3d1c9a05419b003dc12028d6394dd1cc428a11a3f4b423ebc6e0e07b1c692b76,311286,batch_log_or_checkpoint,只读冻结；未执行
A_route/problem3/02_batch_run/logs/checkpoints/P3_ROBUST_WORST_061218/2025-03-08.json.gz,7eac806852148087befa97c9f73c6e7a7e011b978f6cea355554486e1736b1f2,318777,batch_log_or_checkpoint,只读冻结；未执行
A_route/problem3/02_batch_run/logs/checkpoints/P3_ROBUST_WORST_061218/2025-03-09.json.gz,006f7e5c1c17dee6a3f11718bc64b9fbbbad170a41099948c91411a649253d09,332932,batch_log_or_checkpoint,只读冻结；未执行
A_route/problem3/02_batch_run/logs/checkpoints/P3_ROBUST_WORST_061218/2025-03-10.json.gz,e4e79cfb38325e43a0ca1cdf1b0c9df0df20f96fb2c8e20d5433a4788a7ee994,333152,batch_log_or_checkpoint,只读冻结；未执行
A_route/problem3/02_batch_run/logs/checkpoints/P3_ROBUST_WORST_061218/2025-03-11.json.gz,8a29b4c446ccdb83a0e2e3e350efd8be74070a5c39d23285efa8d4d183c60334,342825,batch_log_or_checkpoint,只读冻结；未执行
A_route/problem3/02_batch_run/logs/checkpoints/P3_ROBUST_WORST_061218/2025-03-12.json.gz,2f2b20bf45374dbb60b5a40492835abb2125861000e84eb13c2d8031c7f562c5,332207,batch_log_or_checkpoint,只读冻结；未执行
A_route/problem3/02_batch_run/logs/checkpoints/P3_ROBUST_WORST_061218/2025-03-13.json.gz,291b3b044b9f7a15066397c0f0138caa193ddd856bfba474ef3b79655ee17bcc,329200,batch_log_or_checkpoint,只读冻结；未执行
A_route/problem3/02_batch_run/logs/checkpoints/P3_ROBUST_WORST_061218/2025-03-14.json.gz,6c21b0ff5dff459ad414b73ec7d45cbb8a259e344398d66cea997e7a5378290e,318048,batch_log_or_checkpoint,只读冻结；未执行
A_route/problem3/02_batch_run/logs/checkpoints/P3_ROBUST_WORST_061218/2025-03-15.json.gz,3c2d975469a9395ade6b41c5aff47ae87d02e530987c7943636603419ca39c14,327023,batch_log_or_checkpoint,只读冻结；未执行
A_route/problem3/02_batch_run/logs/checkpoints/P3_ROBUST_WORST_061218/2025-03-16.json.gz,bbc7586e0a4eca6f2f29dd2a6d994c075315100df485d908f2e75474b4ce1692,329323,batch_log_or_checkpoint,只读冻结；未执行
A_route/problem3/02_batch_run/logs/checkpoints/P3_ROBUST_WORST_061218/2025-03-17.json.gz,b461c4c76725cdde24927299e3fe45c0abaae25f9759ea5fa2ada78dcb9b1a47,328410,batch_log_or_checkpoint,只读冻结；未执行
A_route/problem3/02_batch_run/logs/checkpoints/P3_ROBUST_WORST_061218/2025-03-18.json.gz,e3c5f911e0ab8ad3a99139a60921a27f1d042879530a1a1a8547d62e1a80921f,327655,batch_log_or_checkpoint,只读冻结；未执行
A_route/problem3/02_batch_run/logs/checkpoints/P3_ROBUST_WORST_061218/2025-03-19.json.gz,fd169264c55e5f4c225f2ae1b1bec6bcc72ad493b290419351cf8704e18acf90,334314,batch_log_or_checkpoint,只读冻结；未执行
A_route/problem3/02_batch_run/logs/checkpoints/P3_ROBUST_WORST_061218/2025-03-20.json.gz,aae25d7c65713ea0a9118eb956636c491568b2a7c04a96a97346af2b6517f417,323257,batch_log_or_checkpoint,只读冻结；未执行
A_route/problem3/02_batch_run/logs/checkpoints/P3_ROBUST_WORST_061218/2025-03-21.json.gz,1fea01acfcba63bab0aa28396f5c93110bc1af2c44380b1ec347c00b3e0af69f,314356,batch_log_or_checkpoint,只读冻结；未执行
A_route/problem3/02_batch_run/logs/checkpoints/P3_ROBUST_WORST_061218/2025-03-22.json.gz,68e5889321cd3d1be4b076ef32c3178a61c90964d2b0299c17c9b234ed21e720,319407,batch_log_or_checkpoint,只读冻结；未执行
A_route/problem3/02_batch_run/logs/checkpoints/P3_ROBUST_WORST_061218/2025-03-23.json.gz,c30062b27fe1e43667dfa386e2e2229c128069aab0381e0fbfc4fd99ea41e837,328371,batch_log_or_checkpoint,只读冻结；未执行
A_route/problem3/02_batch_run/logs/checkpoints/P3_ROBUST_WORST_061218/2025-03-24.json.gz,42413fcc01a0a4305d985a86dc68ef77d67b95f6c83e05dfd9d43e0bc2a1f584,334066,batch_log_or_checkpoint,只读冻结；未执行
A_route/problem3/02_batch_run/logs/checkpoints/P3_ROBUST_WORST_061218/2025-03-25.json.gz,014736319b8d74a5f992b62fd788273b51363537150ce94692c5df2c254a4805,331469,batch_log_or_checkpoint,只读冻结；未执行
A_route/problem3/02_batch_run/logs/checkpoints/P3_ROBUST_WORST_061218/2025-03-26.json.gz,42c638871b0f16731ae877242fb9d429b4bd7384463dbb005eda169e500e67bf,330157,batch_log_or_checkpoint,只读冻结；未执行
A_route/problem3/02_batch_run/logs/checkpoints/P3_ROBUST_WORST_061218/2025-03-27.json.gz,25396157e9272b5a511735718f7f7457ae3189bcd5aa6f9f4d1dabd3b5edcb83,329252,batch_log_or_checkpoint,只读冻结；未执行
A_route/problem3/02_batch_run/logs/checkpoints/P3_ROBUST_WORST_061218/2025-03-28.json.gz,2b93b3058fc7f49d8b0754a5487cdf072968f99c6d1df19d7ebaad17feb47bf6,315862,batch_log_or_checkpoint,只读冻结；未执行
A_route/problem3/02_batch_run/logs/checkpoints/P3_ROBUST_WORST_061218/2025-03-29.json.gz,966dff0b536b47c8d4c93f0802499a433cb64cfbc8c3e68f91fbf508c12ff00a,321385,batch_log_or_checkpoint,只读冻结；未执行
A_route/problem3/02_batch_run/logs/checkpoints/P3_ROBUST_WORST_061218/2025-03-30.json.gz,e5649049e784770aefeffe886ddb19dc1b0d767ec86f1115ed4051e837086098,326869,batch_log_or_checkpoint,只读冻结；未执行
A_route/problem3/02_batch_run/logs/checkpoints/P3_ROBUST_WORST_061218/2025-03-31.json.gz,7047452b7c1870f31836f7f5be44e82a74e08a234de1b990bb039b638bfb214b,340207,batch_log_or_checkpoint,只读冻结；未执行
A_route/problem3/02_batch_run/logs/checkpoints/P3_ROBUST_WORST_061218/2025-04-01.json.gz,79b23af7b5ef0ff15c440ca9442d07645bd281af3ffbf7e80a149c25ebb0b049,330538,batch_log_or_checkpoint,只读冻结；未执行
A_route/problem3/02_batch_run/logs/checkpoints/P3_ROBUST_WORST_061218/2025-04-02.json.gz,d8bcc27667640a533e1f4eef8223925684a51f3859a92acf383f8dfb80008950,332269,batch_log_or_checkpoint,只读冻结；未执行
A_route/problem3/02_batch_run/logs/checkpoints/P3_ROBUST_WORST_061218/2025-04-03.json.gz,2b01dd187f87acc1ea86e6a81a961c23a402b46969cb92c003960d579ae676ac,322755,batch_log_or_checkpoint,只读冻结；未执行
A_route/problem3/02_batch_run/logs/checkpoints/P3_ROBUST_WORST_061218/2025-04-04.json.gz,d7492071b3ccad32e1501a745aa6baffc10c590ddd237085a6cccd3521f77efb,314538,batch_log_or_checkpoint,只读冻结；未执行
A_route/problem3/02_batch_run/logs/checkpoints/P3_ROBUST_WORST_061218/2025-04-05.json.gz,b8840b55b008263493067e6d5828b793edef9c689ebc6a8ec682d1cbeee58362,317804,batch_log_or_checkpoint,只读冻结；未执行
A_route/problem3/02_batch_run/logs/checkpoints/P3_ROBUST_WORST_061218/2025-04-06.json.gz,34bba55080c0baaf7f559d383fd9a025a263ba285310d817fd9ea542e63b242b,328489,batch_log_or_checkpoint,只读冻结；未执行
A_route/problem3/02_batch_run/logs/checkpoints/P3_ROBUST_WORST_061218/2025-04-07.json.gz,d19d92faf8a858a2c9f5c3908795dbf2dacf7eab19af459c31f9303557dc7660,333322,batch_log_or_checkpoint,只读冻结；未执行
A_route/problem3/02_batch_run/logs/checkpoints/P3_ROBUST_WORST_061218/2025-04-08.json.gz,a5051a1d7a4096ef1b0efc4aaf83b73d7f915f99676bbc94f8a883b8ce52aa37,323897,batch_log_or_checkpoint,只读冻结；未执行
A_route/problem3/02_batch_run/logs/checkpoints/P3_ROBUST_WORST_061218/2025-04-09.json.gz,29da6ee21e1057d518216513e0b8c4cd3c8fdb52ec4d9a5afdd156ac61b0dd2a,326623,batch_log_or_checkpoint,只读冻结；未执行
A_route/problem3/02_batch_run/logs/checkpoints/P3_ROBUST_WORST_061218/2025-04-10.json.gz,01718ed1682cd44336d582480d4ae3ccb320dd3c73a3efdfe2125e892a0780a7,324297,batch_log_or_checkpoint,只读冻结；未执行
A_route/problem3/02_batch_run/logs/checkpoints/P3_ROBUST_WORST_061218/2025-04-11.json.gz,bb48db316b79eb56a5aae04c2e2a10d80d4436d79c3fca584098232471354c5d,317590,batch_log_or_checkpoint,只读冻结；未执行
A_route/problem3/02_batch_run/logs/checkpoints/P3_ROBUST_WORST_061218/2025-04-12.json.gz,c2426718aacfe6893cbbecd16b8c0b35687e93f87ec7f01ac4977adf998770ab,312810,batch_log_or_checkpoint,只读冻结；未执行
A_route/problem3/02_batch_run/logs/checkpoints/P3_ROBUST_WORST_061218/2025-04-13.json.gz,f928144d5ead4b8b1a3e3445f855f96993a34d22f3c526dcf3e3d085a67c4cea,321796,batch_log_or_checkpoint,只读冻结；未执行
A_route/problem3/02_batch_run/logs/checkpoints/P3_ROBUST_WORST_061218/2025-04-14.json.gz,ac0d666f056807a8e49749d021bf7ff3bd91e75ad5f8710c674395b5f0f1d555,320916,batch_log_or_checkpoint,只读冻结；未执行
A_route/problem3/02_batch_run/logs/checkpoints/P3_ROBUST_WORST_061218/2025-04-15.json.gz,4aab501b253e5240f476f9d2f46f9cbd8ce93fafef0b2a55fc7b56b17b937ee2,329057,batch_log_or_checkpoint,只读冻结；未执行
A_route/problem3/02_batch_run/logs/checkpoints/P3_ROBUST_WORST_061218/2025-04-16.json.gz,3de7e2428e902cb47b82ff3badd0261c9764c7ebb9be9fbf4e0ad96a89d50c83,331211,batch_log_or_checkpoint,只读冻结；未执行
A_route/problem3/02_batch_run/logs/checkpoints/P3_ROBUST_WORST_061218/2025-04-17.json.gz,f09e90764cc34b841248c9e4d412897c277060a1c79a5e2ad87e3e6645afdca3,325837,batch_log_or_checkpoint,只读冻结；未执行
A_route/problem3/02_batch_run/logs/checkpoints/P3_ROBUST_WORST_061218/2025-04-18.json.gz,d8e7c66f73f8621ca86527e673c7badd293e65d05beadf9796e96897a3e3ade2,308871,batch_log_or_checkpoint,只读冻结；未执行
A_route/problem3/02_batch_run/logs/checkpoints/P3_ROBUST_WORST_061218/2025-04-19.json.gz,837973bbb32454192860ce23c10986cd5cb1ed8052112c47122983cfc6d17da0,317094,batch_log_or_checkpoint,只读冻结；未执行
A_route/problem3/02_batch_run/logs/checkpoints/P3_ROBUST_WORST_061218/2025-04-20.json.gz,31bf8ebb463bb15b7573db39ad74c97145eff268e11db1c51b51a563585f9463,323895,batch_log_or_checkpoint,只读冻结；未执行
A_route/problem3/02_batch_run/logs/checkpoints/P3_ROBUST_WORST_061218/2025-04-21.json.gz,396a0850bf0540b389c13962a5115f0c7e9902d313a92225bea1de60727ff79b,319399,batch_log_or_checkpoint,只读冻结；未执行
A_route/problem3/02_batch_run/logs/checkpoints/P3_ROBUST_WORST_061218/2025-04-22.json.gz,b5d8c3d50d6e70242b484c739e450651d9b640f0d122eedb5e57a579a4c9498f,330603,batch_log_or_checkpoint,只读冻结；未执行
A_route/problem3/02_batch_run/logs/checkpoints/P3_ROBUST_WORST_061218/2025-04-23.json.gz,344cffbf2096d1f4b45277b785cb7c601c70c0df5e292924336ab6bd96f7cbe6,328684,batch_log_or_checkpoint,只读冻结；未执行
A_route/problem3/02_batch_run/logs/checkpoints/P3_ROBUST_WORST_061218/2025-04-24.json.gz,b3ef9c8a0d8919edbb4c0359b4585c1e3e2b6f5462e27c086653345d68c9e407,320743,batch_log_or_checkpoint,只读冻结；未执行
A_route/problem3/02_batch_run/logs/checkpoints/P3_ROBUST_WORST_061218/2025-04-25.json.gz,4f21c0502b2ce13f7dde677648dfe65434db5a31274be5d5209b4f36aabd30ed,305615,batch_log_or_checkpoint,只读冻结；未执行
A_route/problem3/02_batch_run/logs/checkpoints/P3_ROBUST_WORST_061218/2025-04-26.json.gz,ab429220f8390ef108d53c2152328811b4f025e27113fced5fcccff7fcd36109,311740,batch_log_or_checkpoint,只读冻结；未执行
A_route/problem3/02_batch_run/logs/checkpoints/P3_ROBUST_WORST_061218/2025-04-27.json.gz,06795e10efb890b478f328435a3817a0be8b909e176dab9eedd9f516c58fedab,325575,batch_log_or_checkpoint,只读冻结；未执行
A_route/problem3/02_batch_run/logs/checkpoints/P3_ROBUST_WORST_061218/2025-04-28.json.gz,78627d2cc396a29db6b0673310b3a6a07fa023382001fe9b22eecc8914eefcb5,320282,batch_log_or_checkpoint,只读冻结；未执行
A_route/problem3/02_batch_run/logs/checkpoints/P3_ROBUST_WORST_061218/2025-04-29.json.gz,c682d058f015ed19c28543596b5e4af909c47e65d86f6c901474443aae93bd2b,322847,batch_log_or_checkpoint,只读冻结；未执行
A_route/problem3/02_batch_run/logs/checkpoints/P3_ROBUST_WORST_061218/2025-04-30.json.gz,d9ac151fcd4f1181ddaabf6e6ec86c9cf7a01c3727a1a67e39c6113f63dacdd7,317555,batch_log_or_checkpoint,只读冻结；未执行
A_route/problem3/02_batch_run/logs/checkpoints/P3_ROBUST_WORST_061218/2025-05-01.json.gz,71ff4d9b50ee375755ae929ba1cdba0510215a01ecd4af28eacdad219da59544,320164,batch_log_or_checkpoint,只读冻结；未执行
A_route/problem3/02_batch_run/logs/checkpoints/P3_ROBUST_WORST_061218/2025-05-02.json.gz,ee1d947677be3379a06a1940d776c54b5f4548da7aac6a3fb164edc7145657ee,299095,batch_log_or_checkpoint,只读冻结；未执行
A_route/problem3/02_batch_run/logs/checkpoints/P3_ROBUST_WORST_061218/2025-05-03.json.gz,c0567c697009afd622a59ffb467997e2ee5cee68332f98f6a24dc56450ee0107,302886,batch_log_or_checkpoint,只读冻结；未执行
A_route/problem3/02_batch_run/logs/checkpoints/P3_ROBUST_WORST_061218/2025-05-04.json.gz,98822398946059a3a22fa8248b67abf3dab6e82ce0249342fadb1594200c3717,311777,batch_log_or_checkpoint,只读冻结；未执行
A_route/problem3/02_batch_run/logs/checkpoints/P3_ROBUST_WORST_061218/2025-05-05.json.gz,e20f16e9b0be4b9246544b00cbd5dcb77055d2e092ef422b010f11448decc4e0,311859,batch_log_or_checkpoint,只读冻结；未执行
A_route/problem3/02_batch_run/logs/checkpoints/P3_ROBUST_WORST_061218/2025-05-06.json.gz,65b82b536883e7f3f467dad1bfa29969bc39f0b134bea6c8603a29f4c88f4be6,320102,batch_log_or_checkpoint,只读冻结；未执行
A_route/problem3/02_batch_run/logs/checkpoints/P3_ROBUST_WORST_061218/2025-05-07.json.gz,9a0adbc19d16f5e176b095a54b584f89916ddbed8d6423d18f5d6b25f52fba06,317202,batch_log_or_checkpoint,只读冻结；未执行
A_route/problem3/02_batch_run/logs/checkpoints/P3_ROBUST_WORST_061218/2025-05-08.json.gz,7b838b3a0ba17806c10b938c9f940ec95e27b05f544f99f93a3f39f83b22c96f,317464,batch_log_or_checkpoint,只读冻结；未执行
A_route/problem3/02_batch_run/logs/checkpoints/P3_ROBUST_WORST_061218/2025-05-09.json.gz,27ab4c2a39e3c604a498ddf675074803e57eecdf90ad0f2299df3b006f20073f,302697,batch_log_or_checkpoint,只读冻结；未执行
A_route/problem3/02_batch_run/logs/checkpoints/P3_ROBUST_WORST_061218/2025-05-10.json.gz,08e2a33c55baff22d5d037b0fa6f03db18b8b8ccc58edbd3bab126be5e9c6c2c,307175,batch_log_or_checkpoint,只读冻结；未执行
A_route/problem3/02_batch_run/logs/checkpoints/P3_ROBUST_WORST_061218/2025-05-11.json.gz,1fb00e552aa7be206c47121d8a9a234f8f064b11c012bcd0909eddbb314c44f2,320801,batch_log_or_checkpoint,只读冻结；未执行
A_route/problem3/02_batch_run/logs/checkpoints/P3_ROBUST_WORST_061218/2025-05-12.json.gz,1c04880900b761666ca982705c5c59603ea2dbbb2fc71af1714aec19341da71b,324614,batch_log_or_checkpoint,只读冻结；未执行
A_route/problem3/02_batch_run/logs/checkpoints/P3_ROBUST_WORST_061218/2025-05-13.json.gz,0300682af613f5400c680fdefb03bbf234ab3471403b0165133b1b23e5c7f2fe,320268,batch_log_or_checkpoint,只读冻结；未执行
A_route/problem3/02_batch_run/logs/checkpoints/P3_ROBUST_WORST_061218/2025-05-14.json.gz,ee7a2f53a5335633112dec1c38db59332fb69c425571e8b5ee7df42aaba23416,314410,batch_log_or_checkpoint,只读冻结；未执行
A_route/problem3/02_batch_run/logs/checkpoints/P3_ROBUST_WORST_061218/2025-05-15.json.gz,e52ae1f0e0d12ce08e37b9be3c76015efb35251b1ceb027b2438ddf6c3265b02,318838,batch_log_or_checkpoint,只读冻结；未执行
A_route/problem3/02_batch_run/logs/checkpoints/P3_ROBUST_WORST_061218/2025-05-16.json.gz,a7eb5fff7fbdbd1dcc46193fb6e0f3aaa1de237b371103737b5493bacd8135ef,302111,batch_log_or_checkpoint,只读冻结；未执行
A_route/problem3/02_batch_run/logs/checkpoints/P3_ROBUST_WORST_061218/2025-05-17.json.gz,30e305ecd9abdb7c96be2014e8196f50a76e48279d1c811d682d000b1206bb39,305279,batch_log_or_checkpoint,只读冻结；未执行
A_route/problem3/02_batch_run/logs/checkpoints/P3_ROBUST_WORST_061218/2025-05-18.json.gz,b81ebb9291f1fe96dbb4d8cc887db1dc8590a5a36aa5f0573b73eb66eabfcdd9,319561,batch_log_or_checkpoint,只读冻结；未执行
A_route/problem3/02_batch_run/logs/checkpoints/P3_ROBUST_WORST_061218/2025-05-19.json.gz,06311b1cbf5e995e65b87656d595ee35f58277429471d487ae3b64e1c80a71bf,317486,batch_log_or_checkpoint,只读冻结；未执行
A_route/problem3/02_batch_run/logs/checkpoints/P3_ROBUST_WORST_061218/2025-05-20.json.gz,e1efcc643134b665e967ac14107ecfea48e9b8aeb09e200a242b1c9db2c76b4c,318669,batch_log_or_checkpoint,只读冻结；未执行
A_route/problem3/02_batch_run/logs/checkpoints/P3_ROBUST_WORST_061218/2025-05-21.json.gz,78ffe5e4ab1f322c951e7021a18399a421c8c30553b033af6413ce56c406ccb3,321683,batch_log_or_checkpoint,只读冻结；未执行
A_route/problem3/02_batch_run/logs/checkpoints/P3_ROBUST_WORST_061218/2025-05-22.json.gz,88cee8d78b8d0e6b79339ed52f9e34f28b47f8ba79d39e938bbe6f5bbbbf142a,314038,batch_log_or_checkpoint,只读冻结；未执行
A_route/problem3/02_batch_run/logs/checkpoints/P3_ROBUST_WORST_061218/2025-05-23.json.gz,cee4f4abfc07c2fb3b7f9f0c489a2df6c8a68d2d82ba177ed1a42ea3ac34a042,305851,batch_log_or_checkpoint,只读冻结；未执行
A_route/problem3/02_batch_run/logs/checkpoints/P3_ROBUST_WORST_061218/2025-05-24.json.gz,21ad52ba90a1ac16a819332086bc97e2525a65f942287d2f46e4ecd9f6bc0d19,302713,batch_log_or_checkpoint,只读冻结；未执行
A_route/problem3/02_batch_run/logs/checkpoints/P3_ROBUST_WORST_061218/2025-05-25.json.gz,c6eb66f540af9524941117fdcf72feb4cd3ad7d0359a1deb5a707d7c547fc405,315657,batch_log_or_checkpoint,只读冻结；未执行
A_route/problem3/02_batch_run/logs/checkpoints/P3_ROBUST_WORST_061218/2025-05-26.json.gz,ebac9f2abf84e9d34be9f0fa600beb03608c763887cf72a78e2e672d0a48e68b,316987,batch_log_or_checkpoint,只读冻结；未执行
A_route/problem3/02_batch_run/logs/checkpoints/P3_ROBUST_WORST_061218/2025-05-27.json.gz,14da1bb84313085a4e4ecaf81827f3a8526b0c2292b0fee479043a6f803753ee,323766,batch_log_or_checkpoint,只读冻结；未执行
A_route/problem3/02_batch_run/logs/checkpoints/P3_ROBUST_WORST_061218/2025-05-28.json.gz,8009b23070b00467ea6689173139913611a198a5158dcc0ba42f19a778c6e47d,319380,batch_log_or_checkpoint,只读冻结；未执行
A_route/problem3/02_batch_run/logs/checkpoints/P3_ROBUST_WORST_061218/2025-05-29.json.gz,ecb61f8b987f402a49f24db7400693babd0f9f910a6c47a6a41dbbd0e3f9eb05,319528,batch_log_or_checkpoint,只读冻结；未执行
A_route/problem3/02_batch_run/logs/checkpoints/P3_ROBUST_WORST_061218/2025-05-30.json.gz,ea52918978fe2d2913fe782d6213b12846c589d593253251baf2189ef61421c4,303937,batch_log_or_checkpoint,只读冻结；未执行
A_route/problem3/02_batch_run/logs/checkpoints/P3_ROBUST_WORST_061218/2025-05-31.json.gz,ef182761dc47302025a01f5803acf475123cf5f376a9545ec80ebef9b56806f5,302777,batch_log_or_checkpoint,只读冻结；未执行
A_route/problem3/02_batch_run/logs/checkpoints/P3_ROBUST_WORST_061218/2025-06-01.json.gz,e6dc0bd72728eb25de2d32b27eee7e2e306898e896c78dee54597d68b8c4397a,313884,batch_log_or_checkpoint,只读冻结；未执行
A_route/problem3/02_batch_run/logs/checkpoints/P3_ROBUST_WORST_061218/2025-06-02.json.gz,fc3c61427a1703822160dabc73cc70d1103bb7534aa4ac0f042d42d9cc6daa29,311835,batch_log_or_checkpoint,只读冻结；未执行
A_route/problem3/02_batch_run/logs/checkpoints/P3_ROBUST_WORST_061218/2025-06-03.json.gz,438dafada20a02e9e76aa642cabb9754e0f083ef9f34be9c57ad5701885294b1,309590,batch_log_or_checkpoint,只读冻结；未执行
A_route/problem3/02_batch_run/logs/checkpoints/P3_ROBUST_WORST_061218/2025-06-04.json.gz,16529edefbee8f6ffb0731a475a11db7272787c7205fbce33063bff197ab8b3b,312552,batch_log_or_checkpoint,只读冻结；未执行
A_route/problem3/02_batch_run/logs/checkpoints/P3_ROBUST_WORST_061218/2025-06-05.json.gz,46823055ff880fd591f326cbcab91408c2b384d8cc79dba1297138bdf3b54a56,313115,batch_log_or_checkpoint,只读冻结；未执行
A_route/problem3/02_batch_run/logs/checkpoints/P3_ROBUST_WORST_061218/2025-06-06.json.gz,b15917f2875381cf1709922681aeeb803be9ad61719b4f52b556f5113e18dad7,299025,batch_log_or_checkpoint,只读冻结；未执行
A_route/problem3/02_batch_run/logs/checkpoints/P3_ROBUST_WORST_061218/2025-06-07.json.gz,1fad47944f80e1423094ef3a9e4de6c69e18dd2d986533e388601647a13edcc3,303126,batch_log_or_checkpoint,只读冻结；未执行
A_route/problem3/02_batch_run/logs/checkpoints/P3_ROBUST_WORST_061218/2025-06-08.json.gz,2c6ed5ee148a4c6697622530b41227515912da3a149018d7588ff32789a54279,309526,batch_log_or_checkpoint,只读冻结；未执行
A_route/problem3/02_batch_run/logs/checkpoints/P3_ROBUST_WORST_061218/2025-06-09.json.gz,0a69862e303f770d9e99261d4c2c3009576eb8c5ad1ad9904b9bf42b16709457,306373,batch_log_or_checkpoint,只读冻结；未执行
A_route/problem3/02_batch_run/logs/checkpoints/P3_ROBUST_WORST_061218/2025-06-10.json.gz,10424692630c402f3e713f785c542b2d6f94ee97a71e44cf4f067ff0481826d9,308932,batch_log_or_checkpoint,只读冻结；未执行
A_route/problem3/02_batch_run/logs/checkpoints/P3_ROBUST_WORST_061218/2025-06-11.json.gz,18793f44f69320c71da90f14463dbef7d27f652fce77b7da85ff3c9932d815d6,310041,batch_log_or_checkpoint,只读冻结；未执行
A_route/problem3/02_batch_run/logs/checkpoints/P3_ROBUST_WORST_061218/2025-06-12.json.gz,82160ca01703705d75482142e5ed5ea29e0755f8a9ed1310f6c1baff537fae1f,310795,batch_log_or_checkpoint,只读冻结；未执行
A_route/problem3/02_batch_run/logs/checkpoints/P3_ROBUST_WORST_061218/2025-06-13.json.gz,5c272633f879c69ac96f128206bce548df85be0b73aae16f52a9142064da43b6,301425,batch_log_or_checkpoint,只读冻结；未执行
A_route/problem3/02_batch_run/logs/checkpoints/P3_ROBUST_WORST_061218/2025-06-14.json.gz,1486a2f5a4abb68615d89ec883bfb1abfc6660de92afc460cabc5187a492eea0,300848,batch_log_or_checkpoint,只读冻结；未执行
A_route/problem3/02_batch_run/logs/checkpoints/P3_ROBUST_WORST_061218/2025-06-15.json.gz,d6d963661ce7a6902e447a8d86ba54fc3fdde2a54e80e8c14e0792495f7df1c2,316411,batch_log_or_checkpoint,只读冻结；未执行
A_route/problem3/02_batch_run/logs/checkpoints/P3_ROBUST_WORST_061218/2025-06-16.json.gz,5a240a20e867d0fb2afc26d48e86a8b5ad30d0212b53dbb532fe23694bc32f38,312597,batch_log_or_checkpoint,只读冻结；未执行
A_route/problem3/02_batch_run/logs/checkpoints/P3_ROBUST_WORST_061218/2025-06-17.json.gz,ea18a7d89866e6dec9f27df1cf20f960c8c6758cf1f0735dcbc373d931165836,315138,batch_log_or_checkpoint,只读冻结；未执行
A_route/problem3/02_batch_run/logs/checkpoints/P3_ROBUST_WORST_061218/2025-06-18.json.gz,31aad3c4bc098fa4cf94cd826f051107d282b61afc57a93b1cf182146c2c90c7,314998,batch_log_or_checkpoint,只读冻结；未执行
A_route/problem3/02_batch_run/logs/checkpoints/P3_ROBUST_WORST_061218/2025-06-19.json.gz,38e99bfd7b14b2ac9a693628f5f2c6852e9e35a6a15a38317aba32831dbbc636,317039,batch_log_or_checkpoint,只读冻结；未执行
A_route/problem3/02_batch_run/logs/checkpoints/P3_ROBUST_WORST_061218/2025-06-20.json.gz,16c2d59a6f73d61c82df3b9cec9690e6d29744ffce9356a27f21754c2845571c,299343,batch_log_or_checkpoint,只读冻结；未执行
A_route/problem3/02_batch_run/logs/checkpoints/P3_ROBUST_WORST_061218/2025-06-21.json.gz,b318b57c7d036de4615bd01d070a3a13f94dd6532e2cf9d1171bdc4f4ef2b59b,299248,batch_log_or_checkpoint,只读冻结；未执行
A_route/problem3/02_batch_run/logs/checkpoints/P3_ROBUST_WORST_061218/2025-06-22.json.gz,93d21fddc4afc56966cb929456df800e45dca3d3c20bb73835444a50c1143125,317632,batch_log_or_checkpoint,只读冻结；未执行
A_route/problem3/02_batch_run/logs/checkpoints/P3_ROBUST_WORST_061218/2025-06-23.json.gz,4059342454449f13100a3ef348059a853147c31adde4f77d15968c02637aa416,313413,batch_log_or_checkpoint,只读冻结；未执行
A_route/problem3/02_batch_run/logs/checkpoints/P3_ROBUST_WORST_061218/2025-06-24.json.gz,3dc868a03bd44a4c0d35878005d3744017431781a1e897ea071c884c6924e68e,311695,batch_log_or_checkpoint,只读冻结；未执行
A_route/problem3/02_batch_run/logs/checkpoints/P3_ROBUST_WORST_061218/2025-06-25.json.gz,ef95b929cd1f729ce30899ae5f4ab2aa9c29ecf2a7c7e1349b8531a47e4e2785,316233,batch_log_or_checkpoint,只读冻结；未执行
A_route/problem3/02_batch_run/logs/checkpoints/P3_ROBUST_WORST_061218/2025-06-26.json.gz,0c4911ed2dfc9f2a116ef17c88ae0eb7787782bf7b9f83d3691b8909ab0af576,312735,batch_log_or_checkpoint,只读冻结；未执行
A_route/problem3/02_batch_run/logs/checkpoints/P3_ROBUST_WORST_061218/2025-06-27.json.gz,e9f4257914dfca46a72aaedf5d3bb17429ed6f42b7f80ceff695f15b0fff4fec,297709,batch_log_or_checkpoint,只读冻结；未执行
A_route/problem3/02_batch_run/logs/checkpoints/P3_ROBUST_WORST_061218/2025-06-28.json.gz,91e981ce1de7853e33dc531c4ee0a2deabf5a3df9ae5799ebe5af7f3421b748b,300734,batch_log_or_checkpoint,只读冻结；未执行
A_route/problem3/02_batch_run/logs/checkpoints/P3_ROBUST_WORST_061218/2025-06-29.json.gz,7c0ade06712144257a86fac56bcafdf2cf67ee816c197f949a6c893d4fb696b8,318589,batch_log_or_checkpoint,只读冻结；未执行
A_route/problem3/02_batch_run/logs/checkpoints/P3_ROBUST_WORST_061218/2025-06-30.json.gz,c44868a5c515a762229ae9d67fcc617f84ae9741e913b09c3234d53117862236,309208,batch_log_or_checkpoint,只读冻结；未执行
A_route/problem3/02_batch_run/logs/checkpoints/P3_ROBUST_WORST_061218/2025-07-01.json.gz,2bb4d1d3289745e82eba5b39428f8c1a226c17eb38e6b45b1caf44e5926bb9d0,323464,batch_log_or_checkpoint,只读冻结；未执行
A_route/problem3/02_batch_run/logs/checkpoints/P3_ROBUST_WORST_061218/2025-07-02.json.gz,1003ca70bfd120ae49a3a9fa9c855162904083fab03146c6b602a55b46f7a2b8,306839,batch_log_or_checkpoint,只读冻结；未执行
A_route/problem3/02_batch_run/logs/checkpoints/P3_ROBUST_WORST_061218/2025-07-03.json.gz,e334803212dd24cca32f37bcce317d319973a6f1a4d39ff1b4af82cf570fcf7d,305430,batch_log_or_checkpoint,只读冻结；未执行
A_route/problem3/02_batch_run/logs/checkpoints/P3_ROBUST_WORST_061218/2025-07-04.json.gz,788618c200179396fe052fb60019c4633c5163d026eff97f8312c493da8ec695,293332,batch_log_or_checkpoint,只读冻结；未执行
A_route/problem3/02_batch_run/logs/checkpoints/P3_ROBUST_WORST_061218/2025-07-05.json.gz,d1b6cfe0b272f3c27581eff0b8584f14443de252afd8bf12dcfd3f902ba96465,298568,batch_log_or_checkpoint,只读冻结；未执行
A_route/problem3/02_batch_run/logs/checkpoints/P3_ROBUST_WORST_061218/2025-07-06.json.gz,a2eca5bee3c0fcd0e6b3f7858a6b1e85eddf5bdbde90e0e88f77b5da9f1a8618,317392,batch_log_or_checkpoint,只读冻结；未执行
A_route/problem3/02_batch_run/logs/checkpoints/P3_ROBUST_WORST_061218/2025-07-07.json.gz,606e6f840d3cf91c89b743bdc38f67464f5a8499f429a174309444ab2cf196ea,309449,batch_log_or_checkpoint,只读冻结；未执行
A_route/problem3/02_batch_run/logs/checkpoints/P3_ROBUST_WORST_061218/2025-07-08.json.gz,275d9620855a84a959f8ea6cec6e30f050276942584ebd9affbef38699fe754a,305524,batch_log_or_checkpoint,只读冻结；未执行
A_route/problem3/02_batch_run/logs/checkpoints/P3_ROBUST_WORST_061218/2025-07-09.json.gz,24baa5949e182e29bf2019b5537b7aec52f2af00e6b0e78746b3c66ebf6b4604,306006,batch_log_or_checkpoint,只读冻结；未执行
A_route/problem3/02_batch_run/logs/checkpoints/P3_ROBUST_WORST_061218/2025-07-10.json.gz,7f26a4da832fb85830dc456d121700ee2b1d388110853e2ffbfd9378a414a0b9,302170,batch_log_or_checkpoint,只读冻结；未执行
A_route/problem3/02_batch_run/logs/checkpoints/P3_ROBUST_WORST_061218/2025-07-11.json.gz,2ca16c3b6f289450d99d5a86f5767b0e02ab7eb57e25a0b621c269d08513661e,294391,batch_log_or_checkpoint,只读冻结；未执行
A_route/problem3/02_batch_run/logs/checkpoints/P3_ROBUST_WORST_061218/2025-07-12.json.gz,1e37b5301f2b2642844ed5328d2ca09c2d1c9f961bb0fc6f2b0e55aa8ad4337c,297598,batch_log_or_checkpoint,只读冻结；未执行
A_route/problem3/02_batch_run/logs/checkpoints/P3_ROBUST_WORST_061218/2025-07-13.json.gz,044757a4683f34a0c8f9d10f893f10eb4a3612692f50a8008e4d4a86fdd8fb6b,304983,batch_log_or_checkpoint,只读冻结；未执行
A_route/problem3/02_batch_run/logs/checkpoints/P3_ROBUST_WORST_061218/2025-07-14.json.gz,e5bfc7e31689b1958f4b452008032faaf5486e020ab479717463895fe4cf7b13,306353,batch_log_or_checkpoint,只读冻结；未执行
A_route/problem3/02_batch_run/logs/checkpoints/P3_ROBUST_WORST_061218/2025-07-15.json.gz,709ae06701a3e7512c18cb6ee6a2b4b0015114e67c6ca088aef45e17aded0067,306828,batch_log_or_checkpoint,只读冻结；未执行
A_route/problem3/02_batch_run/logs/checkpoints/P3_ROBUST_WORST_061218/2025-07-16.json.gz,41d060267ef839104eed5040004ef2f01c08e0dc842c03ad982cca1e0d3bf7dc,307335,batch_log_or_checkpoint,只读冻结；未执行
A_route/problem3/02_batch_run/logs/checkpoints/P3_ROBUST_WORST_061218/2025-07-17.json.gz,d5c2a4bb1c996e90bebcd5ffdaa7ed3518e456239cc4316343f04df60f97024d,304285,batch_log_or_checkpoint,只读冻结；未执行
A_route/problem3/02_batch_run/logs/checkpoints/P3_ROBUST_WORST_061218/2025-07-18.json.gz,7ee9f133aeec0ca1eb2237b7186794ad2cc114d8e20884172f9db5d94d6d0e6c,294851,batch_log_or_checkpoint,只读冻结；未执行
A_route/problem3/02_batch_run/logs/checkpoints/P3_ROBUST_WORST_061218/2025-07-19.json.gz,239b8a292a21b748f978740487a01318f6125ff40f2f009c71691efa704777bb,297551,batch_log_or_checkpoint,只读冻结；未执行
A_route/problem3/02_batch_run/logs/checkpoints/P3_ROBUST_WORST_061218/2025-07-20.json.gz,d9da3568fecdb17cdd8b36ffda7c08e481ecc115b9e727750eb1e95dde94e3ae,305772,batch_log_or_checkpoint,只读冻结；未执行
A_route/problem3/02_batch_run/logs/checkpoints/P3_ROBUST_WORST_061218/2025-07-21.json.gz,0691c4068cccb62fd55b08a5b4c2be40b9fe3dde520746cacd64e9eb098b945a,309092,batch_log_or_checkpoint,只读冻结；未执行
A_route/problem3/02_batch_run/logs/checkpoints/P3_ROBUST_WORST_061218/2025-07-22.json.gz,ec55e63d892156e10fc88752564bcef4dafb6c8d0a13ce922de7dd9bfe0aa7ef,305877,batch_log_or_checkpoint,只读冻结；未执行
A_route/problem3/02_batch_run/logs/checkpoints/P3_ROBUST_WORST_061218/2025-07-23.json.gz,c8f2868e4da2b755ab6ebb924748142ed4d6c2a7cc05a84fb2b546f91d9b3b54,306353,batch_log_or_checkpoint,只读冻结；未执行
A_route/problem3/02_batch_run/logs/checkpoints/P3_ROBUST_WORST_061218/2025-07-24.json.gz,d952ebb64c6e57e9b97e954d18a2dd540fefb16f9ff7fbaf1eb01aafa3f97802,301145,batch_log_or_checkpoint,只读冻结；未执行
A_route/problem3/02_batch_run/logs/checkpoints/P3_ROBUST_WORST_061218/2025-07-25.json.gz,44cbd18b1f7a84a0feca5a75867244f6618b0f62d0c619e187e0ca4d5994414c,294914,batch_log_or_checkpoint,只读冻结；未执行
A_route/problem3/02_batch_run/logs/checkpoints/P3_ROBUST_WORST_061218/2025-07-26.json.gz,203d7382e7b55f3488d5b7c17f41868e6084e04fbf9d651eefc0dab53dd3d7aa,297735,batch_log_or_checkpoint,只读冻结；未执行
A_route/problem3/02_batch_run/logs/checkpoints/P3_ROBUST_WORST_061218/2025-07-27.json.gz,6745a3c915d1b0124a02166feaeadb296102f4d39695d00b162d93e4625ea05b,306104,batch_log_or_checkpoint,只读冻结；未执行
A_route/problem3/02_batch_run/logs/checkpoints/P3_ROBUST_WORST_061218/2025-07-28.json.gz,ce6f6036658cd2fe18b7e35fbb0033c355b80e0fd91ff809f17f0bdd033ec845,302667,batch_log_or_checkpoint,只读冻结；未执行
A_route/problem3/02_batch_run/logs/checkpoints/P3_ROBUST_WORST_061218/2025-07-29.json.gz,aa5451703a1f2ba952c5ef368337288ffc4afa478e7c868969aa7eaaf9ff241e,304749,batch_log_or_checkpoint,只读冻结；未执行
A_route/problem3/02_batch_run/logs/checkpoints/P3_ROBUST_WORST_061218/2025-07-30.json.gz,f0110920ec0405f607f6ca5e626a4b84703f638ae69f8882a3fda280b1dc5867,302277,batch_log_or_checkpoint,只读冻结；未执行
A_route/problem3/02_batch_run/logs/checkpoints/P3_ROBUST_WORST_061218/2025-07-31.json.gz,fc9d3cf91a2255e036614366771a29012582421362a47af957e7580e85326056,302219,batch_log_or_checkpoint,只读冻结；未执行
A_route/problem3/02_batch_run/logs/checkpoints/P3_ROBUST_WORST_061218/2025-08-01.json.gz,1b0f4fbf91fc5dc1f80e195f0d70424ee5119a79d2ef0a9242f78dbf08961902,289792,batch_log_or_checkpoint,只读冻结；未执行
A_route/problem3/02_batch_run/logs/checkpoints/P3_ROBUST_WORST_061218/2025-08-02.json.gz,e74d34ae46eac98511fd854e8784e70dad5934435b44535bc6c35a793a18e100,298091,batch_log_or_checkpoint,只读冻结；未执行
A_route/problem3/02_batch_run/logs/checkpoints/P3_ROBUST_WORST_061218/2025-08-03.json.gz,3f61d2a0789e53e14543ca740656b0efcdf0a5beabd9eaa523cf08e1e2cd9162,306145,batch_log_or_checkpoint,只读冻结；未执行
A_route/problem3/02_batch_run/logs/checkpoints/P3_ROBUST_WORST_061218/2025-08-04.json.gz,62be688896e9cd19b94283bb07e8e1ab7f859a07f79f0a9d4236dacc26eecfac,320924,batch_log_or_checkpoint,只读冻结；未执行
A_route/problem3/02_batch_run/logs/checkpoints/P3_ROBUST_WORST_061218/2025-08-05.json.gz,94bd8eac4b0aee12fffd93a3c7a9c0088fcfd32f83aaf92cfd21fb935521d995,331641,batch_log_or_checkpoint,只读冻结；未执行
A_route/problem3/02_batch_run/logs/checkpoints/P3_ROBUST_WORST_061218/2025-08-06.json.gz,3508a1997cf25c6c764241683b0d0e63d40b9cff1231af0eb06568bd999d69be,326709,batch_log_or_checkpoint,只读冻结；未执行
A_route/problem3/02_batch_run/logs/checkpoints/P3_ROBUST_WORST_061218/2025-08-07.json.gz,4e1a0c4d6cf17b40786d2b0c01a64cd2e7a129e4e96959d50f8ad8cf954a7b2a,329621,batch_log_or_checkpoint,只读冻结；未执行
A_route/problem3/02_batch_run/logs/checkpoints/P3_ROBUST_WORST_061218/2025-08-08.json.gz,4c37a11955ed1ebca1478b539ad7a1dbe099f35827ea94ca6adb3bb96d0373b6,305974,batch_log_or_checkpoint,只读冻结；未执行
A_route/problem3/02_batch_run/logs/checkpoints/P3_ROBUST_WORST_061218/2025-08-09.json.gz,1cc90875593835fb47fe1101136aed32fd3608d570cd21d792c1aa1ec91f9c71,314786,batch_log_or_checkpoint,只读冻结；未执行
A_route/problem3/02_batch_run/logs/checkpoints/P3_ROBUST_WORST_061218/2025-08-10.json.gz,f02b1c2ca393cd474d6bd29c48b3cc941828379aeeab412c08969936a2cf1c0f,328711,batch_log_or_checkpoint,只读冻结；未执行
A_route/problem3/02_batch_run/logs/checkpoints/P3_ROBUST_WORST_061218/2025-08-11.json.gz,ff55efa124e9725c7ce8a4223109624948af668009eac7b8ca1acba6344fc3b8,334229,batch_log_or_checkpoint,只读冻结；未执行
A_route/problem3/02_batch_run/logs/checkpoints/P3_ROBUST_WORST_061218/2025-08-12.json.gz,d8582ea375107efa0c0742ed3315595e6be3e7fa9d91f4c36f2c980640ac1ec8,338540,batch_log_or_checkpoint,只读冻结；未执行
A_route/problem3/02_batch_run/logs/checkpoints/P3_ROBUST_WORST_061218/2025-08-13.json.gz,344d971ce99c7658a0d7e89f3e147dd0ce45aea5485d4c2fc8a8d96b43e661f5,338743,batch_log_or_checkpoint,只读冻结；未执行
A_route/problem3/02_batch_run/logs/checkpoints/P3_ROBUST_WORST_061218/2025-08-14.json.gz,3e1b6cbb2493501cba3970350bec6bdff519b568f39f809386be384833fddb75,332199,batch_log_or_checkpoint,只读冻结；未执行
A_route/problem3/02_batch_run/logs/checkpoints/P3_ROBUST_WORST_061218/2025-08-15.json.gz,c5063eb5b2bea481adefafa3bb25620abe685e74fb62afbf80ad9193737dcc20,313922,batch_log_or_checkpoint,只读冻结；未执行
A_route/problem3/02_batch_run/logs/checkpoints/P3_ROBUST_WORST_061218/2025-08-16.json.gz,9cecfa501a2daa2766f58cccdcc4c36ea8ccf3ac6c2fb68dd7c79a0644eae5a4,318645,batch_log_or_checkpoint,只读冻结；未执行
A_route/problem3/02_batch_run/logs/checkpoints/P3_ROBUST_WORST_061218/2025-08-17.json.gz,845ea2b7d3311dd1eb9edfb748a5a52e2b84c5e4a51e644c1ab1e724a7c8d70d,331473,batch_log_or_checkpoint,只读冻结；未执行
A_route/problem3/02_batch_run/logs/checkpoints/P3_ROBUST_WORST_061218/2025-08-18.json.gz,eeb2310eb8df8922e4f881731f49d41339531ec1cf0b1e7e66a77a0c80cf602f,331142,batch_log_or_checkpoint,只读冻结；未执行
A_route/problem3/02_batch_run/logs/checkpoints/P3_ROBUST_WORST_061218/2025-08-19.json.gz,ab5f3f70e41347843f5fb46f847e2d0d0aa4056816182fd90802a44f44313be6,333488,batch_log_or_checkpoint,只读冻结；未执行
A_route/problem3/02_batch_run/logs/checkpoints/P3_ROBUST_WORST_061218/2025-08-20.json.gz,50e40c9ff55d8ec6192bb7514ba8439133a9dfb1df5a822c9e01bb7ba168803b,333800,batch_log_or_checkpoint,只读冻结；未执行
A_route/problem3/02_batch_run/logs/checkpoints/P3_ROBUST_WORST_061218/2025-08-21.json.gz,f03bec8f123c30e484c1be7b47e4a790152d722aaa36209ee760a0aea98c1575,326696,batch_log_or_checkpoint,只读冻结；未执行
A_route/problem3/02_batch_run/logs/checkpoints/P3_ROBUST_WORST_061218/2025-08-22.json.gz,7f7ef178473421f837fa55c85f8221ca8067f62e10d0181afafff85d1f88bdb4,315837,batch_log_or_checkpoint,只读冻结；未执行
A_route/problem3/02_batch_run/logs/checkpoints/P3_ROBUST_WORST_061218/2025-08-23.json.gz,d4ba105caf5e0e4f805d1bf8e5972c003cb735107a61445a4df22d5b5a510d60,319735,batch_log_or_checkpoint,只读冻结；未执行
A_route/problem3/02_batch_run/logs/checkpoints/P3_ROBUST_WORST_061218/2025-08-24.json.gz,95ca727b1f7b2af51b7b839e0916c1ec04674b5558d49e1b86d5c85a5c2190f6,338853,batch_log_or_checkpoint,只读冻结；未执行
A_route/problem3/02_batch_run/logs/checkpoints/P3_ROBUST_WORST_061218/2025-08-25.json.gz,78d571376c3430f85181c8413e4363103a16afeb9a4b788bbd3d6d62f9d41603,329310,batch_log_or_checkpoint,只读冻结；未执行
A_route/problem3/02_batch_run/logs/checkpoints/P3_ROBUST_WORST_061218/2025-08-26.json.gz,31ccdf6edf79bdcaf32bfa1b335bbd9f05e7610719ef12aeb2a89f82bfc156b7,330917,batch_log_or_checkpoint,只读冻结；未执行
A_route/problem3/02_batch_run/logs/checkpoints/P3_ROBUST_WORST_061218/2025-08-27.json.gz,ebecb8854816f5525a8e3a330268aeef48a5111986e24b101944943b043feb1b,340399,batch_log_or_checkpoint,只读冻结；未执行
A_route/problem3/02_batch_run/logs/checkpoints/P3_ROBUST_WORST_061218/2025-08-28.json.gz,dd55eef1f3caa4dceb67953121980d41bd5710134f3c64c190881c0244668124,338413,batch_log_or_checkpoint,只读冻结；未执行
A_route/problem3/02_batch_run/logs/checkpoints/P3_ROBUST_WORST_061218/2025-08-29.json.gz,02c2cf382934d92b436f14f277c2035cbed6540a628b9bf93a9b906d591874cb,309877,batch_log_or_checkpoint,只读冻结；未执行
A_route/problem3/02_batch_run/logs/checkpoints/P3_ROBUST_WORST_061218/2025-08-30.json.gz,f1c6adbecadd63b9d7dbb3932fbb0e1e23e609467f85d3f32d2047d3c0dfad81,318123,batch_log_or_checkpoint,只读冻结；未执行
A_route/problem3/02_batch_run/logs/checkpoints/P3_ROBUST_WORST_061218/2025-08-31.json.gz,a4e3f24a0160b8f397a92d651c8059f8f1b119c9ecb8b8f0f414fcd8c4726b2a,333340,batch_log_or_checkpoint,只读冻结；未执行
A_route/problem3/02_batch_run/logs/checkpoints/P3_ROBUST_WORST_061218/2025-09-01.json.gz,ea8955da1c027e568e67b46f1bbadf605a78a157958cd6910e23fc692a0158e1,331241,batch_log_or_checkpoint,只读冻结；未执行
A_route/problem3/02_batch_run/logs/checkpoints/P3_ROBUST_WORST_061218/2025-09-02.json.gz,736b9e15d6fb0731369d1db48138c6327949862d24ed40c5256a1358539eb1d9,333913,batch_log_or_checkpoint,只读冻结；未执行
A_route/problem3/02_batch_run/logs/checkpoints/P3_ROBUST_WORST_061218/2025-09-03.json.gz,8475d21b924eea238eae11c702c10e4e6a289e1586b9c2bdcf62cfddfb19c5e5,328645,batch_log_or_checkpoint,只读冻结；未执行
A_route/problem3/02_batch_run/logs/checkpoints/P3_ROBUST_WORST_061218/2025-09-04.json.gz,95b77b06596599ff089142cd71df2f2d74538e4c593c393faaefb3dafff592e9,313527,batch_log_or_checkpoint,只读冻结；未执行
A_route/problem3/02_batch_run/logs/checkpoints/P3_ROBUST_WORST_061218/2025-09-05.json.gz,e7854a53b3af26fa09264956eaeae7221ac22ffc68d29bbc876193d9c4b73155,300598,batch_log_or_checkpoint,只读冻结；未执行
A_route/problem3/02_batch_run/logs/checkpoints/P3_ROBUST_WORST_061218/2025-09-06.json.gz,f751f9387d74326da9155db57e0bacd09572c4ce734aad20f6ab6e48daebcfd6,307238,batch_log_or_checkpoint,只读冻结；未执行
A_route/problem3/02_batch_run/logs/checkpoints/P3_ROBUST_WORST_061218/2025-09-07.json.gz,93040474d3f72196e7067f7e4f704a04b42a221fa3aa635d61293aa9af3df429,317967,batch_log_or_checkpoint,只读冻结；未执行
A_route/problem3/02_batch_run/logs/checkpoints/P3_ROBUST_WORST_061218/2025-09-08.json.gz,eab064adb1821fdc74ddaecf048fbbba5e2bc28a36017ac89aba502b50c757df,323539,batch_log_or_checkpoint,只读冻结；未执行
A_route/problem3/02_batch_run/logs/checkpoints/P3_ROBUST_WORST_061218/2025-09-09.json.gz,448c6e3cce137014739c3a3ffe5d8a04e2cd8e32c5d7bcdc35a00e600027b4c7,324723,batch_log_or_checkpoint,只读冻结；未执行
A_route/problem3/02_batch_run/logs/checkpoints/P3_ROBUST_WORST_061218/2025-09-10.json.gz,fa7823afcb9def0656e03919501ca77b8cde1b5d2463c5d3970bbbf30a10b4e4,322903,batch_log_or_checkpoint,只读冻结；未执行
A_route/problem3/02_batch_run/logs/checkpoints/P3_ROBUST_WORST_061218/2025-09-11.json.gz,c1df25625ae4ec246d475b56f057993e336c4162e9f4cd78a855e7f6e7e62983,316780,batch_log_or_checkpoint,只读冻结；未执行
A_route/problem3/02_batch_run/logs/checkpoints/P3_ROBUST_WORST_061218/2025-09-12.json.gz,b25619ed1cab8b6e44529493dbd9b9e7a4e2859c0c109757adf8bf65c439ba0a,307784,batch_log_or_checkpoint,只读冻结；未执行
A_route/problem3/02_batch_run/logs/checkpoints/P3_ROBUST_WORST_061218/2025-09-13.json.gz,25aa241ec2a6f8fa60d5fb51a8c5529e6045ee827b28afd4d37ecc917fdedb09,305973,batch_log_or_checkpoint,只读冻结；未执行
A_route/problem3/02_batch_run/logs/checkpoints/P3_ROBUST_WORST_061218/2025-09-14.json.gz,206556ef480dce4c400321c80907a98e0a821cd07a262639556e0ceffa0f9726,320126,batch_log_or_checkpoint,只读冻结；未执行
A_route/problem3/02_batch_run/logs/checkpoints/P3_ROBUST_WORST_061218/2025-09-15.json.gz,213e44d32938e4d20f615424fff38e33a96f7b14f7a364d824269ab002072a93,318257,batch_log_or_checkpoint,只读冻结；未执行
A_route/problem3/02_batch_run/logs/checkpoints/P3_ROBUST_WORST_061218/2025-09-16.json.gz,1fd7a23fdde208367f2628dabbf4bc9cc9c5a800dbb8c952384efdb497dd5b77,322827,batch_log_or_checkpoint,只读冻结；未执行
A_route/problem3/02_batch_run/logs/checkpoints/P3_ROBUST_WORST_061218/2025-09-17.json.gz,6ee0bc684ec822d6eded06335bc33a64ad4e39399358891e696adea34f616e3b,319518,batch_log_or_checkpoint,只读冻结；未执行
A_route/problem3/02_batch_run/logs/checkpoints/P3_ROBUST_WORST_061218/2025-09-18.json.gz,c141f798da455a99c4cb6365c8b44d7b735dea9f3daec5a2ab36e125649c3c55,325024,batch_log_or_checkpoint,只读冻结；未执行
A_route/problem3/02_batch_run/logs/checkpoints/P3_ROBUST_WORST_061218/2025-09-19.json.gz,a485c117be95e4fb6a0d150ba4f6c033b1be75e047813bcdd9dfde7eaa77b24d,305746,batch_log_or_checkpoint,只读冻结；未执行
A_route/problem3/02_batch_run/logs/checkpoints/P3_ROBUST_WORST_061218/2025-09-20.json.gz,57bc1d80b927418d1333a0bb3d392a07968d4e3dd9b9eb9fd54abac6f4144e10,309892,batch_log_or_checkpoint,只读冻结；未执行
A_route/problem3/02_batch_run/logs/checkpoints/P3_ROBUST_WORST_061218/2025-09-21.json.gz,86e5f5fe3b353feacbe55856063d885eb052cb01c1aa8ce57b4d6e3e14433a34,320728,batch_log_or_checkpoint,只读冻结；未执行
A_route/problem3/02_batch_run/logs/checkpoints/P3_ROBUST_WORST_061218/2025-09-22.json.gz,cddfafef37110df0c0fae8300e2e2c9012b4a8b03e42b2b3a46f05d320c276c4,321321,batch_log_or_checkpoint,只读冻结；未执行
A_route/problem3/02_batch_run/logs/checkpoints/P3_ROBUST_WORST_061218/2025-09-23.json.gz,fb68ede14e593455f069dc6e1e88fdb1a8c65f4b9ea9cef603699eda852a53b1,317998,batch_log_or_checkpoint,只读冻结；未执行
A_route/problem3/02_batch_run/logs/checkpoints/P3_ROBUST_WORST_061218/2025-09-24.json.gz,3b6e52c86bf52b52ff889850e0bcdb79ca4393755c3227fe779a935058bac636,325680,batch_log_or_checkpoint,只读冻结；未执行
A_route/problem3/02_batch_run/logs/checkpoints/P3_ROBUST_WORST_061218/2025-09-25.json.gz,ef62c316fbf3cba91394b7ad9bcd79764a24d4997fe411349e3702761db11c0d,317315,batch_log_or_checkpoint,只读冻结；未执行
A_route/problem3/02_batch_run/logs/checkpoints/P3_ROBUST_WORST_061218/2025-09-26.json.gz,ac3776f1c23c1c9ba0902fe53db995c947ea42ce36af1e17f266bb408b69496e,302065,batch_log_or_checkpoint,只读冻结；未执行
A_route/problem3/02_batch_run/logs/checkpoints/P3_ROBUST_WORST_061218/2025-09-27.json.gz,4e111a0618923f59edb5eb8adbb74a82ef8bec93025745b53712ae7bafd89647,315580,batch_log_or_checkpoint,只读冻结；未执行
A_route/problem3/02_batch_run/logs/checkpoints/P3_ROBUST_WORST_061218/2025-09-28.json.gz,9e898323b9c8eb5241f1d911e572abaeb0d253337f685d4165857f3fa744845e,320939,batch_log_or_checkpoint,只读冻结；未执行
A_route/problem3/02_batch_run/logs/checkpoints/P3_ROBUST_WORST_061218/2025-09-29.json.gz,d9f1292e80e62c5fac33c16f34c4130190fb6bd2022a1dca4c94d21280f38cf1,315413,batch_log_or_checkpoint,只读冻结；未执行
A_route/problem3/02_batch_run/logs/checkpoints/P3_ROBUST_WORST_061218/2025-09-30.json.gz,2c58a18b8799f3188b9f87528f43d24a9349aa77eb5875fe9593197c54d8a7d6,318466,batch_log_or_checkpoint,只读冻结；未执行
A_route/problem3/02_batch_run/logs/checkpoints/P3_ROBUST_WORST_061218/2025-10-01.json.gz,a77edee9e70d2cc58005a90f90bf44a270dd5f8f1c8fdf4fdacafec5b27b4548,312318,batch_log_or_checkpoint,只读冻结；未执行
A_route/problem3/02_batch_run/logs/checkpoints/P3_ROBUST_WORST_061218/2025-10-02.json.gz,4835955af88bc4d8324a3aaa71b504f00fae19b469f7013d5402e33d7b2201ac,312959,batch_log_or_checkpoint,只读冻结；未执行
A_route/problem3/02_batch_run/logs/checkpoints/P3_ROBUST_WORST_061218/2025-10-03.json.gz,7cc9acc901b8332f7f0d6576164567d6d10a9683ac07cc2b481a374c87541839,304916,batch_log_or_checkpoint,只读冻结；未执行
A_route/problem3/02_batch_run/logs/checkpoints/P3_ROBUST_WORST_061218/2025-10-04.json.gz,3557d22a0011a845c375794be9e6364ff391da0103c3003313279b8deb6d2092,309215,batch_log_or_checkpoint,只读冻结；未执行
A_route/problem3/02_batch_run/logs/checkpoints/P3_ROBUST_WORST_061218/2025-10-05.json.gz,4296c03f39cf13ecf72dc5fbd80e051ea9650a0a55081aa41910bc6d41db4791,317006,batch_log_or_checkpoint,只读冻结；未执行
A_route/problem3/02_batch_run/logs/checkpoints/P3_ROBUST_WORST_061218/2025-10-06.json.gz,ce4f8a3a345e3fd3725f065befa55c08f4748d59c4a9f0d97063da0ce22dcdd9,318694,batch_log_or_checkpoint,只读冻结；未执行
A_route/problem3/02_batch_run/logs/checkpoints/P3_ROBUST_WORST_061218/2025-10-07.json.gz,8e253b829f8c73bcaadb2cdb9982049259dd0d69975fc99b8e0af911627d3ebf,317528,batch_log_or_checkpoint,只读冻结；未执行
A_route/problem3/02_batch_run/logs/checkpoints/P3_ROBUST_WORST_061218/2025-10-08.json.gz,a882d4a9f5c10acb83c285b189add21e4d883ab5ae19140e5dd7e817b590b1c8,314881,batch_log_or_checkpoint,只读冻结；未执行
A_route/problem3/02_batch_run/logs/checkpoints/P3_ROBUST_WORST_061218/2025-10-09.json.gz,0ce90190107fc21839e40f3da4a4cf4056febca9728c26dd2c17a857a0447ac8,311552,batch_log_or_checkpoint,只读冻结；未执行
A_route/problem3/02_batch_run/logs/checkpoints/P3_ROBUST_WORST_061218/2025-10-10.json.gz,156a44152b7b523334fda9e5c784104c8c507ab7a29b071fa9b27ea30cb5f841,307958,batch_log_or_checkpoint,只读冻结；未执行
A_route/problem3/02_batch_run/logs/checkpoints/P3_ROBUST_WORST_061218/2025-10-11.json.gz,b5e8688838379cd250bc82b170010fa6510455ff1c865fbc9bdb8a9b350c320a,311161,batch_log_or_checkpoint,只读冻结；未执行
A_route/problem3/02_batch_run/logs/checkpoints/P3_ROBUST_WORST_061218/2025-10-12.json.gz,01da599db99b5a3dc2b8ca11b361b9236c3630065dd20863a9050e7bcf10e90d,315610,batch_log_or_checkpoint,只读冻结；未执行
A_route/problem3/02_batch_run/logs/checkpoints/P3_ROBUST_WORST_061218/2025-10-13.json.gz,133726cc9f62dffd2be1c3772479911e38e92ab13feb35f9412807d78419dfe6,316156,batch_log_or_checkpoint,只读冻结；未执行
A_route/problem3/02_batch_run/logs/checkpoints/P3_ROBUST_WORST_061218/2025-10-14.json.gz,0152d7403be98460609165e2eada936de6ab355faaf1e8019bfcca2bec44e73d,316724,batch_log_or_checkpoint,只读冻结；未执行
A_route/problem3/02_batch_run/logs/checkpoints/P3_ROBUST_WORST_061218/2025-10-15.json.gz,154edede6fe78e3f21c6806f3fc2c100f8a4836d84e77eed444e9dd2f82afd90,317492,batch_log_or_checkpoint,只读冻结；未执行
A_route/problem3/02_batch_run/logs/checkpoints/P3_ROBUST_WORST_061218/2025-10-16.json.gz,d2de089cda5f92c1cf3628e49a8adc5cdc2cf239f88dadc73e74b54aeb81fdf5,314426,batch_log_or_checkpoint,只读冻结；未执行
A_route/problem3/02_batch_run/logs/checkpoints/P3_ROBUST_WORST_061218/2025-10-17.json.gz,4c234b873daacc2c193034ed7d523635f7cd88701229405056c04b9eddb27e8a,308002,batch_log_or_checkpoint,只读冻结；未执行
A_route/problem3/02_batch_run/logs/checkpoints/P3_ROBUST_WORST_061218/2025-10-18.json.gz,ea9dddcf2395ae18a5d5a9cd4f003d333d0bf3b7ce55bf0e418dd8589e8aaa53,311449,batch_log_or_checkpoint,只读冻结；未执行
A_route/problem3/02_batch_run/logs/checkpoints/P3_ROBUST_WORST_061218/2025-10-19.json.gz,09a6337f138d2f6e2c0f9e7102bb336f58a448afd9415908ac6a9c3450ce6a25,315151,batch_log_or_checkpoint,只读冻结；未执行
A_route/problem3/02_batch_run/logs/checkpoints/P3_ROBUST_WORST_061218/2025-10-20.json.gz,cd5858315bcedad985073c18f4cc361f9917cdc110510b6481723d52c7339b32,313491,batch_log_or_checkpoint,只读冻结；未执行
A_route/problem3/02_batch_run/logs/checkpoints/P3_ROBUST_WORST_061218/2025-10-21.json.gz,655e17c85a18ccd0face282bfd16d860fdd2bffbbea451b336a6ebe3307ac634,314942,batch_log_or_checkpoint,只读冻结；未执行
A_route/problem3/02_batch_run/logs/checkpoints/P3_ROBUST_WORST_061218/2025-10-22.json.gz,7d35f6971ccc487077d136b60acbbbb1c511162a78509d1eb24673c38e1b2224,317759,batch_log_or_checkpoint,只读冻结；未执行
A_route/problem3/02_batch_run/logs/checkpoints/P3_ROBUST_WORST_061218/2025-10-23.json.gz,8ba8cbbe094d7838ccf1bf6188645b38c7811147856ea29e2a001f980e8efc2a,311673,batch_log_or_checkpoint,只读冻结；未执行
A_route/problem3/02_batch_run/logs/checkpoints/P3_ROBUST_WORST_061218/2025-10-24.json.gz,c374f5adf7a3ca7fd58a4cf9cbf6b41598d858b03ca12e4494d84a3cbd6af462,305105,batch_log_or_checkpoint,只读冻结；未执行
A_route/problem3/02_batch_run/logs/checkpoints/P3_ROBUST_WORST_061218/2025-10-25.json.gz,2bee25df8a4e3f5ea71ff0ce9f44aa350f627d6c5416447db8f08b5d5ced145b,308795,batch_log_or_checkpoint,只读冻结；未执行
A_route/problem3/02_batch_run/logs/checkpoints/P3_ROBUST_WORST_061218/2025-10-26.json.gz,5688a5a2014e155b52ca794eb4d84d49c252d34b96de0a6f36dfc9d4c0bbafc6,318400,batch_log_or_checkpoint,只读冻结；未执行
A_route/problem3/02_batch_run/logs/checkpoints/P3_ROBUST_WORST_061218/2025-10-27.json.gz,5bae81475a7c262164e794936bb6828b6f6dd363ada3437460627abbc44f4e7f,321133,batch_log_or_checkpoint,只读冻结；未执行
A_route/problem3/02_batch_run/logs/checkpoints/P3_ROBUST_WORST_061218/2025-10-28.json.gz,0ad186df809279a585cd68d9cf5495c90394842f33e1cef048e3a655f7b13a13,323274,batch_log_or_checkpoint,只读冻结；未执行
A_route/problem3/02_batch_run/logs/checkpoints/P3_ROBUST_WORST_061218/2025-10-29.json.gz,abb34ee32a4351003397070c183abe74bbe7ed1cfada2a6e902665c3220b31a0,318417,batch_log_or_checkpoint,只读冻结；未执行
A_route/problem3/02_batch_run/logs/checkpoints/P3_ROBUST_WORST_061218/2025-10-30.json.gz,5ee9b4760fdb94519f995cc895fd11c1e7c48282e4100463344b17b4122716ae,318502,batch_log_or_checkpoint,只读冻结；未执行
A_route/problem3/02_batch_run/logs/checkpoints/P3_ROBUST_WORST_061218/2025-10-31.json.gz,36e9ff8519c19f42482c6a8b67745db1eb10dacceaba2d3a448a82cfee7e7709,312697,batch_log_or_checkpoint,只读冻结；未执行
A_route/problem3/02_batch_run/logs/checkpoints/P3_ROBUST_WORST_061218/2025-11-01.json.gz,c77ee30bfec5a99d426e7355a4c2d4dd0c5e731f86f4d316be6d8bfbd22cf6fa,316034,batch_log_or_checkpoint,只读冻结；未执行
A_route/problem3/02_batch_run/logs/checkpoints/P3_ROBUST_WORST_061218/2025-11-02.json.gz,2902cd981a508fddce5dc684a445a8b2827e05036b0fa67348208e0021d5b222,329381,batch_log_or_checkpoint,只读冻结；未执行
A_route/problem3/02_batch_run/logs/checkpoints/P3_ROBUST_WORST_061218/2025-11-03.json.gz,ab2284bd52c5a3c036f210eb7e6cf79f60fce54460d7dde9ed7f0a27f2ab60cf,326699,batch_log_or_checkpoint,只读冻结；未执行
A_route/problem3/02_batch_run/logs/checkpoints/P3_ROBUST_WORST_061218/2025-11-04.json.gz,261803a61c537056572190177ec03e89f98bc8feebc3e940ed7291caf67b146c,322064,batch_log_or_checkpoint,只读冻结；未执行
A_route/problem3/02_batch_run/logs/checkpoints/P3_ROBUST_WORST_061218/2025-11-05.json.gz,f621b1c24788ab9725c6b96157cafb3c1096bb42ea01c1ab02345fce9d19425e,324615,batch_log_or_checkpoint,只读冻结；未执行
A_route/problem3/02_batch_run/logs/checkpoints/P3_ROBUST_WORST_061218/2025-11-06.json.gz,2a9bacf8be863cacb5dae223b42805b573086dd5085d878b3329459c310f662b,323598,batch_log_or_checkpoint,只读冻结；未执行
A_route/problem3/02_batch_run/logs/checkpoints/P3_ROBUST_WORST_061218/2025-11-07.json.gz,7f7bb85f4267bd6637e6eb850eae8edca101f390d6fb71349d144213e7cb3c8c,320792,batch_log_or_checkpoint,只读冻结；未执行
A_route/problem3/02_batch_run/logs/checkpoints/P3_ROBUST_WORST_061218/2025-11-08.json.gz,b4c401b729364d581218b4445cf6e62e5aefd585ad1c3928b0d688921354a5d9,316083,batch_log_or_checkpoint,只读冻结；未执行
A_route/problem3/02_batch_run/logs/checkpoints/P3_ROBUST_WORST_061218/2025-11-09.json.gz,c40cc68d82b8f595d70f37a44e08c02778d4fcb9f71ab364185cd1f10eaaa787,321768,batch_log_or_checkpoint,只读冻结；未执行
A_route/problem3/02_batch_run/logs/checkpoints/P3_ROBUST_WORST_061218/2025-11-10.json.gz,e2231379fdad8df6351ca17101319265a6ff83770261832fa5f86cb8dcbae43a,325003,batch_log_or_checkpoint,只读冻结；未执行
A_route/problem3/02_batch_run/logs/checkpoints/P3_ROBUST_WORST_061218/2025-11-11.json.gz,74ade1f0005a0e9d021800b5d9fc6cf394448e19f3d64f61ad85fae1ef42d0ce,323537,batch_log_or_checkpoint,只读冻结；未执行
A_route/problem3/02_batch_run/logs/checkpoints/P3_ROBUST_WORST_061218/2025-11-12.json.gz,68e02b0b800f289f591b335ad345551f00c28e7dbeecf27f6eaeab24c1f4178e,320660,batch_log_or_checkpoint,只读冻结；未执行
A_route/problem3/02_batch_run/logs/checkpoints/P3_ROBUST_WORST_061218/2025-11-13.json.gz,fed8e9b7d069614ea9da7c7978f6b4f344be32f240b07f99aef5f045461e7773,321858,batch_log_or_checkpoint,只读冻结；未执行
A_route/problem3/02_batch_run/logs/checkpoints/P3_ROBUST_WORST_061218/2025-11-14.json.gz,7301bf612ed5e728135c0d8deaeebeb78311eb3971199861d4627792324fcc38,309943,batch_log_or_checkpoint,只读冻结；未执行
A_route/problem3/02_batch_run/logs/checkpoints/P3_ROBUST_WORST_061218/2025-11-15.json.gz,2284dc487c8750e864e76f854fe90bcca4d7665b03562f00f8062d94133b2c95,318324,batch_log_or_checkpoint,只读冻结；未执行
A_route/problem3/02_batch_run/logs/checkpoints/P3_ROBUST_WORST_061218/2025-11-16.json.gz,a1bda4ebf1824f665b9b186f76b9fb195d82c6c1c051a07a26df22c9fee3071e,329863,batch_log_or_checkpoint,只读冻结；未执行
A_route/problem3/02_batch_run/logs/checkpoints/P3_ROBUST_WORST_061218/2025-11-17.json.gz,a9fdc61f726b3c71e9296451c39e0f29db8e1451674d959615bd5ee4e64a3d18,331823,batch_log_or_checkpoint,只读冻结；未执行
A_route/problem3/02_batch_run/logs/checkpoints/P3_ROBUST_WORST_061218/2025-11-18.json.gz,96748ae6ab4f94f2451a2e10de6ff60ce7b33c35274099653aed91696ef0ea20,321038,batch_log_or_checkpoint,只读冻结；未执行
A_route/problem3/02_batch_run/logs/checkpoints/P3_ROBUST_WORST_061218/2025-11-19.json.gz,8e388886a50604819c6ef4b7186fb017847f7a331a655ad2d9c1a52160b9f78e,339091,batch_log_or_checkpoint,只读冻结；未执行
A_route/problem3/02_batch_run/logs/checkpoints/P3_ROBUST_WORST_061218/2025-11-20.json.gz,23e404fa06dcf62cc89a6b16655367ea33a3c7bc554ef8814023f92e661599ef,324271,batch_log_or_checkpoint,只读冻结；未执行
A_route/problem3/02_batch_run/logs/checkpoints/P3_ROBUST_WORST_061218/2025-11-21.json.gz,f03f45141f819b4cd7bb6df4a357cc1947176ab1573455ea1d663c661a2d0c22,325858,batch_log_or_checkpoint,只读冻结；未执行
A_route/problem3/02_batch_run/logs/checkpoints/P3_ROBUST_WORST_061218/2025-11-22.json.gz,5a78178e67b488b12188b27157e78f09a3fac2f94675a4a2aabe84c33ba36f4d,321959,batch_log_or_checkpoint,只读冻结；未执行
A_route/problem3/02_batch_run/logs/checkpoints/P3_ROBUST_WORST_061218/2025-11-23.json.gz,7ef9e16000a7498fed64f42fcf80cafb873479487629135a0842e23630b35696,332330,batch_log_or_checkpoint,只读冻结；未执行
A_route/problem3/02_batch_run/logs/checkpoints/P3_ROBUST_WORST_061218/2025-11-24.json.gz,7c9187dcc02c0a0c24b57a887db5a7d77f6274b17a12e26da9a859edb90bc2ec,326078,batch_log_or_checkpoint,只读冻结；未执行
A_route/problem3/02_batch_run/logs/checkpoints/P3_ROBUST_WORST_061218/2025-11-25.json.gz,9ba0d546cf30c210bc81506e9690f54fb5fafdb1de7e989cd84b242a41a59dea,322124,batch_log_or_checkpoint,只读冻结；未执行
A_route/problem3/02_batch_run/logs/checkpoints/P3_ROBUST_WORST_061218/2025-11-26.json.gz,6ded05b463957b3d68d8c30f8fb1fc3613c431cb9a9059e65c1999eefe21c1af,318852,batch_log_or_checkpoint,只读冻结；未执行
A_route/problem3/02_batch_run/logs/checkpoints/P3_ROBUST_WORST_061218/2025-11-27.json.gz,be22cb504bd3e6d1aea07a4ab365209cc1e510e64639f982ddfbfe3ef69a8ddf,320525,batch_log_or_checkpoint,只读冻结；未执行
A_route/problem3/02_batch_run/logs/checkpoints/P3_ROBUST_WORST_061218/2025-11-28.json.gz,c2ce77b526a5fa1e3f532ca4a0c84949217214253592523fb26cc4b00fa39754,315041,batch_log_or_checkpoint,只读冻结；未执行
A_route/problem3/02_batch_run/logs/checkpoints/P3_ROBUST_WORST_061218/2025-11-29.json.gz,674b85214936aaffcc2264775649c79b68af4357d59d40b9cb29e4060fcb85ca,319187,batch_log_or_checkpoint,只读冻结；未执行
A_route/problem3/02_batch_run/logs/checkpoints/P3_ROBUST_WORST_061218/2025-11-30.json.gz,f18ac2878beda7b904f9903307a5a1101c3a2d91ad8e3fd749745b0111ab1618,329443,batch_log_or_checkpoint,只读冻结；未执行
A_route/problem3/02_batch_run/logs/checkpoints/P3_ROBUST_WORST_061218/2025-12-01.json.gz,1d558159743880092e126cd402c4d085c710c621160f3c1bf965598920e15e2d,314099,batch_log_or_checkpoint,只读冻结；未执行
A_route/problem3/02_batch_run/logs/checkpoints/P3_ROBUST_WORST_061218/2025-12-02.json.gz,1ec57c4150a8d8c8ad3a6e713688c66aacfee77d8781aef1eea5c78f50377fe2,312174,batch_log_or_checkpoint,只读冻结；未执行
A_route/problem3/02_batch_run/logs/checkpoints/P3_ROBUST_WORST_061218/2025-12-03.json.gz,7240bd2815b86cc5ed3d5a6057ff411cd7cc692d20f1cd88cd38853da54a93d1,315947,batch_log_or_checkpoint,只读冻结；未执行
A_route/problem3/02_batch_run/logs/checkpoints/P3_ROBUST_WORST_061218/2025-12-04.json.gz,6fe667e6053574fd00d9519b69b25a049fe8aff5b6eb570efa4a8babdc868223,308234,batch_log_or_checkpoint,只读冻结；未执行
A_route/problem3/02_batch_run/logs/checkpoints/P3_ROBUST_WORST_061218/2025-12-05.json.gz,4c49e8a1d41fac7cf95621df681b6fefc061bacc72f185d19bc5c0e57f2eda0a,311669,batch_log_or_checkpoint,只读冻结；未执行
A_route/problem3/02_batch_run/logs/checkpoints/P3_ROBUST_WORST_061218/2025-12-06.json.gz,5fca6a238a26c81ef2add4e85782919d5979da9161e1ed1891a017a73710e08e,314253,batch_log_or_checkpoint,只读冻结；未执行
A_route/problem3/02_batch_run/logs/checkpoints/P3_ROBUST_WORST_061218/2025-12-07.json.gz,e196c922734bf944869ac8b5ae56749d0144eb251493dd35515995a4c08d7d0d,313097,batch_log_or_checkpoint,只读冻结；未执行
A_route/problem3/02_batch_run/logs/checkpoints/P3_ROBUST_WORST_061218/2025-12-08.json.gz,290204ec34d8f0fe9e5ca9715764772493be6e6bf89d6611b92524621a93ddc8,304426,batch_log_or_checkpoint,只读冻结；未执行
A_route/problem3/02_batch_run/logs/checkpoints/P3_ROBUST_WORST_061218/2025-12-09.json.gz,f90456fa8b3c15cae838c98e8e826439e3b1f0e4dcab8f8eabc6928eac3145c0,305829,batch_log_or_checkpoint,只读冻结；未执行
A_route/problem3/02_batch_run/logs/checkpoints/P3_ROBUST_WORST_061218/2025-12-10.json.gz,eb8d580f8339ce49b38c50207b16ed8bfa49ac3b98b21795db837a973e00155c,304895,batch_log_or_checkpoint,只读冻结；未执行
A_route/problem3/02_batch_run/logs/checkpoints/P3_ROBUST_WORST_061218/2025-12-11.json.gz,5c0bb1cd85c56159bd47983035eaabb278e2814c796c242124a2dc4953956bc8,304499,batch_log_or_checkpoint,只读冻结；未执行
A_route/problem3/02_batch_run/logs/checkpoints/P3_ROBUST_WORST_061218/2025-12-12.json.gz,56c009e948e852c01710d7c1067c69cee4526f6a453d165dc15266d97a09ea95,303259,batch_log_or_checkpoint,只读冻结；未执行
A_route/problem3/02_batch_run/logs/checkpoints/P3_ROBUST_WORST_061218/2025-12-13.json.gz,5932ccb87739b53e8a76b50b1dedab1902d7f4a7a5faa49b2fef8021fda7b892,307419,batch_log_or_checkpoint,只读冻结；未执行
A_route/problem3/02_batch_run/logs/checkpoints/P3_ROBUST_WORST_061218/2025-12-14.json.gz,c84a375724b6a4e6f3433aedaa4427689bcfeb25381db17def4cf77caab0c42c,302369,batch_log_or_checkpoint,只读冻结；未执行
A_route/problem3/02_batch_run/logs/checkpoints/P3_ROBUST_WORST_061218/2025-12-15.json.gz,a485804e9e74855ef24ec9a983256e64cb27d3f8ba9fd703e17f5742cd6026b2,307285,batch_log_or_checkpoint,只读冻结；未执行
A_route/problem3/02_batch_run/logs/checkpoints/P3_ROBUST_WORST_061218/2025-12-16.json.gz,640e2c6641a4d0677e30cab8d6cd332adc947e71ba7cd12d6202d5bad640064b,303586,batch_log_or_checkpoint,只读冻结；未执行
A_route/problem3/02_batch_run/logs/checkpoints/P3_ROBUST_WORST_061218/2025-12-17.json.gz,7f0b81d120fc691da929d48ec31141993dec76f5cb376d5779211c37e074d8a4,303899,batch_log_or_checkpoint,只读冻结；未执行
A_route/problem3/02_batch_run/logs/checkpoints/P3_ROBUST_WORST_061218/2025-12-18.json.gz,b282e4d4c5b67b3ac8a9a2d0f2e69a8747ad001e4f35bc520c58b0727fbd0d4d,305390,batch_log_or_checkpoint,只读冻结；未执行
A_route/problem3/02_batch_run/logs/checkpoints/P3_ROBUST_WORST_061218/2025-12-19.json.gz,d06db52dcb1b935bddd9bf8bb59f995b5144cdd302d9156b2c16f83094941f5c,302310,batch_log_or_checkpoint,只读冻结；未执行
A_route/problem3/02_batch_run/logs/checkpoints/P3_ROBUST_WORST_061218/2025-12-20.json.gz,0a3ac2a0484effd1b5c38d7d6f8509973d00d221161f6e73ccf4e6fa3cc54d36,303903,batch_log_or_checkpoint,只读冻结；未执行
A_route/problem3/02_batch_run/logs/checkpoints/P3_ROBUST_WORST_061218/2025-12-21.json.gz,d4be91040a39e923e93cdba303e11acdd89db945e0eab72054651492905f94f9,303211,batch_log_or_checkpoint,只读冻结；未执行
A_route/problem3/02_batch_run/logs/checkpoints/P3_ROBUST_WORST_061218/2025-12-22.json.gz,1df4d8cf30350f336fc7fc5e4b26ff340683bf0358b2ae028f68aedc289be295,303309,batch_log_or_checkpoint,只读冻结；未执行
A_route/problem3/02_batch_run/logs/checkpoints/P3_ROBUST_WORST_061218/2025-12-23.json.gz,2ff38856949d7e55af13785307dd39e90547023dec81ea94a9a7d58ca5b0fa80,304402,batch_log_or_checkpoint,只读冻结；未执行
A_route/problem3/02_batch_run/logs/checkpoints/P3_ROBUST_WORST_061218/2025-12-24.json.gz,6ea04c434347b63e76771354e68d7936edcfdaa20fd4c4d20b692a89837b1390,302586,batch_log_or_checkpoint,只读冻结；未执行
A_route/problem3/02_batch_run/logs/checkpoints/P3_ROBUST_WORST_061218/2025-12-25.json.gz,5d3f1c8cd84be183dcf218b837861a77a85ece50b9e5cbbea4add32d6cd8d9dd,305387,batch_log_or_checkpoint,只读冻结；未执行
A_route/problem3/02_batch_run/logs/checkpoints/P3_ROBUST_WORST_061218/2025-12-26.json.gz,b52f65ce9dbc9b74024d4a3826b9178f4e52a4ce3472bf1a740ddcb0b762f65e,302692,batch_log_or_checkpoint,只读冻结；未执行
A_route/problem3/02_batch_run/logs/checkpoints/P3_ROBUST_WORST_061218/2025-12-27.json.gz,785b525855612b508ddae8dd4b9750ae7d0a62ab83fdce4356377856dc48e3e1,303853,batch_log_or_checkpoint,只读冻结；未执行
A_route/problem3/02_batch_run/logs/checkpoints/P3_ROBUST_WORST_061218/2025-12-28.json.gz,d1d3fe1169c01bee9999f75d8e14c0ff6a42a8979474bc3a69a0d1ef798f183e,303193,batch_log_or_checkpoint,只读冻结；未执行
A_route/problem3/02_batch_run/logs/checkpoints/P3_ROBUST_WORST_061218/2025-12-29.json.gz,ab25413c59d877e4810dece1978c2eb28eb5ddbcd5b3a8f2b55220b979ed7d95,303111,batch_log_or_checkpoint,只读冻结；未执行
A_route/problem3/02_batch_run/logs/checkpoints/P3_ROBUST_WORST_061218/2025-12-30.json.gz,321de35fd0ebe24e853074c90c6213e8d2ef0d594f237b236b2799996564a344,301658,batch_log_or_checkpoint,只读冻结；未执行
A_route/problem3/02_batch_run/logs/checkpoints/P3_ROBUST_WORST_061218/2025-12-31.json.gz,f5962048d666f31048f657b69827508711ae0c4a4664c7d53f3fd092458248db,304768,batch_log_or_checkpoint,只读冻结；未执行
A_route/problem3/02_batch_run/logs/checkpoints/P3_ZERO_TERMINAL_061218/2025-02-01.json.gz,c96714f71d1fda4a256fc56bcb3a92eb3c63c56f441bd0522fd1c1aadd9454c1,273949,batch_log_or_checkpoint,只读冻结；未执行
A_route/problem3/02_batch_run/logs/checkpoints/P3_ZERO_TERMINAL_061218/2025-02-02.json.gz,f91aab8d46bccf7219e7d0169888ac5220ce479177dc8c53690426a8f826d582,287976,batch_log_or_checkpoint,只读冻结；未执行
A_route/problem3/02_batch_run/logs/checkpoints/P3_ZERO_TERMINAL_061218/2025-02-03.json.gz,5d174520bbf805b291bd9fcc3ec1172e09c09d2592ae62a70b4657bdcb473b72,297344,batch_log_or_checkpoint,只读冻结；未执行
A_route/problem3/02_batch_run/logs/checkpoints/P3_ZERO_TERMINAL_061218/2025-02-04.json.gz,a8010893dce1fae88b6f0203ffc535a8c362a3bf710d966576d144bc6943a100,306511,batch_log_or_checkpoint,只读冻结；未执行
A_route/problem3/02_batch_run/logs/checkpoints/P3_ZERO_TERMINAL_061218/2025-02-05.json.gz,107b85297269d87df04cd459d4e7a44ef6e4439ecfb37bcaa1ac4c3a400e2466,320849,batch_log_or_checkpoint,只读冻结；未执行
A_route/problem3/02_batch_run/logs/checkpoints/P3_ZERO_TERMINAL_061218/2025-02-06.json.gz,82c5061ae64a5b53a7b58c8b912a14f8266934511f015aa6ae13c59f8263351e,313648,batch_log_or_checkpoint,只读冻结；未执行
A_route/problem3/02_batch_run/logs/checkpoints/P3_ZERO_TERMINAL_061218/2025-02-07.json.gz,85e7aecc4511f799ff318a68b6e7bfa8aa9dd10207a2f25639d2da7edef6f09f,308975,batch_log_or_checkpoint,只读冻结；未执行
A_route/problem3/02_batch_run/logs/checkpoints/P3_ZERO_TERMINAL_061218/2025-02-08.json.gz,74b23f241e0e03b407935e3cb784b330e9b81481d23c32431ab1fe9161c673ee,321671,batch_log_or_checkpoint,只读冻结；未执行
A_route/problem3/02_batch_run/logs/checkpoints/P3_ZERO_TERMINAL_061218/2025-02-09.json.gz,1d94a01a2e9304533d0c88b7ce1e076907e2a2e58d4eeaa75cf94d619dad8cfe,323922,batch_log_or_checkpoint,只读冻结；未执行
A_route/problem3/02_batch_run/logs/checkpoints/P3_ZERO_TERMINAL_061218/2025-02-10.json.gz,78ff06f2296d49c6fa51e1f3bf9aed2c9428cf15f98625fd046c18c31470acc8,324456,batch_log_or_checkpoint,只读冻结；未执行
A_route/problem3/02_batch_run/logs/checkpoints/P3_ZERO_TERMINAL_061218/2025-02-11.json.gz,77103ff48ab3a1d0c6112e21998ac5f43de15c0d88d4ac34dd894cf53a88c68d,319312,batch_log_or_checkpoint,只读冻结；未执行
A_route/problem3/02_batch_run/logs/checkpoints/P3_ZERO_TERMINAL_061218/2025-02-12.json.gz,2dca09acda33f778013e97cc590198066ceb001c7fa33799f8e45f76cbdaa77c,320881,batch_log_or_checkpoint,只读冻结；未执行
A_route/problem3/02_batch_run/logs/checkpoints/P3_ZERO_TERMINAL_061218/2025-02-13.json.gz,67243a7202e2bafd5eb37291bab3837715408d758e9513edaa1ef495c967ed98,324661,batch_log_or_checkpoint,只读冻结；未执行
A_route/problem3/02_batch_run/logs/checkpoints/P3_ZERO_TERMINAL_061218/2025-02-14.json.gz,3d4eea2407e504a231122ba63d038fb9bc2059de2fdacafadae544ddc0ad4b13,317198,batch_log_or_checkpoint,只读冻结；未执行
A_route/problem3/02_batch_run/logs/checkpoints/P3_ZERO_TERMINAL_061218/2025-02-15.json.gz,d718b4810cb04f0db312678d854c9b22f5cae54ed633ee04bd382deb17692458,317799,batch_log_or_checkpoint,只读冻结；未执行
A_route/problem3/02_batch_run/logs/checkpoints/P3_ZERO_TERMINAL_061218/2025-02-16.json.gz,295c08657a39885e8a8a8e19e486d4392cc7ffdbbc94975523f5097a3d86dd1a,324379,batch_log_or_checkpoint,只读冻结；未执行
A_route/problem3/02_batch_run/logs/checkpoints/P3_ZERO_TERMINAL_061218/2025-02-17.json.gz,365ee55849ccd4fb30e7dd966d936f96ec282dc121a6b415cbc4d6f84e3b889c,323921,batch_log_or_checkpoint,只读冻结；未执行
A_route/problem3/02_batch_run/logs/checkpoints/P3_ZERO_TERMINAL_061218/2025-02-18.json.gz,4bd4c4c31c396e3ff9cb6dde36e9898ae4fbe75df1cc0714c953039e167988de,334155,batch_log_or_checkpoint,只读冻结；未执行
A_route/problem3/02_batch_run/logs/checkpoints/P3_ZERO_TERMINAL_061218/2025-02-19.json.gz,5a382ed4f16c66d0925fd71c817df180964a3ad67478c742d76f837af7da53d1,335592,batch_log_or_checkpoint,只读冻结；未执行
A_route/problem3/02_batch_run/logs/checkpoints/P3_ZERO_TERMINAL_061218/2025-02-20.json.gz,2836dbf12a1f85e88a0b7bd0e9f8933eac4409868235644b4f4cc5349ebbb2e4,325320,batch_log_or_checkpoint,只读冻结；未执行
A_route/problem3/02_batch_run/logs/checkpoints/P3_ZERO_TERMINAL_061218/2025-02-21.json.gz,2347529ab72bbda4d1b7ef79f1db80ce79d5bc12726fe391c4487c6dd16db94f,316409,batch_log_or_checkpoint,只读冻结；未执行
A_route/problem3/02_batch_run/logs/checkpoints/P3_ZERO_TERMINAL_061218/2025-02-22.json.gz,d90874c2ba1d4a7fd8daed302a83fd0268127434ab1c7500ef1a00c87be7ba5a,324917,batch_log_or_checkpoint,只读冻结；未执行
A_route/problem3/02_batch_run/logs/checkpoints/P3_ZERO_TERMINAL_061218/2025-02-23.json.gz,ad73bbdd320a54da7a68a42e9a03af126d27cd548858b27d5115823a9939e49c,332152,batch_log_or_checkpoint,只读冻结；未执行
A_route/problem3/02_batch_run/logs/checkpoints/P3_ZERO_TERMINAL_061218/2025-02-24.json.gz,67faf8c38ba18ab2379b3f36d12dfab8769a901c9ddda2283cc922cf38db0252,327816,batch_log_or_checkpoint,只读冻结；未执行
A_route/problem3/02_batch_run/logs/checkpoints/P3_ZERO_TERMINAL_061218/2025-02-25.json.gz,e3baed50d2163cecb325e4f5ffe6c2d5fe5663f50cc69e886062148830cb160f,329092,batch_log_or_checkpoint,只读冻结；未执行
A_route/problem3/02_batch_run/logs/checkpoints/P3_ZERO_TERMINAL_061218/2025-02-26.json.gz,a168d402cead2a3b53c1091047b6f1a6c5f507a078a482a5a4814bb6f9171349,339767,batch_log_or_checkpoint,只读冻结；未执行
A_route/problem3/02_batch_run/logs/checkpoints/P3_ZERO_TERMINAL_061218/2025-02-27.json.gz,7af7ef7b6a9ad43ef8f7ad7b6c74c925d68628a76486ca9f0917f226a0bb29e5,322978,batch_log_or_checkpoint,只读冻结；未执行
A_route/problem3/02_batch_run/logs/checkpoints/P3_ZERO_TERMINAL_061218/2025-02-28.json.gz,bfc1ae43fb2442528e0a09af11a610ab872cf74bf12d609f2869168f86822e96,311042,batch_log_or_checkpoint,只读冻结；未执行
A_route/problem3/02_batch_run/logs/checkpoints/P3_ZERO_TERMINAL_061218/2025-03-01.json.gz,bf1effd9689ffaeb8aa3b16e1cd3de8e2dec935edd9a1e9a1c9eebcdf10f151d,312679,batch_log_or_checkpoint,只读冻结；未执行
A_route/problem3/02_batch_run/logs/checkpoints/P3_ZERO_TERMINAL_061218/2025-03-02.json.gz,487b13c1d333329eea96781e8daf6814aacb6bf22dbdfe0e7d25b0a4540d94b9,324608,batch_log_or_checkpoint,只读冻结；未执行
A_route/problem3/02_batch_run/logs/checkpoints/P3_ZERO_TERMINAL_061218/2025-03-03.json.gz,d6a1d3fdc0aa070e5d298b4ffa4cb2bd4c213cb267e402c3e79ebd07e92fc4b1,328326,batch_log_or_checkpoint,只读冻结；未执行
A_route/problem3/02_batch_run/logs/checkpoints/P3_ZERO_TERMINAL_061218/2025-03-04.json.gz,a908e58d906b41755326abaf0c01e8592a1c49db222e34d7118440af73b32705,327416,batch_log_or_checkpoint,只读冻结；未执行
A_route/problem3/02_batch_run/logs/checkpoints/P3_ZERO_TERMINAL_061218/2025-03-05.json.gz,72c5a860134d0c2c0e554b4dde9126eb99fb9aae7c30f7a7fb4942343eeb5fd8,322588,batch_log_or_checkpoint,只读冻结；未执行
A_route/problem3/02_batch_run/logs/checkpoints/P3_ZERO_TERMINAL_061218/2025-03-06.json.gz,22748a79376f7d61c5d5dfb8f832098180b633d5db19d9b53edf471836a93ff2,318711,batch_log_or_checkpoint,只读冻结；未执行
A_route/problem3/02_batch_run/logs/checkpoints/P3_ZERO_TERMINAL_061218/2025-03-07.json.gz,826b94064b7d58250cb387756349d1e42ac3081f8de90b6f663627d37ce7b21f,306721,batch_log_or_checkpoint,只读冻结；未执行
A_route/problem3/02_batch_run/logs/checkpoints/P3_ZERO_TERMINAL_061218/2025-03-08.json.gz,2ced0317c22134e12432ea2d5093bb2c94df5f6cd37374a277942658fee6fd12,319133,batch_log_or_checkpoint,只读冻结；未执行
A_route/problem3/02_batch_run/logs/checkpoints/P3_ZERO_TERMINAL_061218/2025-03-09.json.gz,92d071670d2c5928ce5d727501664404fbeb8662e7a104eb4e710831ee11ebb5,331641,batch_log_or_checkpoint,只读冻结；未执行
A_route/problem3/02_batch_run/logs/checkpoints/P3_ZERO_TERMINAL_061218/2025-03-10.json.gz,9abe3bd8a2d042e89153bdb697dd95c259855d59d18a902134ace7d4534e7f38,338875,batch_log_or_checkpoint,只读冻结；未执行
A_route/problem3/02_batch_run/logs/checkpoints/P3_ZERO_TERMINAL_061218/2025-03-11.json.gz,8826db44599baf3c513971b82e9a0de4e758f3c8ab04e3335478990a59b42e17,342652,batch_log_or_checkpoint,只读冻结；未执行
A_route/problem3/02_batch_run/logs/checkpoints/P3_ZERO_TERMINAL_061218/2025-03-12.json.gz,08f4a312944846606193e801b14093dce207e3ee2aff37f94248dfd75958836a,330624,batch_log_or_checkpoint,只读冻结；未执行
A_route/problem3/02_batch_run/logs/checkpoints/P3_ZERO_TERMINAL_061218/2025-03-13.json.gz,72ee22f189fc4e71cf830e18b3f5fd14b9f9b3f5714a496e0fdf1b7d9f233103,327969,batch_log_or_checkpoint,只读冻结；未执行
A_route/problem3/02_batch_run/logs/checkpoints/P3_ZERO_TERMINAL_061218/2025-03-14.json.gz,00a25b3d56fef6f530f5b0c396de4c9c2d07c91f5b3a5195f29a08a2a9aea213,315646,batch_log_or_checkpoint,只读冻结；未执行
A_route/problem3/02_batch_run/logs/checkpoints/P3_ZERO_TERMINAL_061218/2025-03-15.json.gz,460b5e704a37ef1e7fd864dd5bf59f3132ebe8ac9c3007865bcf54be5086230d,328092,batch_log_or_checkpoint,只读冻结；未执行
A_route/problem3/02_batch_run/logs/checkpoints/P3_ZERO_TERMINAL_061218/2025-03-16.json.gz,d23a2b650fadab6a889540b3d345af04187c397810396c4d98316c1d6ace042c,338248,batch_log_or_checkpoint,只读冻结；未执行
A_route/problem3/02_batch_run/logs/checkpoints/P3_ZERO_TERMINAL_061218/2025-03-17.json.gz,0232b004c94cbd12b8f7ba69c58525a66eaf426702e294ea6a6d7804c8815cb6,328893,batch_log_or_checkpoint,只读冻结；未执行
A_route/problem3/02_batch_run/logs/checkpoints/P3_ZERO_TERMINAL_061218/2025-03-18.json.gz,0ce5edad3cedc9a5a4d1077a15deaa55c1374c94f7714648e23fd1507c0c8b2e,324305,batch_log_or_checkpoint,只读冻结；未执行
A_route/problem3/02_batch_run/logs/checkpoints/P3_ZERO_TERMINAL_061218/2025-03-19.json.gz,015937eb900b35f63e5a8657b8c00676f0c1dae8747df2097432bcb223700f14,339470,batch_log_or_checkpoint,只读冻结；未执行
A_route/problem3/02_batch_run/logs/checkpoints/P3_ZERO_TERMINAL_061218/2025-03-20.json.gz,a58e28e8e9410106c2dedb7d9ad9b0b2b39f6461a9734e72f4d667e5229e0ec7,326299,batch_log_or_checkpoint,只读冻结；未执行
A_route/problem3/02_batch_run/logs/checkpoints/P3_ZERO_TERMINAL_061218/2025-03-21.json.gz,776d687eaad9fe5540eeb270563a960be8e48fc1f7c805e828a6aa388b822914,308489,batch_log_or_checkpoint,只读冻结；未执行
A_route/problem3/02_batch_run/logs/checkpoints/P3_ZERO_TERMINAL_061218/2025-03-22.json.gz,0b6e54e0905e0ce175e65f7bd7edb94da56f1cf7023cf82c416677d0d9206f07,315859,batch_log_or_checkpoint,只读冻结；未执行
A_route/problem3/02_batch_run/logs/checkpoints/P3_ZERO_TERMINAL_061218/2025-03-23.json.gz,b72b8fabeea3754f8d0b1907ba9f27eb978384cf551232d17f6ca6e347db1b23,328401,batch_log_or_checkpoint,只读冻结；未执行
A_route/problem3/02_batch_run/logs/checkpoints/P3_ZERO_TERMINAL_061218/2025-03-24.json.gz,ffa0fd1122e692df19479a18f5f926331e3121b91b30539f91141f2c8f48b59f,335064,batch_log_or_checkpoint,只读冻结；未执行
A_route/problem3/02_batch_run/logs/checkpoints/P3_ZERO_TERMINAL_061218/2025-03-25.json.gz,02be1275b5f5be39cd8e2b538f1f66b089d201c8d77ca0666dcbfacac7118777,330989,batch_log_or_checkpoint,只读冻结；未执行
A_route/problem3/02_batch_run/logs/checkpoints/P3_ZERO_TERMINAL_061218/2025-03-26.json.gz,ab600e4f1b61925cd4531989d339f0bb428710d66e9df010ac00a5e30db44c01,332820,batch_log_or_checkpoint,只读冻结；未执行
A_route/problem3/02_batch_run/logs/checkpoints/P3_ZERO_TERMINAL_061218/2025-03-27.json.gz,b07fedbec40aea73742297555a791ff402febf2be560bb622005a6ac4bbd3f7c,327407,batch_log_or_checkpoint,只读冻结；未执行
A_route/problem3/02_batch_run/logs/checkpoints/P3_ZERO_TERMINAL_061218/2025-03-28.json.gz,306052388c7650df9b278ee75261af4b8ff5ceac6c2827faea6617ec059bdd23,308771,batch_log_or_checkpoint,只读冻结；未执行
A_route/problem3/02_batch_run/logs/checkpoints/P3_ZERO_TERMINAL_061218/2025-03-29.json.gz,095d0dc5413fd8419a7c59274fce5efebd9ba1b1ba4cb03513306389b20108b4,320933,batch_log_or_checkpoint,只读冻结；未执行
A_route/problem3/02_batch_run/logs/checkpoints/P3_ZERO_TERMINAL_061218/2025-03-30.json.gz,7bd3d2f7920d0acbdaff9c9d1d28c87634d07252178512b0fb28ea4827e28793,328618,batch_log_or_checkpoint,只读冻结；未执行
A_route/problem3/02_batch_run/logs/checkpoints/P3_ZERO_TERMINAL_061218/2025-03-31.json.gz,519630c8a42e4a5d2b1cdc16be80df02258c7186166de5f137311914693df158,343807,batch_log_or_checkpoint,只读冻结；未执行
A_route/problem3/02_batch_run/logs/checkpoints/P3_ZERO_TERMINAL_061218/2025-04-01.json.gz,2c0ed4dc801a1a73fdd6d58a0b029234b929e82a5dea9b7e255fa614127662d2,333192,batch_log_or_checkpoint,只读冻结；未执行
A_route/problem3/02_batch_run/logs/checkpoints/P3_ZERO_TERMINAL_061218/2025-04-02.json.gz,e390075f6d0b6f7a7484e39c42fb5d0f09ef9b410df440a0d4e4e4c3e294b31a,335090,batch_log_or_checkpoint,只读冻结；未执行
A_route/problem3/02_batch_run/logs/checkpoints/P3_ZERO_TERMINAL_061218/2025-04-03.json.gz,437c71235b96405af7a42ea436c51a16504638f529665d586101ddafc398368c,315507,batch_log_or_checkpoint,只读冻结；未执行
A_route/problem3/02_batch_run/logs/checkpoints/P3_ZERO_TERMINAL_061218/2025-04-04.json.gz,a5aee3bbf54f5e725dcc5f649f8387b33f55b3a9e0ed8441ea114fa93d89e4a4,310973,batch_log_or_checkpoint,只读冻结；未执行
A_route/problem3/02_batch_run/logs/checkpoints/P3_ZERO_TERMINAL_061218/2025-04-05.json.gz,4d491fd56ec0e1bccc38976160936a1f3e4a40a1fb73f74b1101391df77d4868,316734,batch_log_or_checkpoint,只读冻结；未执行
A_route/problem3/02_batch_run/logs/checkpoints/P3_ZERO_TERMINAL_061218/2025-04-06.json.gz,dce4001a60e1e98e01b039bd7b3a3433f0abdfabb1298e18697ba9d6acc49d50,328320,batch_log_or_checkpoint,只读冻结；未执行
A_route/problem3/02_batch_run/logs/checkpoints/P3_ZERO_TERMINAL_061218/2025-04-07.json.gz,c607ad27b972c20f0e5b60125699d1481cd6d6250c4425f6fd86fd043a98dc1a,334834,batch_log_or_checkpoint,只读冻结；未执行
A_route/problem3/02_batch_run/logs/checkpoints/P3_ZERO_TERMINAL_061218/2025-04-08.json.gz,dabb2e12b47da24b92e0b63bbca59107a04ae9c2be88ad09104d97eaaf3a5070,324398,batch_log_or_checkpoint,只读冻结；未执行
A_route/problem3/02_batch_run/logs/checkpoints/P3_ZERO_TERMINAL_061218/2025-04-09.json.gz,696a63d3b325ca09a19b7ee0e2e0111406a6bf1a58c7c8695af4356a2cfe2e6a,330122,batch_log_or_checkpoint,只读冻结；未执行
A_route/problem3/02_batch_run/logs/checkpoints/P3_ZERO_TERMINAL_061218/2025-04-10.json.gz,6c751b5b698ed5c006602b915def2bd921719cc80ff4e47110891e6572088c02,320571,batch_log_or_checkpoint,只读冻结；未执行
A_route/problem3/02_batch_run/logs/checkpoints/P3_ZERO_TERMINAL_061218/2025-04-11.json.gz,f63c3720514b6652ade7ba0edab96735f1645dc7756bf8c18a32fd5b8dfa7fe5,311816,batch_log_or_checkpoint,只读冻结；未执行
A_route/problem3/02_batch_run/logs/checkpoints/P3_ZERO_TERMINAL_061218/2025-04-12.json.gz,52e43c8ccaeac204ce9f891cda29483c9b3fb43adcef9e7dc8387375483ad9ba,311540,batch_log_or_checkpoint,只读冻结；未执行
A_route/problem3/02_batch_run/logs/checkpoints/P3_ZERO_TERMINAL_061218/2025-04-13.json.gz,ab6c51ca9d9db4bd1e04239414585678c90bdc5e06dd1e9bfe0d95612df329d0,325677,batch_log_or_checkpoint,只读冻结；未执行
A_route/problem3/02_batch_run/logs/checkpoints/P3_ZERO_TERMINAL_061218/2025-04-14.json.gz,b9bcac396250e5353bdc6b176240ab86e7148bbe0f3562e0ea2f375d6b0126e4,318438,batch_log_or_checkpoint,只读冻结；未执行
A_route/problem3/02_batch_run/logs/checkpoints/P3_ZERO_TERMINAL_061218/2025-04-15.json.gz,bccca2832d10c0dd2154c7c580a6500377b45b3afb53f5af02da2bffc51fb713,335009,batch_log_or_checkpoint,只读冻结；未执行
A_route/problem3/02_batch_run/logs/checkpoints/P3_ZERO_TERMINAL_061218/2025-04-16.json.gz,dbbd5f22b5ae2348cfee79335642d5bf41889312660ed913f9beb2dd507dc454,334370,batch_log_or_checkpoint,只读冻结；未执行
A_route/problem3/02_batch_run/logs/checkpoints/P3_ZERO_TERMINAL_061218/2025-04-17.json.gz,b15ce3a493496f8d389d64632078f43eed5fc558d33f782793ec3ca70f01a57e,325936,batch_log_or_checkpoint,只读冻结；未执行
A_route/problem3/02_batch_run/logs/checkpoints/P3_ZERO_TERMINAL_061218/2025-04-18.json.gz,4be471b68295a52db0595a7fdfbd70d31a207f2d8d1d4607b4897dc507cd6933,305499,batch_log_or_checkpoint,只读冻结；未执行
A_route/problem3/02_batch_run/logs/checkpoints/P3_ZERO_TERMINAL_061218/2025-04-19.json.gz,4c51896ff4b1b72961e733375cc11b3e5b243f868b52449b03ae0015246c8db5,314842,batch_log_or_checkpoint,只读冻结；未执行
A_route/problem3/02_batch_run/logs/checkpoints/P3_ZERO_TERMINAL_061218/2025-04-20.json.gz,d681a7f9fe040ba8ae3ed2b9c17454be25eca8c1dd4f4aa89efdf503094fbe18,328328,batch_log_or_checkpoint,只读冻结；未执行
A_route/problem3/02_batch_run/logs/checkpoints/P3_ZERO_TERMINAL_061218/2025-04-21.json.gz,b7b7b01a02021c6fc992da081fbc1cb004b8ec058b2fb9d412ff8cceaa38aecb,317107,batch_log_or_checkpoint,只读冻结；未执行
A_route/problem3/02_batch_run/logs/checkpoints/P3_ZERO_TERMINAL_061218/2025-04-22.json.gz,65770162abaf10d74056f04f744a0e4740a604534bc9bc5291f77d4886087b9d,337407,batch_log_or_checkpoint,只读冻结；未执行
A_route/problem3/02_batch_run/logs/checkpoints/P3_ZERO_TERMINAL_061218/2025-04-23.json.gz,1a23b3105e2dd643110c764e04fc0be7240f4225edb928f299ca6c5004d940b2,336412,batch_log_or_checkpoint,只读冻结；未执行
A_route/problem3/02_batch_run/logs/checkpoints/P3_ZERO_TERMINAL_061218/2025-04-24.json.gz,022a7a0902eeb81c9e10eb422b2411aa75725a4eeace5fa46bd7113052c5fc35,316497,batch_log_or_checkpoint,只读冻结；未执行
A_route/problem3/02_batch_run/logs/checkpoints/P3_ZERO_TERMINAL_061218/2025-04-25.json.gz,ccdc1ad72e16a8b762f1fa22b33c3ef807aff4e765f1daf325720c548f0f1c4a,302116,batch_log_or_checkpoint,只读冻结；未执行
A_route/problem3/02_batch_run/logs/checkpoints/P3_ZERO_TERMINAL_061218/2025-04-26.json.gz,05786283efa0f64db52057a98dd11d8044e3036b2e261bbd76264c4d2d1411de,312902,batch_log_or_checkpoint,只读冻结；未执行
A_route/problem3/02_batch_run/logs/checkpoints/P3_ZERO_TERMINAL_061218/2025-04-27.json.gz,2154446da087b5f92d708ef70022018f36c4fff00f43f6bd4b56666ae51b8a08,331406,batch_log_or_checkpoint,只读冻结；未执行
A_route/problem3/02_batch_run/logs/checkpoints/P3_ZERO_TERMINAL_061218/2025-04-28.json.gz,65381a74b5ff2c96a8791d372e9fba27bc54b80cad7e09a9b13012ae631669c2,325042,batch_log_or_checkpoint,只读冻结；未执行
A_route/problem3/02_batch_run/logs/checkpoints/P3_ZERO_TERMINAL_061218/2025-04-29.json.gz,de69ee79460b89040c8bbe8f3deb600e0e525f2406e96d131bd6479b64c04249,326021,batch_log_or_checkpoint,只读冻结；未执行
A_route/problem3/02_batch_run/logs/checkpoints/P3_ZERO_TERMINAL_061218/2025-04-30.json.gz,41c9ad51b5849c57129cdbfd3aa22180d39a9e151e1a45eedbc397c4d3530179,319697,batch_log_or_checkpoint,只读冻结；未执行
A_route/problem3/02_batch_run/logs/checkpoints/P3_ZERO_TERMINAL_061218/2025-05-01.json.gz,fc3cbadb9d9f47907a45cf96a6a82075927ef304b83c5ea016b4427ef6c7c6eb,318793,batch_log_or_checkpoint,只读冻结；未执行
A_route/problem3/02_batch_run/logs/checkpoints/P3_ZERO_TERMINAL_061218/2025-05-02.json.gz,e4044279d71f100837fe00f95274e61c11c8b042bd230f3ed404fd234be5a714,303916,batch_log_or_checkpoint,只读冻结；未执行
A_route/problem3/02_batch_run/logs/checkpoints/P3_ZERO_TERMINAL_061218/2025-05-03.json.gz,57c94564085e4ca64cf46075be8f1c0578ef5603f88ddc9252a7f13dc97d3bcc,312344,batch_log_or_checkpoint,只读冻结；未执行
A_route/problem3/02_batch_run/logs/checkpoints/P3_ZERO_TERMINAL_061218/2025-05-04.json.gz,9f7c828b8871180254da6cd38e3dfe45310018a34c5bd1c3d129b3a019d6bf62,324776,batch_log_or_checkpoint,只读冻结；未执行
A_route/problem3/02_batch_run/logs/checkpoints/P3_ZERO_TERMINAL_061218/2025-05-05.json.gz,ca4a121858b78bc8a011fd92ccbcf9ef11d4fa489a45ced3dd7067e5c524da66,323871,batch_log_or_checkpoint,只读冻结；未执行
A_route/problem3/02_batch_run/logs/checkpoints/P3_ZERO_TERMINAL_061218/2025-05-06.json.gz,c01cff67c621d2791952cecf331f6497be0e950d2ad679c801e44798aea848b3,341978,batch_log_or_checkpoint,只读冻结；未执行
A_route/problem3/02_batch_run/logs/checkpoints/P3_ZERO_TERMINAL_061218/2025-05-07.json.gz,60b6e0864c5483e5b62b12431d396ae412474fba4418632460d78d9558c2904a,336929,batch_log_or_checkpoint,只读冻结；未执行
A_route/problem3/02_batch_run/logs/checkpoints/P3_ZERO_TERMINAL_061218/2025-05-08.json.gz,a808f05b08e357a623aa6857ea407f770e84cd4c0dd5ad4005700f68919ea72d,325961,batch_log_or_checkpoint,只读冻结；未执行
A_route/problem3/02_batch_run/logs/checkpoints/P3_ZERO_TERMINAL_061218/2025-05-09.json.gz,3db4d444f3ef77259f6cff45e0bfdd33e60d1d45d4f48256ae6e7743bc09c4b9,312691,batch_log_or_checkpoint,只读冻结；未执行
A_route/problem3/02_batch_run/logs/checkpoints/P3_ZERO_TERMINAL_061218/2025-05-10.json.gz,9ec3ca223f58cc118cc2e26451e8b11633897d8b0990f3e2bc81432e44044fab,317497,batch_log_or_checkpoint,只读冻结；未执行
A_route/problem3/02_batch_run/logs/checkpoints/P3_ZERO_TERMINAL_061218/2025-05-11.json.gz,6cc2ec24bcd950003b1d8d802d8abe06afd00553ac0ea4be0f693a0062e45338,329724,batch_log_or_checkpoint,只读冻结；未执行
A_route/problem3/02_batch_run/logs/checkpoints/P3_ZERO_TERMINAL_061218/2025-05-12.json.gz,37f2b485db74a033b9d34f870a81087530a4f4a40d94df52810b18d49199c728,338410,batch_log_or_checkpoint,只读冻结；未执行
A_route/problem3/02_batch_run/logs/checkpoints/P3_ZERO_TERMINAL_061218/2025-05-13.json.gz,fc3b77d3a185ed611ae19256c058bae47fb54710a3bf932d1dfc5c5a7c61a82e,329871,batch_log_or_checkpoint,只读冻结；未执行
A_route/problem3/02_batch_run/logs/checkpoints/P3_ZERO_TERMINAL_061218/2025-05-14.json.gz,f5c2590a15e3920616502037fcd91cb2f4d0050a62d4a713eb1b191d9359ad5b,323675,batch_log_or_checkpoint,只读冻结；未执行
A_route/problem3/02_batch_run/logs/checkpoints/P3_ZERO_TERMINAL_061218/2025-05-15.json.gz,930dc503206f7f3f628ec2bacdd1135c6eda65babe3fc52036c17efad7432047,323250,batch_log_or_checkpoint,只读冻结；未执行
A_route/problem3/02_batch_run/logs/checkpoints/P3_ZERO_TERMINAL_061218/2025-05-16.json.gz,c74913f543e4a9622e349ccbbebd324af457f02f180255536da40b768fbcee21,304804,batch_log_or_checkpoint,只读冻结；未执行
A_route/problem3/02_batch_run/logs/checkpoints/P3_ZERO_TERMINAL_061218/2025-05-17.json.gz,defec1c5aed1fb1c3dfbd995ec028fdd1d10b891306650b1ca4714b697846451,313691,batch_log_or_checkpoint,只读冻结；未执行
A_route/problem3/02_batch_run/logs/checkpoints/P3_ZERO_TERMINAL_061218/2025-05-18.json.gz,399347e243ae0bf6240b7ef0261f7dfe361136aeca4272735a9be2bf75ece396,326076,batch_log_or_checkpoint,只读冻结；未执行
A_route/problem3/02_batch_run/logs/checkpoints/P3_ZERO_TERMINAL_061218/2025-05-19.json.gz,40fce72f578a6506fab9a24e271b2ea41ec0cd312f30f4e43aec4531d40c338a,324399,batch_log_or_checkpoint,只读冻结；未执行
A_route/problem3/02_batch_run/logs/checkpoints/P3_ZERO_TERMINAL_061218/2025-05-20.json.gz,1b62d331b130736efa5128818b1ee35eaa7a86740ef15b62cf6b7728b331f0f4,328853,batch_log_or_checkpoint,只读冻结；未执行
A_route/problem3/02_batch_run/logs/checkpoints/P3_ZERO_TERMINAL_061218/2025-05-21.json.gz,725e0ae32dc93b2f504ef157e5ae14dcc0dbf987d23dded2fd318eae73f7889a,336352,batch_log_or_checkpoint,只读冻结；未执行
A_route/problem3/02_batch_run/logs/checkpoints/P3_ZERO_TERMINAL_061218/2025-05-22.json.gz,0442afafc7ec0a4ef657144fb1aa9a3066e6dd72bef681b0a51907a93fa063f3,316574,batch_log_or_checkpoint,只读冻结；未执行
A_route/problem3/02_batch_run/logs/checkpoints/P3_ZERO_TERMINAL_061218/2025-05-23.json.gz,54a5ecb1d7364756bf2c4c7d1b437a0469edbb371ee9ac8d0a89424f12127741,313490,batch_log_or_checkpoint,只读冻结；未执行
A_route/problem3/02_batch_run/logs/checkpoints/P3_ZERO_TERMINAL_061218/2025-05-24.json.gz,89f40b491669716e4b4352d030b0329f0e68fd676314954feda17c1c6593d3ad,310712,batch_log_or_checkpoint,只读冻结；未执行
A_route/problem3/02_batch_run/logs/checkpoints/P3_ZERO_TERMINAL_061218/2025-05-25.json.gz,09f1960c8269e4059500668b54f5ea7a973189859a9da057141ad1b5dd765532,326189,batch_log_or_checkpoint,只读冻结；未执行
A_route/problem3/02_batch_run/logs/checkpoints/P3_ZERO_TERMINAL_061218/2025-05-26.json.gz,13f954e8f9b14906d41334b276935efd283a7162baeb9ebab07788f47252280f,336469,batch_log_or_checkpoint,只读冻结；未执行
A_route/problem3/02_batch_run/logs/checkpoints/P3_ZERO_TERMINAL_061218/2025-05-27.json.gz,acaafc2c2a37de58e88bac2ac868e2a85a728fdbe3b461bf22cb7de88d2929ea,336271,batch_log_or_checkpoint,只读冻结；未执行
A_route/problem3/02_batch_run/logs/checkpoints/P3_ZERO_TERMINAL_061218/2025-05-28.json.gz,0510be97e5ea3a7ff96a20e4b3e2db2f56bb8d6f04b03104ca5e7bc6e1ae310a,328252,batch_log_or_checkpoint,只读冻结；未执行
A_route/problem3/02_batch_run/logs/checkpoints/P3_ZERO_TERMINAL_061218/2025-05-29.json.gz,ec7eba559946bfbb2fea083924fa691322b6aa499d5c5ae1dacff4d3c66c77b6,329545,batch_log_or_checkpoint,只读冻结；未执行
A_route/problem3/02_batch_run/logs/checkpoints/P3_ZERO_TERMINAL_061218/2025-05-30.json.gz,c524abba73bc0e254ad766d7490ff07877348b263226dc208c11d895909aa0ea,309144,batch_log_or_checkpoint,只读冻结；未执行
A_route/problem3/02_batch_run/logs/checkpoints/P3_ZERO_TERMINAL_061218/2025-05-31.json.gz,e73dd6d27ffdf409a11cf1856f462f6e8326f48945cb0b555b79b5999be75e24,313384,batch_log_or_checkpoint,只读冻结；未执行
A_route/problem3/02_batch_run/logs/checkpoints/P3_ZERO_TERMINAL_061218/2025-06-01.json.gz,742e0a072d128f0959697e9ce8d79e53fb6eb97d489165591a8ed249d891edfe,335861,batch_log_or_checkpoint,只读冻结；未执行
A_route/problem3/02_batch_run/logs/checkpoints/P3_ZERO_TERMINAL_061218/2025-06-02.json.gz,1793912847e63346962a54faf79ff3356e5edc0c4bf10751584dd9b7875cf3e2,334732,batch_log_or_checkpoint,只读冻结；未执行
A_route/problem3/02_batch_run/logs/checkpoints/P3_ZERO_TERMINAL_061218/2025-06-03.json.gz,99a704cc4bb85e835e6e7f2c8492d76d88c3fa9fcc438e070f0c732551f92139,344301,batch_log_or_checkpoint,只读冻结；未执行
A_route/problem3/02_batch_run/logs/checkpoints/P3_ZERO_TERMINAL_061218/2025-06-04.json.gz,8d133b4da964d354f10989de64501ebc13a847dd655f8ca364d8c4f81da01fc3,341909,batch_log_or_checkpoint,只读冻结；未执行
A_route/problem3/02_batch_run/logs/checkpoints/P3_ZERO_TERMINAL_061218/2025-06-05.json.gz,1fa9e8ba8d3982d8e3abc4cacd07466a701acbee2711558a65fd03619fbe47a6,352178,batch_log_or_checkpoint,只读冻结；未执行
A_route/problem3/02_batch_run/logs/checkpoints/P3_ZERO_TERMINAL_061218/2025-06-06.json.gz,fd01c45f01743e9f88bbf6a879987c4f55d031024167ba73d915b524086449bd,327399,batch_log_or_checkpoint,只读冻结；未执行
A_route/problem3/02_batch_run/logs/checkpoints/P3_ZERO_TERMINAL_061218/2025-06-07.json.gz,bc11f0ee45067b184de876214c7a788eda15ad88e3da70a75496b3bf347d5101,329639,batch_log_or_checkpoint,只读冻结；未执行
A_route/problem3/02_batch_run/logs/checkpoints/P3_ZERO_TERMINAL_061218/2025-06-08.json.gz,fcefd00ef8c7e7f5d0fbf2bbb4b771d6f7becaf526b2b71af58e9c0b0138581f,330157,batch_log_or_checkpoint,只读冻结；未执行
A_route/problem3/02_batch_run/logs/checkpoints/P3_ZERO_TERMINAL_061218/2025-06-09.json.gz,00441f7bf1f4ea1447a51ecb47e3fca74773997905db0d5e97a2222672e5b6f0,324736,batch_log_or_checkpoint,只读冻结；未执行
A_route/problem3/02_batch_run/logs/checkpoints/P3_ZERO_TERMINAL_061218/2025-06-10.json.gz,894b4ddbe16b34f2fec060881f35daa73e43038306f2589c46611a620ac8a99f,329568,batch_log_or_checkpoint,只读冻结；未执行
A_route/problem3/02_batch_run/logs/checkpoints/P3_ZERO_TERMINAL_061218/2025-06-11.json.gz,814501444cf74b2d6ddcf04fed5677f1337dde343c3b75825df8b4068ab0b142,329978,batch_log_or_checkpoint,只读冻结；未执行
A_route/problem3/02_batch_run/logs/checkpoints/P3_ZERO_TERMINAL_061218/2025-06-12.json.gz,23726ddd560144c789112ba09640369ddbab1f56bc5466bf05e6af5dbe7a0d4f,326752,batch_log_or_checkpoint,只读冻结；未执行
A_route/problem3/02_batch_run/logs/checkpoints/P3_ZERO_TERMINAL_061218/2025-06-13.json.gz,6a12c0575bb193144157e643a16facf31ffdcbcd1ff5012bd936d758f6e53993,315068,batch_log_or_checkpoint,只读冻结；未执行
A_route/problem3/02_batch_run/logs/checkpoints/P3_ZERO_TERMINAL_061218/2025-06-14.json.gz,b3570a8c9429d5acca63a60a8f219faebb298f62fbfa2d5517fe93c54fe272d1,316388,batch_log_or_checkpoint,只读冻结；未执行
A_route/problem3/02_batch_run/logs/checkpoints/P3_ZERO_TERMINAL_061218/2025-06-15.json.gz,d27974bfdab0266dd5e4ce2655ecd712787ebf87747a358b8d6e40ab34f9160a,339526,batch_log_or_checkpoint,只读冻结；未执行
A_route/problem3/02_batch_run/logs/checkpoints/P3_ZERO_TERMINAL_061218/2025-06-16.json.gz,8964ed3f5f0f6d4304a10e4164170e2841aee6fe8f9a60b4e2c866d3c5d64cf4,333278,batch_log_or_checkpoint,只读冻结；未执行
A_route/problem3/02_batch_run/logs/checkpoints/P3_ZERO_TERMINAL_061218/2025-06-17.json.gz,b3d2df77de3f35f8cacd87817e0c99e8c3b73fb492dd9fb43154538cd3288426,334839,batch_log_or_checkpoint,只读冻结；未执行
A_route/problem3/02_batch_run/logs/checkpoints/P3_ZERO_TERMINAL_061218/2025-06-18.json.gz,85a35dbab7ecbe13c39d86245dea66a0dd5560644190e481c0999b6bb8095649,334955,batch_log_or_checkpoint,只读冻结；未执行
A_route/problem3/02_batch_run/logs/checkpoints/P3_ZERO_TERMINAL_061218/2025-06-19.json.gz,75790b2af4873147554bad65c5f1c895e8c1a76b373152e4042366cde957fb9f,333832,batch_log_or_checkpoint,只读冻结；未执行
A_route/problem3/02_batch_run/logs/checkpoints/P3_ZERO_TERMINAL_061218/2025-06-20.json.gz,23ee234878db742406bb3ff69ea27ca95e6498f50430a8b013d721b5a364701c,311243,batch_log_or_checkpoint,只读冻结；未执行
A_route/problem3/02_batch_run/logs/checkpoints/P3_ZERO_TERMINAL_061218/2025-06-21.json.gz,30290680dba8080d15ac9086373dc1b15afb5200ae370163f5300f8916750fd9,314356,batch_log_or_checkpoint,只读冻结；未执行
A_route/problem3/02_batch_run/logs/checkpoints/P3_ZERO_TERMINAL_061218/2025-06-22.json.gz,d01c74392bee687eecb5c0a8496faf21d420d4d17f9fbf119e8b984776a47594,339937,batch_log_or_checkpoint,只读冻结；未执行
A_route/problem3/02_batch_run/logs/checkpoints/P3_ZERO_TERMINAL_061218/2025-06-23.json.gz,a5a9d9b870f7271d4b1528e3f00c0a50bb0dcc4497d2238ab10a0ab5b1970f26,329968,batch_log_or_checkpoint,只读冻结；未执行
A_route/problem3/02_batch_run/logs/checkpoints/P3_ZERO_TERMINAL_061218/2025-06-24.json.gz,43876dcb72a26c47ce23fd69b3543892b6e32c01dc581d355371cbb031c69916,329208,batch_log_or_checkpoint,只读冻结；未执行
A_route/problem3/02_batch_run/logs/checkpoints/P3_ZERO_TERMINAL_061218/2025-06-25.json.gz,9dd607a76b6d0443102d1d43fe78144e72f28158e50dc2a7e8caca5468071f15,339119,batch_log_or_checkpoint,只读冻结；未执行
A_route/problem3/02_batch_run/logs/checkpoints/P3_ZERO_TERMINAL_061218/2025-06-26.json.gz,d41290a795d9590f748b2dd986e315835aabdb334f0dd467878103c44c4a6982,331693,batch_log_or_checkpoint,只读冻结；未执行
A_route/problem3/02_batch_run/logs/checkpoints/P3_ZERO_TERMINAL_061218/2025-06-27.json.gz,d1123f9b96e4d2e1823866d1e309ccaf7e8d2ae5419892f69601c63cd02d1c3a,309575,batch_log_or_checkpoint,只读冻结；未执行
A_route/problem3/02_batch_run/logs/checkpoints/P3_ZERO_TERMINAL_061218/2025-06-28.json.gz,334317c094911fa29f0b158c37801391925432903088c15107f2d368cb5d0a81,316083,batch_log_or_checkpoint,只读冻结；未执行
A_route/problem3/02_batch_run/logs/checkpoints/P3_ZERO_TERMINAL_061218/2025-06-29.json.gz,1c88d1071ca82329192ee3268530822d6f589b35dc55c837cd291fabd20c5215,340941,batch_log_or_checkpoint,只读冻结；未执行
A_route/problem3/02_batch_run/logs/checkpoints/P3_ZERO_TERMINAL_061218/2025-06-30.json.gz,62d55f69e19ddea1ab3476f94f015026f0a52144d4c995732bd17d434a388d8c,327803,batch_log_or_checkpoint,只读冻结；未执行
A_route/problem3/02_batch_run/logs/checkpoints/P3_ZERO_TERMINAL_061218/2025-07-01.json.gz,6d4928b82017d5a9203b46861d8a686e559915549b092ed20c37a8315402c540,362398,batch_log_or_checkpoint,只读冻结；未执行
A_route/problem3/02_batch_run/logs/checkpoints/P3_ZERO_TERMINAL_061218/2025-07-02.json.gz,10bb9a6649989c7ca0c0eebc45df23d5e531eafbe3c3648cc8a605a90e0f15a7,355655,batch_log_or_checkpoint,只读冻结；未执行
A_route/problem3/02_batch_run/logs/checkpoints/P3_ZERO_TERMINAL_061218/2025-07-03.json.gz,cab958cefc4aef36221ee03f423efe560a780193b607ac43207a9f7c1ff3489f,350906,batch_log_or_checkpoint,只读冻结；未执行
A_route/problem3/02_batch_run/logs/checkpoints/P3_ZERO_TERMINAL_061218/2025-07-04.json.gz,d86c853890492c9a2480d26eb8b90caeb65978a18c966c2dd86a734238a98dc4,332800,batch_log_or_checkpoint,只读冻结；未执行
A_route/problem3/02_batch_run/logs/checkpoints/P3_ZERO_TERMINAL_061218/2025-07-05.json.gz,aa21f046809e40c7d72a97d114d4e0b49ab688053f8d757cc53641c72a4df46e,340248,batch_log_or_checkpoint,只读冻结；未执行
A_route/problem3/02_batch_run/logs/checkpoints/P3_ZERO_TERMINAL_061218/2025-07-06.json.gz,487dd7ddbf373463c33ee695d0ec21e0e05ba8eb2376bc58555a56053aa8886b,362404,batch_log_or_checkpoint,只读冻结；未执行
A_route/problem3/02_batch_run/logs/checkpoints/P3_ZERO_TERMINAL_061218/2025-07-07.json.gz,8074409d0a50498dc9651fdaddd04fe167374ae78b27a5a5912adb4287046cf3,353629,batch_log_or_checkpoint,只读冻结；未执行
A_route/problem3/02_batch_run/logs/checkpoints/P3_ZERO_TERMINAL_061218/2025-07-08.json.gz,985701292a0e3f43f23c1009b7e72e1ae0ae3cc5b66bc9e97650493b284df599,326955,batch_log_or_checkpoint,只读冻结；未执行
A_route/problem3/02_batch_run/logs/checkpoints/P3_ZERO_TERMINAL_061218/2025-07-09.json.gz,13e118d950aa821cd20531f1aa430e5f735be668311200dd67551d87969a1638,327280,batch_log_or_checkpoint,只读冻结；未执行
A_route/problem3/02_batch_run/logs/checkpoints/P3_ZERO_TERMINAL_061218/2025-07-10.json.gz,b56ac7f5b7896421a724291c22116a4b70ace1dc4cd9f0e02f56d8bc40a32ef4,322898,batch_log_or_checkpoint,只读冻结；未执行
A_route/problem3/02_batch_run/logs/checkpoints/P3_ZERO_TERMINAL_061218/2025-07-11.json.gz,e38e519cbd62437770fc54a84246beff34bc5462e8f34d637d1160b96e721f6c,311004,batch_log_or_checkpoint,只读冻结；未执行
A_route/problem3/02_batch_run/logs/checkpoints/P3_ZERO_TERMINAL_061218/2025-07-12.json.gz,0a7597f49b70c95f87c906c817fc91203f5b8897996efd1f882d4b2f20d6331e,316480,batch_log_or_checkpoint,只读冻结；未执行
A_route/problem3/02_batch_run/logs/checkpoints/P3_ZERO_TERMINAL_061218/2025-07-13.json.gz,b202bb9d669adc79fe2e2bd39971386cb844bb35037647f22df3177b9e99a8ec,324598,batch_log_or_checkpoint,只读冻结；未执行
A_route/problem3/02_batch_run/logs/checkpoints/P3_ZERO_TERMINAL_061218/2025-07-14.json.gz,068b2b7c3cd274ffa9bc3e6b9722769a9bd69570108afa6b88c8ee2a27d15303,327250,batch_log_or_checkpoint,只读冻结；未执行
A_route/problem3/02_batch_run/logs/checkpoints/P3_ZERO_TERMINAL_061218/2025-07-15.json.gz,08471a24dd5cafb2bc59831ed0f7a1326601c3b90d967aa8baeb398a53acef17,327112,batch_log_or_checkpoint,只读冻结；未执行
A_route/problem3/02_batch_run/logs/checkpoints/P3_ZERO_TERMINAL_061218/2025-07-16.json.gz,b8c09e3f553661b7bbc726bc153061f9b3d7734f8c420e8c8f6d55d07619d8f4,327839,batch_log_or_checkpoint,只读冻结；未执行
A_route/problem3/02_batch_run/logs/checkpoints/P3_ZERO_TERMINAL_061218/2025-07-17.json.gz,fc6fcb25d9393f922579c7cbc205811b195570591e6573f365046be21c06e122,325995,batch_log_or_checkpoint,只读冻结；未执行
A_route/problem3/02_batch_run/logs/checkpoints/P3_ZERO_TERMINAL_061218/2025-07-18.json.gz,54f3e7fa6e088146c0e3c62575ea4b4750ebcfce26e49dc12e5ec078375232f3,309383,batch_log_or_checkpoint,只读冻结；未执行
A_route/problem3/02_batch_run/logs/checkpoints/P3_ZERO_TERMINAL_061218/2025-07-19.json.gz,082a5591ad390419000d0ba0b4b3c102639b09dcc9cd227cfbddf242a0641bcf,313663,batch_log_or_checkpoint,只读冻结；未执行
A_route/problem3/02_batch_run/logs/checkpoints/P3_ZERO_TERMINAL_061218/2025-07-20.json.gz,03c1470fff997b2f81d716af179d485f956b7eaea8ad44b6a81070ef8846ea84,325541,batch_log_or_checkpoint,只读冻结；未执行
A_route/problem3/02_batch_run/logs/checkpoints/P3_ZERO_TERMINAL_061218/2025-07-21.json.gz,48797e35601abffc18bbfee0e8514c66551dd28894ec1b08715c8accc4a315ba,328970,batch_log_or_checkpoint,只读冻结；未执行
A_route/problem3/02_batch_run/logs/checkpoints/P3_ZERO_TERMINAL_061218/2025-07-22.json.gz,4f21049902f9557101e104e704661894943905fedf568151bef16c53704ec85d,338975,batch_log_or_checkpoint,只读冻结；未执行
A_route/problem3/02_batch_run/logs/checkpoints/P3_ZERO_TERMINAL_061218/2025-07-23.json.gz,746c526abc0eb89df3ba644156a4a275329df1634898483e189b70f77e35ec03,327342,batch_log_or_checkpoint,只读冻结；未执行
A_route/problem3/02_batch_run/logs/checkpoints/P3_ZERO_TERMINAL_061218/2025-07-24.json.gz,b7396ac8f36de0740639b5bb499868fb2956cb844bd1c5a684d545ca90ee9038,318075,batch_log_or_checkpoint,只读冻结；未执行
A_route/problem3/02_batch_run/logs/checkpoints/P3_ZERO_TERMINAL_061218/2025-07-25.json.gz,a84f7c0bc90b3a840c0dc59e6b69da60bac99661e5be796481aac46ab3da6fd0,308205,batch_log_or_checkpoint,只读冻结；未执行
A_route/problem3/02_batch_run/logs/checkpoints/P3_ZERO_TERMINAL_061218/2025-07-26.json.gz,85f604c81a1e317c0d66a808e862b822d3d9fcd8ab31c253ebb08d4022571958,315692,batch_log_or_checkpoint,只读冻结；未执行
A_route/problem3/02_batch_run/logs/checkpoints/P3_ZERO_TERMINAL_061218/2025-07-27.json.gz,370c8b83c3354bd5e5cbb01af74e356320e3c67f604df0e99867b33911f1a4a7,330985,batch_log_or_checkpoint,只读冻结；未执行
A_route/problem3/02_batch_run/logs/checkpoints/P3_ZERO_TERMINAL_061218/2025-07-28.json.gz,f9c5d2094fdcd1f5d47e7681188d3829d7e87870c9dbd2630ab0ddd313a43149,326276,batch_log_or_checkpoint,只读冻结；未执行
A_route/problem3/02_batch_run/logs/checkpoints/P3_ZERO_TERMINAL_061218/2025-07-29.json.gz,36e5b8e396e1e3e85d94671f1a9d0899e40dd6d07c787ec84bdb230201ae4341,327333,batch_log_or_checkpoint,只读冻结；未执行
A_route/problem3/02_batch_run/logs/checkpoints/P3_ZERO_TERMINAL_061218/2025-07-30.json.gz,c312205de6ccfb0e473b7a794b6832a368caf1d4e637c4c1a4e8a5a900cad581,341882,batch_log_or_checkpoint,只读冻结；未执行
A_route/problem3/02_batch_run/logs/checkpoints/P3_ZERO_TERMINAL_061218/2025-07-31.json.gz,b2f0fe664b500f4eb771f316ad3e68e1675c092e04835ec0a1b2998a90f85388,320676,batch_log_or_checkpoint,只读冻结；未执行
A_route/problem3/02_batch_run/logs/checkpoints/P3_ZERO_TERMINAL_061218/2025-08-01.json.gz,e1b142336b9e760c7344ef36eb0086dd2573e4456f59b41d40c2cb15954300ec,304635,batch_log_or_checkpoint,只读冻结；未执行
A_route/problem3/02_batch_run/logs/checkpoints/P3_ZERO_TERMINAL_061218/2025-08-02.json.gz,7fbfcc0e7f4c2e69a5f2ab6c4ab13be516e917e8989e6afdbfecff557dbd1d86,314057,batch_log_or_checkpoint,只读冻结；未执行
A_route/problem3/02_batch_run/logs/checkpoints/P3_ZERO_TERMINAL_061218/2025-08-03.json.gz,ffa1f8958eeeb23d572d0031f46a20f656a53e8fdda6203adb839c2647e6d986,327988,batch_log_or_checkpoint,只读冻结；未执行
A_route/problem3/02_batch_run/logs/checkpoints/P3_ZERO_TERMINAL_061218/2025-08-04.json.gz,b73a1ef8c5b217104ae0390fe68ed1e7e47f27605424129b26b6abb3a493d578,331478,batch_log_or_checkpoint,只读冻结；未执行
A_route/problem3/02_batch_run/logs/checkpoints/P3_ZERO_TERMINAL_061218/2025-08-05.json.gz,aa3a338c39c984575d726d370f86fcaded651695ec92fc636a473a7bebfbb6a5,335435,batch_log_or_checkpoint,只读冻结；未执行
A_route/problem3/02_batch_run/logs/checkpoints/P3_ZERO_TERMINAL_061218/2025-08-06.json.gz,4be06b24660d79da95913d79ac14d200f2ca2c96332d44c0d7de7b12572541de,326074,batch_log_or_checkpoint,只读冻结；未执行
A_route/problem3/02_batch_run/logs/checkpoints/P3_ZERO_TERMINAL_061218/2025-08-07.json.gz,8845d2dab9c7efb135099258b19fc6990898e24888c518484aa2178e42e02577,327584,batch_log_or_checkpoint,只读冻结；未执行
A_route/problem3/02_batch_run/logs/checkpoints/P3_ZERO_TERMINAL_061218/2025-08-08.json.gz,172268b6901c6ca228b669cdc374748caae43ba3f442615f1cbc82b9bfc0b4e7,303511,batch_log_or_checkpoint,只读冻结；未执行
A_route/problem3/02_batch_run/logs/checkpoints/P3_ZERO_TERMINAL_061218/2025-08-09.json.gz,93b0c8c7b3a3537b0a3fafdbca74fde41dea0b0d41efa0a42df365a3a41fad36,312443,batch_log_or_checkpoint,只读冻结；未执行
A_route/problem3/02_batch_run/logs/checkpoints/P3_ZERO_TERMINAL_061218/2025-08-10.json.gz,339f8b294aac5d98e3a0054c4cb158686f368bbc04c39fe216989f089f461bf5,325940,batch_log_or_checkpoint,只读冻结；未执行
A_route/problem3/02_batch_run/logs/checkpoints/P3_ZERO_TERMINAL_061218/2025-08-11.json.gz,e4181612bd7b58e0ace805a2b53f3efbade917d85de225c4018f924ebbb65d46,338759,batch_log_or_checkpoint,只读冻结；未执行
A_route/problem3/02_batch_run/logs/checkpoints/P3_ZERO_TERMINAL_061218/2025-08-12.json.gz,c3af380afe5bce73a463849b463f778bd8d6ea162ef943097352484bb0e0b67d,340085,batch_log_or_checkpoint,只读冻结；未执行
A_route/problem3/02_batch_run/logs/checkpoints/P3_ZERO_TERMINAL_061218/2025-08-13.json.gz,5b3373012751795d19b21a6f3e51b45ff04f3aeda078d96528d792a9f2d8dda8,343869,batch_log_or_checkpoint,只读冻结；未执行
A_route/problem3/02_batch_run/logs/checkpoints/P3_ZERO_TERMINAL_061218/2025-08-14.json.gz,a9a391c6deb2415433947a8b85fd614a3a9503cc79cc9be573b22d5f66bfbf7c,328108,batch_log_or_checkpoint,只读冻结；未执行
A_route/problem3/02_batch_run/logs/checkpoints/P3_ZERO_TERMINAL_061218/2025-08-15.json.gz,bd3f4f0da04b39b323cec0b95e2dca0da130d984b243957bf42a61565e13ad52,307045,batch_log_or_checkpoint,只读冻结；未执行
A_route/problem3/02_batch_run/logs/checkpoints/P3_ZERO_TERMINAL_061218/2025-08-16.json.gz,75509bf56d43b2951d3fed4d4a443243da7106dbae7de3002ddbe94bf7153247,315315,batch_log_or_checkpoint,只读冻结；未执行
A_route/problem3/02_batch_run/logs/checkpoints/P3_ZERO_TERMINAL_061218/2025-08-17.json.gz,fc513344aef145ad21ce77ab00a8feb37d128b8a65ca39cde3d5dbb5d59f6609,327651,batch_log_or_checkpoint,只读冻结；未执行
A_route/problem3/02_batch_run/logs/checkpoints/P3_ZERO_TERMINAL_061218/2025-08-18.json.gz,3fe5ab77a1d141dcee93ad25d88462f6bdf49adee8258146f5d7af66ecdf8b01,331836,batch_log_or_checkpoint,只读冻结；未执行
A_route/problem3/02_batch_run/logs/checkpoints/P3_ZERO_TERMINAL_061218/2025-08-19.json.gz,b065e3d2e2886aa4ebf1c52699ed83338f7dc7a036e8e4621f3072867880db72,331394,batch_log_or_checkpoint,只读冻结；未执行
A_route/problem3/02_batch_run/logs/checkpoints/P3_ZERO_TERMINAL_061218/2025-08-20.json.gz,c2510d3fd450c522631ec21113f551b59cc4d0c7edc36b199e6872ebbd4e351e,335039,batch_log_or_checkpoint,只读冻结；未执行
A_route/problem3/02_batch_run/logs/checkpoints/P3_ZERO_TERMINAL_061218/2025-08-21.json.gz,8582917c49ed313c6d2683c8bf8828a6261323bb6f8abe19e4107b579538ff2e,323166,batch_log_or_checkpoint,只读冻结；未执行
A_route/problem3/02_batch_run/logs/checkpoints/P3_ZERO_TERMINAL_061218/2025-08-22.json.gz,e5a7fa88880121fc1edc0404eeff50ddbeb05066e8125962a3b56436220a057d,309847,batch_log_or_checkpoint,只读冻结；未执行
A_route/problem3/02_batch_run/logs/checkpoints/P3_ZERO_TERMINAL_061218/2025-08-23.json.gz,84cc6a561f2d89eae876a0b11b7b6aa0f92ebb7b85ac2efc6d95f30c14d0042d,322738,batch_log_or_checkpoint,只读冻结；未执行
A_route/problem3/02_batch_run/logs/checkpoints/P3_ZERO_TERMINAL_061218/2025-08-24.json.gz,48384716119769f5fa45144b322fff976713f66384fa2f0102785cb4e2707e5e,336121,batch_log_or_checkpoint,只读冻结；未执行
A_route/problem3/02_batch_run/logs/checkpoints/P3_ZERO_TERMINAL_061218/2025-08-25.json.gz,ee8875fc56e9a04fba6a4df394e81ecf2b2a3a909d8c0d832b8d3aee57d3d0b4,324699,batch_log_or_checkpoint,只读冻结；未执行
A_route/problem3/02_batch_run/logs/checkpoints/P3_ZERO_TERMINAL_061218/2025-08-26.json.gz,ed386353ebb28937a095cf40659f9072ac4420cd5c31c3821ef7e036c7144720,332022,batch_log_or_checkpoint,只读冻结；未执行
A_route/problem3/02_batch_run/logs/checkpoints/P3_ZERO_TERMINAL_061218/2025-08-27.json.gz,fa89e6c1f231211b30d0d29924f1ca43dd856b8f8273ec1f651256f839904b7f,344138,batch_log_or_checkpoint,只读冻结；未执行
A_route/problem3/02_batch_run/logs/checkpoints/P3_ZERO_TERMINAL_061218/2025-08-28.json.gz,f9acd6e2c87ab1314a386f9b6789bce6ed5662bb050edcfe5dcdf848a068c34e,339250,batch_log_or_checkpoint,只读冻结；未执行
A_route/problem3/02_batch_run/logs/checkpoints/P3_ZERO_TERMINAL_061218/2025-08-29.json.gz,fa3d300a6a829441510d573bfc8aedcb50fedec8ba0a7ce0f2591b8a29505981,304563,batch_log_or_checkpoint,只读冻结；未执行
A_route/problem3/02_batch_run/logs/checkpoints/P3_ZERO_TERMINAL_061218/2025-08-30.json.gz,dedb376929e46deaf77d5be84e651163263c187f21b293eef52f6fd2bc5761bc,314385,batch_log_or_checkpoint,只读冻结；未执行
A_route/problem3/02_batch_run/logs/checkpoints/P3_ZERO_TERMINAL_061218/2025-08-31.json.gz,d6677c02847203ca999216ff6a31f7b43e9b39f004f689ba9ea5f755facd32d5,330794,batch_log_or_checkpoint,只读冻结；未执行
A_route/problem3/02_batch_run/logs/checkpoints/P3_ZERO_TERMINAL_061218/2025-09-01.json.gz,3fcca0a9f1a747b452dd1ba5bd8e81bdc70e988a561d451508de39c4ab11c605,327378,batch_log_or_checkpoint,只读冻结；未执行
A_route/problem3/02_batch_run/logs/checkpoints/P3_ZERO_TERMINAL_061218/2025-09-02.json.gz,9d44dd57ada9c6cd5df0b7056dd1c3dd8e60064f4fb3938b882c15ae4c728e58,336714,batch_log_or_checkpoint,只读冻结；未执行
A_route/problem3/02_batch_run/logs/checkpoints/P3_ZERO_TERMINAL_061218/2025-09-03.json.gz,88090432992a443bd5525fbdbeb43f115cc98ed12b3f71befd8c1d34fb79b212,327359,batch_log_or_checkpoint,只读冻结；未执行
A_route/problem3/02_batch_run/logs/checkpoints/P3_ZERO_TERMINAL_061218/2025-09-04.json.gz,25c79bd45d7ac8e8158f95ed7a26c21092b83084e399671cee1ab6cab663ed22,315158,batch_log_or_checkpoint,只读冻结；未执行
A_route/problem3/02_batch_run/logs/checkpoints/P3_ZERO_TERMINAL_061218/2025-09-05.json.gz,9a252e43975db197b3da1c05792c6d563fbd9099303c41ffbd150f676f00be16,300420,batch_log_or_checkpoint,只读冻结；未执行
A_route/problem3/02_batch_run/logs/checkpoints/P3_ZERO_TERMINAL_061218/2025-09-06.json.gz,735fb3ff49244b2137d86bfda03ccb915b7669b8cd1eba7149461fd2d5d91e72,309428,batch_log_or_checkpoint,只读冻结；未执行
A_route/problem3/02_batch_run/logs/checkpoints/P3_ZERO_TERMINAL_061218/2025-09-07.json.gz,eb24ac29ab709d6f470fc8baad4e4b6a0f1ace1f2583b846a26d4df707cc2401,323859,batch_log_or_checkpoint,只读冻结；未执行
A_route/problem3/02_batch_run/logs/checkpoints/P3_ZERO_TERMINAL_061218/2025-09-08.json.gz,323c9cd869c92c9c9f07202cd111cb557ad0b18851595670a10579846d5fa958,329311,batch_log_or_checkpoint,只读冻结；未执行
A_route/problem3/02_batch_run/logs/checkpoints/P3_ZERO_TERMINAL_061218/2025-09-09.json.gz,d2d7e54ed075c1fa9fbe148b4fb55925c88fee76eb0bbea2ab086463d82b735e,334562,batch_log_or_checkpoint,只读冻结；未执行
A_route/problem3/02_batch_run/logs/checkpoints/P3_ZERO_TERMINAL_061218/2025-09-10.json.gz,95bf5f4a35d353b289b4d39f045efabed58fc5faf6ebf303207b91ce528f10f7,331702,batch_log_or_checkpoint,只读冻结；未执行
A_route/problem3/02_batch_run/logs/checkpoints/P3_ZERO_TERMINAL_061218/2025-09-11.json.gz,da25687cecaf46aeef8a6711d404666c0319c4376430aff99d7c9eabc875df66,316665,batch_log_or_checkpoint,只读冻结；未执行
A_route/problem3/02_batch_run/logs/checkpoints/P3_ZERO_TERMINAL_061218/2025-09-12.json.gz,44c41a349bf98d1af8b9be4a72aa9faca16e8fcc7230e31570361a106e7befb2,309862,batch_log_or_checkpoint,只读冻结；未执行
A_route/problem3/02_batch_run/logs/checkpoints/P3_ZERO_TERMINAL_061218/2025-09-13.json.gz,fda4f602e57ad3ab7679aa19b7e817cf3d9c25a0af2e46a0498ff8f1e4812cc2,311638,batch_log_or_checkpoint,只读冻结；未执行
A_route/problem3/02_batch_run/logs/checkpoints/P3_ZERO_TERMINAL_061218/2025-09-14.json.gz,6116be7460dbc5a691e4fb4d80ea58dd2ccbae19ed96556466740702a1813a9c,320637,batch_log_or_checkpoint,只读冻结；未执行
A_route/problem3/02_batch_run/logs/checkpoints/P3_ZERO_TERMINAL_061218/2025-09-15.json.gz,726f4db10131f2159589680873e0884c867dc97bb3bdab5dc78c3ad6be65c0f7,326434,batch_log_or_checkpoint,只读冻结；未执行
A_route/problem3/02_batch_run/logs/checkpoints/P3_ZERO_TERMINAL_061218/2025-09-16.json.gz,3b10f853edbd7df38b85f6cac20ae5dbbc4f06f21d0e15f6deb9cf09b134ad6a,327279,batch_log_or_checkpoint,只读冻结；未执行
A_route/problem3/02_batch_run/logs/checkpoints/P3_ZERO_TERMINAL_061218/2025-09-17.json.gz,7f28f7936a12f8e5b279e0a1f93c790a22556a2f753090c9aef8b0a6923c9c8b,324025,batch_log_or_checkpoint,只读冻结；未执行
A_route/problem3/02_batch_run/logs/checkpoints/P3_ZERO_TERMINAL_061218/2025-09-18.json.gz,e98d2b0b59e0b73c1af473abeb1bbfdf8281ed91473d72db3eb0349310a395e5,332060,batch_log_or_checkpoint,只读冻结；未执行
A_route/problem3/02_batch_run/logs/checkpoints/P3_ZERO_TERMINAL_061218/2025-09-19.json.gz,0216a0d3e4de533612b799de57af118a801092e982813578eca117859e81c7de,309385,batch_log_or_checkpoint,只读冻结；未执行
A_route/problem3/02_batch_run/logs/checkpoints/P3_ZERO_TERMINAL_061218/2025-09-20.json.gz,cc8b2c26e4ac174c95927a4e5fe552d1bf7e340be9c25a11713492a750f64956,316426,batch_log_or_checkpoint,只读冻结；未执行
A_route/problem3/02_batch_run/logs/checkpoints/P3_ZERO_TERMINAL_061218/2025-09-21.json.gz,cabe9febcc7a69785e901a45ca7ba95f3841a1dc83311c24e8ca47a4fc96a3e3,325453,batch_log_or_checkpoint,只读冻结；未执行
A_route/problem3/02_batch_run/logs/checkpoints/P3_ZERO_TERMINAL_061218/2025-09-22.json.gz,37992216507dca49f7cb96a00b9f9e94eab0e9cb46109c0e00b73492ce6c3e24,324759,batch_log_or_checkpoint,只读冻结；未执行
A_route/problem3/02_batch_run/logs/checkpoints/P3_ZERO_TERMINAL_061218/2025-09-23.json.gz,8e6d04a32712b2c82abf451329c66a71d9703e2ff87c3c99c36fcfc288981c98,322133,batch_log_or_checkpoint,只读冻结；未执行
A_route/problem3/02_batch_run/logs/checkpoints/P3_ZERO_TERMINAL_061218/2025-09-24.json.gz,cbb9188d16a53228fdce8b854607ea9cc1ab8570c3e860b59732fb948f28f5fa,341266,batch_log_or_checkpoint,只读冻结；未执行
A_route/problem3/02_batch_run/logs/checkpoints/P3_ZERO_TERMINAL_061218/2025-09-25.json.gz,100b64a26161f1bd7b42eb57585eb89d2abc713af09ee9579efd535a41169c92,329348,batch_log_or_checkpoint,只读冻结；未执行
A_route/problem3/02_batch_run/logs/checkpoints/P3_ZERO_TERMINAL_061218/2025-09-26.json.gz,4451c5917b5bf96c7cc8ee27a9c60e273a0ed8dd40545091ac5e8c5ce517fb91,304063,batch_log_or_checkpoint,只读冻结；未执行
A_route/problem3/02_batch_run/logs/checkpoints/P3_ZERO_TERMINAL_061218/2025-09-27.json.gz,bb4db032f6c4762b4067fc317a9fcb1c2888fb305024db5f7302d08e9798f5d0,320694,batch_log_or_checkpoint,只读冻结；未执行
A_route/problem3/02_batch_run/logs/checkpoints/P3_ZERO_TERMINAL_061218/2025-09-28.json.gz,1bdfc706c6bdc5520dd32bab84cc8a46bd5a6406fdc9860150b40e94643a19f0,339922,batch_log_or_checkpoint,只读冻结；未执行
A_route/problem3/02_batch_run/logs/checkpoints/P3_ZERO_TERMINAL_061218/2025-09-29.json.gz,66b1dbb1e071dcb3492cc9149170a0827084dbdc9821cedab25eed15270fa123,322401,batch_log_or_checkpoint,只读冻结；未执行
A_route/problem3/02_batch_run/logs/checkpoints/P3_ZERO_TERMINAL_061218/2025-09-30.json.gz,40329f1c701147e08d9a262a645277e8a871800ae369e4fbc208a03268213a19,330006,batch_log_or_checkpoint,只读冻结；未执行
A_route/problem3/02_batch_run/logs/checkpoints/P3_ZERO_TERMINAL_061218/2025-10-01.json.gz,b72f8e133f83d18761cfd9cb22077da4b7e160aa01968579d9483151f7ac5c1f,319662,batch_log_or_checkpoint,只读冻结；未执行
A_route/problem3/02_batch_run/logs/checkpoints/P3_ZERO_TERMINAL_061218/2025-10-02.json.gz,42676c9450ca704ee53d40be0641fcaa50d99fad1eb26079cc2e5b6b53056d61,314683,batch_log_or_checkpoint,只读冻结；未执行
A_route/problem3/02_batch_run/logs/checkpoints/P3_ZERO_TERMINAL_061218/2025-10-03.json.gz,725adc5f721d5c5f220df2863fb36a386e05014554ed352e12e7bc05b2ecff8f,306039,batch_log_or_checkpoint,只读冻结；未执行
A_route/problem3/02_batch_run/logs/checkpoints/P3_ZERO_TERMINAL_061218/2025-10-04.json.gz,22cfa50eeeb58eb097dc6498b8ad9fc80c6e9ef07f4b726c85a2a6cb977261ac,311723,batch_log_or_checkpoint,只读冻结；未执行
A_route/problem3/02_batch_run/logs/checkpoints/P3_ZERO_TERMINAL_061218/2025-10-05.json.gz,907ffed08fe10f4b66fd6ccc926f967c21ebdf402102ad99f666864ed1830d42,324410,batch_log_or_checkpoint,只读冻结；未执行
A_route/problem3/02_batch_run/logs/checkpoints/P3_ZERO_TERMINAL_061218/2025-10-06.json.gz,bf180fa6747fedb050d35d3a6ed87de2b9f26622124c993e2228b1f17184da63,330817,batch_log_or_checkpoint,只读冻结；未执行
A_route/problem3/02_batch_run/logs/checkpoints/P3_ZERO_TERMINAL_061218/2025-10-07.json.gz,0146828c7c681f0b7b7b9bdd69f58da582188fe92b1c2a9a55e09bfe4bcbf279,326737,batch_log_or_checkpoint,只读冻结；未执行
A_route/problem3/02_batch_run/logs/checkpoints/P3_ZERO_TERMINAL_061218/2025-10-08.json.gz,575f657bbe5bb983da76808f69eb0158f0edffdee72bf5af298171fb2caca519,320003,batch_log_or_checkpoint,只读冻结；未执行
A_route/problem3/02_batch_run/logs/checkpoints/P3_ZERO_TERMINAL_061218/2025-10-09.json.gz,aed59ae65b136dc507f1675d2625653cadf1e6a32e770361f59b862ad1f07cca,312527,batch_log_or_checkpoint,只读冻结；未执行
A_route/problem3/02_batch_run/logs/checkpoints/P3_ZERO_TERMINAL_061218/2025-10-10.json.gz,3a7bc345b5092b49e6f1a9f70ea6cb7583b60faac4260629b8d88d6f3b7111b3,305108,batch_log_or_checkpoint,只读冻结；未执行
A_route/problem3/02_batch_run/logs/checkpoints/P3_ZERO_TERMINAL_061218/2025-10-11.json.gz,4a92328a16650a74396509bc6ec9dbef219d0d62bcbd7dcd51bb2dc2f62f8531,312098,batch_log_or_checkpoint,只读冻结；未执行
A_route/problem3/02_batch_run/logs/checkpoints/P3_ZERO_TERMINAL_061218/2025-10-12.json.gz,a8fc29ec2df4e5cb0440568b558bf3d0bf8c661b3bbcd1274286bb45c3e02b6c,324964,batch_log_or_checkpoint,只读冻结；未执行
A_route/problem3/02_batch_run/logs/checkpoints/P3_ZERO_TERMINAL_061218/2025-10-13.json.gz,d0012678db3ac93e76c64bce5219fdd64579994504fad727e9f83a5263b1bbe4,320919,batch_log_or_checkpoint,只读冻结；未执行
A_route/problem3/02_batch_run/logs/checkpoints/P3_ZERO_TERMINAL_061218/2025-10-14.json.gz,db5adb8a4a1ea86c594224a7ead0d40e2e911197a7029e453a105d3f7d261dfc,330313,batch_log_or_checkpoint,只读冻结；未执行
A_route/problem3/02_batch_run/logs/checkpoints/P3_ZERO_TERMINAL_061218/2025-10-15.json.gz,2af0edd63de3d198c2c58de04bdb5c5502f16f76946eb5e4616a8a1a2c3189c2,322175,batch_log_or_checkpoint,只读冻结；未执行
A_route/problem3/02_batch_run/logs/checkpoints/P3_ZERO_TERMINAL_061218/2025-10-16.json.gz,d061c187e46b35f21ca9baa3dd9dfcd92c163d5cc5b9d612146a8f88084fbc29,323140,batch_log_or_checkpoint,只读冻结；未执行
A_route/problem3/02_batch_run/logs/checkpoints/P3_ZERO_TERMINAL_061218/2025-10-17.json.gz,7ea6a246a6bfaee8fca31e94f69787ff02d0438d18d5e89fd6a178ba046f7430,312936,batch_log_or_checkpoint,只读冻结；未执行
A_route/problem3/02_batch_run/logs/checkpoints/P3_ZERO_TERMINAL_061218/2025-10-18.json.gz,114ab043aec57e5f6aa4a5302b566639efc6087ef38bbb167decbb6e35b5d2b3,313463,batch_log_or_checkpoint,只读冻结；未执行
A_route/problem3/02_batch_run/logs/checkpoints/P3_ZERO_TERMINAL_061218/2025-10-19.json.gz,a9281d94bddc67d9f983b8c91d337f1088f4d55426f9f20820d3e72741f2a178,323898,batch_log_or_checkpoint,只读冻结；未执行
A_route/problem3/02_batch_run/logs/checkpoints/P3_ZERO_TERMINAL_061218/2025-10-20.json.gz,9960327df98a9f3d333d6169a69e43f2f630b41f2d4db460bfd4b9546c45054b,319786,batch_log_or_checkpoint,只读冻结；未执行
A_route/problem3/02_batch_run/logs/checkpoints/P3_ZERO_TERMINAL_061218/2025-10-21.json.gz,cee702772143ca20c19be5464952b233a55a85d7ab5f9c495116d9cce2102fb9,323549,batch_log_or_checkpoint,只读冻结；未执行
A_route/problem3/02_batch_run/logs/checkpoints/P3_ZERO_TERMINAL_061218/2025-10-22.json.gz,0c648cb2d6e0a012d95004051f1b86770c3083014b9453867d867c8d054df0db,323749,batch_log_or_checkpoint,只读冻结；未执行
A_route/problem3/02_batch_run/logs/checkpoints/P3_ZERO_TERMINAL_061218/2025-10-23.json.gz,4dbb65ec846b3477b4b76ab4e1f268bcbb64f804b6d0b0450edccf658997acb1,320607,batch_log_or_checkpoint,只读冻结；未执行
A_route/problem3/02_batch_run/logs/checkpoints/P3_ZERO_TERMINAL_061218/2025-10-24.json.gz,60e700ae5ba32a3d1e1f6016b3f4085a8a153d945f046c633f1a67ee60b7245f,309302,batch_log_or_checkpoint,只读冻结；未执行
A_route/problem3/02_batch_run/logs/checkpoints/P3_ZERO_TERMINAL_061218/2025-10-25.json.gz,0a42dd0c9cb4933f7b9fa5a021c92d4925f6117bc01a1a6535531bdf83ccd9d3,314919,batch_log_or_checkpoint,只读冻结；未执行
A_route/problem3/02_batch_run/logs/checkpoints/P3_ZERO_TERMINAL_061218/2025-10-26.json.gz,58d47676a0729602559afed8f3680397b737ec634a8052eb420086d4360e19b1,324714,batch_log_or_checkpoint,只读冻结；未执行
A_route/problem3/02_batch_run/logs/checkpoints/P3_ZERO_TERMINAL_061218/2025-10-27.json.gz,e7b493a9e7a9d8dd7a5122ecf59f1b675eed45f66cba01b7fcc7f0d7733ccf31,336905,batch_log_or_checkpoint,只读冻结；未执行
A_route/problem3/02_batch_run/logs/checkpoints/P3_ZERO_TERMINAL_061218/2025-10-28.json.gz,83e187bc3a61c422fd6a0567a65c481dc148e180e897fda7f45a0d7c2408e74f,332712,batch_log_or_checkpoint,只读冻结；未执行
A_route/problem3/02_batch_run/logs/checkpoints/P3_ZERO_TERMINAL_061218/2025-10-29.json.gz,98a80055326ccc4a40a2bad83ebf2d5cfc19d4674d89a1b28727ce6923e88ebd,325583,batch_log_or_checkpoint,只读冻结；未执行
A_route/problem3/02_batch_run/logs/checkpoints/P3_ZERO_TERMINAL_061218/2025-10-30.json.gz,d09961fa420aaf88745fbc72151ad85017655efbcb74d3b77da0710f940f745d,324032,batch_log_or_checkpoint,只读冻结；未执行
A_route/problem3/02_batch_run/logs/checkpoints/P3_ZERO_TERMINAL_061218/2025-10-31.json.gz,5f617ca22174c065f85549b28dfa19bcf4fc43d06174ed3cc72d700db5200d30,312002,batch_log_or_checkpoint,只读冻结；未执行
A_route/problem3/02_batch_run/logs/checkpoints/P3_ZERO_TERMINAL_061218/2025-11-01.json.gz,fa6d854efaa13868cad37886762c8418eeace0b553dfa870991807a6347a4b28,317594,batch_log_or_checkpoint,只读冻结；未执行
A_route/problem3/02_batch_run/logs/checkpoints/P3_ZERO_TERMINAL_061218/2025-11-02.json.gz,89dedf39ad5773b4d5b6d400671474f924fd4e185847c2180b94fef87a939dfe,342495,batch_log_or_checkpoint,只读冻结；未执行
A_route/problem3/02_batch_run/logs/checkpoints/P3_ZERO_TERMINAL_061218/2025-11-03.json.gz,9b7804d43c4b71c21ae5ff330108edd70abf89a7e6101cabe70a0c2ae69b8af7,331748,batch_log_or_checkpoint,只读冻结；未执行
A_route/problem3/02_batch_run/logs/checkpoints/P3_ZERO_TERMINAL_061218/2025-11-04.json.gz,e292e6d2386ff4b3b73be3c0d3c013048ca8686cc8a283d1b4f5c68ba7e383ba,334523,batch_log_or_checkpoint,只读冻结；未执行
A_route/problem3/02_batch_run/logs/checkpoints/P3_ZERO_TERMINAL_061218/2025-11-05.json.gz,2f3440997665ae01ed5843ae1ce1f63ab320998717af2ac73f0f674730e2d090,328073,batch_log_or_checkpoint,只读冻结；未执行
A_route/problem3/02_batch_run/logs/checkpoints/P3_ZERO_TERMINAL_061218/2025-11-06.json.gz,bba77228ea4fb7be2a5ddbac858f150b7a582816051772d67d4b7c9463b039a5,340148,batch_log_or_checkpoint,只读冻结；未执行
A_route/problem3/02_batch_run/logs/checkpoints/P3_ZERO_TERMINAL_061218/2025-11-07.json.gz,d788d64224ef81cdc5b75d49cdeda3eda082c656572110a2becf51c84c3c6c71,319291,batch_log_or_checkpoint,只读冻结；未执行
A_route/problem3/02_batch_run/logs/checkpoints/P3_ZERO_TERMINAL_061218/2025-11-08.json.gz,ca28978200a40cfaf5bc3fd58084a73e094a9fe5a73f652dda082d2753d6180d,315573,batch_log_or_checkpoint,只读冻结；未执行
A_route/problem3/02_batch_run/logs/checkpoints/P3_ZERO_TERMINAL_061218/2025-11-09.json.gz,e175749e90dc042c096db9d7a401622f52e538fa2f238109f8c0903dd00be7e4,327589,batch_log_or_checkpoint,只读冻结；未执行
A_route/problem3/02_batch_run/logs/checkpoints/P3_ZERO_TERMINAL_061218/2025-11-10.json.gz,b728e43da7c6e34c88133fd4fc7a134715658db8fbec29ff974fc14aa0848e1d,336527,batch_log_or_checkpoint,只读冻结；未执行
A_route/problem3/02_batch_run/logs/checkpoints/P3_ZERO_TERMINAL_061218/2025-11-11.json.gz,ed71dea7437cf612d1d47bd7d71d9775048755970b7c8d0d72f82cf07f35543a,328239,batch_log_or_checkpoint,只读冻结；未执行
A_route/problem3/02_batch_run/logs/checkpoints/P3_ZERO_TERMINAL_061218/2025-11-12.json.gz,6962daed7137f5755c6de2c00690b606b8c9c493b1359bfcd5b484f34bf3f519,333717,batch_log_or_checkpoint,只读冻结；未执行
A_route/problem3/02_batch_run/logs/checkpoints/P3_ZERO_TERMINAL_061218/2025-11-13.json.gz,006f23629ef620f6739f64c891c5f38eb152f45538c666cbeacd3fbd8ec8bdc5,334065,batch_log_or_checkpoint,只读冻结；未执行
A_route/problem3/02_batch_run/logs/checkpoints/P3_ZERO_TERMINAL_061218/2025-11-14.json.gz,1e2ff7fe71a700348e227abfc2284493f95f32599b5e39920e21db3fb05815c2,309669,batch_log_or_checkpoint,只读冻结；未执行
A_route/problem3/02_batch_run/logs/checkpoints/P3_ZERO_TERMINAL_061218/2025-11-15.json.gz,9ce52cf3a3b3fa25dc0aa0c6d13e72bc69dbeac0974ebabdffb9f1c13c372f82,318547,batch_log_or_checkpoint,只读冻结；未执行
A_route/problem3/02_batch_run/logs/checkpoints/P3_ZERO_TERMINAL_061218/2025-11-16.json.gz,e64cc662f3f8f03b2d2435480530d82d0dbe9b8005ca6960d6ad1d9e70a32236,340564,batch_log_or_checkpoint,只读冻结；未执行
A_route/problem3/02_batch_run/logs/checkpoints/P3_ZERO_TERMINAL_061218/2025-11-17.json.gz,b621b35afc09a5c2ff6fc2bbb5207e9d3155c238dfd1c2950805fcf3afbeff55,338738,batch_log_or_checkpoint,只读冻结；未执行
A_route/problem3/02_batch_run/logs/checkpoints/P3_ZERO_TERMINAL_061218/2025-11-18.json.gz,8cb303635562f5ba054ff11f4b3502626ec56beac2e5e1f1a0f46c34fa5ca476,326775,batch_log_or_checkpoint,只读冻结；未执行
A_route/problem3/02_batch_run/logs/checkpoints/P3_ZERO_TERMINAL_061218/2025-11-19.json.gz,1fd04dfc86d25a21a7c87302bd74d43e6d9b719cb6e2bab714b4734daa30842a,347513,batch_log_or_checkpoint,只读冻结；未执行
A_route/problem3/02_batch_run/logs/checkpoints/P3_ZERO_TERMINAL_061218/2025-11-20.json.gz,b451c41f7d807f1d0c610b40497b5c9e326085fb73969e23f9c69df9970ee13b,333053,batch_log_or_checkpoint,只读冻结；未执行
A_route/problem3/02_batch_run/logs/checkpoints/P3_ZERO_TERMINAL_061218/2025-11-21.json.gz,d8623960be57c47cbfe2c8a741d8d057b9c2d6f460ed683b823081d7edd67ce2,320292,batch_log_or_checkpoint,只读冻结；未执行
A_route/problem3/02_batch_run/logs/checkpoints/P3_ZERO_TERMINAL_061218/2025-11-22.json.gz,6f46ff023ad148e987191ce4468a7510095a389bdc834503a10f81df470d2573,317306,batch_log_or_checkpoint,只读冻结；未执行
A_route/problem3/02_batch_run/logs/checkpoints/P3_ZERO_TERMINAL_061218/2025-11-23.json.gz,e721f8ee21e0f321036e2c7777a9fdeb9211935c452038d48bf7d185b09ab1f4,333060,batch_log_or_checkpoint,只读冻结；未执行
A_route/problem3/02_batch_run/logs/checkpoints/P3_ZERO_TERMINAL_061218/2025-11-24.json.gz,734986a1b22cb89c70536706c78d78cf223fa045dddb03906b1b4c307095bfb3,330724,batch_log_or_checkpoint,只读冻结；未执行
A_route/problem3/02_batch_run/logs/checkpoints/P3_ZERO_TERMINAL_061218/2025-11-25.json.gz,0787029f6f432b0f1236e34377ebfae8b9504c75a54f180287b5fed642cb242d,319988,batch_log_or_checkpoint,只读冻结；未执行
A_route/problem3/02_batch_run/logs/checkpoints/P3_ZERO_TERMINAL_061218/2025-11-26.json.gz,12b0e35c4342c19b4c1cc3c88c74e18e98fe1996e37678777591a2e58d7084c5,324206,batch_log_or_checkpoint,只读冻结；未执行
A_route/problem3/02_batch_run/logs/checkpoints/P3_ZERO_TERMINAL_061218/2025-11-27.json.gz,bb842fa44425c67ed5ceb4d65df98f4902d4ac349679e344254991b1cc74ae84,322158,batch_log_or_checkpoint,只读冻结；未执行
A_route/problem3/02_batch_run/logs/checkpoints/P3_ZERO_TERMINAL_061218/2025-11-28.json.gz,84de87b40afc3c3265cbb5110454cdb1a3ca36ea5753f9e1b5372a1d99278bbd,313069,batch_log_or_checkpoint,只读冻结；未执行
A_route/problem3/02_batch_run/logs/checkpoints/P3_ZERO_TERMINAL_061218/2025-11-29.json.gz,91bfa4d011dd552b12bdcef1ca233fc6e2381f83a4db6b00e80cdfb6e3355583,317082,batch_log_or_checkpoint,只读冻结；未执行
A_route/problem3/02_batch_run/logs/checkpoints/P3_ZERO_TERMINAL_061218/2025-11-30.json.gz,b59501dfb729295d8c4a9ad292605863aa4c6060a4f436197d8cb64c81b041b4,336480,batch_log_or_checkpoint,只读冻结；未执行
A_route/problem3/02_batch_run/logs/checkpoints/P3_ZERO_TERMINAL_061218/2025-12-01.json.gz,9fa0c10d7721639caf27372e8acfaa769fa5c1cc92badd6dea985dbc5d052861,331787,batch_log_or_checkpoint,只读冻结；未执行
A_route/problem3/02_batch_run/logs/checkpoints/P3_ZERO_TERMINAL_061218/2025-12-02.json.gz,ba37ee5a12128a5d582f2aaea92f75013c35cbc624b1af1b14093d7f9e795161,332949,batch_log_or_checkpoint,只读冻结；未执行
A_route/problem3/02_batch_run/logs/checkpoints/P3_ZERO_TERMINAL_061218/2025-12-03.json.gz,c9544fda62963ea8f4b06cc2329dce525f3a5033c15b64e5ea0aebe36174277c,352206,batch_log_or_checkpoint,只读冻结；未执行
A_route/problem3/02_batch_run/logs/checkpoints/P3_ZERO_TERMINAL_061218/2025-12-04.json.gz,69c4996f27412163d6d93874e0f2bee0a81435659294bf2dd8d3972df22cdc46,336754,batch_log_or_checkpoint,只读冻结；未执行
A_route/problem3/02_batch_run/logs/checkpoints/P3_ZERO_TERMINAL_061218/2025-12-05.json.gz,73d95facbcdc277bdfdf17982fbef5d3d2107b27deee824ff8fdd480746d4d16,337712,batch_log_or_checkpoint,只读冻结；未执行
A_route/problem3/02_batch_run/logs/checkpoints/P3_ZERO_TERMINAL_061218/2025-12-06.json.gz,554c919e07a9c1bf92bc1f570dbed25d5d7541ccb3a2883eb5e38feb575b0ac1,336054,batch_log_or_checkpoint,只读冻结；未执行
A_route/problem3/02_batch_run/logs/checkpoints/P3_ZERO_TERMINAL_061218/2025-12-07.json.gz,3f08109e45aab928746016d1746d9466d6668610b01c12261ee03c6d60fcd4b7,337284,batch_log_or_checkpoint,只读冻结；未执行
A_route/problem3/02_batch_run/logs/checkpoints/P3_ZERO_TERMINAL_061218/2025-12-08.json.gz,000b4e8d1a21aeef87c7323799bd92cc5d186a42fa11e19bad45a59c99c04f7a,321775,batch_log_or_checkpoint,只读冻结；未执行
A_route/problem3/02_batch_run/logs/checkpoints/P3_ZERO_TERMINAL_061218/2025-12-09.json.gz,c8e652b96de6cdd3b8d28e080f89781f54b3e10052b85566a6085b120ab2b10a,322616,batch_log_or_checkpoint,只读冻结；未执行
A_route/problem3/02_batch_run/logs/checkpoints/P3_ZERO_TERMINAL_061218/2025-12-10.json.gz,ed620f2769af79d7ebabb9e8fdf8d10f8ca93f2584e5b329c4d0ce8e58d450cf,327368,batch_log_or_checkpoint,只读冻结；未执行
A_route/problem3/02_batch_run/logs/checkpoints/P3_ZERO_TERMINAL_061218/2025-12-11.json.gz,b0d6df9efff3b69171ac79a43af4a92318db7f61a9c84128a3d3ac8d190dcb02,318494,batch_log_or_checkpoint,只读冻结；未执行
A_route/problem3/02_batch_run/logs/checkpoints/P3_ZERO_TERMINAL_061218/2025-12-12.json.gz,7e8308368095411eba4146bbbca8ddccfb1442b5c163a4db775fbf608e6176e6,325781,batch_log_or_checkpoint,只读冻结；未执行
A_route/problem3/02_batch_run/logs/checkpoints/P3_ZERO_TERMINAL_061218/2025-12-13.json.gz,a067c58d5472ad9da2ac230b8addd62e8992a440a535cae0b08bb0d22340593b,325530,batch_log_or_checkpoint,只读冻结；未执行
A_route/problem3/02_batch_run/logs/checkpoints/P3_ZERO_TERMINAL_061218/2025-12-14.json.gz,f5b80efe223012171c3542563b693c41276f65a67127e90c66af77f463d9e8bc,330022,batch_log_or_checkpoint,只读冻结；未执行
A_route/problem3/02_batch_run/logs/checkpoints/P3_ZERO_TERMINAL_061218/2025-12-15.json.gz,55f834548ab163cd7639186f1a3771aa3c564d66df02c5020b757232421b76e8,332597,batch_log_or_checkpoint,只读冻结；未执行
A_route/problem3/02_batch_run/logs/checkpoints/P3_ZERO_TERMINAL_061218/2025-12-16.json.gz,04e618da8ef0dc614bf833c3b6d028fabeeb3ea5f6c4c52c20cb274c2c0987fa,319373,batch_log_or_checkpoint,只读冻结；未执行
A_route/problem3/02_batch_run/logs/checkpoints/P3_ZERO_TERMINAL_061218/2025-12-17.json.gz,8e59c972d566321092b54222222b51e82c3a5f3db7f5d78b280d2c550ff7ce9a,318894,batch_log_or_checkpoint,只读冻结；未执行
A_route/problem3/02_batch_run/logs/checkpoints/P3_ZERO_TERMINAL_061218/2025-12-18.json.gz,d46003a76eeb2060a5ad5d5548a47f996d5540abb5937113914aea2f8d10f327,326684,batch_log_or_checkpoint,只读冻结；未执行
A_route/problem3/02_batch_run/logs/checkpoints/P3_ZERO_TERMINAL_061218/2025-12-19.json.gz,d1d95d0685936f4a6c5dbb3cc1ea50e78eec3ba447865ab4f1b2e3aafe5cc0fa,322876,batch_log_or_checkpoint,只读冻结；未执行
A_route/problem3/02_batch_run/logs/checkpoints/P3_ZERO_TERMINAL_061218/2025-12-20.json.gz,19464238f5bb037f056e3ba04bdc79f3712c9cfcf4ec0871940aefddb3f7c9e3,317832,batch_log_or_checkpoint,只读冻结；未执行
A_route/problem3/02_batch_run/logs/checkpoints/P3_ZERO_TERMINAL_061218/2025-12-21.json.gz,40890a638921d41c35c1c0f348e46f8a3286784895fae7874321d8af8923c8c0,320998,batch_log_or_checkpoint,只读冻结；未执行
A_route/problem3/02_batch_run/logs/checkpoints/P3_ZERO_TERMINAL_061218/2025-12-22.json.gz,26783d4db0484d25863b27b8d16bcc1a53593ff884799303229be5614499c9d1,321879,batch_log_or_checkpoint,只读冻结；未执行
A_route/problem3/02_batch_run/logs/checkpoints/P3_ZERO_TERMINAL_061218/2025-12-23.json.gz,3bb49b0a8cf5d46ef622372676165c0f637bf6fc29555adafe7d9aa829113691,319894,batch_log_or_checkpoint,只读冻结；未执行
A_route/problem3/02_batch_run/logs/checkpoints/P3_ZERO_TERMINAL_061218/2025-12-24.json.gz,1360b1cdd7b6fab21c31f1c9a9d0e18b71eb08a6bea6759adaab396a3e53fd52,318499,batch_log_or_checkpoint,只读冻结；未执行
A_route/problem3/02_batch_run/logs/checkpoints/P3_ZERO_TERMINAL_061218/2025-12-25.json.gz,50e32d408758a241e3c6ff1d3fa2e42e54e6202833487dd3b073271311a38827,322893,batch_log_or_checkpoint,只读冻结；未执行
A_route/problem3/02_batch_run/logs/checkpoints/P3_ZERO_TERMINAL_061218/2025-12-26.json.gz,d4d40cdfab2ef9e0a4564ab7e6ecdd4fb6d429b644af22e61a70f18a0d2c5617,318390,batch_log_or_checkpoint,只读冻结；未执行
A_route/problem3/02_batch_run/logs/checkpoints/P3_ZERO_TERMINAL_061218/2025-12-27.json.gz,929347b52ebc0a7702dff0f89a920015b133d2cd7a4204986869773bc6533d11,318934,batch_log_or_checkpoint,只读冻结；未执行
A_route/problem3/02_batch_run/logs/checkpoints/P3_ZERO_TERMINAL_061218/2025-12-28.json.gz,9ef6729334909ae11addc56822b9722d217e6d5e81242a08fc5e26230b76347e,319492,batch_log_or_checkpoint,只读冻结；未执行
A_route/problem3/02_batch_run/logs/checkpoints/P3_ZERO_TERMINAL_061218/2025-12-29.json.gz,a1b081b8a30bd5434d26535fa00f80a567a117e06817d1b0371ea08d15dd7236,324636,batch_log_or_checkpoint,只读冻结；未执行
A_route/problem3/02_batch_run/logs/checkpoints/P3_ZERO_TERMINAL_061218/2025-12-30.json.gz,516dd0aae6d183cd14d7af65f67c5f90606928b36ca864c5e6fabbd60407c02b,322320,batch_log_or_checkpoint,只读冻结；未执行
A_route/problem3/02_batch_run/logs/checkpoints/P3_ZERO_TERMINAL_061218/2025-12-31.json.gz,619aeaf5ee550920b0efa99ceedac5ecc5e40f3417de910539d07380b996cceb,320047,batch_log_or_checkpoint,只读冻结；未执行
A_route/problem3/02_batch_run/logs/environment.json,2c9b1e3dd25f2dda9408f275bb7437506e301cd8aff5dd0e754a03d1968dc021,778,batch_log_or_checkpoint,只读冻结；未执行
A_route/problem3/02_batch_run/logs/export_format_recovery/close_gate_after_format_fix.py,ea14f9660600fdf8614bf2770327806cab101a7c025de475ae903fb0451e7338,8562,format_recovery,只读冻结；未执行
A_route/problem3/02_batch_run/logs/export_format_recovery/emergency.png,843d5cc2fbfffa956fb817c2852b5576017354a49f857286f11b79a0369ee39e,28237,format_recovery,只读冻结；未执行
A_route/problem3/02_batch_run/logs/export_format_recovery/format_correction_checks.json,8017ddc8d25b55dc32663f54bd881bb14d4c9d757d45beaccedb58e978f17a6c,1128,format_recovery,只读冻结；未执行
A_route/problem3/02_batch_run/logs/export_format_recovery/gate_closure.json,53198c4a681ca87621b8dfdf6785f42696efe5c1324fc6cce9b7bbecdf968093,1396,format_recovery,只读冻结；未执行
A_route/problem3/02_batch_run/logs/export_format_recovery/p3_batch_decision_first_failed.json,a9dbcc4dc3db2149b22d83fe24d5df02ce23252325912008578ad8f387ac2807,752,format_recovery,只读冻结；未执行
A_route/problem3/02_batch_run/logs/export_format_recovery/purchase_totals.png,ffb0e8b07898c0b32b3db570ac7a5afd851a573228d397f19a65de88af7545fe,27270,format_recovery,只读冻结；未执行
A_route/problem3/02_batch_run/logs/export_format_recovery/repair_date_formats.mjs,b80ae1eb00c5f8e9a1949885815b8d3f37442eede34610d19bb1cc234e78018c,2292,format_recovery,只读冻结；未执行
A_route/problem3/02_batch_run/logs/export_format_recovery/result3_first_failed.xlsx,c7ba28696993c55ae4ef3c913fd929e36d62886f8b0b88106695542f403fb2cc,890897,format_recovery,只读冻结；未执行
A_route/problem3/02_batch_run/logs/export_format_recovery/result3_format_corrected.tmp.xlsx.inspect.ndjson,ac3f68063aab7235b23523ae73f1f7859881009d42c91a64d5663dc5e6d9a604,40644486,format_recovery,只读冻结；未执行
A_route/problem3/02_batch_run/logs/export_format_recovery/storage_end.png,c9fad300ae7f7ee02bea7ab6155e4f57d76dabad51ed330885ad8110eed92bb8,62114,format_recovery,只读冻结；未执行
A_route/problem3/02_batch_run/logs/export_format_recovery/storage_middle.png,53da26726eb8d267c7e23744aa079d700dd85618246c3c58c48b0c5c6ce8ea09,57656,format_recovery,只读冻结；未执行
A_route/problem3/02_batch_run/logs/export_format_recovery/validate_format_correction.py,fc3cdbfac7a0d8b076a2a4557f6df6afa1a14c17439c5cb3371ae8a0858e7037,5244,format_recovery,只读冻结；未执行
A_route/problem3/02_batch_run/logs/export_format_recovery/workbook_validation_first_failed.json,67d20937e5e677c969bf34c79306f5d24823690a639ed873b9044b5564e678ff,281272,format_recovery,只读冻结；未执行
A_route/problem3/02_batch_run/logs/export_payload.json,f04b06820fdbdb62033307ea658cfdf38ee329b83a24d48548ea1b4b18050d51,1348680,batch_log_or_checkpoint,只读冻结；未执行
A_route/problem3/02_batch_run/logs/failure_or_recovery.jsonl,e4f51c168d54ba21d5f84e6944a7f9b829291f6e34b72bf4d541316a1beb7cbd,1090,batch_log_or_checkpoint,只读冻结；未执行
A_route/problem3/02_batch_run/logs/forecast_cache.npz,f458b6ede61574305418781d3613f9ffd6d3cf65455dbc8b64efba0df61fb304,4023398,batch_log_or_checkpoint,只读冻结；未执行
A_route/problem3/02_batch_run/logs/forecast_metadata.json,090cbb9f5cfcca7107220d08445a07d5da493124c4d25cfe78fa2d9de961aad7,1340386,batch_log_or_checkpoint,只读冻结；未执行
A_route/problem3/02_batch_run/logs/forecast_preflight_checks.json,5e510020e790eba0ecd2ed1da40bac887214a0d7e335bf534db94f992546d492,2534,batch_log_or_checkpoint,只读冻结；未执行
A_route/problem3/02_batch_run/logs/implementation_start.json,2a90b8f116ada8533aee45cbe87bb62d498bad015efd0e90bcbd6b09d8641331,277,batch_log_or_checkpoint,只读冻结；未执行
A_route/problem3/02_batch_run/logs/independent_supplement/derived_checks.json,6259b53968489c85b1f2d27221ee9224e872a73fac8ce6a1814e64539b257207,2675,batch_log_or_checkpoint,只读冻结；未执行
A_route/problem3/02_batch_run/logs/independent_supplement/finalize_check_counts.py,74021ea26627af8c9747f0c70cf5113422c404658142f9224a610c58969d41a6,974,batch_log_or_checkpoint,只读冻结；未执行
A_route/problem3/02_batch_run/logs/independent_supplement/probe_export_dates.py,78fa1bbe4886108b2a60f11298d5c475355046b0acf40b689c4c2e94d210a86b,565,batch_log_or_checkpoint,只读冻结；未执行
A_route/problem3/02_batch_run/logs/independent_supplement/verify_derived_outputs.py,06c0e6aa2185c600cffba28b7b35baece369bb5e4cdafecca41dc724dbe1e201,10907,batch_log_or_checkpoint,只读冻结；未执行
A_route/problem3/02_batch_run/logs/independent_supplement/workbook_checks.json,02462165c3ae851e42cd717a01bc5f3727cb17c8eceed9ba0c0675a67c03f3f5,1409,batch_log_or_checkpoint,只读冻结；未执行
A_route/problem3/02_batch_run/logs/independent_synthetic_checks.json,208395e98008f7463db17ed86cb8f5205b20161fb81877d1865f790de761ee41,2377,batch_log_or_checkpoint,只读冻结；未执行
A_route/problem3/02_batch_run/logs/independent_validation.json,077d6e9b2e65dd2e4425c8e7a614b5914369a49a9963b7679704fa747c8ebcd5,75862203,batch_log_or_checkpoint,只读冻结；未执行
A_route/problem3/02_batch_run/logs/input_manifest.json,59b544cfd90e0e26959a3a4862128b8d84193225274c87e25dbc6a4665ad4d1c,9580,batch_log_or_checkpoint,只读冻结；未执行
A_route/problem3/02_batch_run/logs/output_manifest.json,ad0c4c87425397c2d6315aab97c383d77022c326fee2eef1a0be7cd4020ca323,51876,batch_log_or_checkpoint,只读冻结；未执行
A_route/problem3/02_batch_run/logs/pilot_gate.json,125732fc45aaf3d9140a7fdc26e93776fbf0d36f2034ade5c6dbd60e70d84e12,187,batch_log_or_checkpoint,只读冻结；未执行
A_route/problem3/02_batch_run/logs/prefix_estimation_calls.jsonl,6546db8fc19712bd7e556c64c348ffb54dab81f13b96a39e3e4fa2475ba431e8,1304000,batch_log_or_checkpoint,只读冻结；未执行
A_route/problem3/02_batch_run/logs/preflight_checks.json,9dcdf97e838a769490d35ac27637dcbf19d21b53341f9217f7a266e37eed4c5f,5529,batch_log_or_checkpoint,只读冻结；未执行
A_route/problem3/02_batch_run/logs/production_manifest.json,bf9e3d975fc1aac7942d347f32ea60cac0b337c50345ff4deb1e04ac8e6cdcda,1754,batch_log_or_checkpoint,只读冻结；未执行
A_route/problem3/02_batch_run/logs/progress.json,0a02dc96f2f044476f0b64b088021919686429dd9f5c1a49c50e86e393d9a6f6,687,batch_log_or_checkpoint,只读冻结；未执行
A_route/problem3/02_batch_run/logs/run_info.json,f972a159c4a18b9b0ae980ed05e8869fd04a1b7650b87c1f4568435153956b27,681,batch_log_or_checkpoint,只读冻结；未执行
A_route/problem3/02_batch_run/logs/solver_invocations.jsonl,68f32802f86d840ccbe529eb95a9271e748bc3f657bc7814084b4af26c4b2bb1,13230679,batch_log_or_checkpoint,只读冻结；未执行
A_route/problem3/02_batch_run/logs/workbook_artifact_inspection.json,b8afc05422eb3adf243bd6a594d005a582abaad935f0819b68e356b6fa511885,169,batch_log_or_checkpoint,只读冻结；未执行
A_route/problem3/02_batch_run/logs/workbook_preview/output_0.png,ba37c0bcf6c300a9aa7e115f2bd57c9ab61a59023aad3a4762b3248529e4f13f,23091,batch_log_or_checkpoint,只读冻结；未执行
A_route/problem3/02_batch_run/logs/workbook_preview/output_1.png,ba37c0bcf6c300a9aa7e115f2bd57c9ab61a59023aad3a4762b3248529e4f13f,23091,batch_log_or_checkpoint,只读冻结；未执行
A_route/problem3/02_batch_run/logs/workbook_preview/output_2.png,f8c1f9a6dfdd0c2dd929d8b38ea574ffa4be91629d313cf4a68f931e6115be50,22069,batch_log_or_checkpoint,只读冻结；未执行
A_route/problem3/02_batch_run/logs/workbook_preview/output_3.png,1a2998a8e281bd04bec544a5a126bbb648a83b8a637509d2294e5574a78fe1e8,10823,batch_log_or_checkpoint,只读冻结；未执行
A_route/problem3/02_batch_run/logs/workbook_preview/template_0.png,1f16acd438ca23b1cff9a9240e0dd90d3842255e600c7e5a4bfa803f9994219d,9234,batch_log_or_checkpoint,只读冻结；未执行
A_route/problem3/02_batch_run/logs/workbook_preview/template_1.png,1f16acd438ca23b1cff9a9240e0dd90d3842255e600c7e5a4bfa803f9994219d,9234,batch_log_or_checkpoint,只读冻结；未执行
A_route/problem3/02_batch_run/logs/workbook_preview/template_2.png,cd7d01df8ca3b5bef5dd1229b150b925aa426ff4754ebc7a2a31120b4ef4f81b,13603,batch_log_or_checkpoint,只读冻结；未执行
A_route/problem3/02_batch_run/logs/workbook_preview/template_3.png,893a7b277918546ec0f3290f72a7f8933ce743badb8300d9ca6d9b44c1900708,5713,batch_log_or_checkpoint,只读冻结；未执行
A_route/problem3/02_batch_run/logs/workbook_validation.json,da22e5ce9e14a42042753491e54e2989f4bf95fbd1b87412e0819c73595bef07,281270,batch_log_or_checkpoint,只读冻结；未执行
