date,issue_hour,prefix_mean_residual,prefix_median_residual,prefix_last6_mean_residual,prefix_mean_scale,prefix_median_scale,prefix_last6_mean_scale,prefix_scale_valid_slots,future_mean_residual,future_median_residual,future_mean_scale,future_median_scale,future_scale_valid_slots
2025-01-08,6,49.0402083333334,53.9137000000001,34.1889166666665,1.01277119181519,1.01325982666933,1.00550593227402,36,-49.1360935185184,-50.6923000000002,0.989793483496341,0.991134363675888,108
2025-01-08,12,15.7216152777778,-7.53814999999986,46.7418666666669,1.00568864376508,0.998376681661016,1.00793475315845,72,-64.9056513888888,-67.3366000000003,0.985387177387028,0.98580670445058,72
2025-01-08,18,-0.217541666666581,-19.8499999999995,-16.7196999999998,1.00209572114325,0.996392722853402,0.993971875330903,108,-97.7154472222222,-86.4133999999999,0.975864478874461,0.980602208462448,36
2025-01-09,6,15.0863055555556,38.2541000000001,13.7442999999998,1.00456462768578,1.00994764942415,1.00143369393445,36,-37.8321175925925,-22.5865499999998,0.991804698763688,0.996063526407831,108
2025-01-09,12,13.6394180555556,31.3960999999999,38.8328166666668,1.00327525406459,1.00554042479092,1.00591603212055,72,-62.8444416666666,-32.8535499999998,0.986714107923826,0.993874356862319,72
2025-01-09,18,-9.67561759259253,-9.3415500000001,-83.0388666666663,0.999164891731402,0.998569940982325,0.982418575305007,108,-69.3831944444444,-50.6118500000002,0.982484048782634,0.988664521143223,36
2025-01-10,6,-70.0478722222222,-89.2800000000002,-12.2377166666667,0.979704699496697,0.971001771711079,1.00152576305596,36,1.2982740740741,10.6108000000002,1.00054945415273,1.00366880444357,108
2025-01-10,12,-27.3014958333333,-33.5429999999999,-177.702716666667,0.99260823438026,0.990949849505292,0.959953027339768,72,-5.77502916666665,-20.5059999999999,0.998068296597184,0.993316864383389,72
2025-01-10,18,-17.0255333333333,13.2165,-53.2073833333333,0.99529224841512,1.00366880444357,0.982209807189944,108,-15.07645,-51.8848499999999,0.995476316709529,0.981000117802559,36
2025-01-11,6,10.8015972222222,16.5817,-21.7123666666667,1.00464335786177,1.0056214368626,0.994371793244487,36,-19.2413712962963,-15.8968500000001,0.995699736432986,0.995286516782039,108
2025-01-11,12,9.72344583333331,16.5817,-41.1827333333334,1.00467353113537,1.0056214368626,0.991500209341156,72,-33.1847041666667,-30.0438999999999,0.991197752444996,0.989459249455978,72
2025-01-11,18,-4.49176481481484,7.64195000000018,-5.81956666666671,1.00057733964052,1.00182579959137,0.998205468585551,108,-33.4472222222222,-42.85175,0.990010548239161,0.985562109167953,36
2025-01-12,6,-30.2187083333333,-32.7868499999997,60.0571333333332,0.993821111662875,0.991529837358996,1.01806773117038,36,-54.082200925926,-48.1409500000004,0.991528472532795,0.991900049595496,108
2025-01-12,12,-55.6496347222222,-61.5662000000002,-182.959066666667,0.991188089917467,0.989157975285772,0.973932908125498,72,-40.5830208333334,-31.0328000000002,0.993015174713162,0.993425778286566,72
2025-01-12,18,-50.4012203703704,-48.1409500000004,10.3001999999998,0.992328512339801,0.991995878856952,1.00318885562625,108,-41.26165,-31.0328000000002,0.991420992241855,0.991343422264562,36
2025-01-13,6,-18.5564638888888,-9.63864999999987,31.7735833333334,0.995757453136937,0.997406750567364,1.00787860060755,36,14.7226916666667,21.8357500000002,1.00345437874811,1.00425932079915,108
2025-01-13,12,7.30732222222226,5.69390000000021,10.1009333333332,1.00071578051616,1.00102728758246,1.00099385375401,72,5.49848333333335,17.5783999999999,1.00234451417446,1.00425932079915,72
2025-01-13,18,3.06331111111116,6.44875000000002,-69.0679833333335,1.00012945306313,1.00119514587176,0.987605718407511,108,16.4216777777777,31.1333999999997,1.00573223019188,1.00797598875144,36
2025-01-14,6,66.4376666666667,72.5491,-20.08785,1.01761261535896,1.01699889985666,0.995677994521832,36,-12.0331962962963,21.6849999999999,1.00096928002869,1.00374206842903,108
2025-01-14,12,46.694675,33.2897000000003,-79.2651666666666,1.011047541507,1.00501566757642,0.988484399001448,72,-31.5256361111111,14.2251000000001,0.99921268621552,1.00248076092238,72
2025-01-14,18,-7.36364537037037,13.8297499999999,29.2473166666667,1.00180364846633,1.00234961306699,1.00670109313911,108,52.4290138888889,42.6964,1.01510951004605,1.01091078479676,36
2025-01-15,6,-34.7554333333333,-76.99765,-24.5512499999998,0.994147922689358,0.982228632323171,0.998212734928674,36,26.4715342592592,33.7476000000001,1.0057530705682,1.0050979008139,108
2025-01-15,12,-19.3777402777778,-5.61324999999988,36.5455499999998,0.996081966502826,0.998979409935922,1.00539235487286,72,41.707325,44.6963000000001,1.00962160069415,1.00840093950029,72
2025-01-15,18,1.15602407407405,28.2752999999998,47.5291166666666,0.999925530632689,1.00445199582468,1.01127111610367,108,41.1910972222222,-5.75924999999984,1.0116305424959,0.998832840122775,36
2025-01-16,6,-17.6293722222222,-35.41785,39.1127833333334,0.996107228239232,0.991065212464506,1.01258479850954,36,-8.50432129629634,-22.33005,0.999865061543471,0.995919112594948,108
2025-01-16,12,-24.3779833333334,-35.41785,-132.688966666667,0.996007831634421,0.993423144737003,0.981244883947775,72,2.80681527777774,-16.2632000000003,1.0018433748004,0.996874455014729,72
2025-01-16,18,-18.8985222222223,-32.0718999999999,-21.819466666667,0.99695129344945,0.99475498014224,0.997116469499366,108,13.5532305555555,-14.3211000000001,1.00484853252129,0.996874455014729,36
2025-01-17,6,-2.07970555555556,-24.3416499999998,-37.9094333333333,0.999019684090214,0.992899847864049,0.989638539326271,36,-33.226887962963,-36.0124499999999,0.992601911118568,0.988735219745977,108
2025-01-17,12,-20.0017111111111,-36.5366999999994,-22.9948999999998,0.994863372321514,0.990248561206647,0.995082536508532,72,-30.8784736111111,-36.0124499999999,0.993549336401446,0.988735219745977,72
2025-01-17,18,-43.9469712962963,-74.1720500000001,-148.563216666667,0.988048989104652,0.980790245031528,0.948422990312539,108,30.0805444444444,45.3506000000002,1.01267845013196,1.01600338851344,36
2025-01-18,6,-31.9183166666667,-53.7001999999998,-0.726983333333313,0.990831162058997,0.981259085914487,1.00202962572744,36,-11.7015314814815,-17.1295499999999,0.997821702997794,0.99509831668959,108
2025-01-18,12,-33.8633416666666,-64.97165,7.56773333333354,0.990903571464083,0.981644891674781,1.00204209312383,72,0.351886111111128,-2.00869999999986,1.00124456406211,0.999383589220785,72
2025-01-18,18,-22.3559231481481,-38.7810999999999,-62.8990499999998,0.994142872379976,0.989522430349137,0.979402889781288,108,0.0448583333333216,4.71834999999987,1.00186765391245,1.00183729876714,36
2025-01-19,6,-44.113575,-60.905,-58.1208166666665,0.990563010741308,0.98610707173379,0.986906261080297,36,-2.43329444444441,-0.283150000000205,0.999868636208672,0.999949416946093,108
2025-01-19,12,-10.9423458333334,2.41344999999978,87.1617000000001,0.996573363834123,1.00064004137484,1.01345350850005,72,-14.7643833333333,-11.4367999999999,0.998511095849538,0.996735803899646,72
2025-01-19,18,-19.4027851851852,-5.04359999999997,-87.1282666666666,0.995894887248906,0.99930788596701,0.985749310541937,108,6.79489722222233,-0.980000000000018,1.0024842576206,0.999708585977106,36
2025-01-20,6,-14.9598722222222,-31.4139,2.79283333333327,0.997845480440291,0.991849922132479,1.00069103996602,36,-18.0519111111111,-24.1683999999996,0.99625727564924,0.995635546599665,108
2025-01-20,12,2.44101666666669,-24.1455999999998,-11.8713166666666,1.00100152968529,0.996030625094456,0.99951068469735,72,-36.9988194444444,-34.1866999999997,0.992307124008711,0.994505106336587,72
2025-01-20,18,-4.83624999999999,-24.1455999999998,32.939366666667,0.999712269400815,0.996467204318471,1.00377447022899,108,-54.6068555555555,-40.8315499999999,0.987480499185566,0.990689156735208,36
2025-01-21,6,-46.9247805555556,-73.1113,147.772683333333,0.988237203148639,0.980601608399458,1.03272106252875,36,-59.8775583333333,-67.5698500000003,0.988056833647318,0.989400401314945,108
2025-01-21,12,-52.4523402777778,-66.2009500000004,-127.10615,0.989857053841536,0.98608681038232,0.981857072670865,72,-60.8263875,-67.6758500000001,0.986346798203761,0.986402575581147,72
2025-01-21,18,-42.1457648148148,-61.1645000000001,-32.6840333333333,0.992341808500864,0.990453849178686,0.996885129528294,108,-100.120161111111,-84.6436000000003,0.975382278588001,0.979760946702797,36
2025-01-22,6,-20.0468861111111,-24.47775,80.4649833333333,0.994977169762027,0.993701253461504,1.021326486595,36,-9.11272777777779,-17.4099999999999,1.0007203446027,0.997021440110164,108
2025-01-22,12,-19.5504958333333,-26.1484000000003,-160.23765,0.996785852972,0.993743916551151,0.976843035323185,72,-4.14203888888891,-13.3799999999997,1.00178324881306,0.997261859462312,72
2025-01-22,18,-25.8287712962963,-27.8840000000002,-61.9509666666665,0.995999323055345,0.99385983976191,0.989542146495679,108,30.1012444444444,-5.58014999999978,1.00914023440409,0.998549584944684,36
2025-01-23,6,-19.7921527777777,-8.57994999999983,-49.4431499999999,0.996807690794584,0.997912601158862,0.990948866551213,36,-18.5322287037037,-8.71339999999964,0.996653385307782,0.998475643016796,108
2025-01-23,12,-30.7267291666666,-38.2925500000003,73.1514166666667,0.995304964791187,0.992505871749644,1.010458392798,72,-6.96769027777783,18.37275,0.998078958567778,1.00412813198384,72
2025-01-23,18,-13.1404490740741,-4.46499999999969,47.7676,0.998210037604756,0.999392580779383,1.00749048403545,108,-35.9674916666667,-9.83240000000001,0.992137733903663,0.997363093300845,36
2025-01-24,6,11.6656611111111,-9.85550000000012,-67.4353333333333,1.00791741617093,0.996990238558416,0.980033302519004,36,-33.6963592592592,-6.41220000000021,0.991677247736669,0.99831190273294,108
2025-01-24,12,-21.5247680555555,-14.0896,-54.6954833333335,0.997691879479375,0.995757961148956,0.987868090146922,72,-23.1869402777778,9.79624999999987,0.993782700211093,1.00315164404018,72
2025-01-24,18,-16.3747416666666,-2.30989999999974,-1.84836666666676,0.998078473038159,0.99948064399561,0.999155872110639,108,-40.2991916666667,-54.1851999999999,0.98871374026646,0.980296377638721,36
2025-01-25,6,12.1766222222222,14.6828,-17.6620333333333,1.0068182769594,1.00476048371142,0.995542123817382,36,-36.0584972222223,-36.0741499999999,0.990277598691927,0.991154893306651,108
2025-01-25,12,13.7487152777777,24.3112499999997,-71.6156000000004,1.00603574002092,1.00643187519056,0.983856966205114,72,-61.74815,-66.1935000000001,0.982789796496669,0.981720534988991,72
2025-01-25,18,-22.3459138888889,-12.1882499999999,-88.4796166666668,0.995296325362395,0.99650981213178,0.968494731189821,108,-28.9611277777778,-17.2485999999999,0.991762096947999,0.993715466244523,36
2025-01-26,6,23.2071750000001,36.3050000000003,139.521816666667,1.0053630052781,1.00947840753226,1.03281357027112,36,1.94218796296298,-10.7126499999995,1.00064401831559,0.997991768626877,108
2025-01-26,12,29.9223069444445,30.7412499999998,-85.6871666666668,1.00621109964189,1.00662136149079,0.987707017575733,72,-15.4054375,-20.0572500000003,0.997436430470547,0.996338925929275,72
2025-01-26,18,16.7140268518519,21.7413999999999,4.5298333333335,1.00373521362186,1.00422159217602,0.998957821226665,108,-21.1083416666667,-34.1774,0.996089419359283,0.991401305304162,36
2025-01-27,6,-27.9804000000001,-49.5164500000001,-54.8359666666667,0.993178255313361,0.989564689645248,0.988038181566261,36,-41.9351953703705,-26.4503000000004,0.995396501149037,0.99580999511037,108
2025-01-27,12,-64.532488888889,-60.895,-189.726516666667,0.989572025046604,0.989092535194261,0.97229747269403,72,-12.3605041666668,-5.55465000000004,1.00011185433363,0.998873429972861,72
2025-01-27,18,-53.569950925926,-57.3672000000001,0.0711666666664617,0.991674568870505,0.990588207188023,1.00337197441016,108,6.92386666666659,41.0250999999998,1.00434405214896,1.00940943507474,36
2025-01-28,6,23.4183333333334,78.54295,-113.207783333333,1.00834206248177,1.01883758011849,0.978607221854348,36,33.6641694444444,29.6156500000002,1.00639263745707,1.00585389151171,108
2025-01-28,12,30.7562472222223,71.4763499999999,198.715983333333,1.00704635333646,1.01063571967862,1.02977981978752,72,31.4491736111111,9.55514999999968,1.00671363409003,1.00152695707369,72
2025-01-28,18,30.357737962963,43.1007500000001,72.1905999999997,1.00623487781703,1.00701201238343,1.01049349930093,108,33.3376277777778,9.65389999999979,1.0088153414019,1.00318923336178,36
2025-01-29,6,-23.0764861111111,-12.2471,-46.7121333333333,0.995175391437723,0.996826227364285,0.988574140762824,36,-61.982487037037,-70.4230499999999,0.98756570540077,0.985371244085064,108
2025-01-29,12,-4.23260416666669,-0.288199999999961,64.0778666666664,0.998219680988495,0.999681309220263,1.00961863281968,72,-100.279369444444,-120.4774,0.980716572831521,0.979837136473649,72
2025-01-29,18,-34.1844361111111,-39.5614999999998,-97.7490833333333,0.993960017712161,0.992750911550506,0.984727471149441,108,-106.470638888889,-113.1481,0.975992454503548,0.970382703259208,36
2025-01-30,6,-18.0602222222222,-17.0085000000001,21.7687000000001,0.995755598330105,0.995761683406275,1.00320174258919,36,-13.1122148148148,-28.3909999999996,0.997905552127967,0.994801698154619,108
2025-01-30,12,-6.65847777777779,-15.7590500000001,-47.7220166666669,0.997950994345198,0.997005614468143,0.993711699877579,72,-22.0399555555555,-36.72425,0.996785133011806,0.994212860651105,72
2025-01-30,18,-18.5427462962963,-16.7057999999997,23.2256166666668,0.996582208660914,0.996434168945565,1.00551558724515,108,-1.76862777777778,-37.3583500000002,0.999725628731266,0.990105692011579,36
2025-01-31,6,-35.6362861111112,-76.8050000000001,10.0669666666666,0.990412973346894,0.976308062585105,1.00407673069916,36,-6.43322222222225,-2.80330000000004,0.998849501341609,0.998917964023426,108
2025-01-31,12,-14.3509986111112,-30.6601999999998,-23.8270000000001,0.996987596879241,0.991346809791235,0.994571290427225,72,-13.1169777777778,-16.3795500000001,0.996493141806621,0.995868726330384,72
2025-01-31,18,-0.306179629629671,-9.84105,62.3139833333335,1.00167376087869,0.997249126742969,1.02485475267667,108,-54.0174138888889,-57.89705,0.981940194735665,0.977692777292381,36
2025-02-01,6,-214.551511111111,-199.816,-208.601783333333,0.929514023222336,0.929460149441032,0.936856691403737,36,-168.86382962963,-172.31805,0.953289229523826,0.950410964573287,108
2025-02-01,12,-216.834593055556,-217.6594,-254.70625,0.937669128813302,0.93625727362014,0.940193718404958,72,-143.736906944444,-128.45855,0.957021727083606,0.955368521183574,72
2025-02-01,18,-202.539593518519,-199.816,-93.1543833333332,0.942993928869982,0.943233245316616,0.965770806791221,108,-113.524219444444,-130.25775,0.96039992518387,0.954194514868289,36
2025-02-02,6,-193.894097222222,-212.6443,-329.174116666667,0.95391783498835,0.947968270371906,0.927399574010027,36,-195.317300925926,-185.03785,0.96564178476292,0.96291489568247,108
2025-02-02,12,-237.915976388889,-252.58245,-193.886716666667,0.95530341299116,0.955670032038538,0.971417552985603,72,-152.007023611111,-160.08205,0.970118181647394,0.968444955885865,72
2025-02-02,18,-220.530396296296,-237.1736,-192.697183333333,0.960422167775804,0.961700969526218,0.96585844977195,108,-118.254811111111,-135.5339,0.969576685949696,0.965001682047685,36
2025-02-03,6,-151.214555555556,-175.905,-217.769583333333,0.963421122355003,0.956169097243925,0.950190851987688,36,-118.43855,-104.1038,0.978204889543972,0.980569144105701,108
2025-02-03,12,-133.448227777778,-120.8265,-68.0793166666664,0.972912647880389,0.974216389205867,0.990114529851486,72,-119.816875,-105.05185,0.976105247613072,0.978163401655128,72
2025-02-03,18,-133.458130555555,-142.89225,-62.7828166666665,0.975125681452086,0.975547138902531,0.989197910289369,108,-106.155813888889,-78.2355500000001,0.972658746630662,0.980626166154769,36
2025-02-04,6,-271.754980555556,-302.28,-314.971416666667,0.934251889154197,0.927580326348372,0.930544679922146,36,-182.665677777778,-191.23755,0.969617292619993,0.96657927141981,108
2025-02-04,12,-263.526276388889,-274.74105,-237.700283333333,0.948133785462213,0.94804948306709,0.966146934177374,72,-146.349730555556,-179.56,0.973418098044874,0.970946970379907,72
2025-02-04,18,-235.795005555556,-246.6125,-193.3746,0.956277703046376,0.955645694165016,0.969725708922708,108,-112.366997222222,-161.075,0.974270657875046,0.963392525382849,36
2025-02-05,6,-131.870633333333,-123.2393,-248.5321,0.968195718244585,0.969414385199333,0.946460762911715,36,-146.840924074074,-123.8644,0.975895779997145,0.974832428029223,108
2025-02-05,12,-183.835601388889,-191.9153,-350.75105,0.967003261201957,0.964931853557176,0.948821764399347,72,-102.361101388889,-71.7600000000002,0.980938267916054,0.985652078727612,72
2025-02-05,18,-169.088412962963,-168.8621,-38.8147833333334,0.970856472447173,0.971523312108554,0.992051822097776,108,-65.1281666666667,-56.8027499999998,0.983313640894502,0.986186783536381,36
2025-02-06,6,-187.466102777778,-215.52135,-282.982116666667,0.954885700775317,0.94822748884328,0.93743091913694,36,-146.338368518519,-144.0959,0.974425127852554,0.975872890404196,108
2025-02-06,12,-197.915409722222,-220.9391,-175.347866666667,0.961432470441851,0.960917861807501,0.974233296250117,72,-115.325194444444,-93.4175999999998,0.977648071724639,0.979886578822779,72
2025-02-06,18,-172.817914814815,-171.17395,-78.3373666666668,0.967945828773859,0.969791710426109,0.986305335035471,108,-108.027463888889,-91.8606999999997,0.974323598011403,0.978395376815647,36
2025-02-07,6,-200.407125,-221.3727,-277.4105,0.934960181751105,0.929777474187496,0.917692869755869,36,-146.604461111111,-159.725,0.961289739438333,0.958717058003066,108
2025-02-07,12,-218.750969444444,-234.4086,-120.779266666667,0.937778364830621,0.933564230079123,0.971237729240331,72,-101.359284722222,-100.08265,0.971636335202432,0.966568561085902,72
2025-02-07,18,-206.466446296296,-216.11105,-219.996533333333,0.941715832098315,0.937195854005692,0.921366695713332,108,-20.8211694444445,-51.33205,0.993681903771159,0.979612424147441,36
2025-02-08,6,-44.6749277777778,2.24759999999992,-33.7776833333335,0.986241384055771,1.00073468706653,0.990274544298709,36,-16.1316222222222,16.3536000000001,0.996439746504576,1.00439678824366,108
2025-02-08,12,-45.8904486111111,-17.47765,-30.6619666666666,0.987002271759921,0.994261791450386,0.992780156260506,72,-0.644448611111083,37.7317,1.00077804002483,1.0109477595588,72
2025-02-08,18,-22.2055148148148,18.4882500000001,-0.393133333333329,0.994064319711339,1.00565967978595,0.999914425666988,108,-26.45325,-37.4980499999999,0.993367664435484,0.985900945880637,36
2025-02-09,6,-33.1724611111111,-54.9375500000001,-35.6034666666665,0.991982220402837,0.98452616298669,0.991158955016837,36,2.27587129629629,8.2131500000005,1.00105656097274,1.00151147892245,108
2025-02-09,12,5.56453749999997,13.6338000000001,75.5632833333331,0.999889123431012,1.00295069225584,1.012259102406,72,-18.7369611111111,-9.14290000000028,0.997686828229515,0.997910892559639,72
2025-02-09,18,-10.0938916666667,4.58970000000045,15.8496500000001,0.997950595454405,1.00075493152462,1.00553541461366,108,3.93682777777777,-1.4653000000003,1.00130011695784,0.999658885929075,36
2025-02-10,6,-37.1233555555556,-29.6617499999998,60.4092333333333,0.990539567332721,0.99251193962666,1.01423934082694,36,-50.192463888889,-68.3494500000002,0.992436932734353,0.987657962015459,108
2025-02-10,12,-69.6458041666667,-94.4532000000002,-72.5865833333335,0.986621161341246,0.979151664188913,0.989974412031298,72,-24.2045694444445,-52.6890500000004,0.997304021426644,0.989883379847406,72
2025-02-10,18,-65.3116962962964,-87.47955,-89.9481666666669,0.988029988585563,0.984096902371583,0.984454247641503,108,8.23434166666669,-22.63465,1.00376039977909,0.994827670815874,36
2025-02-11,6,-24.311425,-13.085,-64.8650166666666,0.993691807252388,0.996546661486756,0.984417447522719,36,0.502850925925953,29.9742500000002,1.00040972747158,1.00570750013568,108
2025-02-11,12,-9.48122222222219,-4.99770000000012,-28.8441500000002,0.997426229785178,0.998855408811171,0.996330079484255,72,-1.92021388888887,39.7638000000002,1.00003426504839,1.00703437150728,72
2025-02-11,18,-15.1022787037037,-8.14364999999998,-56.3790166666666,0.99682665768448,0.99841690524812,0.988487660841591,108,22.5039638888889,57.4611,1.00444101661369,1.01421195945354,36
2025-02-12,6,-95.4390444444444,-86.3153500000001,-118.81925,0.975417207901593,0.978053506072111,0.972431366740442,36,-3.03318240740739,-0.599150000000236,1.00031172385065,0.999742971888453,108
2025-02-12,12,-62.5331666666667,-71.7697999999998,72.6759999999999,0.985740617136342,0.986557294883282,1.01187533267152,72,10.2638708333333,7.0627000000004,1.00243557259042,1.00121244484548,72
2025-02-12,18,-42.2480101851852,-46.8451,-34.6611500000002,0.99047089771693,0.990211180476266,0.994210960634398,108,22.205438888889,19.6324499999998,1.00493968630274,1.0051767775823,36
2025-02-13,6,9.41142777777773,48.6620499999999,45.4211499999999,1.00364779750131,1.01305619193834,1.01282585233738,36,-55.4637527777778,-70.0438999999997,0.991486217927539,0.986209933269662,108
2025-02-13,12,-19.7475263888889,23.9404,-134.0071,0.998922494234376,1.00449978990188,0.980562268188545,72,-58.7423888888889,-70.0438999999997,0.990130731407587,0.985435684588455,72
2025-02-13,18,-52.0129240740741,-73.4030000000002,-147.1136,0.993174697753385,0.988043921334406,0.974539040791654,108,-0.941058333333331,-28.1866,0.99858235802377,0.99193490912979,36
2025-02-14,6,-12.3127083333334,-13.68415,52.2581999999999,0.9970978361166,0.995195018258664,1.01729815633321,36,-12.3379296296296,-26.68795,0.997987173193481,0.991622764033609,108
2025-02-14,12,-0.919509722222257,-13.68415,-17.02975,1.0005782912361,0.995195018258664,0.995920125013736,72,-23.7437388888889,-35.5733500000001,0.994951386612424,0.98833935629976,72
2025-02-14,18,-9.1122166666667,-21.4387999999999,202.830716666667,0.999512068591939,0.993993051539537,1.07994276602232,108,-21.9898472222222,-21.2230999999999,0.992523149921225,0.991848362784917,36
2025-02-15,6,1.58743888888889,5.35240000000022,48.3357500000001,1.00206492270879,1.00182443369857,1.01574435697485,36,16.5688944444444,33.0179499999999,1.00831781188315,1.0097401336683,108
2025-02-15,12,-8.44016250000003,1.95900000000006,62.5655833333333,0.999851346520583,1.00072270661521,1.01616070111863,72,34.0872236111111,36.2645,1.01365783265854,1.01117811100209,72
2025-02-15,18,-0.0541675925926063,7.14830000000006,39.9547166666666,1.00188148453238,1.00250229905147,1.0164839616956,108,51.4566249999999,67.7677999999996,1.0213739047611,1.02309980664927,36
2025-02-16,6,-5.58254444444443,-18.7659999999998,19.0687166666667,0.998968497188661,0.995206019066371,1.00393979215859,36,-13.1906120370371,-12.7735000000002,0.998717267458738,0.997896036142039,108
2025-02-16,12,-43.3080472222222,-38.7880000000005,-181.767266666667,0.993541239174284,0.992042624223236,0.973238957706979,72,20.7308569444444,31.0549999999998,1.00401891060815,1.00646946879258,72
2025-02-16,18,-17.4186324074074,-28.7739000000001,48.0819999999997,0.997669897566343,0.994158781671763,1.00840796388704,108,7.10151666666657,31.0549999999998,1.00211060686585,1.00842408352515,36
2025-02-17,6,-25.4825361111111,-33.4047499999999,-105.812566666666,0.995076876710733,0.991689472916208,0.974493639095408,36,-20.2386935185185,6.58100000000013,0.997685413576286,1.00099013550842,108
2025-02-17,12,-42.9061499999999,-46.4023499999998,-5.64491666666633,0.993416332670138,0.98977645924449,0.999342525341773,72,-0.193158333333347,24.8208500000001,1.00065022604966,1.00518517137746,72
2025-02-17,18,-34.4111833333333,-17.4425499999998,-45.4530333333331,0.994641299657975,0.996456032307348,0.989236298162761,108,17.0349333333333,39.0740500000002,1.00420921846567,1.01027598872986,36
2025-02-18,6,7.8705527777777,25.8725499999998,83.7920333333332,1.00225034316733,1.00667850423271,1.01919522679943,36,-8.73520555555554,-9.42875000000049,0.997640029316479,0.997854788440533,108
2025-02-18,12,-25.9086527777778,-41.6158,8.87486666666685,0.995875050770124,0.992896581985312,1.00124702532696,72,16.7411208333333,29.3345499999998,1.00171016478826,1.00653700157512,72
2025-02-18,18,3.61764166666667,-4.95195000000035,57.8884333333332,1.00078666562476,0.998964003898054,1.01017215798644,108,-29.1879888888889,11.9544000000001,0.99281043424247,1.00312340059062,36
2025-02-19,6,26.9842083333333,34.7880499999999,-14.3888999999998,1.00839733825062,1.00979649354905,0.995107522747857,36,18.9464435185185,20.7855,1.0053789889525,1.00429489065494,108
2025-02-19,12,19.3442166666667,20.7679000000001,32.4573666666668,1.00497710206511,1.00527067513806,1.00481323431895,72,22.5675527777778,26.9116000000004,1.00729005048895,1.00583971733783,72
2025-02-19,18,8.42431018518522,6.71419999999989,-60.1776999999999,1.00266800988149,1.00111515252156,0.989559295000887,108,58.5506083333333,59.4810499999994,1.01653027546366,1.01354395451613,36
2025-02-20,6,-54.3165472222222,-79.4995000000001,-39.0627333333334,0.986372338813223,0.979363858770406,0.991381912930593,36,6.71514444444444,9.76249999999982,1.00169473079255,1.00143367004893,108
2025-02-20,12,-19.8372736111111,-35.2891499999996,103.2488,0.994289533104726,0.994158470930861,1.01645040564493,72,2.75171666666661,7.36679999999978,1.00143873249071,1.00115020518612,72
2025-02-20,18,-12.646875,-12.2559499999995,111.330366666667,0.996374150585158,0.997234248255613,1.01894158756316,108,3.76951111111106,-15.3414499999999,1.00233407943539,0.996441440999397,36
2025-02-21,6,-7.93821666666661,18.27685,35.0351166666667,1.00003217962316,1.00657813048104,1.01400831029228,36,-1.27814537037034,-5.0139499999998,1.00120226933646,0.998724582284207,108
2025-02-21,12,-10.6916041666666,0.534750000000031,-27.4402833333333,0.998226099981967,1.00004341786283,0.994084351887289,72,4.80527777777782,35.2375,1.0035933938343,1.01083876702148,72
2025-02-21,18,-5.26131574074069,3.52940000000012,-57.7607499999999,0.999796346187997,1.00094618794575,0.979748117791715,108,4.01129444444444,2.94064999999978,1.00424994906854,1.00040958531261,36
2025-02-22,6,5.05216944444443,10.5049999999999,-54.6531333333334,1.00291628463343,1.00397586005309,0.983592080315812,36,-22.3679444444444,-31.9680999999998,0.994340711322425,0.989637390061309,108
2025-02-22,12,4.73774861111113,9.5023000000001,-38.5312166666666,1.0021060399423,1.00271180625478,0.991213564554146,72,-35.7635805555556,-46.4607999999998,0.990863169358059,0.982220267688154,72
2025-02-22,18,-8.5493601851852,-3.2831000000001,175.577533333333,0.999288679700904,0.999034689359979,1.06636999137032,108,-36.4035833333333,-38.9218999999998,0.988072379497998,0.98441228568451,36
2025-02-23,6,-12.2829416666666,-44.78765,83.2157666666669,0.997962193222953,0.988422049027824,1.02350909593132,36,-3.39659444444442,-6.31704999999965,0.999943334235971,0.998648697869253,108
2025-02-23,12,1.91609027777781,-13.7470499999999,52.1327,0.999721448999563,0.997794381562642,1.00822732431144,72,-13.1524527777777,-13.1180999999997,0.99917464896587,0.997710040592646,72
2025-02-23,18,-14.5792472222222,-28.6765499999997,-47.5227666666663,0.99731362327883,0.994197932233972,0.99188362258829,108,21.2650166666667,54.7656500000001,1.00585132609438,1.01545751680214,36
2025-02-24,6,-80.4363583333333,-103.1274,-102.522683333333,0.980083669784735,0.972598215028933,0.977073903502485,36,8.40188240740741,-10.2646,1.00109097287438,0.998036389290151,108
2025-02-24,12,-24.850775,-60.5642,-45.4430500000005,0.99222196703487,0.989903406947094,0.992888263915664,72,-2.76458055555549,-23.8521000000005,0.999456327169075,0.995992260816388,72
2025-02-24,18,-12.9950824074074,-35.1880000000006,154.701083333333,0.995635601265771,0.99415846822096,1.02850345349697,108,-16.2454638888888,-35.3989000000001,0.996449784610576,0.989587606414108,36
2025-02-25,6,-21.3591333333333,6.41045000000008,17.3806,0.995124582965544,1.0016552387975,1.0029801474639,36,-6.09908611111113,3.20204999999987,1.0014798628048,1.00047121727381,108
2025-02-25,12,7.20593472222215,23.3641500000001,-78.9961,1.00134106731507,1.00483511777917,0.987807252249286,72,-27.0341305555555,-19.7935000000002,0.998441018374901,0.996619260484245,72
2025-02-25,18,-26.2064453703704,-20.2642000000003,-41.7945166666664,0.996101199159849,0.995976809633627,0.993804853650708,108,38.9629444444445,47.4516500000004,1.01126057390039,1.01288982959357,36
2025-02-26,6,-28.4127,-15.5523500000002,23.6997,0.993784103694764,0.995999364009712,1.0072769507118,36,-35.3102111111111,-47.3499999999995,0.992467852176358,0.990083419684561,108
2025-02-26,12,-17.66075,-20.3852999999999,-46.1976833333333,0.996485102455051,0.99589026598107,0.992943610750556,72,-49.5109166666666,-50.2328999999995,0.989108727656869,0.989269313076082,72
2025-02-26,18,-21.0332222222223,-20.3852999999999,72.7051166666665,0.99643125416326,0.995954252573036,1.01353326516625,108,-71.2436666666666,-61.0676000000001,0.981893897734058,0.983822205940277,36
2025-02-27,6,-64.6544527777778,-84.36025,-79.5981666666666,0.983527261008554,0.976666950825134,0.980523648765156,36,-6.54674351851853,-1.29595000000018,0.998363058887263,0.999711109338845,108
2025-02-27,12,-55.9642319444445,-70.6080999999999,-173.311383333334,0.988198585172276,0.985097846710662,0.974333408793764,72,13.8168902777778,16.7312500000003,1.0011096336629,1.00324651925751,72
2025-02-27,18,-25.9699055555556,-23.3084000000003,-32.9468,0.994047173107887,0.996043458115487,0.995190245403546,108,-6.38496666666668,-1.29595000000018,0.996474918346682,0.999711109338845,36
2025-02-28,6,-31.8197472222222,-51.0820999999999,-61.7393500000001,0.99060987389215,0.982680072301958,0.98194665244347,36,-12.5542,-19.2216999999998,0.99715888373484,0.993903396089523,108
2025-02-28,12,-19.5162013888889,-48.0550000000001,115.087766666667,0.99474611272874,0.986042476051617,1.02918124751266,72,-15.2249722222223,-13.1097999999997,0.996297149819596,0.995127083927398,72
2025-02-28,18,-25.0907462962963,-42.1696999999999,-56.0285833333333,0.993149385690768,0.988231772469944,0.981408165651874,108,5.78989166666665,-3.5968499999999,1.00263836802437,0.998765730040504,36
2025-03-01,6,-206.374952777778,-227.53,-365.241066666667,0.931047668449929,0.918336064164748,0.881457240210826,36,-122.212911111111,-105.3293,0.968656973243499,0.969992193889004,108
2025-03-01,12,-240.249991666667,-247.92485,-166.25755,0.929296410098543,0.929313624679363,0.960221713827795,72,-46.2568513888889,-33.58725,0.98921288399167,0.988675862734795,72
2025-03-01,18,-196.028922222222,-196.75625,-158.2958,0.942956601680132,0.940177110905808,0.945420270933618,108,15.0730805555556,0.335000000000036,1.00814878314003,1.00028497365364,36
2025-03-02,6,-178.306577777778,-139.73965,-384.476133333334,0.955414101272524,0.962666322200491,0.91149912331499,36,-122.882465740741,-102.77195,0.980717431688437,0.981237950203828,108
2025-03-02,12,-254.1481125,-232.2213,-289.703183333333,0.951411785704882,0.950671830122,0.956935573440446,72,-19.328875,-29.3562499999998,0.997371412464036,0.994688332708879,72
2025-03-02,18,-184.004313888889,-159.84705,172.761983333333,0.965546599353948,0.968457673170667,1.03179626270375,108,5.05896666666662,9.93369999999982,1.00092659827599,1.00278112336838,36
2025-03-03,6,-119.564872222222,-128.11325,-286.1323,0.969703658067492,0.966423218302202,0.928817829293191,36,-108.491873148148,-107.13315,0.983411628573144,0.97944429544899,108
2025-03-03,12,-210.635877777778,-216.705,-225.20435,0.960934709687076,0.96046095246037,0.966154693412389,72,-11.8843680555555,-13.4165499999999,0.999034562206386,0.99780590049042,72
2025-03-03,18,-156.261159259259,-148.51415,-100.630183333333,0.971416902153555,0.971921487261022,0.982088260541802,108,23.7429861111111,21.2563999999998,1.00568783732626,1.00533871299452,36
2025-03-04,6,-114.580611111111,-86.87465,-349.679383333333,0.972555209000265,0.976864691271446,0.919050146782171,36,-125.93467962963,-113.1636,0.980126753410811,0.980646969623066,108
2025-03-04,12,-221.521541666667,-225.86485,-208.9943,0.959732337696536,0.956823779398077,0.968457141592608,72,-24.6707833333334,-7.11405000000013,0.996735396919812,0.998402435050037,72
2025-03-04,18,-166.228768518519,-164.4063,-29.3629500000002,0.970109166603819,0.971879725311043,0.992339708711834,108,6.30165555555555,5.95425000000023,1.00260796942124,1.00140072945665,36
2025-03-05,6,-165.084152777778,-190.5697,-194.724966666667,0.957499215323551,0.948533582759684,0.951558229929166,36,-110.93252037037,-94.0375999999997,0.983117961578911,0.979886012799518,108
2025-03-05,12,-237.725384722222,-250.20465,-309.309016666667,0.954122619143784,0.948588944820647,0.953731351110256,72,-11.2154722222222,-0.597000000000207,0.999303930886357,0.999819465703764,72
2025-03-05,18,-172.301962962963,-185.82965,-29.3788666666665,0.967205054247275,0.963248814810836,0.991573218783598,108,19.0241749999999,6.38749999999982,1.00523793731846,1.00153647791184,36
2025-03-06,6,-110.067516666667,-138.69,-214.332083333333,0.972698373290631,0.962395036937328,0.949382880120953,36,-125.860293518519,-106.5972,0.981876467360455,0.980587009276345,108
2025-03-06,12,-227.218897222222,-208.1716,-171.455383333333,0.958749924631108,0.954426200803135,0.973622121335839,72,-16.6053013888889,9.60255000000006,1.00041396305489,1.00195174315612,72
2025-03-06,18,-166.36785,-169.44395,52.2008833333333,0.970421588935443,0.964895852364788,1.01025084368977,108,11.4551527777778,29.5898000000002,1.00706300856567,1.0075019959232,36
2025-03-07,6,-193.065886111111,-162.935,-380.808983333333,0.935158122398924,0.940377333395716,0.876053056330655,36,-141.46395462963,-109.2793,0.96359483350559,0.963171580662646,108
2025-03-07,12,-286.113902777778,-293.4679,-407.4104,0.917873491510937,0.913302904673007,0.90089761318794,72,-22.6149722222222,-5.45150000000012,0.995097819946911,0.998492251589222,72
2025-03-07,18,-202.729181481481,-228.37235,13.94995,0.942480764573004,0.933039673647295,1.00708768673303,108,-9.2702055555556,8.84089999999992,0.998500329196684,1.00317665187344,36
2025-03-08,6,32.8857416666667,56.2093500000001,-18.2285166666666,1.01413524556435,1.02205861512853,0.996550190529496,36,-5.37572314814816,-7.08065000000011,0.999012663443537,0.997555417041953,108
2025-03-08,12,0.589234722222216,15.2008999999998,-51.6348333333334,1.00333580411005,1.00514597918189,0.987335837333331,72,7.79005138888888,9.06545000000006,1.00225081383743,1.00269711778371,72
2025-03-08,18,12.2389657407407,22.6561499999998,-35.8751499999999,1.0057749204243,1.00672874478669,0.98989194974269,108,-19.958325,-32.08905,0.993848474622061,0.986913017209226,36
2025-03-09,6,-3.43951944444445,10.0757000000001,-94.6313,0.999929254345035,1.00286746575074,0.975706851774154,36,-8.15519259259258,-21.6405999999997,0.998844565547242,0.995988249023738,108
2025-03-09,12,-3.86901388888889,2.28569999999991,53.3640833333334,0.999819167097262,1.00082433735809,1.00904549415395,72,-10.0835347222222,-26.4931000000001,0.998412308396119,0.995000867086937,72
2025-03-09,18,-7.08629629629631,0.654899999999543,-173.176566666667,0.999087546152749,1.00001977114166,0.969270883276204,108,-6.64620833333328,-28.4501,0.999200312528514,0.993476936307187,36
2025-03-10,6,26.8327638888889,-12.8871500000002,66.0215000000001,1.00883937992032,0.996382193057761,1.01976074071297,36,-9.81543425925928,-15.24395,0.999390814153699,0.997143667648955,108
2025-03-10,12,8.66954444444449,-15.24395,22.6339,1.00342380707268,0.997143667648955,1.00365781716547,72,-9.97631388888895,-14.7099999999996,1.00008210411803,0.997019384347379,72
2025-03-10,18,-2.38531574074076,-20.2296500000004,65.2233999999999,1.00130065470911,0.996444381756471,1.01341496728322,108,4.54240833333334,12.2960500000004,1.00310985825408,1.00285397770107,36
2025-03-11,6,-56.3316583333333,-40.39185,23.5270500000001,0.985697853657719,0.98873384991734,1.00846543502802,36,-16.7490046296297,-28.2300000000005,0.996164550589969,0.995282621814856,108
2025-03-11,12,-19.1097902777778,-14.3684500000002,7.07386666666662,0.994499728682807,0.996536747939574,1.00129380154518,72,-34.1795458333334,-45.4168000000004,0.992596024031006,0.991237813199183,72
2025-03-11,18,-19.9150916666667,-21.2914500000002,43.3681499999999,0.995349539529828,0.996455355074589,1.00948297082547,108,-46.8333972222224,-66.7572500000001,0.988142886838143,0.984421471361596,36
2025-03-12,6,7.09818055555555,5.36344999999983,-49.0264333333334,1.00354143207286,1.00121752079487,0.989768395020708,36,-0.210893518518505,-7.48939999999993,1.00208032866904,0.998613162018051,108
2025-03-12,12,-2.18022361111113,-6.70784999999978,80.1341166666666,1.00093873172115,0.998184329243113,1.01301362400096,72,5.41297361111115,-2.6552999999999,1.00395247731884,0.999579753013905,72
2025-03-12,18,-7.38217407407409,-13.9935,46.0518500000001,1.00007447908541,0.997519418953192,1.01368094535569,108,28.6120222222223,41.8371,1.00955898082377,1.01133875297466,36
2025-03-13,6,-7.30395833333336,-21.04405,1.64866666666656,0.998038587768824,0.994126612235859,0.997824807984227,36,33.750125,37.8838999999998,1.00713258918376,1.00839241818205,108
2025-03-13,12,20.5954180555556,18.3739499999999,-28.4918833333333,1.00341344247283,1.0050420993452,0.995874826712653,72,26.3777902777778,25.5062500000001,1.00630473518721,1.00650351978079,72
2025-03-13,18,15.6211157407408,16.9461000000001,19.3551499999999,1.00264038262166,1.0030116365074,1.00392160043904,108,47.0830694444444,36.0958000000001,1.01151520745512,1.00839241818205,36
2025-03-14,6,24.9662555555556,45.2370999999998,74.2141333333334,1.01036230161238,1.01794432250463,1.03003408893,36,15.483887037037,13.6974499999999,1.00560145207258,1.00421262589006,108
2025-03-14,12,21.3747694444444,19.6204499999999,62.4288166666668,1.00786857524198,1.00668546119228,1.01817433499443,72,14.3341888888889,15.37835,1.00571475367307,1.00523662172006,72
2025-03-14,18,30.3430305555555,19.6204499999999,108.980783333333,1.01082537450819,1.00681224586068,1.04333103735248,108,-19.611175,-36.2945,0.99469053430553,0.985431294786494,36
2025-03-15,6,-5.08339166666663,-10.0706,61.6263000000001,0.999594735800275,0.996322548235675,1.02356626350877,36,22.8205861111111,17.1048999999998,1.01043043075882,1.00481402572346,108
2025-03-15,12,-20.1993041666666,-21.7847999999999,-120.343983333333,0.995484949182683,0.992058314748331,0.967660325922096,72,51.8884875,42.5761,1.01995806485569,1.01363974261922,72
2025-03-15,18,-8.00701388888886,0.178499999999985,49.4209666666667,0.999117749130675,1.00005861944317,1.01945765637625,108,87.3994083333334,73.8748000000001,1.03353278068472,1.02751206553522,36
2025-03-16,6,6.02338611111113,4.56794999999966,43.5827333333334,1.00213994932783,1.00129492824919,1.0085867352211,36,14.1160648148148,20.7397000000001,1.00358258035035,1.00421395086628,108
2025-03-16,12,10.6292569444444,11.1945999999998,-51.1086,1.00300999580908,1.00256993601892,0.991959504282132,72,13.5565333333333,18.2073500000001,1.00343384938037,1.00421395086628,72
2025-03-16,18,21.5154259259259,24.1047000000003,35.3911166666667,1.00467212077659,1.00465273107543,1.00898726604283,108,-16.1746972222222,7.45150000000012,0.998871328049114,1.00169208724402,36
2025-03-17,6,-47.6195916666666,-38.0690499999998,-90.5145166666666,0.987594933342868,0.989259398813969,0.9768323535506,36,2.01527685185188,-5.17090000000053,0.999138261759193,0.999228713954672,108
2025-03-17,12,-15.1877986111111,-33.1538499999999,1.72025000000015,0.99587411182355,0.992520171080045,1.00144429876993,72,-5.5990819444444,-3.06845000000021,0.996630747486674,0.999503457164952,72
2025-03-17,18,3.77445833333336,-5.28910000000042,-46.0748166666666,0.999575865038123,0.999113280485368,0.991424780730288,108,-52.8971361111111,-74.7581,0.986282123506081,0.977766644504859,36
2025-03-18,6,-35.2337,-45.3287500000001,-146.802583333334,0.990753793750543,0.987235169438353,0.960512278739257,36,-1.929287037037,13.4649999999999,1.00117996330179,1.00223137656841,108
2025-03-18,12,-35.8473305555556,-34.2610999999997,41.4450999999999,0.992245802880828,0.99379867673706,1.00654546758054,72,15.3365500000001,21.12745,1.00490103894713,1.00537815159302,72
2025-03-18,18,-19.2239388888889,-13.1879999999999,18.2555833333336,0.995607475738116,0.996867045195214,1.00197619047839,108,16.6502555555556,40.5047000000002,1.00747125644157,1.01033802945286,36
2025-03-19,6,-36.9014444444445,-25.6199999999999,-76.6820666666667,0.99003614175622,0.992932464345547,0.977952710207458,36,-33.8483425925926,-35.9058,0.992034333467775,0.993188220488979,108
2025-03-19,12,-49.3065013888889,-37.6108000000002,85.8048999999999,0.98968061198239,0.990323413303839,1.01331646748353,72,-19.9167347222222,-19.7273499999999,0.993388959097383,0.995596634182291,72
2025-03-19,18,-22.827387037037,-9.35300000000007,33.5951333333333,0.994783841361603,0.997601884344292,1.00448905687344,108,-69.9643111111111,-74.8134500000001,0.981787618074736,0.981456069983509,36
2025-03-20,6,6.84265833333335,-10.51945,-24.7441999999999,1.00301571318468,0.997609562407456,0.994199235453527,36,-34.9972925925925,-38.2580499999997,0.992545632539716,0.993214679756773,108
2025-03-20,12,-13.7858513888889,-19.8834999999999,30.5950666666669,0.998199275890324,0.995401241258561,1.00513815207523,72,-35.2887583333333,-33.49,0.992127029511592,0.992771064116602,72
2025-03-20,18,-20.291049074074,-17.2300999999998,-131.127416666666,0.996916337470511,0.996280680553675,0.97561717506282,108,-37.2760722222222,-43.3349999999998,0.989903598392299,0.988394058884122,36
2025-03-21,6,31.8698805555556,36.1392999999998,40.6773166666666,1.01567190382766,1.01435412858077,1.01683959299201,36,16.3024435185185,24.5751,1.0072447072557,1.00790629016966,108
2025-03-21,12,27.2471416666667,42.2746499999998,75.6987333333332,1.01213854719498,1.01198078959203,1.02067958475484,72,13.1414638888889,17.4040499999999,1.0065644656024,1.00559786310028,72
2025-03-21,18,8.0592601851852,12.3688999999999,-156.59295,1.00497073412048,1.00344448734317,0.944070314125388,108,56.5994305555555,59.9394500000001,1.02249382323331,1.02234390658186,36
2025-03-22,6,-30.370075,-21.50665,40.2255999999999,0.989320898634439,0.991900804657064,1.01588567058137,36,-33.6573222222222,-37.1950000000002,0.988935076915929,0.987782162958986,108
2025-03-22,12,-8.86872361111113,-12.635,63.5693499999999,0.996325467791409,0.995219591390348,1.01829951961474,72,-56.8022972222222,-63.8046000000002,0.981737596899704,0.977246366396348,72
2025-03-22,18,-18.1960574074074,-21.7600000000002,-19.64945,0.994126798436275,0.993487609350576,0.992607522713509,108,-76.7538694444444,-108.2992,0.973745734073399,0.962595638440138,36
2025-03-23,6,8.58371388888887,-12.4309000000003,34.2948666666666,1.00333719242804,0.996475225235938,1.01256297037484,36,-16.3745,-15.37905,0.997638334288322,0.997203710242135,108
2025-03-23,12,-10.4871069444445,-2.34000000000037,-74.5165166666666,0.999380879300505,0.999544074636874,0.988052316938136,72,-9.78278611111106,-27.7234000000001,0.998745218345996,0.993335443976813,72
2025-03-23,18,-19.1109962962963,-12.4309000000003,130.08155,0.997705108192406,0.997101861187023,1.02174973429235,108,16.7932027777779,-15.37905,1.00313687071578,0.996470460362821,36
2025-03-24,6,-11.1644972222222,16.1339999999998,157.33205,0.997213166909341,1.00472375594,1.04250354861295,36,-11.1924555555556,-8.91654999999992,0.999848479360797,0.998324446851592,108
2025-03-24,12,-10.9557541666667,21.8499999999999,38.9701166666665,0.997770797711727,1.00390815915293,1.0068269616924,72,-11.4151777777778,-31.9097999999999,1.00060850478414,0.994291657692068,72
2025-03-24,18,-17.4362787037038,-5.66425000000027,89.1802833333333,0.997013707855663,0.998757111521902,1.01626553218197,108,7.56697222222225,1.05534999999963,1.00571748142475,1.00025886717095,36
2025-03-25,6,37.6217083333333,57.2325000000001,138.353816666667,1.01142012809381,1.01619490903251,1.03749125623553,36,31.8896657407408,19.9206500000005,1.00735773656595,1.00420166965876,108
2025-03-25,12,42.7872402777778,86.1621,-130.549516666667,1.01053648244738,1.01815324927243,0.979825443673775,72,23.8581125000001,-0.606099999999969,1.00621018644846,0.999897662667619,72
2025-03-25,18,30.2188583333334,40.53395,-16.8724500000001,1.00745266266752,1.00994760086453,0.998089271938073,108,42.6341305555556,7.24175000000014,1.01113534978911,1.00218983946442,36
2025-03-26,6,10.7892972222222,25.1667,83.32865,1.00427562334298,1.00688445808128,1.02485323893425,36,19.9074453703703,26.6059999999998,1.00444499310985,1.00469445503357,108
2025-03-26,12,16.5891513888889,25.5883500000002,-67.8980333333332,1.00365622189408,1.00592273135069,0.989645803156304,72,18.6666652777777,26.6059999999998,1.00514907944218,1.00496160382202,72
2025-03-26,18,13.8238111111111,24.0241499999997,-16.8462833333333,1.00307776433222,1.00393554743425,0.998742737455737,108,29.0402,47.8575999999998,1.00837730967588,1.01123451470806,36
2025-03-27,6,7.8612305555556,-4.16499999999996,-70.8897833333333,1.00372575280741,0.998805536906807,0.984175834686595,36,14.2805138888888,11.3920500000004,1.0033757372716,1.00180597703672,108
2025-03-27,12,18.90895,14.8480500000001,51.2096499999998,1.00428685670535,1.00230293643873,1.0078303182505,72,6.44243611111105,-2.97510000000011,1.00263962560575,0.999309251973342,72
2025-03-27,18,14.4688722222222,8.51295000000027,3.91184999999981,1.00324149756052,1.00163965894145,1.00071215331955,108,7.29615555555549,20.42985,1.00412847194064,1.00498757983136,36
2025-03-28,6,-28.7197916666667,-25.5202999999999,-86.4893333333333,0.990185369335566,0.990352559375332,0.969046936161605,36,-29.4136777777778,-32.9327499999997,0.991277203406788,0.988885154586529,108
2025-03-28,12,-4.89339583333339,-15.0505499999999,-171.721283333333,0.997954076910034,0.995313383573214,0.955025815881336,72,-53.5870166666667,-66.1859000000002,0.984054412867931,0.977012877498551,72
2025-03-28,18,-28.2707101851852,-27.3884,24.92625,0.991771839380476,0.990352559375332,1.00884645862521,108,-32.1486944444445,-44.8634999999999,0.988701461414502,0.983351869992318,36
2025-03-29,6,3.9117611111111,11.9302499999999,-156.749616666667,1.00343802702484,1.00452095256853,0.943675919083832,36,8.77096481481478,22.7750999999998,1.00414449333739,1.00772254242997,108
2025-03-29,12,-0.615026388888901,11.9302499999999,-11.2578166666666,1.00188793490162,1.00452095256853,0.997483007419874,72,15.7273541666666,24.3987999999999,1.00604781861689,1.00926771824644,72
2025-03-29,18,3.36778888888886,13.86835,-9.56198333333342,1.00255180985215,1.00469014079712,0.99654767855641,108,20.1212888888889,40.5590999999999,1.00821607748057,1.01510516780831,36
2025-03-30,6,5.68454166666667,20.6942000000001,38.3419333333333,1.00274922678555,1.00568966822474,1.01319764140181,36,12.2567407407407,11.18165,1.00184946539846,1.00257253784265,108
2025-03-30,12,32.5100222222222,30.4497000000001,135.84125,1.00599568214386,1.00705343050603,1.02279366990044,72,-11.2826402777778,3.04884999999967,0.99815312934661,1.00049711782725,72
2025-03-30,18,18.6365898148148,17.5898499999998,-156.171883333334,1.00338439293041,1.00280337546423,0.970501164532762,108,-13.4550055555556,11.18165,0.998144444189689,1.00267488212249,36
2025-03-31,6,16.7781555555556,38.86265,-28.5259666666667,1.0056171929829,1.01124000684912,0.991598859009698,36,-25.009662962963,-24.4061000000002,0.994204950442903,0.995014123517982,108
2025-03-31,12,-10.4883791666666,-4.26499999999987,20.7991000000002,0.999406791789041,0.999412295355351,1.00321221199241,72,-18.6370375,-14.3404,0.994709230366763,0.997127305720033,72
2025-03-31,18,-7.76492870370366,-14.3404,-100.58,0.999364392847284,0.997680935066224,0.981361682442697,108,-34.9560472222223,-3.64475000000016,0.990138865769756,0.998769366227955,36
2025-04-01,6,71.98865,99.7630999999999,70.6652500000002,1.0217219664752,1.02853809328429,1.02137244527074,36,-28.7751898148148,-22.9490000000005,0.993782153569305,0.995617768952356,108
2025-04-01,12,-10.5783666666667,8.90239999999994,20.3923666666668,1.00248675969705,1.00211070312807,1.00351909846175,72,3.40990694444445,4.47780000000012,0.99904745389451,1.00065363552976,72
2025-04-01,18,6.0976722222222,26.0240999999996,81.6776,1.0040345448146,1.00551385500632,1.01708629977472,108,-32.6299361111111,-49.9387000000004,0.990964792739324,0.986856759285755,36
2025-04-02,6,65.0227416666667,70.2940500000002,105.322,1.01846970226452,1.02001804821987,1.02774056269381,36,-6.00748888888889,3.23354999999947,0.999878096729643,1.00074490002782,108
2025-04-02,12,25.6996583333333,42.5437999999999,-84.2519833333336,1.00908713469986,1.00930400660396,0.987505334778254,72,-2.19952083333334,3.23354999999947,0.999964861526869,1.00074490002782,72
2025-04-02,18,13.0552101851852,22.0135,-46.2638999999999,1.00546700090012,1.00368367242826,0.992736581549457,108,7.83464444444438,8.4066499999999,1.00170298975309,1.00232832701248,36
2025-04-03,6,18.8164472222222,18.5815500000001,120.46005,1.00587997075873,1.00531312594762,1.03184452084085,36,-10.0578305555555,-9.64764999999943,0.998909367038672,0.998329137417781,108
2025-04-03,12,-15.5317333333333,-20.94615,-14.0483499999997,0.999494965266847,0.995236619729628,0.9984677675408,72,9.8532111111111,23.3798999999999,1.00180907067052,1.00423756686714,72
2025-04-03,18,-2.38082222222223,-2.94624999999996,82.2008166666668,1.00123655536991,0.999373157074035,1.0161662608247,108,-4.21457777777774,9.82759999999962,0.998898405765015,1.00229490620801,36
2025-04-04,6,-1.78113888888888,17.24765,-44.4605333333333,1.00111429168586,1.00663277007037,0.985116575074852,36,-8.07381203703699,-21.2311999999999,0.999969369083029,0.992368515745293,108
2025-04-04,12,-24.1900222222222,-40.6778999999999,150.222583333333,0.99558352544082,0.986004952949882,1.04187479051929,72,11.1887347222223,8.52460000000019,1.00492767402665,1.00242780059833,72
2025-04-04,18,-6.58293518518516,1.55725000000007,54.2793333333333,1.00032423156547,1.0005979890556,1.02289458346325,108,-6.25376944444436,-21.2311999999999,1.00004970423852,0.992368515745293,36
2025-04-05,6,19.6530638888889,63.3490000000002,8.79286666666667,1.00883410930115,1.02441564317484,1.00503190603081,36,20.3637064814815,6.1895999999997,1.00775394042586,1.00197033728751,108
2025-04-05,12,-17.4877097222222,-45.2927,-105.171116666667,0.996850228942759,0.98489369540031,0.972536933333298,72,57.8598013888889,28.3593499999999,1.0191977363466,1.00950385064006,72
2025-04-05,18,24.2646240740741,21.1884500000001,145.796583333333,1.00906545239461,1.00752144971663,1.05660198056506,108,7.95031111111115,3.4541999999999,1.00489957339489,1.0012858064912,36
2025-04-06,6,-18.2411666666667,-30.60995,-76.0694166666666,0.995760584883766,0.991397725408809,0.979838192281836,36,-37.768237037037,-36.8125499999999,0.994032412594181,0.990957462803802,108
2025-04-06,12,-40.7909847222222,-50.42055,-44.9159500000001,0.993246091452168,0.990323129431541,0.992946364973213,72,-24.9819541666667,-12.4375500000001,0.995682819880986,0.997894880271971,72
2025-04-06,18,-43.3090537037037,-43.3465999999999,-77.856,0.993025566115912,0.990957462803802,0.988720414722304,108,-1.61871666666675,-17.8859000000002,0.998781124318571,0.994720599159062,36
2025-04-07,6,17.4041555555555,18.7600000000002,-67.0248333333334,1.00655078437658,1.00534838387,0.986522632979966,36,-9.16380648148148,10.4600500000001,1.0007281670107,1.00193809812412,108
2025-04-07,12,4.60432916666667,11.4305000000004,-156.080116666667,1.00290136437718,1.00231914784278,0.976013872630384,72,-9.64796111111115,11.5544499999996,1.00146627832716,1.00229498775949,72
2025-04-07,18,-13.1207518518519,0.175150000000031,-18.9398333333332,0.999541308890165,1.00007358550459,0.998715097181912,108,29.2749916666667,47.2842999999998,1.01011135873818,1.0133902505634,36
2025-04-08,6,-77.1537805555556,-66.7283,-102.835866666667,0.979138048743663,0.981657909035571,0.971879770435555,36,11.6148138888888,22.8752500000001,1.00518710940293,1.00371182862945,108
2025-04-08,12,-38.0688208333334,-53.6867,-89.5989833333335,0.990995533388067,0.988184154337528,0.985965799342026,72,16.9141513888888,42.0938000000001,1.00635415508816,1.01039149714688,72
2025-04-08,18,-30.2032638888889,-47.4808500000001,45.1295666666665,0.9932993140942,0.99080116413989,1.00668922611165,108,48.3004527777777,81.1078,1.01480143466985,1.02114464242683,36
2025-04-09,6,-59.7627388888889,-41.0713999999998,-267.359216666667,0.985052519323564,0.988791874220188,0.932818790817942,36,2.7483064814815,-7.94304999999986,1.00209767001656,0.998468827134352,108
2025-04-09,12,-43.6028625,-35.9117000000001,24.7994500000001,0.990459052731465,0.991005943414315,1.00411204742562,72,17.8439527777778,0.359450000000152,1.00521371195515,0.999883688067578,72
2025-04-09,18,-24.2042518518518,-23.0049000000004,104.92245,0.994397717675152,0.994933911501551,1.01529613747727,108,21.0949361111111,12.5350000000001,1.00815237634778,1.00387904492742,36
2025-04-10,6,-20.0320527777778,-20.835,-96.9044000000001,0.994990802535575,0.994207326411579,0.974633469373436,36,-5.30906111111109,13.5779,0.999189398894742,1.0034572990863,108
2025-04-10,12,9.92009166666665,24.22595,-72.1110000000002,1.00094988279952,1.00436173164699,0.989055405722797,72,-27.8997097222222,-22.0337999999997,0.995329616810377,0.994921902388867,72
2025-04-10,18,-8.09939722222222,0.362700000000132,-44.3670999999999,0.998392929507029,1.00005675949537,0.994062061696237,108,-11.6610444444445,13.5779,0.997380210698714,1.0034572990863,36
2025-04-11,6,23.9625944444444,13.1195999999998,162.102833333333,1.01053216913166,1.00489879257066,1.06204355530658,36,11.8038537037037,13.17605,1.00656741997991,1.00387176338147,108
2025-04-11,12,19.2407583333333,18.2530999999997,-166.9486,1.00823315307409,1.00519656501234,0.955995733814266,72,10.4463194444445,13.17605,1.0068840614616,1.00387176338147,72
2025-04-11,18,11.0449768518519,7.72259999999983,35.2529166666668,1.0055855899539,1.00240909870784,1.01458517965478,108,26.239225,33.7550000000003,1.01347765920967,1.01265661194708,36
2025-04-12,6,-37.3108972222222,-10.9927,60.3874666666666,0.987519299132658,0.996017163823996,1.02354741055371,36,-23.4278564814815,-25.8905000000002,0.992110479581045,0.991178148303603,108
2025-04-12,12,-19.2892222222222,-22.18075,139.593,0.993136932791632,0.992704320875909,1.03984328956716,72,-34.5080111111111,-25.8905000000002,0.988788436146264,0.990850720113557,72
2025-04-12,18,-24.2627314814815,-25.1351999999999,-87.6527999999999,0.992229413290364,0.993007394529566,0.969762301845998,108,-34.8062722222222,-29.5179500000002,0.9871624980047,0.988370089800929,36
2025-04-13,6,-31.0069055555555,-16.9973999999997,8.55118333333341,0.992151139690027,0.995283999688222,1.00101576766259,36,14.6485027777778,25.8166499999998,1.0023933880158,1.00516462243851,108
2025-04-13,12,-22.1446986111111,-11.7783999999999,-51.1372500000001,0.994558699733981,0.99753407372576,0.991879305029423,72,28.614,47.2716,1.00510695213474,1.00771729284648,72
2025-04-13,18,8.81529814814812,21.8643500000001,132.690833333333,1.00054212742445,1.00573876984025,1.02509087476189,108,-13.5072916666666,-26.4447999999998,0.997704921464079,0.992570850993322,36
2025-04-14,6,40.0306472222223,39.71695,89.8850500000002,1.01116786140033,1.01148561529339,1.02103349640595,36,35.8914870370371,45.41795,1.00644950002762,1.00856559718035,108
2025-04-14,12,29.6416069444445,46.53295,-74.4969000000001,1.00782063447772,1.00885122101981,0.989030091322451,72,44.2109472222223,42.7909499999998,1.00743754626387,1.00893511009698,72
2025-04-14,18,45.2421712962964,56.3257000000001,36.7384499999998,1.00942604169367,1.01034485362701,1.00448889433675,108,11.9785944444445,-15.9950000000001,1.00223823640216,0.995931973973173,36
2025-04-15,6,-46.2736444444444,-38.6749999999997,-2.17949999999989,0.987515074437945,0.989205299169888,1.00008412607426,36,-21.0412907407407,-20.4604999999997,0.994630171208766,0.995777771447358,108
2025-04-15,12,-32.0470555555555,-33.0349999999999,31.9667166666668,0.992248983160915,0.994482708697662,1.00560902122654,72,-22.6517027777777,-20.4604999999997,0.993453810871206,0.995462988557062,72
2025-04-15,18,-20.6814907407407,-11.4685999999997,-46.5883666666665,0.994878680873115,0.997667943215002,0.990816834185094,108,-47.3530444444444,-89.9687500000005,0.986769545444896,0.977719573713657,36
2025-04-16,6,29.4483833333333,22.4400000000001,92.0510166666666,1.00866924250587,1.00625179160059,1.02387971757742,36,3.92623518518515,-2.82180000000017,1.00100070585669,0.999547129631671,108
2025-04-16,12,10.1551277777778,-3.49894999999992,-78.4397833333333,1.00387250662766,0.998947380944817,0.987606692463295,72,10.4584166666666,22.6086499999997,1.00196317341031,1.00376444099385,72
2025-04-16,18,14.7020731481481,2.52455000000009,-150.273333333333,1.00395472956315,1.00041611093443,0.976041456260627,108,-2.87913055555555,21.7753999999998,0.999807171386508,1.00517774462435,36
2025-04-17,6,-16.8223555555555,-45.4055499999999,-8.04286666666659,0.996277020990168,0.987715663850636,0.999621957975677,36,-4.48466203703706,-1.81614999999965,0.999087237026744,0.99971517992749,108
2025-04-17,12,-10.1225861111111,-27.5550000000001,-93.1479166666668,0.998550655165083,0.994377186007057,0.9856344853577,72,-5.01558472222224,-1.81614999999965,0.998218710870116,0.99971517992749,72
2025-04-17,18,-3.0446675925926,-19.8962999999999,-14.2325166666669,0.999639384778234,0.996392283670292,0.997186102052445,108,-21.1423388888889,16.58635,0.994620577735698,1.0039072109585,36
2025-04-18,6,22.1459222222222,11.8388,-119.776033333333,1.01118273877225,1.00458684892516,0.957603145709543,36,-40.8168296296296,-51.4416000000001,0.986573806406357,0.986460862496591,108
2025-04-18,12,-9.23349722222222,-7.58425000000011,0.777250000000095,0.999715869396284,0.997223865292696,1.00118399435216,72,-40.9187861111111,-26.4415000000001,0.985736209599378,0.991385743756818,72
2025-04-18,18,-12.8972333333333,-13.2403000000002,-97.5749166666669,0.997760388134238,0.995675973298974,0.964616455952345,108,-61.6128666666667,-63.0962,0.977622993588609,0.974012171755833,36
2025-04-19,6,9.69043333333329,-16.9087500000003,-18.9050500000001,1.00524955031909,0.993821166464103,0.993654335655594,36,-6.10572314814816,-14.8187000000003,1.00002712102374,0.995245511261079,108
2025-04-19,12,35.6045388888889,15.9711500000001,-39.2552,1.01355671102662,1.00437611084071,0.989763824959978,72,-39.9179069444445,-44.3809500000002,0.989108745668535,0.983087069990758,72
2025-04-19,18,0.220651851851829,-9.68455000000017,-50.4603000000001,1.00240683052283,0.99673438845112,0.983470197064429,108,-9.28869166666669,-42.6200000000001,0.998110421821825,0.98312122204044,36
2025-04-20,6,29.9943222222222,0.56984999999986,43.0098999999999,1.00942189549936,1.00015934096238,1.01439091457324,36,-14.7339879629629,-24.9332500000003,0.998157550693184,0.995487948625285,108
2025-04-20,12,35.9682541666667,5.45634999999993,67.1031166666667,1.00920789846315,1.00084394988017,1.01121581292497,72,-43.0720749999999,-49.9739999999997,0.992739375326307,0.990450084202569,72
2025-04-20,18,6.52695925925928,-8.07609999999977,-94.6718166666665,1.00332496951483,0.998680106463122,0.984111409591827,108,-33.7885194444443,-53.9744000000001,0.993919639034419,0.987050709091626,36
2025-04-21,6,14.0491055555555,18.90085,57.0121333333332,1.00499875118146,1.00533859878897,1.01882044322305,36,27.5539203703703,21.1437999999998,1.00625347225326,1.00405026825568,108
2025-04-21,12,32.7631319444444,27.6043500000003,189.9063,1.00720654660846,1.00691997976977,1.03095969582926,72,15.5923013888889,12.5848500000002,1.00467303736217,1.00198239954396,72
2025-04-21,18,25.4908675925925,25.4399999999998,-19.7017333333332,1.005642015863,1.00494293029579,1.00013423685734,108,20.2382638888889,-9.97599999999989,1.00683312035227,0.996887235830772,36
2025-04-22,6,74.2168972222222,46.3652499999998,47.94645,1.02219813216824,1.01225940420655,1.01313518690106,36,17.1552481481482,21.8477000000003,1.004168061449,1.00387659026943,108
2025-04-22,12,54.6760722222222,42.8235000000002,-15.6594333333334,1.0135136811506,1.00984157561129,0.997846537266168,72,8.16524861111111,13.0872999999997,1.00383747710702,1.00279275706383,72
2025-04-22,18,36.0318537037037,41.7350000000001,-46.7127833333331,1.00907744888371,1.00836530553768,0.992777272387829,108,17.5870805555555,-19.8659499999999,1.00746996986411,0.995300850894432,36
2025-04-23,6,33.1369083333333,38.4648999999999,122.189916666667,1.01012247091239,1.01054362883386,1.03491165123116,36,-5.17731944444441,-14.0566499999995,0.99757887185318,0.997259927222752,108
2025-04-23,12,39.9919194444444,15.4621999999999,103.5427,1.00873763244848,1.00424691977748,1.01666117457719,72,-31.1894444444444,-37.9223999999999,0.992691910787484,0.992961656241396,72
2025-04-23,18,21.7497240740741,15.4621999999999,130.965233333333,1.00511778287776,1.0032726781154,1.021280934954,108,-47.6442222222222,-48.5276000000003,0.987505737838667,0.987424041082747,36
2025-04-24,6,4.35923888888888,11.9379999999999,28.3656833333333,1.00152669836466,1.00330570558426,1.00750877369254,36,-0.856577777777796,-4.95979999999963,1.00064871575057,0.999251442162024,108
2025-04-24,12,1.36981111111109,-6.31824999999981,74.1947500000001,1.00057352819634,0.998893817298559,1.01195215533358,72,-0.475058333333348,6.4350000000004,1.00116289461184,1.00105860356397,72
2025-04-24,18,-2.24165185185188,-3.48405000000002,112.973066666667,1.00004749452858,0.999441922211016,1.01985151468181,108,8.51446111111113,28.9086500000001,1.00333036203062,1.00755408685364,36
2025-04-25,6,-62.1609055555555,-47.2972,5.51531666666665,0.977717528704779,0.98224196228177,1.00200720749286,36,35.8954046296296,52.6214500000001,1.01438395873393,1.01878339514502,108
2025-04-25,12,-39.5868541666667,-39.0341000000001,114.23495,0.986976227847066,0.985447725337174,1.03164807861974,72,62.3495083333333,99.0489499999999,1.02345847460622,1.02954488769507,72
2025-04-25,18,-0.907844444444436,-9.29119999999989,179.2136,0.999958928757449,0.996854509345956,1.06845458803351,108,48.2488416666666,64.2282499999999,1.02099261863423,1.02439258458322,36
2025-04-26,6,4.14848333333334,33.5758499999999,50.5659166666666,1.00485024821114,1.01315826855781,1.02159222258586,36,9.47878425925927,18.90255,1.00476336468574,1.00598020052519,108
2025-04-26,12,-9.13306388888889,19.587,16.1616,0.998345295899392,1.00610146916551,1.00519000741457,72,25.4254819444445,21.32635,1.01122487523479,1.00698545554782,72
2025-04-26,18,-3.5829824074074,6.30499999999984,19.6416000000001,1.00011135384744,1.00193927111739,1.01250734475028,108,43.3337833333333,65.0522999999998,1.01880628072606,1.02367748952507,36
2025-04-27,6,-27.1663388888889,-57.2684999999999,-102.552816666667,0.9929166657476,0.984175533729236,0.971125335137396,36,-0.127543518518539,-10.1287999999997,1.00075050597531,0.997861803278054,108
2025-04-27,12,-43.6587875,-60.0544,-125.663883333333,0.991189868247481,0.988249358754966,0.980394148677365,72,29.8843027777777,34.9549999999999,1.00639422358928,1.00821924973357,72
2025-04-27,18,-19.4855194444445,-30.98415,53.1014833333334,0.995883540409737,0.992983098205107,1.00974189694174,108,30.9075888888888,34.9549999999999,1.00751756244431,1.00821924973357,36
2025-04-28,6,-36.5653111111111,-16.1500000000001,-177.00885,0.991295770743866,0.995941132216838,0.952860651147408,36,-40.2747342592593,-27.53385,0.992132427401246,0.994538094392401,108
2025-04-28,12,-54.5030652777777,-24.6082500000002,94.0509999999998,0.98919716213462,0.995297043825385,1.01464502837626,72,-24.1916916666667,-27.8174500000002,0.994649364339183,0.994538094392401,72
2025-04-28,18,-40.7299638888889,-26.1107000000002,-5.66220000000006,0.992174510955108,0.995778396264425,0.999694734405413,108,-35.1996222222222,-38.97515,0.99116952008228,0.989843957454627,36
2025-04-29,6,-34.9985694444445,-36.0368000000003,-65.2183333333334,0.990725589115924,0.989717559923178,0.983255163120907,36,-19.3472712962963,-30.8858500000001,0.99600204884318,0.995226314900243,108
2025-04-29,12,-12.2917958333334,-10.3799999999997,51.69175,0.996692969407979,0.997132377780776,1.00837801963553,72,-34.2283958333334,-43.4800000000002,0.992672898414753,0.991600778759675,72
2025-04-29,18,-18.6877342592593,-31.2500000000002,-133.441133333334,0.996117914847996,0.994945022008498,0.977183136378795,108,-36.9771805555555,-35.3553499999998,0.990377991101476,0.991851689203757,36
2025-04-30,6,-80.9852972222222,-131.40505,-170.178366666667,0.979154334233008,0.963940629487709,0.956013806634862,36,7.68209629629626,11.893,1.00280045323237,1.00206667308501,108
2025-04-30,12,-32.0084138888888,-38.1550000000004,45.6633666666665,0.991432711186359,0.991765724455632,1.00762144041648,72,3.03890972222215,4.45049999999992,1.0023451357787,1.00072252295329,72
2025-04-30,18,-28.4930222222222,-32.3364999999999,-61.4530833333335,0.993230542809444,0.994935368355411,0.990700108860121,108,27.5400583333333,24.0943000000002,1.00786406550178,1.00640067517109,36
2025-05-01,6,2.15782222222223,30.1139000000001,-91.7118,1.00163797658468,1.00849139154215,0.97715251819561,36,158.547628703704,119.10105,1.03964598070919,1.02027150717802,108
2025-05-01,12,-24.4644625,-24.7396999999996,-121.34305,0.996426290506804,0.995895500131811,0.980643417248961,72,263.364816666667,248.07515,1.06386166884932,1.05026845380884,72
2025-05-01,18,21.7084444444445,0.60779999999977,374.714366666667,1.00434085404335,1.00009534890716,1.06917890199685,108,412.675375,437.56705,1.1075533565822,1.10344651943286,36
2025-05-02,6,35.7915888888889,43.3397499999999,55.6979666666667,1.01484701787979,1.01631881485121,1.02139424859762,36,154.608666666667,122.05705,1.05801133198002,1.04153545583876,108
2025-05-02,12,40.0025222222222,43.3397499999999,-103.050116666667,1.01471537928479,1.0148117606244,0.97212701829194,72,209.806272222222,178.4148,1.07972512762513,1.063609295458,72
2025-05-02,18,53.9241333333333,50.3163,182.178466666667,1.01904264669951,1.01522535272496,1.06574361851906,108,337.845188888889,332.14645,1.13175307372132,1.12099296787503,36
2025-05-03,6,9.23696111111112,-0.491899999999987,-13.5306833333332,1.00514406502443,0.999741427813573,0.997588245502413,36,152.139063888889,122.73,1.05698142360485,1.03503960222092,108
2025-05-03,12,2.94886805555558,8.83504999999991,-8.23901666666666,1.00298925958165,1.00287883108441,0.99878415285957,72,229.878208333333,229.12,1.08505490833784,1.08360243661397,72
2025-05-03,18,39.1964518518519,29.5006500000002,326.247583333333,1.01506862240167,1.00836227635114,1.12152119929549,108,348.064797222222,308.74545,1.13088246863396,1.11862624300549,36
2025-05-04,6,49.5867444444445,79.12635,116.621883333333,1.01627713452798,1.02271429521846,1.03653967236077,36,185.557846296296,202.50665,1.0426621608945,1.03472854863759,108
2025-05-04,12,33.2324375,54.4665499999999,113.407533333333,1.00984938098079,1.01111733180613,1.01783741628887,72,269.897704166667,275.475,1.06228242762495,1.06045990791223,72
2025-05-04,18,72.2088212962963,78.6512499999997,294.128566666667,1.01509062144946,1.01396224057214,1.05359979191246,108,389.633819444444,367.2539,1.09899175286311,1.0949418054078,36
2025-05-05,6,0.745522222222184,-23.0246500000001,77.3708666666666,1.00239432338359,0.993648699455399,1.02612518141915,36,170.577218518519,161.70835,1.03916351594017,1.03001592019462,108
2025-05-05,12,13.2729333333333,37.8539499999997,-110.621466666667,1.00354716283688,1.00601195128122,0.982895118352884,72,242.965655555556,263.74365,1.05639527276518,1.05149706228305,72
2025-05-05,18,51.2254768518518,49.0028999999997,364.169533333333,1.00940145533091,1.00888195244719,1.05986400199303,108,358.800747222222,367.48785,1.09168050521139,1.09666058274661,36
2025-05-06,6,94.0316111111111,73.9790499999999,65.9772333333334,1.02701742518391,1.021445894358,1.01867234511173,36,177.791206481481,134.3883,1.0430688588366,1.02269123954034,108
2025-05-06,12,45.1294680555556,40.5966500000004,129.941083333333,1.01343809534374,1.0078495697779,1.02058435004261,72,268.573147222222,260.09995,1.06467390550312,1.05480518981783,72
2025-05-06,18,71.1303342592593,55.9585999999999,431.79055,1.01614892429815,1.01325980702236,1.07807106086285,108,414.014227777778,421.07075,1.10777722879928,1.10721469055514,36
2025-05-07,6,68.7066305555555,44.3569,116.792433333333,1.0207030229677,1.01265868513944,1.03384826273014,36,170.283028703704,121.97755,1.03955822931446,1.02137599017849,108
2025-05-07,12,34.9245055555555,37.2429000000004,-128.778066666666,1.01042970975267,1.00693445453624,0.979675159766398,72,254.853352777778,291.7352,1.05925914570287,1.05508140676865,72
2025-05-07,18,70.1834027777778,60.1566999999998,415.7161,1.01506507811953,1.01046080750356,1.07572995354521,108,369.005508333333,375.8163,1.0941824765525,1.09791807500636,36
2025-05-08,6,8.52830277777779,-1.04195000000004,155.967066666667,1.00393796628284,0.999699478061137,1.04333563225947,36,1.65131388888889,-12.3184999999999,1.00031176470922,0.997332152653764,108
2025-05-08,12,14.0969583333333,-1.46315000000027,58.3771166666667,1.00346578244899,0.99969871282178,1.00965222584229,72,-7.35583611111112,-16.7955499999998,0.998970847756263,0.996457185215903,72
2025-05-08,18,14.3324953703704,-1.46315000000027,-94.6637666666667,1.00321463763414,0.99969871282178,0.985683279565601,108,-29.5152416666667,-35.96785,0.995229347508096,0.991649119234274,36
2025-05-09,6,8.16269166666667,-3.16644999999994,-76.3113166666667,1.00588081638597,0.998744284680406,0.972991137051465,36,-30.8987462962963,-26.4171000000001,0.990178336188108,0.991150169362992,108
2025-05-09,12,-11.4193375,-12.0778999999998,82.8231666666666,0.998116532895493,0.995521577838518,1.02481129763254,72,-30.8474361111111,-25.8221000000003,0.990091379579657,0.991150169362992,72
2025-05-09,18,-8.69008240740741,-17.0699999999999,4.35023333333349,0.999041138781068,0.99466869213544,1.00301480544594,108,-58.4633,-41.2345,0.979292408607095,0.985712322966608,36
2025-05-10,6,-16.98485,9.64754999999991,71.1333666666666,0.994928330769978,1.00370343107551,1.02621545818997,36,-8.05295185185184,-6.58924999999977,0.9999931186909,0.998060412218843,108
2025-05-10,12,-17.7120847222222,1.10725000000002,-146.62665,0.996023243382167,1.00041920327875,0.961313341086882,72,-2.85976805555555,-17.2425499999999,1.00143060003917,0.994866866007307,72
2025-05-10,18,-18.0962768518518,-9.50534999999991,-156.819616666667,0.9954483222856,0.99725875915942,0.950924284981262,108,13.145125,43.6600000000001,1.00856271998588,1.01480488006449,36
2025-05-11,6,27.3938638888889,28.6500000000001,-39.6442666666666,1.0088648613777,1.00706697547687,0.989683884661421,36,-5.07538888888896,-8.17055000000028,1.00061740613191,0.998276312998521,108
2025-05-11,12,0.166136111111112,-3.87875000000008,9.91183333333326,1.00276832568698,0.998989121034835,1.00256278329377,72,5.91771249999989,12.7515999999996,1.00259021419973,1.00234501805886,72
2025-05-11,18,-6.30328611111114,-3.76795000000038,113.707883333333,1.00089504002455,0.999398884770855,1.01715437806502,108,31.0775555555554,17.2593999999999,1.00803195969976,1.00364120825244,36
2025-05-12,6,20.4751027777778,46.0646500000003,-44.7181833333332,1.00690306847754,1.01231110517141,0.984554627731168,36,-15.9117148148148,-34.9456,0.996987881798986,0.994695385098238,108
2025-05-12,12,20.3681916666667,38.2823500000002,-14.0667999999999,1.00563660278995,1.00953733054505,0.998145702574829,72,-33.9982125,-49.7482499999996,0.993296754147298,0.992008250769254,72
2025-05-12,18,6.68508240740745,7.4333500000007,94.5428166666667,1.00313130920929,1.00120045187293,1.02073571808667,108,-47.3152888888888,-122.27885,0.988472786246623,0.974179985663053,36
2025-05-13,6,-73.1244333333333,-92.5234500000001,13.6821166666667,0.979711394380311,0.97396427520851,0.999680867279355,36,-17.1562166666667,9.22899999999981,0.994959987352591,1.00148328428188,108
2025-05-13,12,-26.3293027777778,-35.5179499999999,-66.6645666666665,0.991722120910132,0.99185755939385,0.990152423951869,72,-35.9672388888889,-11.7397999999998,0.99057355730891,0.997955561847653,72
2025-05-13,18,-10.8434694444445,-15.3802999999998,88.0157000000001,0.995692746748849,0.997570531947112,1.0154816750836,108,-92.062675,-101.4642,0.977513116191536,0.976324549875917,36
2025-05-14,6,-34.5706527777778,-52.3132499999999,-63.1557166666666,0.990747542143219,0.985815802628683,0.981902715553016,36,-20.0436574074074,-14.4928,0.996429049844398,0.997275299271289,108
2025-05-14,12,-34.3029555555556,-34.3676500000001,88.4666666666665,0.992563416234126,0.992193274356776,1.01466825316856,72,-13.0478569444444,-13.5082000000002,0.997453929604081,0.997533584031318,72
2025-05-14,18,-21.2285907407408,-18.6397499999998,42.8858833333332,0.995345466567147,0.996046645093327,1.005110103971,108,-31.0158527777777,-47.7438499999998,0.993998291974973,0.990246120879803,36
2025-05-15,6,-18.3358805555556,-17.2908500000001,-103.862583333333,0.995805787966549,0.995033869041334,0.971233179512027,36,-40.9529046296296,-31.7234499999995,0.99236821252342,0.994981680636623,108
2025-05-15,12,-20.7375888888889,-13.8711999999996,19.6452000000001,0.996717189377825,0.99680815789514,1.00376318007891,72,-49.8597083333333,-43.2248,0.989738023390579,0.991988367765288,72
2025-05-15,18,-17.4025092592593,-13.1684,-131.806816666667,0.997351655246006,0.997031466800703,0.978479018245584,108,-88.9870666666666,-116.6761,0.980855459798789,0.973877655770427,36
2025-05-16,6,-19.2715888888889,-21.9350000000002,73.5382833333333,0.994429135925093,0.991925614686481,1.02901993677378,36,30.1749351851852,29.5569499999999,1.01357168580438,1.0081541739289,108
2025-05-16,12,7.01507222222222,14.4086500000001,16.3200166666666,1.00202367474516,1.00432478736018,1.00452873283077,72,28.6115361111111,36.50315,1.01554842192396,1.01063589906314,72
2025-05-16,18,-7.73447870370372,6.70130000000017,-20.1841000000002,0.998365251618242,1.00216044930659,0.996702444756985,108,94.4566527777778,136.4154,1.04004843848352,1.04650694384507,36
2025-05-17,6,44.9307555555556,27.3191500000003,-45.3184500000001,1.0203007024084,1.01080486721713,0.986400638022639,36,19.8310472222222,35.8983499999999,1.00777727825405,1.01104359784525,108
2025-05-17,12,33.7437694444444,54.9200999999998,250.504016666667,1.01424982704764,1.01466538544241,1.07109834286746,72,18.4681791666667,10.53925,1.00756644153763,1.00320240367692,72
2025-05-17,18,24.7825462962963,27.3191500000003,-12.94805,1.01068306231962,1.01045292386203,0.99697105725358,108,30.0762583333333,44.9754,1.01158335021169,1.01516008081173,36
2025-05-18,6,38.7455694444444,61.0149999999999,15.9589833333333,1.01106307302279,1.01640804956352,1.00381808485557,36,-16.0292685185185,-11.5399000000002,0.997065603769403,0.998118686242784,108
2025-05-18,12,51.8858930555556,57.8691999999999,-50.2850166666666,1.01142428831722,1.01507792989037,0.992222969656631,72,-56.557011111111,-44.8386999999998,0.989705653848281,0.991569381391397,72
2025-05-18,18,22.5800277777778,22.3843999999999,-150.020533333333,1.00584865377543,1.00370092882335,0.976899919106591,108,-77.0823194444443,-94.2649999999996,0.984713923004701,0.979856709568446,36
2025-05-19,6,-35.1401722222222,-34.0026,-3.04916666666668,0.991458616490733,0.990701408537217,1.00344750066077,36,-9.18747777777782,-17.5043000000001,1.00010918901796,0.997221944190317,108
2025-05-19,12,-45.55475,-49.0394999999999,35.2650999999999,0.991049709048875,0.989199738991261,1.00692730285758,72,14.2034472222222,40.8789999999999,1.00484338272343,1.00653628292843,72
2025-05-19,18,-30.4583657407408,-22.2444500000001,-154.149216666667,0.994346479334525,0.996085569129118,0.978970128346655,108,28.6724916666666,61.6438499999999,1.00874674554104,1.01541929639421,36
2025-05-20,6,-6.15637500000005,-2.29095000000007,-67.9831833333335,1.00007842358054,0.999339811153845,0.986862340838238,36,11.3824648148149,13.9299500000002,1.00516020474781,1.00214943875627,108
2025-05-20,12,-16.1014999999999,-11.4291000000001,-48.0199833333331,0.997796472009171,0.997342606385739,0.992348867617329,72,30.0970097222223,20.4559000000004,1.00998304690282,1.00409004540251,72
2025-05-20,18,-20.0852953703703,-13.7628,-101.141266666667,0.997132176931991,0.997244058966874,0.984053116036589,108,88.2469055555556,154.0997,1.02416250702801,1.03336145026695,36
2025-05-21,6,-11.4259694444444,-8.60874999999987,4.26573333333317,0.99788320734948,0.997483133346995,1.00274354971967,36,-13.3554537037037,-21.1617999999999,0.999270918597724,0.996176833571366,108
2025-05-21,12,-11.7667277777777,-14.1020999999998,-99.7946333333333,0.998118717959326,0.996594135475995,0.984637187885509,72,-13.9794375,-23.0192999999995,0.999729263612001,0.996176833571366,72
2025-05-21,18,-27.843249074074,-24.1524999999997,-204.913833333334,0.995751755894391,0.995370278904767,0.968959493326669,108,32.0374166666666,-3.04839999999967,1.00844069545948,0.999346456546989,36
2025-05-22,6,-12.1679805555555,-8.11110000000031,-13.8655999999999,0.997766928426847,0.99771312686531,0.999675240872706,36,11.3543379629629,-1.32434999999987,1.00286308587619,0.999794048179512,108
2025-05-22,12,23.8033458333333,5.58714999999984,47.2887666666667,1.00395373467693,1.00119657776058,1.00747682309409,72,-12.8558291666668,-43.6465000000001,0.999224358350777,0.992038051949978,72
2025-05-22,18,5.20861851851849,-4.06594999999993,1.01356666666637,1.00125140610921,0.998999839214402,1.00227853162312,108,6.26917777777769,-37.3968000000002,1.00260196772777,0.990006375601476,36
2025-05-23,6,24.5059444444444,13.7468999999999,-72.04035,1.01153744924544,1.00530701827796,0.975543336719125,36,8.61133148148146,-10.6805999999999,1.00436502366535,0.996846396477146,108
2025-05-23,12,30.4821222222222,8.85364999999979,-50.3787666666666,1.01279623248289,1.00311389014702,0.986719929454554,72,-5.31215277777781,-17.8469,0.999520027637859,0.994361244773585,72
2025-05-23,18,33.848787037037,12.7601499999998,2.32775000000008,1.01302155636094,1.00425853498215,1.00515094156759,108,-51.2064222222223,-56.9750000000001,0.985567851158668,0.980224615061938,36
2025-05-24,6,6.32277222222223,10.3963999999999,-89.3184333333332,1.00451188225121,1.00407587204191,0.967727516638275,36,-34.3694027777778,-1.37055000000009,0.991206457695073,0.999587849750136,108
2025-05-24,12,0.941002777777757,2.88695000000007,-100.150016666667,1.00151874377384,1.00092681024189,0.974282409425254,72,-49.3337208333333,-20.70875,0.987546883894376,0.993166283988166,72
2025-05-24,18,-16.661237962963,2.13584999999989,122.654966666667,0.996997861225047,1.00065855153016,1.04412548512667,108,-46.8017222222222,-20.70875,0.987137671661288,0.993166283988166,36
2025-05-25,6,-66.1785416666666,-45.5452499999999,45.3377500000001,0.982534622516225,0.987661198454529,1.01094896920672,36,1.66176944444448,9.0291500000003,1.00016247842187,1.001447428688,108
2025-05-25,12,-32.8952527777777,-20.8493000000001,56.6436666666668,0.991133067520042,0.995197185072882,1.00940060960699,72,2.29863611111113,1.06540000000041,1.00037796137088,1.00016967440729,72
2025-05-25,18,-24.5661898148147,-3.41414999999984,156.405,0.993779538045663,0.999221290073682,1.02562529533027,108,12.5053361111111,-27.34095,1.00168344364486,0.993151098783778,36
2025-05-26,6,-21.5706527777778,-42.325,86.2301333333332,0.994242166029821,0.987973616416401,1.02345690448847,36,-29.7219277777778,-39.8398000000002,0.995703833137799,0.993543316185713,108
2025-05-26,12,-16.9381736111111,-27.6687499999998,-90.2190666666665,0.996413199162907,0.994805687869231,0.98580315733258,72,-38.4300444444444,-76.0690500000001,0.994263633558703,0.985394488904676,72
2025-05-26,18,-34.219474074074,-37.8083500000002,76.4470500000002,0.993905704665984,0.993543316185713,1.01008727954753,108,-8.07801388888894,-70.6100000000001,0.999636551445267,0.984216396031944,36
2025-05-27,6,18.1509416666667,52.3886499999999,-26.3617833333331,1.00537673928581,1.01291569798346,0.993311039969179,36,-27.7586675925927,-20.2170500000002,0.9953254436735,0.996340821310514,108
2025-05-27,12,12.0726666666666,28.2650000000001,1.54208333333296,1.00333830146537,1.00635441466198,1.00042521320783,72,-44.6351972222223,-83.0026500000004,0.992338233687782,0.985773514460794,72
2025-05-27,18,-11.4647092592593,5.40000000000009,-71.9789166666668,0.999302308800793,1.00090524065043,0.990385749526233,108,-30.7309333333334,-37.5565499999996,0.99344614390393,0.990958304558729,36
2025-05-28,6,12.3586805555556,19.3199999999999,-33.8719499999998,1.00459581188809,1.00547617426345,0.990438410063606,36,-24.1864527777778,-18.3735999999999,0.995039317437246,0.996883504655931,108
2025-05-28,12,12.4829416666667,27.8006000000003,61.4495500000001,1.00334548700633,1.00445852565472,1.00982447851144,72,-42.5832805555556,-47.0705000000003,0.991511395093583,0.991608537029544,72
2025-05-28,18,1.5731027777778,6.43069999999989,25.5722666666667,1.00116127727243,1.00143650226014,1.00440286008119,108,-64.9199861111111,-104.42205,0.986229932382554,0.977721190793234,36
2025-05-29,6,56.5638861111111,50.82485,72.1213666666667,1.01703968034703,1.01432915784624,1.02062180868617,36,20.5694962962963,30.6850000000004,1.00348120673262,1.00562900175907,108
2025-05-29,12,5.33156249999991,2.86374999999998,16.486333333333,1.00455683501511,1.00074726822157,1.00253154012727,72,53.8046250000001,79.1839,1.00918481525733,1.01564921714698,72
2025-05-29,18,26.7787009259259,22.6939,129.365316666667,1.00673584379977,1.00434769755545,1.02029172170475,108,37.9362722222223,81.0407500000001,1.00727576914555,1.01756227886082,36
2025-05-30,6,-41.0984583333333,-68.43715,-5.96124999999999,0.984736314652779,0.974030832534849,0.998141735919694,36,-6.92050833333333,-17.144,0.999015844117654,0.995251669994842,108
2025-05-30,12,-31.0117986111111,-39.0537499999998,7.77736666666662,0.98949452094213,0.985163965236306,1.00278523616432,72,0.0818069444444329,-23.3082999999999,1.00139740256074,0.992555289470095,72
2025-05-30,18,-11.6325796296296,-17.144,-59.0114999999999,0.995916183386893,0.995251669994842,0.984840732455233,108,-26.9622444444444,-53.7409,0.994035296845062,0.983342376847588,36
2025-05-31,6,14.8399916666667,16.1400000000001,38.6291333333333,1.00629847474327,1.00610970588131,1.01494951895792,36,-0.25139907407407,7.51189999999997,1.00019415150858,1.00257650319868,108
2025-05-31,12,8.30937083333334,16.1400000000001,-11.0074333333334,1.00441535984809,1.00601049374114,0.996785965836085,72,-1.26647361111112,7.51189999999997,0.999025104786407,1.00257650319868,72
2025-05-31,18,12.6862824074074,32.87375,-146.18965,1.00492294315055,1.00907068510595,0.955632454870973,108,-23.9730527777778,-64.6166499999999,0.992112099817359,0.979797215891365,36
2025-06-01,6,276.306363888889,277.1707,-44.2565,1.07902261207969,1.0770552747679,0.989037109167507,36,348.380236111111,279.5754,1.07301985653786,1.05589693477672,108
2025-06-01,12,157.977245833333,88.5255000000002,106.601766666666,1.04280514521918,1.01486668550546,1.01783111490902,72,502.746290277778,556.9114,1.10623594562746,1.09878123501174,72
2025-06-01,18,242.830619444444,176.60995,342.996933333334,1.05120916265982,1.03254022936508,1.05776635146381,108,592.955213888889,661.41525,1.1444546937138,1.14249143757574,36
2025-06-02,6,299.633630555555,270.66375,-29.6960666666667,1.08684440566899,1.07637296589817,0.989735893260256,36,381.931435185185,391.20165,1.07823791760293,1.0686647372373,108
2025-06-02,12,186.125131944444,162.511,160.983633333333,1.04935040589538,1.03309243876634,1.0261358408337,72,536.588836111111,529.75685,1.11142867334352,1.10120614486701,72
2025-06-02,18,288.935266666667,255.30255,510.874616666667,1.05991633957956,1.050751966718,1.08762505256021,108,578.622136111111,562.377,1.1418091397391,1.13542436454746,36
2025-06-03,6,276.873738888889,256.0464,182.238333333333,1.07876214541832,1.07185252675289,1.04543078775812,36,353.820599074074,326.4685,1.07162664637544,1.06577632794552,108
2025-06-03,12,144.838072222222,100.73925,136.64975,1.04066020342114,1.01806560958592,1.02161143402826,72,524.329695833334,580.9053,1.10616083885118,1.10848359013751,72
2025-06-03,18,267.01740462963,177.5723,780.839583333334,1.05508494809759,1.03924008487171,1.13017539803261,108,537.283322222222,580.9053,1.12838724025188,1.12353333996609,36
2025-06-04,6,364.935469444444,345.555,189.318866666667,1.10280228852396,1.0956849543482,1.05148055126295,36,357.132419444445,353.2799,1.07365066484327,1.06437328530759,108
2025-06-04,12,204.813009722222,131.86805,236.080266666667,1.05544187779092,1.03036697406368,1.03732601509919,72,513.353354166667,512.7625,1.10643526373596,1.10226521637414,72
2025-06-04,18,284.531303703704,268.20675,573.775733333333,1.06114459602636,1.05234741816988,1.09577402169106,108,582.738816666667,534.67805,1.14032049497468,1.13180903322718,36
2025-06-05,6,307.894002777778,303.6389,150.320366666667,1.08656746386994,1.08199018021854,1.04095228799651,36,342.735687962963,334.0131,1.07396264319776,1.05913309276195,108
2025-06-05,12,182.174169444444,142.93595,175.231733333334,1.04832010210098,1.02717405136021,1.02815634147229,72,485.876363888889,473.2922,1.10590759463063,1.08639874689732,72
2025-06-05,18,245.030184259259,224.23725,535.173783333334,1.0522214313877,1.04221326838087,1.08990143810371,108,601.010513888889,616.0381,1.15179109930014,1.15042212158616,36
2025-06-06,6,294.655052777778,270.98355,70.7209,1.11949214897178,1.1067288089709,1.02931772607414,36,353.736677777778,378.7025,1.11634556866671,1.11463499359265,108
2025-06-06,12,130.913754166667,76.9018999999998,-9.3905666666667,1.05556167747228,1.02491887965012,0.997768869344792,72,547.018788888889,567.0874,1.17870275001368,1.18232224445529,72
2025-06-06,18,250.421212962963,185.66315,712.533283333333,1.08564289549771,1.05994786392724,1.24407578491858,108,604.601447222222,595.10995,1.21160016847878,1.21554793360022,36
2025-06-07,6,248.654627777778,239.49525,204.153333333333,1.09955537052314,1.08651149269476,1.07961210577499,36,382.5833,371.8872,1.12657949860641,1.11088577375896,108
2025-06-07,12,151.147569444444,95.7081000000001,115.093333333333,1.05809290085715,1.02720923776809,1.0328402943968,72,547.054694444445,557.7276,1.18155403231404,1.17322788002557,72
2025-06-07,18,278.705584259259,210.3629,803.001266666667,1.09412841070775,1.06396337609397,1.29095085781885,108,560.287775,557.7276,1.19690863421914,1.18295706321811,36
2025-06-08,6,-51.3240555555556,-48.6945000000001,-3.46726666666677,0.987425763108136,0.987415846425552,1.00057720700357,36,18.1294972222222,-5.99199999999973,1.00359784626925,0.998870814367376,108
2025-06-08,12,-51.1539166666667,-53.38905,-45.2133166666664,0.989806777214576,0.989560402481036,0.992834235398437,72,52.6861347222222,52.8784000000003,1.00930287374336,1.0089322694435,72
2025-06-08,18,1.89658148148148,-29.5215499999995,297.0619,0.999004699929001,0.995012457074194,1.04624233321997,108,-2.62530833333338,14.6913499999996,1.00120520212887,1.00270050521491,36
2025-06-09,6,29.0337972222222,-1.54629999999997,42.0442500000001,1.00925085733058,0.99960675054593,1.01482040395782,36,-4.75287685185183,-4.70304999999962,0.99950398194627,0.999208050117779,108
2025-06-09,12,-1.21114999999996,-3.64629999999966,-32.2063999999999,1.00235527517642,0.999113442482711,0.995441595555142,72,8.59873333333332,0.520999999999731,1.00152612640828,1.00022608500176,72
2025-06-09,18,4.61117592592596,-3.64629999999966,181.784833333333,1.00239552346234,0.999208050117779,1.02588366257193,108,0.941638888888848,-10.0813499999999,1.00057623278238,0.997932109488303,36
2025-06-10,6,2.90772222222229,34.2953499999999,-71.5604999999999,1.00247666554109,1.00927608442484,0.98711405083218,36,-37.7663953703704,-48.3120500000005,0.995077027016075,0.990428656903149,108
2025-06-10,12,-5.32134722222212,-18.4996999999998,-113.9359,1.00005062538869,0.995381208336957,0.982324671947264,72,-49.8743847222223,-43.3850000000002,0.993803247905962,0.991674939310818,72
2025-06-10,18,-42.6587805555555,-47.23,-252.920583333333,0.994140921664995,0.990917407798285,0.961172698208175,108,17.5848777777777,26.1667499999999,1.00528498159433,1.00559652269142,36
2025-06-11,6,-98.1291083333333,-113.72715,-142.962666666667,0.975450449785201,0.969948700147528,0.963315407838831,36,15.8671324074074,42.7304500000005,1.00304368646015,1.00764182935727,108
2025-06-11,12,-49.4581611111111,-19.5308500000003,-154.65155,0.987950031979228,0.99653104789454,0.976964354933285,72,24.1943055555556,48.3865999999994,1.0043407226036,1.00929388636253,72
2025-06-11,18,-16.7275240740741,-8.10224999999969,167.511066666667,0.994683395365658,0.998101983087758,1.02623546839191,108,-0.345138888888818,2.10265000000027,1.00053132306869,1.00033785100707,36
2025-06-12,6,-89.401825,-126.41065,-198.974,0.977565441045819,0.968569239930745,0.946794149182953,36,-10.9831518518518,-19.4333000000001,0.996774225925446,0.9969783529131,108
2025-06-12,12,-45.6025958333333,-48.6124500000001,-117.504566666666,0.98864034492657,0.991395536097196,0.981917600912718,72,-15.5730444444444,-48.6386999999995,0.995303714484508,0.991007938065658,72
2025-06-12,18,-17.6103277777778,-33.7695000000003,-35.2544833333335,0.994594220503732,0.993050747179142,0.994720834787319,108,-69.5202972222221,-77.0588,0.984105457310959,0.983897166632088,36
2025-06-13,6,-65.2826027777778,-36.5217,2.04294999999994,0.980843439723337,0.987065194274486,1.00190926489997,36,-25.8960546296296,-25.8056499999998,0.993930992009759,0.993495874442067,108
2025-06-13,12,-20.9579013888889,-9.0025999999998,188.403916666667,0.993325335686026,0.997173729882212,1.05226903253257,72,-50.5274819444444,-39.1645499999997,0.987992872190281,0.989758958689449,72
2025-06-13,18,-34.4270907407407,-14.0290499999999,81.7769333333335,0.990735722201183,0.995710809637356,1.02242763693276,108,-39.6894944444444,-50.8621999999998,0.990429249149065,0.986212264581553,36
2025-06-14,6,-32.7149138888889,10.9567999999999,-170.152883333333,0.989481583037156,1.00360161082858,0.942294175172457,36,-39.295175,-38.1497999999999,0.99136813339076,0.989645007206046,108
2025-06-14,12,-43.3836347222222,-25.0248999999999,-188.835966666667,0.987731844783817,0.99259993813155,0.951017348019153,72,-31.9165847222222,-26.47515,0.994061146820901,0.99238279109272,72
2025-06-14,18,-51.9330555555555,-38.1497999999999,-93.1665166666667,0.986477781811973,0.989645007206046,0.97439215902718,108,5.1987277777778,33.1188999999999,1.00415263777351,1.00913904192133,36
2025-06-15,6,-58.9736138888888,-49.6289500000003,-21.4452666666665,0.985551063059208,0.986501774186935,0.993448270921129,36,-30.2344694444444,-47.2573499999999,0.995107432283312,0.990668433146732,108
2025-06-15,12,-23.8264125,-35.1036000000001,-77.1094000000003,0.993636857568188,0.992531521215647,0.98857310406115,72,-51.0120986111111,-66.68885,0.991799822386383,0.98691525610272,72
2025-06-15,18,-31.0064898148148,-45.8654000000001,-54.8756333333331,0.993710529969396,0.990668433146732,0.991909091669481,108,-56.6575527777778,-56.3696,0.989741770000954,0.98691525610272,36
2025-06-16,6,-32.0661833333333,17.7423499999998,66.0766000000001,0.992670271029875,1.0044925850769,1.01525246532681,36,-19.8977148148149,21.3361000000004,0.996130257167501,1.00338810023092,108
2025-06-16,12,8.13344861111112,28.0061500000002,59.6209833333332,1.0000546891859,1.0062791076274,1.01013170231267,72,-54.0131125,-41.8395500000006,0.990475832080291,0.993666498286362,72
2025-06-16,18,-7.7142175925926,25.2730499999998,-190.747683333333,0.998585503836361,1.0053550814691,0.974836555197995,108,-68.616675,-60.9551499999998,0.985304531023296,0.987868611555978,36
2025-06-17,6,-47.9395805555556,-49.3661999999999,7.36508333333336,0.989109923250997,0.987062602438282,1.00209385744255,36,10.2722388888889,24.9225999999999,1.00262900599591,1.00383825289967,108
2025-06-17,12,-13.0204,-1.21900000000005,26.1550333333333,0.996547646035823,0.999815139811282,1.00429899792499,72,4.45896805555559,10.6199999999994,1.00195082458354,1.00162933330895,72
2025-06-17,18,-15.021312962963,-6.85980000000018,6.00261666666665,0.996996695536289,0.998957078879896,1.00336955183071,108,27.9410750000001,33.8992000000003,1.00600685462985,1.00636559534988,36
2025-06-18,6,-78.5153694444444,-36.7230500000001,26.2713500000001,0.981875106076371,0.990575185217758,1.0104765071668,36,-47.5836768518519,-55.1476499999999,0.993040770576558,0.990439040932331,108
2025-06-18,12,-52.9662152777778,-17.32215,-58.5701500000002,0.989358742608461,0.995333256189401,0.991516238261589,72,-57.6669847222223,-60.3400000000001,0.99113996629456,0.988404805196033,72
2025-06-18,18,-59.4143916666666,-36.7230500000001,-230.934283333333,0.989693672103858,0.993291324537368,0.969251840864799,108,-43.0232250000001,-56.3678,0.99191640149447,0.988949645522869,36
2025-06-19,6,2.19870000000001,26.2063499999999,149.490916666667,1.00304116639322,1.00683388906388,1.04398533627686,36,-21.4410157407407,1.75194999999985,0.997128247375104,1.00027506635211,108
2025-06-19,12,2.61949027777778,26.2063499999999,0.664399999999508,1.00191223840075,1.0054216216692,1.00010172295131,72,-33.6816638888889,-4.64955000000009,0.995300715858518,0.999155970326295,72
2025-06-19,18,-19.2502416666666,1.75194999999985,-66.74855,0.998166123405722,1.00027506635211,0.988160982197502,108,-4.37362222222223,13.5459999999998,0.999927538301365,1.00277823811758,36
2025-06-20,6,-47.4832277777778,-54.4956,-91.5511166666666,0.984317858149163,0.980428466639655,0.967059554455745,36,-25.9784064814815,-42.6892499999999,0.995721856470727,0.989103345000058,108
2025-06-20,12,-13.760175,-23.3933500000001,-11.2667166666665,0.996703836802352,0.991511433998044,0.997421833700614,72,-48.9490486111111,-67.7998500000003,0.989037876978321,0.981239949903157,72
2025-06-20,18,-31.8765333333333,-46.3648499999999,-306.095366666667,0.992416985569136,0.986242698628677,0.920615965284506,108,-29.7888472222223,-41.78,0.994232470853935,0.988435196347855,36
2025-06-21,6,3.20391666666665,-8.03594999999996,-31.0401166666668,1.00337900377207,0.997174787727426,0.990502072384541,36,-48.0175453703704,-45.7456999999999,0.987765378091374,0.987429425134507,108
2025-06-21,12,6.93452638888886,-12.0544000000002,148.522266666667,1.00353850733196,0.995838946481957,1.04250926976211,72,-77.3588861111111,-50.1034999999999,0.979799061691135,0.985718468537293,72
2025-06-21,18,-1.29293333333337,3.44499999999994,-54.2727166666667,1.00114433184723,1.00085387463135,0.985099167032122,108,-136.969919444444,-112.04085,0.963242142504517,0.968471994488978,36
2025-06-22,6,41.7806916666666,-0.266049999999723,11.1476499999999,1.01162697806443,0.999927644616687,1.00389340365575,36,-60.0059305555555,-37.7371500000004,0.99051118452193,0.993141623815925,108
2025-06-22,12,7.73734861111111,-2.35645000000022,58.1310333333336,1.00442440421788,0.99958792709421,1.00930576424544,72,-76.8558986111111,-74.1488999999997,0.987155861597224,0.987250970741926,72
2025-06-22,18,-30.2188740740741,-25.7217500000002,-87.9850666666668,0.997605945162336,0.995888310124017,0.98432520809208,108,-47.5804777777778,-38.9157500000006,0.990342696143209,0.992391379056677,36
2025-06-23,6,-102.714458333333,-160.0035,-161.344183333333,0.976029347684672,0.965125206150025,0.960959621110339,36,-17.3040101851852,-11.0386999999998,0.998917623684534,0.99772762620794,108
2025-06-23,12,-69.2540513888889,-83.0763999999999,-124.958933333333,0.98572300923486,0.984607438609674,0.980687463260724,72,-8.05919305555555,2.29430000000025,1.00066810013428,1.00027986541607,72
2025-06-23,18,-57.8005435185185,-75.0291000000004,-66.0876166666667,0.988767576304201,0.987513444232115,0.989196594075316,108,18.7751416666667,17.7692999999999,1.00647948982567,1.0033523820447,36
2025-06-24,6,-3.39143333333333,-22.8007500000001,23.6381,1.00017793706726,0.993694781010585,1.00488474566702,36,-9.92005462962963,10.97955,0.997443927079094,1.00218523285488,108
2025-06-24,12,0.18093194444446,3.22849999999994,19.6924833333334,1.00056858559718,1.00065951367199,1.00336195159163,72,-16.7567305555556,-0.108850000000075,0.995686273555089,0.999964780983782,72
2025-06-24,18,19.9252768518519,34.8121499999997,141.418466666667,1.00367280334626,1.00622028297534,1.02283801440059,108,-92.9274277777779,-75.2223000000004,0.98149130826577,0.985697541906802,36
2025-06-25,6,-11.9428777777778,-12.6063999999999,-55.6551333333333,0.997626388354407,0.996488623903783,0.983750667346171,36,-29.2785120370371,-41.1610000000003,0.994795099775159,0.992779837938984,108
2025-06-25,12,-25.2040527777778,-35.2859000000001,-55.5921333333334,0.994784437880345,0.990438238806014,0.991294463339907,72,-24.6851541666666,-35.5945000000002,0.996221405959597,0.993741040224232,72
2025-06-25,18,-29.6141546296297,-39.9211500000001,-63.88735,0.994650246524942,0.990438238806014,0.989380919765586,108,-10.93595,-11.3004000000001,0.998060948105057,0.997847569539093,36
2025-06-26,6,-73.8459944444445,-72.6591000000001,-169.53315,0.981896602711913,0.980558553740254,0.957975492052805,36,-11.5858648148148,0.514200000000528,0.99971897681537,1.00007934130349,108
2025-06-26,12,-40.0937861111111,-33.5703000000001,-56.8430499999996,0.990947370496235,0.993403211983654,0.991491002746426,72,-14.2080083333333,2.93180000000029,0.999579396082776,1.00032145777972,72
2025-06-26,18,-36.4436277777778,-26.1932999999997,11.8041166666665,0.992670260537878,0.994460673646959,1.00378526903716,108,0.72729444444451,40.5569500000001,1.00304275154439,1.00794366904639,36
2025-06-27,6,-9.21559722222221,-1.04095000000007,9.80940000000002,0.999004846886599,0.999598545097301,1.00469037250577,36,-84.3628407407408,-56.5608499999998,0.977374920653707,0.984966493251785,108
2025-06-27,12,-65.8493666666667,-32.6490499999998,-247.7638,0.982245365119286,0.988162073723225,0.936552359734232,72,-65.3026930555556,-34.3270499999999,0.983319439304575,0.990659717413784,72
2025-06-27,18,-68.6214518518519,-41.6582000000001,-96.2543666666667,0.982007459951915,0.987387965006027,0.97206124597034,108,-56.4397638888889,-8.82580000000007,0.985107228991976,0.997236070673934,36
2025-06-28,6,-53.5114861111111,-59.2393999999999,20.8970166666668,0.98371606501548,0.97956965970121,1.00771126739808,36,-23.6346157407407,-46.3412500000002,0.995200725339047,0.986845801723596,108
2025-06-28,12,-25.5886708333333,-50.3373999999999,-25.6262999999999,0.991898916723634,0.983640898007709,0.994047325189451,72,-36.6189958333333,-63.4015000000002,0.992760203792676,0.981141339556816,72
2025-06-28,18,-44.257725,-56.2957999999999,-166.573833333333,0.987842198207407,0.981637259915106,0.953243263757329,108,8.35784166666667,-1.47054999999978,1.0057916464104,0.999639611309017,36
2025-06-29,6,8.29411111111113,-8.87404999999967,-22.1665499999999,1.00426001580117,0.997894406230583,0.994051971574887,36,-11.3565481481481,-15.73405,0.997744258435175,0.997015822219012,108
2025-06-29,12,12.5486472222222,-8.2335999999998,91.7889166666666,1.00359530612578,0.998280841358259,1.01422371417211,72,-25.4364138888888,-24.2545000000005,0.995151089427574,0.99597131090473,72
2025-06-29,18,-1.54162129629628,-10.81675,-204.2271,1.00101392037734,0.99758666676538,0.96978395997498,108,-21.1506694444443,-5.99509999999987,0.994451029974679,0.998841221801998,36
2025-06-30,6,-8.66671944444446,-33.2875499999998,-15.9520499999999,0.999322344444254,0.990735143935282,0.996759655287523,36,-38.4195657407407,-60.1216499999998,0.995304072519861,0.989562606567668,108
2025-06-30,12,-10.6701486111111,-33.2875499999998,-2.78431666666665,0.999025941662088,0.991464498928459,0.999687338054,72,-51.2925597222222,-66.5011999999999,0.99359133933983,0.98912916358909,72
2025-06-30,18,-37.5259796296296,-61.135,-90.5762499999999,0.994901187980707,0.988950847310059,0.985334102647159,108,-11.3474777777778,-20.9499999999998,1.00053099806171,0.995395608153294,36
2025-07-01,6,598.994786111111,616.315,380.101383333333,1.15903120656459,1.16355091732538,1.10019420706441,36,602.224296296296,601.34135,1.10749012648363,1.09935019713928,108
2025-07-01,12,520.980752777778,499.1938,561.347966666667,1.11666499139727,1.10022182993386,1.08889245626659,72,681.853084722222,660.0141,1.12408580161048,1.11073362722245,72
2025-07-01,18,587.627678703704,599.175,667.83475,1.11473068214753,1.10179467660787,1.10024177713383,108,642.784638888889,627.93655,1.1373095395729,1.12666785545699,36
2025-07-02,6,670.244927777778,695.9564,553.101883333333,1.17794633107406,1.18269953500701,1.14509535922988,36,603.710012037037,613.706349999999,1.10879998647586,1.10714392893116,108
2025-07-02,12,569.736394444444,603.91055,697.5738,1.12926173598478,1.12696068289366,1.1115517751657,72,670.9510875,676.6806,1.12291140926603,1.12564977213822,72
2025-07-02,18,608.755973148148,614.41715,659.266216666667,1.12169190225269,1.1161368563399,1.10235169636822,108,655.107044444444,679.665,1.13927058374356,1.13670601174308,36
2025-07-03,6,704.497705555556,683.333900000001,613.391466666667,1.18649175250076,1.17593089789061,1.15978885788783,36,591.172612962963,593.8586,1.10587415234899,1.10710753202897,108
2025-07-03,12,553.987773611111,577.99,711.5043,1.1267518036253,1.12300468106098,1.11268555357901,72,685.019998611111,652.94575,1.12530530114857,1.1188951708607,72
2025-07-03,18,602.86957962963,623.485,861.888233333334,1.12061566736762,1.11468879792699,1.13635622931053,108,669.406805555555,624.7847,1.14226720744489,1.13447608875733,36
2025-07-04,6,664.991594444444,654.5505,478.926133333333,1.24170666895904,1.23930574370599,1.17987146403584,36,680.103399074074,650.28665,1.19813931513692,1.18967191708276,108
2025-07-04,12,606.831594444444,605.34665,657.436933333334,1.20483951849204,1.19263785961839,1.18341484752975,72,745.819301388889,724.5624,1.21322278869287,1.20003552626038,72
2025-07-04,18,651.015777777778,633.47185,939.783583333333,1.20335957002181,1.19020470881384,1.28638829898285,108,752.254458333333,747.5139,1.22604590430439,1.21969608470991,36
2025-07-05,6,614.795275,581.58115,525.496083333333,1.22003533224474,1.19099117006379,1.1968048092339,36,640.138358333333,673.505,1.18281577330084,1.18028273245433,108
2025-07-05,12,522.545438888889,510.62635,694.135166666667,1.17400667914618,1.16685973269658,1.18657553339619,72,745.059736111111,730.73,1.21023464692745,1.21276384449267,72
2025-07-05,18,613.01122962963,611.08715,951.6206,1.18728551731124,1.17990947737262,1.28841107967517,108,696.176661111111,704.54905,1.20662610021354,1.21655647666255,36
2025-07-06,6,599.757280555556,590.76135,568.41395,1.15784054608109,1.15648615948306,1.14954391483068,36,625.623458333333,635.7649,1.11467543454717,1.10761025268985,108
2025-07-06,12,551.441733333333,570.1752,522.2287,1.12127226094875,1.12557668632017,1.08122228014684,72,686.872094444444,722.4434,1.12966116391256,1.11903728646165,72
2025-07-06,18,587.284641666667,599.04505,808.3951,1.11521963931587,1.11815447423353,1.13023561131818,108,714.773730555556,778.0138,1.15620793177499,1.15751671299249,36
2025-07-07,6,715.492366666666,690.3569,532.081516666666,1.1917724749849,1.18405973652461,1.1428059088606,36,625.284409259259,634.64215,1.11255230155045,1.1051730493027,108
2025-07-07,12,609.542080555556,584.325,606.243833333334,1.13851112174025,1.11823514452283,1.09589568574509,72,686.130716666667,710.64345,1.12620356807788,1.1265469604168,72
2025-07-07,18,639.982505555556,628.3959,619.1738,1.12894225498382,1.11636288912099,1.09816659553401,108,671.398077777778,690.933,1.14260261468481,1.14726742999449,36
2025-07-08,6,-6.33670000000005,-43.3438500000002,64.9189,0.999642729166656,0.990622316045029,1.01605927971047,36,-12.422437037037,11.9859499999998,0.999325618984225,1.00202828540872,108
2025-07-08,12,-9.71606805555553,16.9626500000004,-87.2211,0.999715659150619,1.00293019903026,0.987492863394524,72,-12.0859375,7.09655000000021,0.999094133909047,1.0011373199428,72
2025-07-08,18,-20.8769574074074,10.0252,-25.2897333333332,0.998009458536599,1.00140242114094,0.995380545551061,108,19.0268611111112,10.4543999999996,1.00359121050953,1.00202828540872,36
2025-07-09,6,-47.5980055555555,-54.5749999999998,-61.2106833333335,0.990439743033717,0.98746879685165,0.989025269266151,36,-17.9091787037037,0.862150000000383,0.998038449227018,1.00019300337674,108
2025-07-09,12,-28.5367569444444,-14.7814499999999,54.4574833333333,0.995249217887279,0.997168491193974,1.0089729688088,72,-22.1260138888889,7.52235000000019,0.997028327470106,1.00092901936967,72
2025-07-09,18,-27.2567388888889,-14.7814499999999,-17.9570833333332,0.995963143937386,0.997168491193974,1.0000882911526,108,-19.555325,41.8294999999998,0.996665658902612,1.00707483361175,36
2025-07-10,6,-105.951244444445,-108.73065,-74.4240500000002,0.979221858127102,0.975476897347383,0.98728647691742,36,-25.9049398148148,3.65489999999954,0.997271676917336,1.00052660451597,108
2025-07-10,12,-51.0323055555556,6.63284999999996,34.9927999999998,0.991380451819619,1.0011864187784,1.00514482709858,72,-40.8007263888889,-45.9069500000001,0.994137992619937,0.992450721238358,72
2025-07-10,18,-48.358800925926,6.63284999999996,-156.939883333333,0.992326380727277,1.0011864187784,0.976715684610925,108,-38.5896611111111,-59.0922500000001,0.994057746697283,0.989816074275216,36
2025-07-11,6,-9.26754166666661,-38.5340999999999,53.3765166666669,0.999983201463477,0.989388396581538,1.02076939894702,36,-55.4651166666667,-50.4841999999999,0.987964599292123,0.987707312971365,108
2025-07-11,12,-20.5664388888889,-46.9789499999999,40.7438999999998,0.996398095098698,0.98801357438231,1.01002283488455,72,-67.2650069444445,-49.6444999999999,0.985540404571226,0.987707312971365,72
2025-07-11,18,-40.8618925925926,-50.4841999999999,-185.781833333333,0.991795922474893,0.987639570063305,0.957162534863649,108,-53.0772138888889,-31.06385,0.988489231915168,0.99180130569922,36
2025-07-12,6,-19.7892805555555,-34.0127999999997,-62.9193833333332,0.996147571113099,0.990270558437121,0.983190394467537,36,-24.2071175925926,-35.67715,0.997269749411261,0.992271600332649,108
2025-07-12,12,13.4615583333334,-7.51895000000013,-190.2543,1.00556261880592,0.997829564724299,0.956957926532863,72,-59.666875,-40.2555500000001,0.988415790867521,0.9899959677246,72
2025-07-12,18,-33.0695925925926,-47.58195,-53.20525,0.994958508864476,0.988084286198564,0.98919872662573,108,6.79814444444436,-1.98500000000013,1.00308129275345,0.999565380315886,36
2025-07-13,6,-100.626130555556,-69.8849500000001,-267.67965,0.977869351314611,0.98374517347638,0.93784820286579,36,-41.5250768518518,-65.0893999999998,0.993623202407076,0.990579219930495,108
2025-07-13,12,-93.169976388889,-75.4002999999998,19.8962500000002,0.982134287691282,0.984729139948425,1.00374589975382,72,-19.4307041666666,-37.9199999999996,0.997235191576637,0.993534104500666,72
2025-07-13,18,-68.6827592592593,-71.4103,-126.918383333333,0.987243001872043,0.987913295422608,0.982484763799855,108,-19.1530833333333,2.95649999999978,0.997009952919709,1.00048656960303,36
2025-07-14,6,-78.0720166666667,-71.6983500000001,17.6360999999999,0.983258284819308,0.983739231906777,1.00204090179121,36,1.97007870370367,12.4900000000002,1.00037554855789,1.00265724133872,108
2025-07-14,12,-63.1480791666667,-45.8155499999998,-7.46665000000015,0.988233187700404,0.991820807717663,0.99888936850582,72,27.0671888888888,41.4349999999999,1.00395927754608,1.0073313940771,72
2025-07-14,18,-23.8626814814815,-20.7758000000003,231.699116666667,0.994900645345112,0.997135025448993,1.03631086020613,108,-0.573736111111177,-3.37000000000035,0.999682994457637,0.99943399691642,36
2025-07-15,6,-66.0768388888888,-5.74395000000004,-178.129466666667,0.987342014282014,0.998716575465775,0.958460479477758,36,-74.6446277777778,-46.17425,0.988416589546182,0.99349177628587,108
2025-07-15,12,-58.9655041666667,-20.3874999999998,-5.86775000000019,0.990129867159877,0.996533008408805,1.00005781861915,72,-86.0398569444445,-50.44805,0.986166024300403,0.992212434364883,72
2025-07-15,18,-66.5431148148148,-31.57845,-165.6238,0.989834494660539,0.995368685177574,0.98030005586261,108,-90.3813777777778,-68.32575,0.98308829893894,0.988336262820947,36
2025-07-16,6,-33.5789138888888,-11.1866499999996,110.631283333333,0.993256089562202,0.997389903678935,1.02158975304414,36,-1.33145000000001,-8.87825000000021,1.00025266112044,0.998629836984245,108
2025-07-16,12,-24.957025,-11.1866499999996,-99.5919666666667,0.995895958225141,0.997617311987068,0.986246331004975,72,6.17039305555556,-8.87825000000021,1.00111107823662,0.998629836984245,72
2025-07-16,18,-1.26513333333335,0.826299999999719,135.617016666667,0.999351786635799,1.00013050788844,1.01778699835131,108,-33.7778638888888,-28.79945,0.995958713016124,0.994572842077608,36
2025-07-17,6,-4.14028055555553,-35.3173000000002,-70.4802333333331,1.001457214702,0.992225871710972,0.981932352950781,36,-48.3078490740741,-30.0394000000001,0.993426851062293,0.995019994944581,108
2025-07-17,12,-32.0347625,-85.3120999999996,-188.695483333333,0.996059063793713,0.985502921676398,0.97307317165998,72,-42.4971513888889,-10.8371499999998,0.994809820150727,0.998181742209495,72
2025-07-17,18,-38.944412037037,-52.57845,-171.9823,0.995087009118833,0.992276433637774,0.978306595653779,108,-32.2305916666667,-14.1575000000003,0.996476740532382,0.996579493884242,36
2025-07-18,6,-83.1654138888889,-99.8150000000001,-63.7616166666668,0.976353742744381,0.971308377076227,0.983889079052587,36,-30.2234842592593,7.88349999999991,0.994423195801012,1.00201477231578,108
2025-07-18,12,-46.0835041666667,-35.7250000000004,-133.88065,0.987779438504024,0.990808207145959,0.969088993769957,72,-40.8344291666667,1.5333999999998,0.992032226569684,1.00036284354193,72
2025-07-18,18,-38.1920222222222,-20.8656000000003,29.5068,0.990615693453462,0.994725441975044,1.00781341896847,108,-59.2598,7.88349999999991,0.987776249787032,1.00201477231578,36
2025-07-19,6,-32.6522083333334,-40.1929,-64.76205,0.992435751771541,0.988093481557951,0.981316657696619,36,-30.9964138888889,-21.7745999999997,0.993339850108933,0.995180049022179,108
2025-07-19,12,-41.6028930555556,-40.1929,85.3659333333333,0.990950114291623,0.988535097310176,1.02194145106558,72,-21.2178319444444,-15.1548499999994,0.995277536757546,0.996390180233692,72
2025-07-19,18,-33.6713694444445,-31.7145,19.5923499999997,0.99298983982464,0.991315960918582,1.00615122307114,108,-24.6273416666666,-34.3099999999995,0.99348578262442,0.991995505943046,36
2025-07-20,6,-41.1298222222222,-50.4989999999996,-64.7954833333333,0.991574324333397,0.987984981740695,0.98534642493129,36,-49.780487962963,-55.54475,0.992700437061999,0.989684333715515,108
2025-07-20,12,-50.0906236111111,-50.4989999999996,-65.9364666666665,0.991979415851055,0.990330225803279,0.990510166161466,72,-45.1450194444445,-55.54475,0.992858401908641,0.989684333715515,72
2025-07-20,18,-31.0204546296296,-16.3857500000001,95.2442000000001,0.995368937934933,0.997627954730113,1.01516150831546,108,-97.4099222222223,-98.7098999999998,0.983568821714595,0.980238057475493,36
2025-07-21,6,-66.4927027777777,-96.7991000000002,-12.8583666666664,0.986446437901857,0.979125057349457,0.999044373215397,36,-123.369302777778,-118.0463,0.981460042162389,0.980506606771469,108
2025-07-21,12,-60.3765597222222,-65.4126999999999,-45.2537499999999,0.989209950097765,0.988879612350088,0.9934345099626,72,-157.923745833333,-157.0253,0.976203332096747,0.976491970229131,72
2025-07-21,18,-104.795202777778,-105.715,-26.9755499999998,0.98417861949859,0.979368706009078,0.996151558134178,108,-122.215002777778,-116.872899999999,0.978290705893255,0.980506606771469,36
2025-07-22,6,15.9209333333333,20.1204499999999,72.5114166666668,1.00552118221199,1.00460565423058,1.01765785150637,36,-6.99052499999998,-23.5986000000003,1.0003788777548,0.996720757322283,108
2025-07-22,12,2.90760833333337,0.631849999999758,110.4369,1.00204797971648,1.00019173893467,1.01688725284275,72,-5.43292916666666,-21.0550000000003,1.00128092802171,0.997151894974422,72
2025-07-22,18,-4.55651944444442,-21.0550000000003,-65.2766499999999,1.00060032337328,0.997151894974422,0.990954166803082,108,8.61891666666667,-3.04549999999972,1.00485684535653,0.999334416659443,36
2025-07-23,6,-63.3521666666667,-43.0703000000003,-210.666216666667,0.988540643454128,0.990114451581942,0.958169023112422,36,-29.7288185185185,-8.01799999999957,0.996010737242672,0.998806358519526,108
2025-07-23,12,-21.5282597222221,1.38065000000006,25.9833833333337,0.995374289548908,1.00021448639029,1.00364207284571,72,-54.7410513888889,-32.5340999999999,0.992912138042164,0.994284247260537,72
2025-07-23,18,-46.0240166666666,-15.4110499999997,-176.57185,0.993031831231769,0.997695420624624,0.977695208555228,108,-14.4665722222222,26.1325999999999,0.997477361486836,1.00454395645993,36
2025-07-24,6,9.87945555555546,-8.88050000000021,179.476166666667,1.00317042276,0.997993077039949,1.04205773235967,36,-40.3454722222222,-32.4806999999996,0.994003135702128,0.995580912794753,108
2025-07-24,12,10.6011180555555,-8.88050000000021,-77.4499500000002,1.00307559334345,0.998451992931463,0.990062426666257,72,-66.179598611111,-40.1838499999999,0.989514321589741,0.993675227349913,72
2025-07-24,18,2.87183611111106,-11.8744000000006,84.4586833333334,1.00198079175546,0.998115632535463,1.0151716957125,108,-119.772469444444,-86.3143999999998,0.979237454600004,0.983744052672327,36
2025-07-25,6,-3.56607777777776,-14.1025999999999,-63.8846,1.00070531290971,0.996105100230408,0.980442380182915,36,-73.4353916666666,-70.9294499999999,0.982997911607142,0.982418088523682,108
2025-07-25,12,-46.9157652777778,-49.5405499999999,-17.6674499999999,0.989150734514598,0.986988422497015,0.996378028373564,72,-65.020361111111,-66.8607499999998,0.985698789350967,0.984411437500528,72
2025-07-25,18,-62.8774861111111,-61.2149999999999,-67.0632666666666,0.985973036940216,0.984411437500528,0.983824134874522,108,-35.2397944444443,-24.4346499999999,0.991779936910484,0.993475846730036,36
2025-07-26,6,-36.0296694444444,-28.6603,-9.33945000000009,0.992549892062613,0.991532466065627,1.00381018547428,36,-64.4808027777778,-65.6375499999999,0.985072101275672,0.98449986181345,108
2025-07-26,12,-63.3715083333333,-65.6375499999999,-77.1566333333333,0.984915417705147,0.98259129596893,0.984002094853168,72,-51.3645305555556,-53.9832500000002,0.988967680239667,0.987516816139275,72
2025-07-26,18,-48.8616361111111,-53.9832500000002,-222.563366666667,0.988870770929214,0.987516816139275,0.948302453766989,108,-82.8871694444445,-75.5262000000002,0.981153883101986,0.981416585763664,36
2025-07-27,6,71.3050416666666,60.1700500000002,186.654833333333,1.01853710962609,1.01457299144982,1.0481629091729,36,-59.3429296296296,-61.1990999999998,0.991481017514293,0.991739611642862,108
2025-07-27,12,4.97774444444442,13.3407000000002,-297.2514,1.0049534931807,1.00202335823388,0.959926231357048,72,-58.3396180555555,-61.1990999999998,0.991536587903783,0.991739611642862,72
2025-07-27,18,-22.0984444444445,-11.3887500000001,-212.987166666667,0.999911118573328,0.997542056235691,0.970282458819366,108,-40.4284138888888,5.97600000000011,0.993246806448983,1.00138146665252,36
2025-07-28,6,-39.5260777777778,-43.9397999999997,-103.048466666667,0.992195430273159,0.990281411342525,0.977277081107081,36,1.2963944444444,-16.1926999999996,1.00127960442278,0.997270616822765,108
2025-07-28,12,-31.2386847222222,-43.9397999999997,-0.68028333333344,0.995568558234271,0.990281411342525,1.000095884052,72,13.4202374999999,18.0751499999997,1.00244856353648,1.00302258490337,72
2025-07-28,18,-9.68361666666672,-6.35854999999947,-47.0828500000002,0.99866194545305,0.998955105251378,0.99219942593404,108,-6.58604444444447,-33.3197499999997,1.00004840718235,0.994125138016516,36
2025-07-29,6,-65.3924722222222,-96.2949000000001,8.07279999999999,0.987657178000235,0.977975425908173,1.00529659103886,36,-44.8754925925926,-39.6575500000004,0.992823628547878,0.993000977643618,108
2025-07-29,12,-55.0043916666667,-64.8746500000002,-94.8898666666669,0.990332665944562,0.988816888699363,0.986659210449692,72,-45.0050833333334,-32.8218000000002,0.992731365877372,0.993530456496313,72
2025-07-29,18,-48.7745435185186,-51.2646999999997,-179.111566666667,0.992176347252739,0.991966688724796,0.975979001529338,108,-53.6953194444444,-47.9213,0.989599021885652,0.989914166169784,36
2025-07-30,6,2.24657499999998,19.1847499999999,-90.5229166666666,1.00141258279546,1.0044401158753,0.982082046672195,36,-57.7304814814815,-43.6491000000001,0.990179209457003,0.992509767207459,108
2025-07-30,12,-42.7091777777779,-36.5558500000002,-117.301766666667,0.994111448405968,0.992472536279164,0.983648923509085,72,-42.7632569444444,-34.8799999999997,0.991863657177265,0.994181106900632,72
2025-07-30,18,-22.7735990740741,-26.7948000000001,-41.40235,0.997066861326779,0.995476583171914,0.99333541082109,108,-102.624072222222,-54.5208000000002,0.980749627186129,0.987900522828725,36
2025-07-31,6,-99.8718055555555,-101.0681,-208.093433333333,0.979520707411121,0.976846175983569,0.957068173563116,36,-48.8707203703704,-45.6373500000004,0.99169622637224,0.992933336416201,108
2025-07-31,12,-105.505159722222,-101.0681,69.8527666666669,0.980008010818559,0.976969023089203,1.01020970828409,72,-17.7368236111112,-13.6297500000001,0.997296682445362,0.997808631518818,72
2025-07-31,18,-80.6105388888889,-101.0681,21.1415666666665,0.985126003150103,0.980887029614001,1.00014974616873,108,-4.65235000000008,6.23779999999988,0.999231377077534,1.00105314873751,36
2025-08-01,6,43.8970138888889,14.4410999999998,67.2295333333334,1.0152047123779,1.00423753969661,1.02142540189243,36,5.62235185185181,13.8099999999999,1.00186087308367,1.00324828093273,108
2025-08-01,12,8.95914722222223,15.6063499999998,81.0354666666664,1.0057351734407,1.00426162043525,1.02033198074721,72,21.4228874999999,9.06539999999995,1.00465849237375,1.00221602735252,72
2025-08-01,18,44.6278824074074,23.7946000000006,138.642933333333,1.0130669934053,1.00566356775186,1.0357612457481,108,-73.1195777777779,-60.6756,0.981586351413026,0.985698500556696,36
2025-08-02,6,-94.2266666666667,-66.67065,-109.074483333333,0.974262714299067,0.980646117606847,0.966490496267825,36,-58.8936509259259,-49.5815499999999,0.987066177312596,0.987817932093585,108
2025-08-02,12,-60.7325888888889,-55.8142499999999,-180.25655,0.984607931265715,0.985818839989154,0.958491712041685,72,-74.7212208333333,-49.5815499999999,0.983122691852712,0.987817932093585,72
2025-08-02,18,-63.9321453703704,-43.4204500000001,9.16355000000006,0.984839744328313,0.98816564083001,1.00309985681896,108,-79.1111833333333,-52.0389500000001,0.980942013251915,0.986319661026172,36
2025-08-03,6,-74.3402027777777,-38.3694,-4.47100000000008,0.984054561739215,0.991298178521687,0.997269599300583,36,22.1295046296296,24.1676500000003,1.00471024568697,1.00425561271794,108
2025-08-03,12,-38.0569527777777,-30.71585,53.4605333333334,0.992103088986879,0.992683482444352,1.00808109216453,72,34.0811083333333,40.3568999999998,1.00698956041318,1.00661217729963,72
2025-08-03,18,-29.2718787037037,-22.1109499999998,113.265466666667,0.994383185855446,0.995900555757544,1.01694386350874,108,79.8639472222221,90.1549999999997,1.01503574123379,1.01685803935953,36
2025-08-04,6,-57.1433083333333,-90.1424999999999,-118.967316666667,0.988206147257577,0.979333408123052,0.96949680187763,36,23.6649092592593,16.0924,1.00340855914512,1.00222392658191,108
2025-08-04,12,-23.6896486111111,-45.8701000000001,150.4907,0.994341361309128,0.991552471412529,1.02201666019164,72,30.6153583333334,16.0924,1.00487455103734,1.00222392658191,72
2025-08-04,18,15.545475925926,-6.99489999999969,100.772183333333,1.00064827575247,0.998792311812875,1.01307610688595,108,-32.7850083333332,-35.81655,0.996486997435518,0.993755613859835,36
2025-08-05,6,-65.1006111111111,-88.6570999999997,-117.220733333333,0.985703006176524,0.979326924317725,0.970928869202474,36,-81.4246759259258,-101.65085,0.988268519940681,0.981909119764847,108
2025-08-05,12,-74.3940472222222,-101.95525,-36.0407166666666,0.985793381600941,0.980942175406085,0.994714521622189,72,-80.2932722222221,-97.9178000000002,0.989460901398342,0.982502857605773,72
2025-08-05,18,-88.7782472222221,-123.29625,80.4182000000002,0.985357992009054,0.980942175406085,1.01362742281795,108,-43.0398972222221,-20.3468499999999,0.994434589971405,0.996592281222823,36
2025-08-06,6,-76.8198777777778,-65.4556000000002,104.9162,0.983047668887302,0.985041247538126,1.02378156098118,36,-69.2976314814815,-52.6844999999998,0.990676833972136,0.991623953187807,108
2025-08-06,12,-81.6542069444444,-65.4556000000002,-184.722716666667,0.984710674854479,0.985793087858746,0.973103062126387,72,-60.7021791666667,-52.6844999999998,0.992828410547376,0.991623953187807,72
2025-08-06,18,-93.9832055555556,-74.1624499999998,-68.1436166666669,0.984534874336728,0.985793087858746,0.99244124184113,108,-2.76315555555564,-7.39770000000044,1.00147354779353,0.998719707667763,36
2025-08-07,6,-19.9258222222222,42.4310000000005,11.8039666666666,0.996018420077144,1.00944529660324,1.00120610060738,36,-25.1669064814814,-38.8990999999999,0.998960952281524,0.992130165633692,108
2025-08-07,12,16.7702250000001,26.5884500000002,-161.9411,1.0043216177621,1.00470777037135,0.977302247809251,72,-64.4834958333333,-82.5148999999997,0.992129020698762,0.984442764789326,72
2025-08-07,18,-26.5711148148148,-37.4843500000002,-220.206016666667,0.997747967658906,0.993317716744513,0.971195730935222,108,-15.7131972222223,-30.2422500000002,0.999657373944996,0.99479392935929,36
2025-08-08,6,-175.242197222222,-119.93005,-269.224533333333,0.949017448566371,0.965588922512423,0.920727765716894,36,-53.5974888888888,-52.0896500000003,0.989113400874317,0.987464378238382,108
2025-08-08,12,-85.3745833333333,-74.2796000000001,-163.0993,0.975678666962402,0.977162894200678,0.961631391446275,72,-82.642748611111,-82.4421499999999,0.982500158632259,0.980693167072551,72
2025-08-08,18,-94.5466907407407,-79.71975,-127.393783333333,0.975606374170331,0.977001629635732,0.973188888390638,108,-52.3945916666666,-67.2797499999999,0.989538528678331,0.982161595886572,36
2025-08-09,6,-53.7252694444444,-52.0349499999998,-59.7434833333333,0.984324335622633,0.98359967153903,0.980068015919043,36,-52.0033805555555,-65.5916500000003,0.988804796314376,0.983197675982598,108
2025-08-09,12,-54.1194138888889,-41.3921499999997,13.5188666666666,0.984817047269775,0.987372631008095,1.00393754608119,72,-50.7482916666666,-110.084649999999,0.990552315013105,0.97426906177258,72
2025-08-09,18,-66.1810685185185,-59.9206999999999,-36.9145666666667,0.983207118540506,0.985402020916379,0.991232501255608,108,-11.1922055555555,-95.4587499999998,1.00111736894424,0.977548215197175,36
2025-08-10,6,-69.3889416666667,-85.1163999999994,-117.25585,0.984825479191697,0.980647040496462,0.973884956066327,36,-61.705987962963,-41.4945499999999,0.989725335615623,0.993640836126575,108
2025-08-10,12,-57.5434513888889,-48.8008,208.855816666667,0.988181405056708,0.99186815650345,1.03118792986595,72,-69.7100013888889,-69.7184499999998,0.988819337962573,0.989277216384588,72
2025-08-10,18,-47.3751361111111,-36.8714999999997,-81.2526,0.990979034172546,0.993660168305578,0.986999895282343,108,-112.381497222222,-100.60265,0.981064383520926,0.980496002037199,36
2025-08-11,6,-34.5548194444445,-33.8478500000001,-127.8645,0.992452922465277,0.992088871355133,0.972021505705169,36,-93.4730287037037,-107.5332,0.9872473903988,0.981933007000069,108
2025-08-11,12,-46.5390861111111,-72.4697500000004,-155.280916666667,0.992084226380966,0.986693333687954,0.978265761194399,72,-110.947866666667,-109.2096,0.985013320449872,0.983872632957353,72
2025-08-11,18,-100.556959259259,-118.00805,-355.11205,0.985336936749804,0.979125881797198,0.954668740421462,108,-13.3030277777778,-4.61814999999979,0.998184283412263,0.998890717927551,36
2025-08-12,6,-14.3515777777778,32.8850000000002,90.6412666666665,0.998451919175213,1.00784802788384,1.0245050958059,36,14.7338268518518,5.94855000000007,1.00286465317371,1.0009296593278,108
2025-08-12,12,6.50987222222221,30.2651500000002,-76.7779999999998,1.0026507848764,1.00499594409012,0.988561126542394,72,8.41507916666664,-13.1609500000004,1.00087215447178,0.99768692185803,72
2025-08-12,18,13.1159935185185,30.2651500000002,68.2380166666665,1.00320803932174,1.00485733988672,1.01018988146596,108,-9.49807777777778,-20.7846499999996,0.997421760731142,0.995423715085389,36
2025-08-13,6,2.8619055555556,-5.04999999999995,-40.7564666666665,1.00188906599783,0.998704904414309,0.988992019512426,36,-10.2923361111111,-26.6958499999996,0.997861857699788,0.996282266065096,108
2025-08-13,12,20.2401,-5.04999999999995,251.01055,1.00446780546852,0.998894665400675,1.03885338124432,72,-34.2476513888888,-47.2089000000001,0.993269514080081,0.992397390834793,72
2025-08-13,18,12.5677314814815,-14.095,67.5306666666667,1.00281557360337,0.99741714193286,1.00772532483161,108,-65.7182972222222,-73.0527999999995,0.987027918287092,0.986951963851568,36
2025-08-14,6,-54.8750527777778,-43.1695500000001,-53.8542166666667,0.988336766707199,0.990619011991572,0.988679761553956,36,-32.5249324074074,1.11609999999973,0.994280016080513,1.00019564310618,108
2025-08-14,12,-64.0363569444445,-85.1991500000004,-5.18300000000014,0.987792783169348,0.984898108468097,0.999372688877312,72,-12.1885680555556,33.0450000000001,0.997795624305021,1.00624372504139,72
2025-08-14,18,-41.2838388888889,-3.85590000000002,165.4056,0.992313149954842,0.999463991473256,1.02490710023875,108,-28.5983333333333,-8.34885000000031,0.994237365084212,0.998425299658647,36
2025-08-15,6,38.3070888888889,40.2703999999999,133.342666666667,1.01433983598713,1.01248411481785,1.04890302416628,36,-53.6111601851852,-5.05419999999981,0.987541600941995,0.998743580622666,108
2025-08-15,12,-25.7857458333333,-10.5120500000003,-76.7491833333334,0.995695706058284,0.997020070887601,0.985845792462274,72,-35.47745,7.00030000000015,0.992786613348272,1.00170580741199,72
2025-08-15,18,-38.3147462962963,-19.3333000000002,-204.113616666667,0.992191628068054,0.993891244499381,0.94953985987572,108,-7.58215277777774,22.1129999999998,1.00038975460895,1.00568739353283,36
2025-08-16,6,37.1316277777778,-8.05000000000018,49.4137000000001,1.01442177051049,0.997698048985606,1.0208697214424,36,-19.0606203703704,-8.74944999999957,0.997035144218264,0.997963172058299,108
2025-08-16,12,16.7400972222222,20.2058999999999,-57.5556666666667,1.00838133555939,1.00513575313305,0.987493195981814,72,-26.7652138888889,-48.34085,0.994382266023247,0.98763743643064,72
2025-08-16,18,-1.55258981481482,-2.22649999999999,-149.373616666667,1.00276938565763,0.999463969468819,0.962331488427523,108,-15.3924638888889,-57.4350000000002,0.997219046192385,0.984691397890066,36
2025-08-17,6,-24.0485694444444,-52.7835500000001,-55.8206666666667,0.995808263863341,0.987522434410525,0.988914529047606,36,-56.7798222222222,-66.3537000000001,0.991469159820204,0.989881317155398,108
2025-08-17,12,-60.2936861111112,-70.23315,-290.233833333333,0.991027735939109,0.984656753978298,0.958791824921318,72,-36.9003319444444,-48.9703499999996,0.994080135722866,0.99191349811242,72
2025-08-17,18,-57.9184907407408,-66.3537000000001,-67.8110166666668,0.991568230366066,0.987522434410525,0.989918285603486,108,-20.6325638888888,-31.3460999999998,0.995511052225753,0.993744698899724,36
2025-08-18,6,22.8626638888889,44.7428499999999,204.687183333333,1.0079226544263,1.01112523764703,1.0489698167008,36,-47.1813768518519,-31.8948500000001,0.991376121760702,0.995358986885923,108
2025-08-18,12,-32.7062166666667,-5.68499999999995,-258.6469,0.997111889695209,0.998606779672119,0.962378829871398,72,-26.6345166666667,-15.1597999999994,0.993913620158994,0.997436175901782,72
2025-08-18,18,-15.2976018518519,-2.90000000000009,86.4802499999999,0.99888907404488,0.999257800925433,1.01035958423482,108,-72.7886611111112,-34.9209999999998,0.985383797573768,0.992500293348471,36
2025-08-19,6,5.87050833333336,-15.9982499999999,-118.459216666667,1.0031099635582,0.996049423248319,0.972265875260282,36,-72.6853814814815,-84.5012000000002,0.98881991322224,0.987203733667929,108
2025-08-19,12,-25.542325,-27.1253000000002,-101.37045,0.996580377377734,0.993639805196961,0.985002598648163,72,-80.5504930555555,-73.6756500000001,0.988204474234728,0.98817736361669,72
2025-08-19,18,-64.7021740740741,-81.2208500000002,-174.956816666666,0.991089138050023,0.986597767776066,0.974660648717107,108,-18.0791138888889,-10.6126000000004,0.996302289074856,0.997686074076351,36
2025-08-20,6,-63.5772888888889,-57.2493999999997,-49.3699666666666,0.98617316641702,0.986208368637177,0.989862750584521,36,-62.1377657407407,-81.7263999999996,0.991680717507151,0.985853035775921,108
2025-08-20,12,-113.500334722222,-108.48795,-356.9749,0.980250179732627,0.982085783144671,0.948442785870349,72,-11.4949583333333,-0.609099999999671,1.00035747973661,0.99988210303687,72
2025-08-20,18,-86.5398148148148,-68.8190999999999,69.0611000000001,0.98556326259032,0.984192857425821,1.01407864179451,108,9.62885833333333,-1.84169999999995,1.00452553116751,0.999627652985571,36
2025-08-21,6,13.6860805555555,-29.0344,-92.1633666666667,1.00629782932598,0.993280787170706,0.981995911501948,36,-58.1318305555556,-66.7803499999995,0.991961697289258,0.989305950463945,108
2025-08-21,12,-29.5070083333334,-57.0481500000001,-78.7218,0.997518391937687,0.990094025204261,0.988345528759186,72,-50.8476972222222,-58.3454999999999,0.99357306865919,0.989755721140669,72
2025-08-21,18,-47.8650611111112,-68.5265000000002,-284.59415,0.994564570441043,0.987616830964065,0.960157196260912,108,-17.1142277777778,1.73805000000038,0.998489209870627,1.00029388988782,36
2025-08-22,6,16.5276277777777,19.5313000000001,-39.47785,1.00797670701673,1.00646863745521,0.988405734346263,36,25.805937037037,16.3946000000001,1.00866115816012,1.00421982616608,108
2025-08-22,12,29.0968486111111,10.3126500000001,118.628166666667,1.01110717464369,1.00277426676387,1.03113112595327,72,17.8758708333333,36.2736,1.00587291610486,1.00853253219676,72
2025-08-22,18,15.4096925925926,6.50315000000001,101.079983333333,1.00694426398445,1.0017902734583,1.02762081767626,108,47.716361111111,52.1330499999999,1.01312738954376,1.01316842808711,36
2025-08-23,6,-28.7144472222222,-9.72839999999997,-18.2840833333334,0.992594905280052,0.997012543207868,0.99630709115527,36,-17.4498574074074,-17.3980999999999,0.996704364086852,0.995764095634833,108
2025-08-23,12,-25.9659347222222,-13.6097499999998,-56.9533833333332,0.99330082109943,0.996348720365754,0.986838121522955,72,-14.566075,-9.46154999999999,0.998053177670875,0.997626269971136,72
2025-08-23,18,-21.5608472222222,-8.39605000000006,33.3484666666667,0.995148806209539,0.997650451068477,1.00899458675423,108,-16.3814777777777,-43.0694000000003,0.99726157891199,0.989451432942541,36
2025-08-24,6,-24.3006361111111,13.9247,-26.22755,0.994448177277449,1.00324907054222,0.993865633966978,36,-8.62451574074075,8.49814999999944,1.00021659615487,1.0012012311021,108
2025-08-24,12,28.0200291666667,40.4981500000004,56.4343666666664,1.0047832154204,1.00957560753078,1.0093720824691,72,-53.1071208333333,-9.12294999999995,0.992765767450625,0.998043018092303,72
2025-08-24,18,-5.15178425925928,8.95454999999947,-11.0647833333333,1.00003873799297,1.00154827468768,1.00087607753507,108,-34.7188305555555,5.65605000000005,0.994981751763145,1.00095822046794,36
2025-08-25,6,-82.3042861111111,-94.81825,-81.4603,0.982457576196569,0.97708637863331,0.983888452977279,36,-39.1519583333333,-42.6250499999996,0.995194199789156,0.993066359410184,108
2025-08-25,12,-39.2814902777777,-33.0623499999997,-8.55814999999999,0.992210191560083,0.994517290755458,0.998663456549053,72,-60.5985902777778,-76.1988000000001,0.991809896221935,0.987123729442748,72
2025-08-25,18,-56.9023611111111,-56.7588000000001,-144.1951,0.990769945903787,0.991006321805387,0.983003603712499,108,-29.0530777777778,-35.7618499999999,0.995730337852676,0.993723678613788,36
2025-08-26,6,-117.791994444444,-104.4151,-189.6232,0.973479795525168,0.976418048783731,0.954757233191248,36,-16.0426101851852,-9.79189999999971,0.996013787777032,0.998178199680149,108
2025-08-26,12,-77.6553694444444,-67.7721500000002,170.061983333333,0.983775157195397,0.98720873543101,1.0262620986744,72,-5.30454305555564,-9.79189999999971,0.996985422232735,0.998233302009881,72
2025-08-26,18,-15.7760916666667,5.33420000000024,57.554333333333,0.994546452312183,1.00114579178834,1.00774850642792,108,-118.59155,-134.19245,0.977881801919715,0.973749796742931,36
2025-08-27,6,-59.5705638888889,-38.8996000000002,20.0738666666666,0.98756817931042,0.990964972976665,1.0064806402975,36,-50.1248990740741,-60.0972499999998,0.992158839204335,0.98928680173383,108
2025-08-27,12,-19.8169625,-17.1455499999997,180.687433333334,0.995083242074485,0.997024334298753,1.02810940305915,72,-85.1556680555556,-81.0778,0.986939106387227,0.985696427322398,72
2025-08-27,18,-54.1328027777778,-63.6122,-258.0238,0.99100073663651,0.989557206166158,0.962188123272089,108,-47.5468527777779,-50.5799999999999,0.991042487013895,0.989467539036378,36
2025-08-28,6,-81.5941583333332,-81.9328500000001,-21.01125,0.981097700681168,0.980408909354443,0.991957905012963,36,3.42125648148144,-22.9355999999998,1.0002681612039,0.995744768914684,108
2025-08-28,12,-24.9833944444444,-19.5703499999995,4.33429999999983,0.993545057097997,0.996337418973932,1.00115780402661,72,-10.6818000000001,-43.3700000000003,0.997406035048436,0.992711839396069,72
2025-08-28,18,-8.02318425925925,-19.1686,71.9134166666668,0.997158921082785,0.996754822604174,1.00945078847596,108,-47.2608361111112,-60.4112999999998,0.990425421044511,0.988217955596347,36
2025-08-29,6,-147.711672222222,-139.4654,-50.6685666666667,0.957343058204842,0.957293974671957,0.984651035602669,36,-73.1737675925926,-66.1321999999998,0.984004506765346,0.983496383536253,108
2025-08-29,12,-89.6461291666666,-109.6062,0.0688166666667106,0.975143661115679,0.9660505273894,1.00122126528345,72,-93.9703583333334,-82.4900999999998,0.97953462813476,0.979548726235798,72
2025-08-29,18,-95.8629759259259,-118.4762,-152.670716666667,0.975376070276885,0.968680609145658,0.961693049389335,108,-79.6440472222222,-56.4396999999999,0.983228367670222,0.98518046917649,36
2025-08-30,6,-14.1223111111111,35.65795,-10.0818166666667,0.996822317054825,1.01096365675175,0.997275724780445,36,-32.6291546296296,-48.3570499999998,0.991417451210245,0.988076678297869,108
2025-08-30,12,-56.9705152777778,-21.1467500000001,-19.9903333333333,0.983697611268549,0.993208481011415,0.995895009096295,72,0.965627777777766,-34.2963999999997,1.00183972407423,0.991573480903322,72
2025-08-30,18,-39.553825,-36.9517999999998,-0.869183333333316,0.989217585046124,0.991218516232822,1.00011495169567,108,6.65169999999995,4.22499999999991,1.00342191554719,1.00086422862209,36
2025-08-31,6,-100.049719444445,-130.8558,-27.5782166666667,0.976810593484645,0.966171460556463,0.990150279051976,36,-61.2451805555555,-63.6495999999997,0.989397328246567,0.989389465962974,108
2025-08-31,12,-85.1127402777777,-96.0037500000003,-130.6482,0.98318545678457,0.978852918212049,0.981113362314503,72,-56.7798902777778,-59.3210499999996,0.989315832327604,0.989389465962974,72
2025-08-31,18,-60.2514268518518,-74.9946500000001,-251.423633333333,0.988385956530255,0.987152675732598,0.962824628374226,108,-103.030980555556,-73.4097000000002,0.979844708633585,0.985007830686422,36
2025-09-01,6,-520.89395,-531.5903,-315.568766666667,0.875948071529925,0.872187300391265,0.923469764952855,36,-562.368376851852,-579.0232,0.904449170657959,0.909921087614143,108
2025-09-01,12,-365.687595833333,-336.66965,-219.082466666667,0.921122660038215,0.932434735836529,0.966926091288617,72,-738.311944444444,-757.3458,0.873525131713686,0.880307198555526,72
2025-09-01,18,-470.149901851852,-493.86,-966.2316,0.914576427657992,0.918743739376313,0.856766964785439,108,-797.549375,-843.24285,0.845566300529825,0.847445306030608,36
2025-09-02,6,-480.868294444444,-492.37335,-43.54405,0.885704892551872,0.885737921949663,0.988308022526159,36,-552.82944537037,-600.20295,0.907517301800733,0.903356910371214,108
2025-09-02,12,-338.395369444444,-335.06,-446.154683333333,0.927666903198744,0.936221696545617,0.934411290605002,72,-731.282945833333,-738.5658,0.876461495778292,0.879406399042593,72
2025-09-02,18,-465.787776851852,-485.2644,-774.7602,0.917492459422208,0.913661131479367,0.887253312878443,108,-741.9933,-748.9555,0.855779419687448,0.85979365410749,36
2025-09-03,6,-463.539613888889,-452.09755,-288.94045,0.888633458144329,0.888041794351406,0.930594487754176,36,-531.857110185185,-542.1098,0.910653808746692,0.914480073900438,108
2025-09-03,12,-326.745975,-321.86185,-474.563066666667,0.93046464374816,0.935528685387138,0.929596136699342,72,-702.809497222222,-697.7785,0.879832798444043,0.891672122022022,72
2025-09-03,18,-440.214200925926,-457.60385,-692.035366666666,0.921404812611355,0.920112549219192,0.895743645575593,108,-738.468341666667,-751.32725,0.856380446550342,0.84301969527251,36
2025-09-04,6,-553.001308333333,-565.6722,-178.097233333333,0.869509161465008,0.863652936371253,0.959809725754653,36,-564.701982407407,-627.42785,0.905595058841332,0.90217576167689,108
2025-09-04,12,-368.237418055556,-303.3124,-302.837533333333,0.920421685753018,0.939453220469274,0.955777909849765,72,-755.316209722222,-738.2006,0.872725483241485,0.878933016717958,72
2025-09-04,18,-489.72879537037,-482.43585,-797.144233333333,0.912097246379857,0.912460103740208,0.885584738640397,108,-777.920869444444,-738.2006,0.850002598849435,0.849925358899462,36
2025-09-05,6,-514.424136111111,-504.48225,-318.457283333333,0.838346050522528,0.838407136013394,0.89262674527587,36,-561.60040462963,-616.8505,0.857143963634654,0.847055715514723,108
2025-09-05,12,-390.797115277778,-386.135,-374.55845,0.883401579763739,0.891274699374444,0.908954075198462,72,-708.815559722222,-712.86185,0.821487390949506,0.82058227209033,72
2025-09-05,18,-491.608197222222,-503.114,-827.4258,0.866303550697059,0.857693346888794,0.782152978522218,108,-724.400758333333,-720.13045,0.81086728933531,0.809606508570502,36
2025-09-06,6,-560.481602777778,-558.6471,-179.015133333333,0.832017499477702,0.826191270324714,0.94312324530862,36,-546.434655555556,-598.64615,0.865296824388629,0.852366110978433,108
2025-09-06,12,-349.412955555556,-314.3125,-299.651683333333,0.899649428633702,0.912334969982483,0.92515834192913,72,-750.479829166667,-718.0149,0.814304557688093,0.822780693261684,72
2025-09-06,18,-462.436814814815,-469.15805,-758.331516666667,0.878691853289037,0.868418747018316,0.804452608365508,108,-812.475125,-776.95,0.791832412776478,0.798450428199669,36
2025-09-07,6,-450.757072222222,-450.74505,-141.4794,0.89210691873157,0.888869902871118,0.972524920606265,36,-548.878242592593,-600.7518,0.906558074680809,0.90536489871819,108
2025-09-07,12,-309.361777777778,-306.321,-262.33965,0.932024497963862,0.94042308513698,0.960011971678439,72,-739.334122222222,-774.39735,0.873866073423137,0.872205606007585,72
2025-09-07,18,-439.481247222222,-423.1147,-636.035133333333,0.921119356913173,0.919639666613304,0.903815058834588,108,-778.948058333333,-780.054,0.848423072034481,0.845563987580426,36
2025-09-08,6,12.3126250000001,15.0011000000004,150.319283333333,1.00326647796179,1.00417887627411,1.03908143357695,36,3.50541203703702,-20.2317000000003,1.00121058484435,0.995682850709412,108
2025-09-08,12,-12.4862916666667,-22.70715,-47.7169833333334,0.998751865562239,0.996117416160029,0.992210185470887,72,23.9007222222222,-13.5054000000005,1.00469725068518,0.997474926439375,72
2025-09-08,18,10.4235490740741,-5.625,273.87275,1.00257659714698,0.999054597687921,1.04917664444487,108,-8.44178611111115,-40.0315500000002,0.999168441053876,0.991555159652267,36
2025-09-09,6,-21.8991666666667,-1.06385,-89.7006,0.995999954993203,0.999701844621913,0.980984168518201,36,-17.7329759259259,-34.7721500000002,0.99715363800423,0.994258109317484,108
2025-09-09,12,-27.3897208333334,-28.5192999999999,-92.4651666666667,0.995134469478564,0.995629571807537,0.98559642403262,72,-10.1593263888889,-25.3148000000001,0.998595965024383,0.995551811112783,72
2025-09-09,18,-20.3418953703704,-31.7781500000001,3.38566666666657,0.996671356229727,0.994258109317484,1.00243082862454,108,-14.0724083333333,-1.92134999999985,0.997446800316714,0.99944200597268,36
2025-09-10,6,-7.74509722222222,-12.2864999999999,-60.2262500000001,0.999232658088012,0.996843172394917,0.981453417737563,36,-6.24763148148152,2.15999999999985,0.997833965302195,1.00035414749139,108
2025-09-10,12,17.4886472222222,28.5198000000005,18.9530999999999,1.0032048403639,1.00447886923669,1.00324548145793,72,-30.7326430555556,-48.6330499999999,0.993162436633394,0.991698738907978,72
2025-09-10,18,16.2886796296296,28.5198000000005,-21.5328166666668,1.00310957073898,1.00447886923669,0.998335618688039,108,-75.3540305555556,-121.77775,0.983405841777655,0.97065751015751,36
2025-09-11,6,21.793325,6.12644999999975,-30.5161000000002,1.00679213140639,1.00156522363113,0.99305344989779,36,-24.7308129629629,-38.7602500000003,0.995083096012509,0.992434863084771,108
2025-09-11,12,4.32420833333344,-1.14290000000005,-63.8342999999998,1.00240161448621,0.999656484317739,0.989813256981296,72,-30.5237652777778,-48.5922999999998,0.993619095235745,0.990621838081157,72
2025-09-11,18,-5.17767129629623,-13.6094500000004,-128.032516666667,1.00026632275064,0.997415905293398,0.977806905510243,108,-36.8661,-65.2861999999996,0.991242451191992,0.986694147751234,36
2025-09-12,6,50.4965055555555,56.1157499999999,50.1354833333332,1.02029519750161,1.02275394547493,1.01945865243813,36,13.959312962963,18.2927500000003,1.00455709508774,1.00558645575048,108
2025-09-12,12,34.0163361111111,43.2695500000002,-92.7286,1.01289900818207,1.01472285220058,0.975982516716718,72,12.1708861111111,21.0069500000004,1.00408423320036,1.00603192238956,72
2025-09-12,18,45.755637962963,50.79,107.74715,1.01556543360017,1.01472285220058,1.03615632610127,108,-44.8924694444444,-23.598,0.987270181964333,0.992224533831091,36
2025-09-13,6,-21.0729888888889,-27.6666,-51.4673166666667,0.993681267155789,0.989244885792022,0.981434965035505,36,-35.3529509259259,-28.67425,0.990755069855022,0.99150462410274,108
2025-09-13,12,-30.2542888888889,-40.8650500000001,32.8186166666666,0.99142080518069,0.98579766769566,1.00911841513358,72,-33.3116319444444,-11.6236000000001,0.991552433179737,0.996425300460306,72
2025-09-13,18,-21.4506731481481,-25.32635,35.1551666666668,0.994551047549811,0.992144121128376,1.01396984088419,108,-62.7798222222222,-42.665,0.982293334071421,0.985129608217797,36
2025-09-14,6,-16.5928472222222,-22.88345,-72.4020666666668,0.996471895689906,0.993590805028016,0.98157674001666,36,30.9024287037037,14.3502999999996,1.00731928311652,1.00233807585176,108
2025-09-14,12,-30.1192777777778,-34.7438999999999,22.0151500000002,0.994352595117222,0.991843008459816,1.00415712220175,72,68.1764972222223,67.1448999999998,1.01486227740251,1.01201104180652,72
2025-09-14,18,5.57300833333332,1.02464999999984,71.0529166666668,1.00045666198583,1.00016241847503,1.01217115656395,108,59.395413888889,97.3378500000003,1.01705975908199,1.02021012074416,36
2025-09-15,6,-19.9116,24.0743,-77.5053666666666,0.995663194577444,1.0067387807315,0.978402102247422,36,-28.9496083333333,-40.6949999999997,0.995151045551405,0.993311708349029,108
2025-09-15,12,22.6734763888889,32.81395,12.6286666666668,1.00346859980743,1.00602159367404,1.00181104549385,72,-76.0536888888889,-78.7860500000002,0.987089565808395,0.983878353819311,72
2025-09-15,18,-24.1924472222222,-19.6931500000001,-144.312466666667,0.996288389113243,0.995446504384351,0.980073168735941,108,-34.1830833333334,-41.0902499999997,0.992251163891928,0.991472872367091,36
2025-09-16,6,58.1203861111111,58.655,2.18954999999983,1.01648904320722,1.01597862767226,1.00029245883335,36,22.911087037037,41.6142500000001,1.00579072220837,1.00763175368133,108
2025-09-16,12,47.1049666666666,77.5050499999995,122.492766666666,1.01172333389741,1.01411841770034,1.01994830275157,72,16.3218569444445,18.73135,1.00520727101874,1.00344220510212,72
2025-09-16,18,30.0648222222222,46.2546500000003,33.1155,1.00767170902975,1.00844478704112,1.00479927229915,108,36.6591805555556,32.6574000000001,1.01084608274308,1.00773931329355,36
2025-09-17,6,-26.4999361111111,-19.08665,113.888983333333,0.993802678861138,0.994642021440976,1.03202056213544,36,-10.6107703703704,-30.5739500000004,0.999163639963204,0.994958358420567,108
2025-09-17,12,-22.8815458333334,-24.1622500000003,-50.9850333333334,0.99499189643842,0.996064529799836,0.992040648453063,72,-6.28457777777779,-39.29835,1.00065490293695,0.993286524605271,72
2025-09-17,18,-23.9338888888889,-30.5739500000004,-91.3131,0.995149914437514,0.995266712633521,0.982422647800775,108,13.4694194444445,-30.2783499999998,1.00584385543821,0.992456116276232,36
2025-09-18,6,-12.9466972222223,-20.0370499999999,11.9201500000001,0.996777986204306,0.994407604904874,1.002601819182,36,7.50101111111108,-23.2499999999995,1.00178970568378,0.995451054374465,108
2025-09-18,12,-7.17558888888898,-27.3000999999999,24.2973333333331,0.998172425373594,0.994407604904874,1.00488671795105,72,11.9537569444445,-17.7356500000001,1.00290112625422,0.996646519428697,72
2025-09-18,18,-8.93982129629633,-29.3750999999997,23.1365500000003,0.998140520175084,0.994639323957694,1.00336099501664,108,36.3758,14.9249999999997,1.00772554273039,1.00373102718109,36
2025-09-19,6,2.96936388888893,0.171499999999924,13.9412333333333,1.00321043110788,1.00003361803289,1.00714991166805,36,-23.2176018518519,-20.3867,0.994308754720094,0.99394527259339,108
2025-09-19,12,5.60451250000002,11.4425500000002,44.5765,1.00384270148073,1.00405696542532,1.01204176104355,72,-38.9462333333334,-32.3009999999999,0.989225646153353,0.990570735880543,72
2025-09-19,18,-1.01192592592592,-10.51415,-66.6117000000001,1.00162105300127,0.996374145924811,0.980537012746525,108,-63.6476638888889,-38.4735499999997,0.981273536264351,0.987758822970439,36
2025-09-20,6,18.5503361111112,39.3949499999999,-130.767266666667,1.00869845062941,1.01496229685391,0.952591957367032,36,8.65791666666666,21.3083499999998,1.00312624356394,1.00592221941498,108
2025-09-20,12,35.1309375,39.60465,4.60295000000004,1.01230947698905,1.01488827206491,1.00304974387753,72,-12.8688944444444,-3.16150000000016,0.996729113671566,0.998909030347054,72
2025-09-20,18,30.3596157407407,35.4449999999999,-35.4272833333333,1.01041664382292,1.01106897824874,0.990006258382093,108,-46.5547611111111,-36.2747499999998,0.986827249852478,0.987852979445411,36
2025-09-21,6,11.6878666666667,14.5096500000002,76.8806,1.00397621633262,1.00412239699367,1.01997496141877,36,-24.7522157407407,-1.67135000000007,0.995059978153613,0.999744971438296,108
2025-09-21,12,11.3862986111111,12.7794500000002,74.6315999999999,1.00358220713876,1.00250411984078,1.01200576797317,72,-42.6706888888889,-15.6032500000001,0.99099586825797,0.997036055760614,72
2025-09-21,18,-6.38792499999999,13.4243000000001,-56.7516333333335,1.00018296159735,1.00250411984078,0.98961810537614,108,-43.4050055555556,-37.35445,0.988607266001397,0.990779076685812,36
2025-09-22,6,33.7229666666666,46.2915999999998,-9.45703333333351,1.01118528514374,1.01216770040947,1.00479870070139,36,14.2041138888889,4.32349999999951,1.00278019797791,1.00066312539073,108
2025-09-22,12,-7.32532500000006,7.87229999999954,-90.1443166666668,1.00185180879805,1.00178849465416,0.986209136575957,72,45.4929791666667,35.2002500000003,1.00791113074068,1.00653064249291,72
2025-09-22,18,20.8968268518518,25.4154000000003,68.5852666666666,1.00539618927412,1.00460299548792,1.00914344964712,108,13.6448277777778,-11.9805999999999,1.0033373112551,0.997503486161157,36
2025-09-23,6,-83.3185722222222,-52.3600000000001,21.9643333333334,0.978815133037952,0.985559476309151,1.0059489166206,36,-8.9535944444444,-9.99514999999974,0.99667439337926,0.998074813045771,108
2025-09-23,12,-36.9003374999999,-21.2799499999999,-48.7394333333329,0.990198662168813,0.995393707240667,0.992400969502,72,-18.1893402777778,-16.2960000000003,0.994220494419053,0.997214643478172,72
2025-09-23,18,-25.0011574074073,-18.1863500000002,-100.8698,0.993350626756687,0.995705632674039,0.981506402306407,108,-35.1758833333334,-19.7873999999997,0.988786432905671,0.995988018677101,36
2025-09-24,6,36.1693694444444,84.8329500000002,-65.1159500000002,1.01170072925116,1.02338650620935,0.988349430186814,36,-7.08987777777774,-9.92215000000033,0.99837252807235,0.99725982315891,108
2025-09-24,12,41.4506444444444,67.3332000000005,200.704283333333,1.01054368324085,1.01460635218437,1.03232412716082,72,-34.0007763888888,-38.2873499999998,0.992865473493255,0.991125319791688,72
2025-09-24,18,24.0445064814815,40.6680499999998,12.60385,1.00673173770179,1.00734897165324,1.00372781331657,108,-57.2337833333333,-54.3505499999999,0.986623100362849,0.986802826499657,36
2025-09-25,6,13.0750333333334,4.15499999999997,-181.7379,1.00548422295406,1.00120627472893,0.954045471784218,36,-18.6788564814815,-33.2773500000003,0.998789366143485,0.994790425505848,108
2025-09-25,12,-6.32969305555552,-16.7287999999999,-25.9644833333333,1.00148623022655,0.996391264641263,0.995771917020929,72,-15.151075,-10.3069500000001,0.999439930465703,0.998050628238206,72
2025-09-25,18,-5.22685462962963,-10.8926499999998,-8.64420000000003,1.00119200483143,0.997101345551308,1.0018278440549,108,-27.2809722222222,-53.5617999999999,0.998276306890229,0.987396877577505,36
2025-09-26,6,-64.4109166666667,-21.1396000000002,25.9237,0.978251096488487,0.991911719531773,1.01012887287154,36,-39.2392916666667,-34.5700500000003,0.989537771546277,0.989289290919371,108
2025-09-26,12,-33.3746833333334,-9.74254999999994,-3.74986666666662,0.989134142590987,0.9963870019968,1.00044260726202,72,-57.6897125,-56.35085,0.984298062972672,0.980717563832313,72
2025-09-26,18,-51.473875,-21.1396000000002,-240.796983333333,0.984347741569932,0.993207650683361,0.922379118279242,108,-27.7071666666667,-47.0129000000002,0.993821186417521,0.984955845135063,36
2025-09-27,6,25.7800416666667,42.5989499999998,173.838466666667,1.01240093258809,1.0161115242189,1.06786911674207,36,25.5757703703704,30.3813,1.01157635291858,1.00897232645316,108
2025-09-27,12,26.7676486111111,31.4866999999999,27.4148833333334,1.01156594976186,1.01060505949998,1.00932383758087,72,24.4860277777778,33.2263,1.01199904591006,1.00989827738222,72
2025-09-27,18,11.1486518518519,30.576,-142.54885,1.00597869412698,1.00897232645316,0.956211068709364,108,69.0613972222223,76.6859000000002,1.02919390896288,1.02657282078286,36
2025-09-28,6,-4.77934722222224,15.6604,-64.2640166666667,0.999684062428374,1.00429897573093,0.983002697162506,36,-24.665962037037,-36.9803500000003,0.996453942928882,0.993211650966304,108
2025-09-28,12,11.8281930555556,22.25405,-115.252966666667,1.00238878976201,1.00501815585815,0.982095911830728,72,-51.2168097222222,-75.1656499999999,0.992134155845504,0.986652532421627,72
2025-09-28,18,-7.6992583333333,-2.29314999999997,68.9902666666668,0.999168865634889,0.999634231466461,1.0108965333139,108,-55.6794583333333,-67.3050499999995,0.991539294310352,0.985969227916793,36
2025-09-29,6,-7.74767499999998,-9.81590000000006,28.5152666666667,0.998562997853932,0.997167798396928,1.00459239992009,36,-3.34116018518516,2.6289499999998,1.00019739649184,1.00040734318678,108
2025-09-29,12,-6.06276249999994,-3.58334999999988,-17.3197333333334,0.999264201783677,0.999343513808435,0.997352264099224,72,-2.82281527777778,2.6289499999998,1.00031339188106,1.00040734318678,72
2025-09-29,18,-2.32180833333329,0.977449999999862,-105.016983333333,0.999824883570551,1.00021117031838,0.982002716093417,108,-10.8057305555556,-11.4690000000001,0.999680536617813,0.997160076895111,36
2025-09-30,6,54.5179388888889,63.96,-70.5220000000001,1.01621001356779,1.01802859800877,0.982292586110657,36,-32.9407722222222,-5.26164999999992,0.995284797771181,0.999163256376905,108
2025-09-30,12,32.2828194444444,37.4446000000003,17.6516499999998,1.00896352453969,1.00603104395775,1.00280113758834,72,-54.4350083333333,-55.6422499999999,0.992068678900976,0.98991358117753,72
2025-09-30,18,2.796275,6.88395000000037,-28.1965833333334,1.00330445534674,1.00123726528247,0.998014003379089,108,-52.6932027777777,-44.4643000000001,0.992151040841129,0.990560999915043,36
2025-10-01,6,-62.7820972222222,-52.0948000000001,-28.8965333333332,0.983156301766444,0.985694576505629,0.990621293958283,36,-189.947006481481,-177.3015,0.960696967420518,0.966871880348636,108
2025-10-01,12,-69.9571763888889,-56.9425999999999,-134.189733333333,0.984671640220357,0.9904462268788,0.979897127966022,72,-246.354381944444,-279.9329,0.947951961793642,0.950374703796102,72
2025-10-01,18,-79.0144324074074,-52.3887999999997,-278.404,0.984588967356902,0.991116788672676,0.953242303761023,108,-395.579819444445,-406.2209,0.911480301957291,0.910464295037608,36
2025-10-02,6,-3.75524444444447,11.1676,129.881316666667,0.99995992012703,1.00314410565797,1.03648207954673,36,-182.894772222222,-139.5165,0.960611391971522,0.976947251374455,108
2025-10-02,12,4.40224027777778,31.452,103.94235,1.00044832370219,1.00695632054457,1.01637425187997,72,-280.622020833333,-252.22,0.940448724318609,0.954792199960372,72
2025-10-02,18,-32.4648657407407,-42.9566,-209.625216666667,0.994450195153697,0.988567174741519,0.962020250945157,108,-455.044963888889,-469.029849999999,0.898443510580503,0.896719904744392,36
2025-10-03,6,-9.44117499999997,-16.1783499999999,-15.0742166666667,0.998735468424917,0.994030241009781,0.995675181236408,36,-145.195307407407,-88.1886500000001,0.952410199796885,0.971220513000851,108
2025-10-03,12,-5.36118611111108,1.78809999999999,29.7848333333333,0.999092392978365,1.00047034587928,1.00828598239014,72,-217.1523625,-188.37875,0.92889064092942,0.932943736537528,72
2025-10-03,18,-22.6996925925926,-5.00874999999996,-138.657816666667,0.993493510332284,0.99862429114025,0.950498248130622,108,-376.928019444444,-384.6501,0.87548553681872,0.87549039320795,36
2025-10-04,6,-37.7415055555556,-20.1599999999999,8.11823333333344,0.987366326287147,0.992339118161129,1.00496139069803,36,-184.550437962963,-167.22725,0.943373321995691,0.951916881637975,108
2025-10-04,12,-20.6102930555556,-23.4596999999999,-19.0941833333332,0.994159906556845,0.992339118161129,0.997110350747861,72,-275.086116666667,-320.7415,0.914583239580264,0.901508407516197,72
2025-10-04,18,-71.905075,-63.8790000000001,-342.385166666667,0.979605848538044,0.97825854740767,0.888241416280057,108,-375.677594444444,-420.97,0.878668746660086,0.867932561431087,36
2025-10-05,6,19.1357694444444,14.5657499999998,-37.1402999999999,1.00648655310955,1.00407884144582,0.991014061248674,36,-161.11185,-148.21905,0.966318838335417,0.974283304229494,108
2025-10-05,12,4.69330972222214,9.47484999999983,-50.3965666666668,1.0029077506431,1.00187376708921,0.991586456406882,72,-236.7932,-247.18655,0.949813783414797,0.950540667893568,72
2025-10-05,18,-34.5389731481482,-3.25484999999981,-381.542916666667,0.995958608028014,0.999351838478716,0.93823318569961,108,-360.582861111111,-378.1441,0.917567244031756,0.914143323688883,36
2025-10-06,6,-38.5426833333333,-6.46629999999982,-25.96225,0.990887387079571,0.998135941721998,0.99774239192864,36,-165.779031481481,-170.00035,0.966125601023095,0.970126751302786,108
2025-10-06,12,-11.5896541666666,14.6975000000002,161.365083333334,0.996708975904797,1.00325287368842,1.02637036066488,72,-256.350234722222,-295.05405,0.94792311916963,0.949281346431066,72
2025-10-06,18,-58.0555481481481,-50.9057499999999,-303.749783333333,0.989831959924754,0.991092906467342,0.949779503575944,108,-361.713133333333,-374.45255,0.919768310374591,0.915178359777134,36
2025-10-07,6,-44.2724444444444,-80.0286000000001,127.21195,0.988675316242689,0.97802062064916,1.03342001611558,36,-182.980098148148,-140.96005,0.961989798095915,0.974338865493371,108
2025-10-07,12,-30.0869347222222,-18.4759000000004,-33.0083166666667,0.992837677201823,0.99658826996184,0.994868843649987,72,-266.519434722222,-256.93265,0.944484678063394,0.957215301056581,72
2025-10-07,18,-64.900625,-61.2842500000002,-357.7887,0.98783346367249,0.989265372377318,0.937599173351342,108,-398.510863888889,-406.6379,0.911144319512963,0.90391777157888,36
2025-10-08,6,3.91241666666663,16.7268500000002,-17.9811,1.00186840091419,1.00485951854053,0.996511815677657,36,8.28517407407406,9.93499999999995,1.00246918743235,1.00197674176502,108
2025-10-08,12,24.3058513888889,35.9933000000001,7.40333333333335,1.00572644542262,1.00910941721952,1.00103590028171,72,-9.92188194444447,-15.9337500000001,0.998911536182999,0.996165369451804,72
2025-10-08,18,5.41066944444441,4.99760000000015,28.3716166666665,1.00223074064841,1.00117332494699,1.0072299431054,108,12.5359305555556,24.8157500000002,1.00258374126601,1.00666003582965,36
2025-10-09,6,-18.2760194444444,-2.60014999999999,-63.0168666666669,0.996397822815075,0.99925803927555,0.988834758640193,36,17.2742259259259,-11.8349499999999,1.00421638841687,0.997972632684723,108
2025-10-09,12,-0.739966666666653,-26.91545,-143.1523,1.0000297343361,0.99584628482366,0.977708761166651,72,17.5132958333333,0.518499999999676,1.00449375969674,1.00008409840405,72
2025-10-09,18,-0.563853703703692,-12.5588499999999,29.1636999999999,1.00023965883556,0.997966597941741,1.00804418857175,108,35.2382194444444,32.8607499999998,1.00832801155903,1.00754320265617,36
2025-10-10,6,41.1588138888889,29.2232999999999,25.9963000000002,1.01822199312209,1.01149500199719,1.01077110659811,36,33.3547833333333,23.2576000000001,1.01301985626187,1.00815498050294,108
2025-10-10,12,33.3624444444444,11.0569999999998,-14.7334000000001,1.0130943021711,1.003336788533,0.996769114919999,72,37.2491375,54.4186999999999,1.01554647878275,1.01773049697371,72
2025-10-10,18,32.9972611111111,16.1917999999998,143.263333333333,1.01289771113866,1.00524803957509,1.05461172904813,108,42.2313805555555,40.0126499999999,1.01858842849171,1.01503266712163,36
2025-10-11,6,-29.1744222222222,-23.5121000000001,-79.1045333333334,0.990360187538896,0.991357413232106,0.972750440499262,36,-23.9668638888889,-13.3400000000001,0.993776543615602,0.995281366561449,108
2025-10-11,12,-33.8467847222222,-28.0175999999999,-7.36195000000005,0.989686115011667,0.988679093238606,0.998412359011463,72,-16.6907222222222,-1.10124999999994,0.996158794181184,0.999694505898738,72
2025-10-11,18,-28.300637962963,-25.3034,103.311666666667,0.992601620681902,0.991357413232106,1.04045881376657,108,-16.1731,-1.10834999999997,0.993884956339996,0.999486665073669,36
2025-10-12,6,-75.6689138888889,-91.8630000000001,34.06425,0.97941490413293,0.975322579844931,1.00965152477788,36,31.0542648148148,26.5162999999998,1.00765278691127,1.00468199074001,108
2025-10-12,12,-26.0631152777777,-38.5052499999997,183.231116666667,0.99163289112263,0.993075411933183,1.03052680482306,72,34.8100555555555,73.53,1.00955374131074,1.01244136768508,72
2025-10-12,18,-13.8007851851851,-13.5061499999999,-24.36505,0.995113013406504,0.996852983161655,0.995964721201252,108,58.8962361111111,99.5464999999997,1.01703422464722,1.02695437960272,36
2025-10-13,6,-14.8845083333334,-38.6826000000001,-21.5710166666668,0.995820507042887,0.989486604449567,0.991916861329255,36,-7.17084722222224,-25.2440499999998,0.99827830762363,0.995159560620645,108
2025-10-13,12,-0.747440277777842,-24.9118500000004,-87.3417333333335,0.998956944438749,0.995254205946096,0.98647976587854,72,-17.4510847222222,-27.2197500000002,0.996370770518139,0.993986135168961,72
2025-10-13,18,-6.06563148148152,-29.7284499999996,30.3088166666666,0.998595335689174,0.994942911865225,1.00592130982305,108,-18.2001555555556,-21.2164499999997,0.994869422846253,0.99454132171356,36
2025-10-14,6,8.78861944444448,5.82790000000023,-21.4704833333333,1.00337909862723,1.00161382093109,0.996373987835246,36,34.5732685185185,48.1696000000002,1.00846020454937,1.00799689601812,108
2025-10-14,12,28.8504069444445,29.9268499999996,42.3637666666667,1.00665806762475,1.00629682043968,1.00709653950012,72,27.4038055555556,48.1696000000002,1.00772178851292,1.00799689601812,72
2025-10-14,18,20.4613194444445,25.5418499999996,3.59161666666675,1.00482370737223,1.00579487223224,1.00374743486447,108,51.1244666666666,64.0789,1.01428859015864,1.01559996830531,36
2025-10-15,6,20.9474388888889,20.5109,-23.4056833333332,1.00693066496237,1.00554749091528,0.99509406456815,36,-9.68145648148144,-18.7422000000001,0.998304578126982,0.995101587423747,108
2025-10-15,12,-7.11356666666664,-18.8008500000001,-75.00975,1.00035369175388,0.9948975975249,0.988688615221972,72,3.06510138888895,-8.28500000000031,1.00056850791778,0.998082146099483,72
2025-10-15,18,-3.70434907407402,-18.8008500000001,-24.9959166666664,1.00046288545481,0.995576678922492,0.994354011095335,108,3.01611666666668,-8.28500000000031,1.00045574297887,0.998082146099483,36
2025-10-16,6,41.27025,37.7343999999998,131.238483333333,1.01186551122362,1.00975913372965,1.03570267626825,36,2.92583888888893,-0.773050000000239,1.0000665791112,0.999840024348325,108
2025-10-16,12,21.7062736111111,35.7934999999995,118.9709,1.00615375961961,1.00803704161485,1.01930785665989,72,3.31760972222229,-2.14719999999988,0.999878864658996,0.999552669420521,72
2025-10-16,18,19.1375638888889,28.7235999999998,-138.207533333333,1.00482011392783,1.00592062040737,0.975034390693046,108,-7.3649249999999,8.07145000000014,0.997604906773743,1.00268727978312,36
2025-10-17,6,-26.5708194444444,-23.7076999999999,-22.3556833333333,0.990491304983588,0.990887147228274,0.993069034184253,36,-14.9407037037037,-10.0198,0.99671822514435,0.996265128464963,108
2025-10-17,12,-11.9986791666666,-9.33964999999989,41.7268166666667,0.996310490862835,0.996482480955122,1.01276384007257,72,-23.6977861111111,-22.1626999999999,0.994012499345483,0.992919893423708,72
2025-10-17,18,-29.836037037037,-36.8492999999999,-160.941366666667,0.99073544045837,0.987706296609079,0.942162085868681,108,18.1151805555556,26.46675,1.00843965904153,1.00949090577877,36
2025-10-18,6,24.6263138888889,-28.0029999999999,11.8067333333333,1.01151121377394,0.989172515824781,1.00494814177966,36,-15.6678435185185,-52.6171499999998,0.996229043476889,0.985356279368411,108
2025-10-18,12,-3.92487777777778,-39.8423999999998,-71.2847666666667,1.00128054639875,0.986209149965465,0.980383210057382,72,-7.26373055555554,-34.6076,0.998818625703556,0.99036881605506,72
2025-10-18,18,2.51341203703704,-31.9133000000002,-95.4452166666667,1.00229254528748,0.990078922182496,0.964988406950038,108,-29.9174527777778,-71.1401499999999,0.993320708342176,0.972870342637609,36
2025-10-19,6,52.4703472222222,34.57855,40.6940999999999,1.01556960729758,1.00983768464085,1.00906192425359,36,-1.83104907407411,-8.29814999999962,0.999094852578293,0.998564988395412,108
2025-10-19,12,16.3134749999999,-0.804599999999709,-79.8247500000001,1.00646030960301,1.00054273530832,0.987548681183683,72,7.17512500000003,18.39725,0.99996677291322,1.003159376694,72
2025-10-19,18,18.9942898148148,11.0338000000002,-14.3766833333333,1.00560612757041,1.00271239360662,0.996350704040842,108,-10.0056694444445,8.18250000000035,0.996035782321229,1.00183590824807,36
2025-10-20,6,-11.55095,-35.905,-37.1539666666667,0.997989558839588,0.989842717869052,0.992358070481772,36,16.3816953703704,18.4855499999999,1.00460050175826,1.00338175948968,108
2025-10-20,12,-11.9573,-45.3800000000001,54.9242666666669,0.998384717293179,0.992476520788463,1.00928138979469,72,30.7543680555556,40.5397499999999,1.007510814764,1.00725871143116,72
2025-10-20,18,1.45569259259263,-11.2307999999998,-75.6716833333333,1.00041753181627,0.998165198203582,0.986057052633002,108,33.2270583333333,48.4829500000001,1.01053846866554,1.01124500926925,36
2025-10-21,6,0.375177777777733,20.0751,157.436466666667,0.999733795697978,1.00534622707519,1.03818802568181,36,-12.9795148148148,-14.5599999999995,0.997139613330715,0.99751705217863,108
2025-10-21,12,-17.6228902777778,-17.5110999999999,-5.26396666666657,0.996603518131516,0.996681801409869,0.999269179313561,72,-1.65879305555555,-10.2153000000003,0.998972799713545,0.998188349057613,72
2025-10-21,18,-2.04435740740744,6.73490000000015,21.8066333333331,0.999379758986922,1.00109926453218,1.00339051937908,108,-32.4302944444445,-65.5436500000001,0.993013358729355,0.985067620587978,36
2025-10-22,6,-19.6066444444445,9.41000000000008,81.0157833333332,0.994806789228661,1.00260906216825,1.01985055997992,36,24.841424074074,16.4662499999997,1.00562433202503,1.00315046483318,108
2025-10-22,12,10.9143763888889,12.7699999999995,80.71695,1.0007853543419,1.00270924656373,1.01350449509809,72,16.5444374999999,16.4662499999997,1.00505453830997,1.00370735689285,72
2025-10-22,18,5.85115185185181,-0.303650000000289,-19.5659333333335,1.00049824934804,0.999970064616664,0.998636916321956,108,37.3641722222222,61.7350000000001,1.01018503725963,1.01804755271029,36
2025-10-23,6,-34.8469583333333,-14.4190999999998,-86.0217333333333,0.990857906545492,0.995940923320321,0.978509529984021,36,-17.3432814814815,-37.0806500000001,0.997932097343949,0.993994725892302,108
2025-10-23,12,-50.6472180555555,-38.6774,-96.6572833333333,0.989975254586946,0.99245623222824,0.984693588585219,72,7.20881666666667,-8.77944999999977,1.00235184470172,0.997748759504378,72
2025-10-23,18,-21.5580740740741,-15.3396,109.485116666667,0.995488476068866,0.996067494115156,1.02022912695869,108,-22.2025805555556,-57.85555,0.998188770370742,0.984548195102822,36
2025-10-24,6,17.195075,11.9992499999998,151.965883333333,1.00690349595524,1.0048335548604,1.05715125288012,36,4.95419722222222,-2.21384999999987,1.00370905405582,0.999288936557856,108
2025-10-24,12,2.89292361111111,1.06920000000014,58.4834833333333,1.0022372478485,1.00050810785907,1.01621004512185,72,13.1359097222222,15.8983000000001,1.00677808121285,1.00466670852718,72
2025-10-24,18,5.85778425925926,11.0799999999999,49.8963833333333,1.00345892302595,1.00353803810771,1.02031759690332,108,14.4843138888889,-8.65820000000008,1.00765388904486,0.996691970883922,36
2025-10-25,6,-12.6502722222222,-47.5034500000002,18.15525,0.996888116704068,0.982020132962024,1.00822846337183,36,25.6659546296296,38.71,1.00986624244847,1.01373932269354,108
2025-10-25,12,7.42247916666668,-4.57330000000002,53.0270999999999,1.00217930409311,0.998774058157309,1.01622698628607,72,24.7513166666666,35.5091500000001,1.01106411793163,1.01422031544111,72
2025-10-25,18,5.68327222222222,5.8578500000001,103.275883333333,1.00248379364487,1.00191403996972,1.04088273927699,108,47.297775,55.0069000000001,1.01903546311486,1.02125610355723,36
2025-10-26,6,-3.26625555555552,4.69470000000001,-65.816583333333,1.00053036060973,1.00127719281117,0.985230770341434,36,-30.5169722222222,-26.2600000000002,0.99381040198399,0.995229028868299,108
2025-10-26,12,-4.70516527777772,-0.25240000000008,-65.7266999999999,0.999587587732075,0.999927938903508,0.98977444744371,72,-42.7034208333333,-37.6949999999999,0.991393195548776,0.991564947196155,72
2025-10-26,18,-8.59155185185181,-6.34469999999965,155.948283333334,0.999244035837132,0.998917007718378,1.03056145993939,108,-69.0425166666666,-72.7383999999997,0.984229459050308,0.983215650832234,36
2025-10-27,6,12.6271722222223,13.7356500000003,31.4897500000002,1.00389947078042,1.00388277656192,1.00642793045296,36,-10.473187037037,-12.8169500000001,0.997417257523783,0.997245659966449,108
2025-10-27,12,10.8046652777778,3.40080000000012,-28.0658833333334,1.00246109416494,1.00088348622979,0.995680369193762,72,-20.2008597222222,-28.2000000000003,0.995614527510944,0.994791619344831,72
2025-10-27,18,3.0985314814815,1.2461500000004,36.1030166666666,1.00096097834852,1.0002314450997,1.00448978813991,108,-28.0879833333333,-32.8858,0.993268308306198,0.992484960418808,36
2025-10-28,6,-7.12138888888892,29.03,-181.607116666667,0.999778714037966,1.00837255905954,0.955310878084336,36,-13.5542138888889,-2.03420000000006,0.99714922787382,0.99960400354504,108
2025-10-28,12,-23.6352333333333,-7.79579999999987,-71.1772833333333,0.996771445363609,0.998530620080639,0.988681996474118,72,-0.256781944444463,6.13365000000022,0.998841753466104,1.00142068993254,72
2025-10-28,18,-10.0424583333333,5.17849999999999,-63.7940333333331,0.998700225770999,1.00143286931791,0.987735625226083,108,-17.6566555555556,1.12644999999975,0.99512572034643,1.00025797708076,36
2025-10-29,6,-23.3528138888889,-38.9453500000002,0.422150000000101,0.994686294122992,0.989169388396971,1.00323484342798,36,10.5413814814815,18.08385,1.00186576259265,1.00278213465317,108
2025-10-29,12,-13.1641930555556,-15.4983499999998,11.3484666666668,0.997059413323973,0.995596574422149,1.00170142014687,72,17.2998583333334,30.5235500000001,1.00308237762649,1.00581368044917,72
2025-10-29,18,4.10489166666669,8.13360000000011,61.1609166666666,1.00018065922031,1.00130177687475,1.01032502095433,108,-4.04334444444445,16.33475,0.999741604239994,1.00395100669313,36
2025-10-30,6,-31.4886805555556,-39.7399,-45.4697166666666,0.992539646142441,0.988774366244749,0.987344620816933,36,-5.94515925925931,17.9795499999996,1.00005295466188,1.00341275741631,108
2025-10-30,12,-20.3854111111111,-13.4616000000003,-17.4807333333333,0.996021696393472,0.996506457348643,0.997337559315466,72,-4.27666805555563,20.0061500000002,1.00032755867057,1.00401365323113,72
2025-10-30,18,-21.4151861111112,3.13029999999981,-7.66313333333331,0.996164013321314,1.00054133801329,0.99914982559419,108,14.9214,4.16594999999984,1.00420647016415,1.00132663958076,36
2025-10-31,6,-2.4227611111111,-6.27120000000014,-35.6790000000002,1.000980852506,0.997689514465016,0.989844070494637,36,-20.6662740740741,-25.2498499999999,0.993764356969252,0.992672742640868,108
2025-10-31,12,-1.66652083333335,-3.04950000000008,-115.634933333333,1.00134254458449,0.99904206914313,0.969729051619446,72,-30.5442708333333,-32.9425000000001,0.989794417122388,0.988663184356072,72
2025-10-31,18,-8.62221481481482,-11.9537500000001,-66.4649333333333,0.998558799733468,0.996181309316069,0.975022558671099,108,-38.5549388888889,-32.9425000000001,0.986597524213348,0.987617714024283,36
2025-11-01,6,17.599575,-13.7626000000002,46.51215,1.00922581934178,0.994650104958757,1.01991325263332,36,-9.67638703703703,-19.41705,0.996691519212604,0.994517835356928,108
2025-11-01,12,24.3670791666667,21.0188499999999,22.6552500000001,1.00923106303727,1.00786262692701,1.00663574422655,72,-30.0818722222222,-37.24405,0.990419125452525,0.988297220072437,72
2025-11-01,18,14.4929212962963,-6.50999999999976,-69.0867,1.00598300863686,0.998162921077244,0.976090503371011,108,-54.90835,-38.2425000000001,0.981351351069009,0.985106039133398,36
2025-11-02,6,18.7365722222222,-7.45520000000033,60.9278166666665,1.00578876782966,0.998198372835498,1.01885808444279,36,17.137362962963,26.1147999999998,1.00423994312171,1.00486106660856,108
2025-11-02,12,21.6145069444444,25.3631,60.8652,1.00537114778803,1.00488246004125,1.00993306324536,72,13.4598236111111,10.0185999999999,1.00388315080936,1.00170256815959,72
2025-11-02,18,7.48301574074071,13.52115,-185.939033333334,1.00234840730255,1.00218651749588,0.966197615802998,108,47.6996138888889,63.9481500000002,1.01146337528712,1.01491242611612,36
2025-11-03,6,33.2098111111111,30.6426999999999,52.5800333333332,1.01037471436556,1.00852857138248,1.01784071283114,36,-10.0504527777779,-8.83449999999993,0.998366891048227,0.998586580170825,108
2025-11-03,12,3.65792361111105,21.0482500000001,-74.7937833333335,1.00322540831155,1.00510929648872,0.988794109720124,72,-2.1286972222223,-8.50499999999965,0.999512285443574,0.998602746782022,72
2025-11-03,18,11.3339157407407,17.1801499999999,74.3180833333333,1.00394747309053,1.00434580437824,1.0178739211701,108,-30.9432944444446,-35.6093500000002,0.993632968238648,0.99107759621823,36
2025-11-04,6,-9.39591666666661,-2.86514999999986,112.79175,0.997435416570446,0.999398669823737,1.02896355274712,36,-3.39769814814813,22.402,1.00173367027458,1.00357615567251,108
2025-11-04,12,-19.9052527777777,-18.98,-106.179583333334,0.996906115423516,0.996642198029275,0.98380010462745,72,10.1107472222222,48.6097000000004,1.00441209827358,1.00856749197185,72
2025-11-04,18,-22.2653314814814,-30.1547,176.639466666667,0.996838512117826,0.994954050440559,1.03207386483197,108,47.2069833333333,73.3896500000003,1.01212089104071,1.01898101863807,36
2025-11-05,6,36.6102444444444,53.2368000000001,6.43396666666657,1.01182006415216,1.01307088544867,1.00173102157908,36,-9.82602037037037,-4.52939999999967,0.998791200882616,0.998943810509632,108
2025-11-05,12,28.5560402777777,36.4300499999999,-42.3703500000003,1.00855247853892,1.00721334560453,0.993503990858623,72,-24.9899486111111,-12.7941499999997,0.995544354861087,0.997720076354727,72
2025-11-05,18,13.387362037037,19.0535499999996,-63.3863166666665,1.00487522147886,1.00319112241582,0.990147910088249,108,-33.0299027777777,-38.5496500000002,0.993568002363421,0.98999473229292,36
2025-11-06,6,44.4091222222223,51.2268500000002,163.531883333333,1.01328850400559,1.0145264407228,1.04543317952518,36,29.4760462962963,13.9286999999999,1.0058530618884,1.00223686024337,108
2025-11-06,12,50.4794763888889,32.4000000000001,104.329866666667,1.01124736527837,1.00590342956186,1.01747994018002,72,15.9391541666667,3.4072500000002,1.00417647955702,1.00061624227687,72
2025-11-06,18,32.6852092592593,13.9286999999999,-48.5906500000001,1.00746884752063,1.00221103081178,0.991948218974298,108,34.7816333333334,45.5215000000001,1.0084411471089,1.01178346484002,36
2025-11-07,6,11.5858777777777,1.20014999999989,-79.2980500000001,1.00597322910156,1.00046852727507,0.972133561827137,36,21.8819092592593,21.6793499999999,1.00922643396793,1.00693137326396,108
2025-11-07,12,21.8086708333333,20.8259,-7.52239999999991,1.00876417093382,1.00601757352386,0.999088686183139,72,16.8071319444444,19.9802999999997,1.00806209456886,1.00623100550396,72
2025-11-07,18,27.4506722222222,26.3435500000001,201.93525,1.01084184698634,1.00832292338673,1.07962124646397,108,-5.12041111111108,-33.9992999999999,1.00112699004633,0.987849851937662,36
2025-11-08,6,-25.5452666666666,-9.5,-95.8400666666666,0.993339950925664,0.99633070901011,0.96549883276591,36,11.8849407407407,7.91840000000002,1.00503880785066,1.00241635213967,108
2025-11-08,12,-9.46044305555554,-0.132550000000037,-0.11596666666666,0.999233579294804,0.999969225831579,0.99995224832839,72,14.5152208333333,16.0724,1.00499460794401,1.00581759210026,72
2025-11-08,18,1.26998425925926,9.04320000000007,-3.57274999999989,1.00176992131346,1.00268335438376,0.999742625812556,108,6.2996027777778,-21.2936999999999,1.00314661053726,0.993266860375055,36
2025-11-09,6,-24.7181916666666,-13.0299,-8.21141666666661,0.993521972389397,0.996371984432128,0.996530723147776,36,10.1523888888889,7.34675000000016,1.00168341930874,1.00116699787608,108
2025-11-09,12,-18.2132555555555,-17.84375,-50.9060666666668,0.995688868056776,0.996014574881297,0.992446415242894,72,21.0827430555555,11.3259999999996,1.00359724710103,1.00246801928656,72
2025-11-09,18,5.75680370370373,12.9493499999999,98.6757666666667,1.00033553991481,1.00208256200244,1.01850144526387,108,-11.5314361111111,-42.0550500000004,0.997565610571187,0.990427126245642,36
2025-11-10,6,-15.0982444444444,24.6956,-35.4732166666667,0.99634969859698,1.0067112893399,0.990542167928861,36,38.9876222222222,61.4866999999999,1.00734123909583,1.00952036680581,108
2025-11-10,12,22.0662305555556,55.2591499999999,137.75605,1.0031995828085,1.00909059915455,1.02207640006981,72,28.8660805555556,29.3222000000001,1.00598712513373,1.00496261132752,72
2025-11-10,18,19.7767731481482,53.4859499999998,15.9678166666669,1.00297830698286,1.00885007507641,1.00058296244998,108,42.5343027777778,19.4072000000001,1.00943849493588,1.00447272773923,36
2025-11-11,6,-13.4296,-22.2243499999997,-50.6444999999999,0.99786774297756,0.993898196417325,0.989539495459445,36,35.657462037037,36.6597999999999,1.00657492695047,1.00805199628186,108
2025-11-11,12,34.6417055555555,14.1161500000001,151.410466666667,1.00608319558256,1.00301972237376,1.02516912082615,72,12.1296875,13.1150000000002,1.00271306633193,1.00301339302127,72
2025-11-11,18,33.4762935185185,23.2111499999996,-59.9261500000001,1.00590219985787,1.00522605294811,0.991092520706995,108,-6.88609444444443,-13.44895,0.999885924255356,0.996930716751166,36
2025-11-12,6,-45.2436972222222,-43.6908000000003,-110.59235,0.987979263344711,0.98783264425581,0.972254666055158,36,-4.23508888888886,-11.0530999999999,0.999705391384683,0.99804543339501,108
2025-11-12,12,-22.4317972222222,-37.2083000000002,-30.0457499999998,0.994513041624051,0.993027098975976,0.996122398399271,72,-6.54268472222224,1.61079999999993,0.999034677125329,1.00032053907589,72
2025-11-12,18,-20.2525342592592,-38.4763000000003,17.2469666666667,0.995486429593443,0.992714963563603,1.0017831627583,108,2.8086388888888,19.2478499999997,1.00063614871843,1.00457359600247,36
2025-11-13,6,-10.6490916666667,29.7843,-156.1472,0.998187648692873,1.00812559555864,0.959783586048479,36,7.2726490740741,22.9819499999999,1.00095728313334,1.00371228471533,108
2025-11-13,12,4.29477500000003,37.72695,20.2660000000001,1.00130480959705,1.00812559555864,1.00308037089781,72,1.28965277777777,17.3929499999999,0.999224939449402,1.00283333567148,72
2025-11-13,18,12.2336851851852,41.9661499999997,107.2284,1.00239189722676,1.00812559555864,1.01594680998874,108,-25.5322,-9.30140000000006,0.993883806412622,0.99784703133055,36
2025-11-14,6,-1.60631111111107,-13.97,50.9193,1.00004027589737,0.994808897202747,1.01923459248414,36,-25.8248722222222,-33.0403500000002,0.99174459814936,0.989458993855472,108
2025-11-14,12,-28.2198333333333,-37.41615,-27.1083333333333,0.991697633341476,0.990048049686722,0.992985506834415,72,-11.3206305555555,-22.1123500000001,0.995939401831247,0.991809302777191,72
2025-11-14,18,-17.6401222222222,-20.7749999999999,-139.520683333333,0.994787467735833,0.992810332848375,0.950863881077875,108,-26.1605611111111,-33.0403500000002,0.990911667137946,0.988035177701896,36
2025-11-15,6,42.9126083333333,40.7749999999999,53.29145,1.01840638762701,1.0153688133504,1.02083956995172,36,9.70190833333335,-5.22999999999979,1.00384288964338,0.998337606271079,108
2025-11-15,12,22.8814333333333,23.2578999999998,-95.0649333333333,1.00950604105813,1.00916946308421,0.975368654418937,72,13.1277333333334,-5.81905000000006,1.00546148722044,0.997904849074673,72
2025-11-15,18,19.7132435185185,26.16875,-0.901266666666667,1.00785207052693,1.007367182681,0.999700827113681,108,12.8786027777778,-16.59455,1.00637884497637,0.993930248698778,36
2025-11-16,6,-8.81078333333337,13.9078999999997,79.5392666666667,0.998441619843821,1.00384073568085,1.02161956216194,36,29.7480425925926,20.5550000000003,1.00637987532242,1.0045137630571,108
2025-11-16,12,24.2381333333333,30.4474999999998,166.9412,1.00421962198455,1.00731818027679,1.02637020476331,72,15.9785388888889,6.24524999999994,1.00457100092099,1.00111488021505,72
2025-11-16,18,24.0339314814815,29.3425999999997,52.0846,1.00440586640876,1.00611328446039,1.01283067555607,108,8.33154999999999,-5.00970000000007,1.0043636465848,0.998372808966666,36
2025-11-17,6,-25.5299916666667,-21.1075000000001,-48.5838166666666,0.994832100974526,0.99393755959009,0.992424339562573,36,-55.400675925926,-54.1471000000001,0.990052007000556,0.991034480229577,108
2025-11-17,12,-43.7141041666667,-21.6375000000003,-71.6851333333334,0.992419955288852,0.99393755959009,0.988773134281707,72,-52.1519055555556,-58.9230499999999,0.990074105699244,0.990507041308457,72
2025-11-17,18,-44.7912518518519,-50.9256500000001,-71.6571333333334,0.992385346328694,0.99151620160469,0.986708141358186,108,-57.3582638888889,-59.8269500000001,0.987832082990109,0.985906661681708,36
2025-11-18,6,2.93906666666669,17.4747,-112.529,1.00186559434574,1.00492968428331,0.970369655394411,36,-10.6564083333333,-11.9284499999994,0.997203425709113,0.997705647392603,108
2025-11-18,12,-1.26439027777779,13.8419999999999,-55.2055166666666,0.999912993145367,1.00277156330401,0.991426254210207,72,-13.2506888888889,-11.9284499999994,0.996824942591174,0.997705647392603,72
2025-11-18,18,1.09520833333335,-6.19449999999961,-42.6096166666666,1.00021604497938,0.99887642285746,0.991609321441668,108,-32.3157833333334,-22.2058499999998,0.992827736534936,0.994881573485422,36
2025-11-19,6,65.39925,65.7673499999999,100.099283333333,1.01839438215505,1.01819569736746,1.02425708929616,36,20.5884453703704,23.6936499999997,1.00501373989875,1.00466391837139,108
2025-11-19,12,35.4430388888889,30.5495000000001,122.1825,1.00959838277833,1.00495985891975,1.01970658904867,72,28.1392541666667,23.6936499999997,1.00711941814732,1.00582777122466,72
2025-11-19,18,29.080712037037,26.145,-14.5065666666668,1.007388885022,1.00466391837139,0.998616112103374,108,39.9224500000001,37.1686499999996,1.01126894678531,1.01095551033782,36
2025-11-20,6,4.80305277777779,-4.24480000000017,34.2958333333333,1.00251127087058,0.998825728147591,1.01347664841447,36,2.08509166666668,-0.0867499999994834,1.00083933641698,0.999988082360847,108
2025-11-20,12,0.200066666666632,1.74185000000034,-123.318966666667,1.00021757861432,1.00042921736438,0.981028678516921,72,5.32909722222228,-13.8656999999998,1.00229706144645,0.99775637157652,72
2025-11-20,18,-0.478160185185179,-0.449399999999969,-45.8014666666668,1.00022008368386,0.99992323417179,0.995247636638241,108,12.4928083333334,-14.8999999999996,1.00436902906996,0.996672889363583,36
2025-11-21,6,52.3655833333333,41.3393000000001,1.30356666666671,1.02084306757419,1.01587134617176,1.00080768055236,36,-2.93941666666667,4.63850000000002,1.00070792468355,1.0017936528118,108
2025-11-21,12,34.7496305555556,45.7464500000001,-27.1816166666667,1.01330112640054,1.01587134617176,0.992812950451791,72,-12.9759638888889,-18.5599999999997,0.998182294411881,0.993264302042642,72
2025-11-21,18,17.8713175925926,34.63645,74.6356666666666,1.00793920967814,1.01050982965091,1.02812593510939,108,-10.0666194444445,-20.90175,0.999149212590423,0.992481861225092,36
2025-11-22,6,18.6142638888889,27.2072000000001,34.2471166666666,1.00742131209865,1.01011486581499,1.01286226668637,36,-1.59734814814819,-9.65775000000008,1.00190491303107,0.997109884419859,108
2025-11-22,12,17.3962277777778,39.5781999999997,124.2509,1.00775810704175,1.01422676941104,1.03508359633539,72,-10.4851180555556,-17.3566499999999,0.998809918554186,0.994196832992837,72
2025-11-22,18,2.41991481481479,-0.0180500000001302,-3.04908333333348,1.00326886360409,1.00025082476245,0.999538722114631,108,6.56247499999997,3.68584999999985,1.00332946037958,1.00159838593732,36
2025-11-23,6,24.6512722222222,39.1685,-16.2284166666667,1.0083064583186,1.01155094846047,0.998194047840297,36,-40.3047592592593,-50.2456000000004,0.993402594078328,0.989132683592554,108
2025-11-23,12,-11.9225430555555,-0.388450000000148,-94.4139333333334,1.00056099071543,0.999967278357065,0.986221842121341,72,-36.2089597222222,-52.6213500000001,0.99369612956136,0.98808020019399,72
2025-11-23,18,-30.4580324074074,-24.3193500000002,-20.3285000000001,0.996729313818913,0.995495084730075,0.995148120335247,108,-4.88890833333332,-16.3858999999998,0.998326299096848,0.994962625284658,36
2025-11-24,6,23.7819388888889,4.32639999999992,47.7758166666667,1.00743715027526,1.00123369627479,1.01040368550012,36,31.2936407407408,34.7193000000002,1.0081731255752,1.00641632874832,108
2025-11-24,12,24.0552930555556,17.06215,-39.8560333333333,1.00610314192497,1.00497733012634,0.99371213782376,72,34.7761375,28.0108000000005,1.00987512157545,1.00483038165055,72
2025-11-24,18,13.5619990740741,4.8592500000002,-51.5540666666667,1.00365495299643,1.00123369627479,0.990008540778851,108,76.9768638888889,80.3423500000001,1.02099166801156,1.02408372970811,36
2025-11-25,6,16.4425111111111,0.259999999999991,-47.9254333333335,1.00572806766527,1.00007629328571,0.991004015034908,36,-11.1082972222223,-4.85370000000012,0.999687740993463,0.999099632357352,108
2025-11-25,12,-11.0879847222223,-26.9256499999999,105.07715,1.00006481899314,0.995554964450407,1.01715687050499,72,2.64679444444441,10.5334500000001,1.00233082632969,1.00252398923211,72
2025-11-25,18,-13.7729370370371,-16.4101999999998,-12.7021833333333,0.999131689057898,0.997008758525784,0.997966091072083,108,24.4364305555556,11.0649999999998,1.00739622347196,1.00299069552618,36
2025-11-26,6,-67.3603055555555,-106.4139,9.56970000000001,0.982368149814699,0.970109956649538,1.00594810171793,36,-4.9501546296297,-15.5767000000001,0.997925900582047,0.99745398533649,108
2025-11-26,12,-18.3976611111111,-41.8200000000002,-39.7878833333334,0.993667849944467,0.991710180099148,0.994282987264017,72,-22.7077236111112,-20.6251999999999,0.994405075835954,0.99582277405068,72
2025-11-26,18,-11.0878268518519,-15.61805,-146.1354,0.995918566748006,0.99745398533649,0.973508225077618,108,-48.947288888889,-30.8934500000003,0.988390151316822,0.991871583932309,36
2025-11-27,6,-18.5116722222223,-14.3654999999999,64.9268333333332,0.994894669276429,0.996055791967465,1.01537349826063,36,-29.8469750000001,-34.3215,0.994579487105961,0.994639725184121,108
2025-11-27,12,-12.9565916666667,-22.93815,53.5228833333332,0.997336898352286,0.9963524872768,1.00856226814675,72,-41.0697069444445,-54.2142000000001,0.991979666944869,0.989630473835903,72
2025-11-27,18,-24.1234962962964,-28.9450000000002,-56.90855,0.995806591481052,0.995200167559224,0.990616331914403,108,-35.6821083333334,-54.2142000000001,0.991213356151155,0.98592642033235,36
2025-11-28,6,-35.4841972222222,-33.7980499999999,-48.5119666666665,0.989576990667043,0.987060276136482,0.982647873044982,36,25.1527425925926,-3.46659999999974,1.00841799558272,0.999047998732842,108
2025-11-28,12,-5.03413611111113,-11.7232999999999,35.4231666666666,0.999257934685232,0.996004506944838,1.0103711467705,72,25.0211513888889,-20.7442999999998,1.00815755402237,0.991615232769778,72
2025-11-28,18,11.0348101851852,-10.0429999999999,-27.2836666666666,1.00391189106997,0.996634144850824,0.990659601750756,108,6.86960000000004,-31.0661,1.00309530420529,0.987298860251574,36
2025-11-29,6,-56.7994666666667,-57.0874000000001,-78.8517166666666,0.980084378794541,0.978056943283914,0.972746409926729,36,-2.9396361111111,-3.91224999999986,1.00041098235195,0.998836816207272,108
2025-11-29,12,-28.0001888888889,-25.3598999999997,-122.409183333333,0.990823581568553,0.992183334143098,0.967697526535297,72,-4.8089986111111,-4.4827499999999,0.999835081356649,0.998530078291639,72
2025-11-29,18,-24.9382583333333,-9.88764999999989,-34.1893833333334,0.991920458973961,0.99683834247988,0.987842363815802,108,9.19640000000001,0.664800000000241,1.00555594892852,1.00032633284882,36
2025-11-30,6,-19.8662666666667,-22.12725,5.55281666666663,0.995767675935898,0.99425499315493,1.00317572201467,36,19.1855462962963,40.8373500000002,1.0042565814086,1.00702792199536,108
2025-11-30,12,0.027120833333293,-1.28600000000029,28.3924333333334,0.999629673662204,0.999627911740077,1.00432278655448,72,18.8180652777778,28.7750000000001,1.00463903641864,1.00496874314362,72
2025-11-30,18,7.57481111111108,-2.20830000000046,-92.23485,1.00093281627197,0.999475387576751,0.983578009832033,108,14.9659388888889,49.9446499999997,1.00573897134578,1.01341919365117,36
2025-12-01,6,401.335211111111,397.0777,620.849033333333,1.11064626923138,1.11133252895751,1.16122953458004,36,272.649586111111,269.3059,1.04701864018888,1.04892130598601,108
2025-12-01,12,499.079543055556,503.3939,513.57395,1.10632637040256,1.1039602313601,1.08174271561633,72,110.562441666667,97.4022,1.01952472449645,1.01915932363607,72
2025-12-01,18,404.906571296296,434.8641,64.4483500000001,1.0830079280929,1.08221100275767,1.01575249323857,108,4.56425555555553,15.9749999999999,1.00267840551932,1.00411058418421,36
2025-12-02,6,380.081322222222,341.8776,677.248933333334,1.10410597790142,1.09561307995457,1.17744049844039,36,302.096858333333,271.105,1.05370537480642,1.05233018939725,108
2025-12-02,12,478.013433333333,454.97775,326.744033333334,1.10171271991168,1.09807441537963,1.05097218825854,72,165.172515277778,151.60655,1.03089833124866,1.03160186193221,72
2025-12-02,18,401.353455555556,376.6717,75.1632666666668,1.08146007675783,1.0826028153187,1.01334910108959,108,82.3115305555556,81.5863999999999,1.02084187204721,1.02027727408296,36
2025-12-03,6,398.144763888889,378.96785,446.098233333333,1.1119582090717,1.11108516174305,1.11469947976212,36,252.645878703704,224.21725,1.04548458658197,1.0419971385946,108
2025-12-03,12,438.614690277778,426.84,467.7338,1.09716337843876,1.0899081569807,1.07427814941812,72,139.426509722222,129.98,1.02704260597003,1.0287765265167,72
2025-12-03,18,365.300092592592,376.90065,88.6805166666665,1.07698445286384,1.07502345386728,1.01825471275236,108,60.1821222222223,59.8703500000001,1.01745861022609,1.01391636332619,36
2025-12-04,6,415.286525,425.97525,507.92035,1.11517680107471,1.12145198453412,1.12990910733187,36,313.688341666667,272.9408,1.05660196069786,1.050655825929,108
2025-12-04,12,502.038895833333,515.68925,565.949883333333,1.10812511433858,1.10833714825641,1.08993534364036,72,176.136879166667,165.385,1.03436622724556,1.03344362263473,72
2025-12-04,18,424.319753703704,392.60715,184.1693,1.08703839448159,1.08463382825428,1.03383953082094,108,83.3922888888889,73.7956499999998,1.0238674997235,1.0224094786055,36
2025-12-05,6,322.190222222222,323.8578,463.797683333333,1.1224378670739,1.12223962265663,1.17386752309162,36,260.883803703704,257.80715,1.08098672548415,1.08385837704168,108
2025-12-05,12,424.301176388889,431.97405,418.82745,1.13893184597352,1.13754187037133,1.11587795466996,72,128.119640277778,127.77405,1.04376717578965,1.04446759719431,72
2025-12-05,18,347.041769444445,365.157,168.847816666667,1.11179278502567,1.12038153989601,1.06226949641766,108,63.716325,53.85275,1.03001968844935,1.01983994199519,36
2025-12-06,6,408.910558333333,408.28895,479.9813,1.15797281458539,1.1625620930973,1.17896030980538,36,270.064328703704,282.56445,1.08129206957484,1.08102513220916,108
2025-12-06,12,461.9276875,444.315,622.169283333333,1.15420542034555,1.15437781784386,1.17325912923362,72,147.624084722222,122.61435,1.04671909130941,1.0419442306142,72
2025-12-06,18,387.888772222222,401.8345,63.0523666666667,1.12655983186419,1.13313495316415,1.02598184111684,108,55.4372277777778,50.2772,1.02216952771734,1.02258560549093,36
2025-12-07,6,382.330888888889,369.21,505.86485,1.1057219383012,1.10587266052247,1.12513619900462,36,264.702397222222,257.775,1.04727613896656,1.04770320680321,108
2025-12-07,12,447.5788125,444.29615,461.323583333333,1.09670832660543,1.09625685186193,1.07281177698786,72,140.640227777778,145.29045,1.027066850995,1.03103013332231,72
2025-12-07,18,367.668271296296,361.6043,100.7954,1.07595247894094,1.07141623204249,1.01752201657396,108,73.4332666666667,83.3772500000002,1.01969291837805,1.0213750784305,36
2025-12-08,6,-34.5221583333333,-53.5215499999999,-7.75398333333328,0.992039854404284,0.986547405731398,1.00062610229188,36,-37.4391527777778,-42.2448499999996,0.993253924760183,0.992842157125676,108
2025-12-08,12,-52.6003930555555,-64.0369000000001,-32.8801333333336,0.99048787400781,0.987813568806725,0.995307915069524,72,-20.8194152777778,-24.3989499999998,0.995412940334607,0.994736771256268,72
2025-12-08,18,-39.7102,-51.2504000000004,-3.60935000000003,0.992902243989643,0.992091332954443,0.997343507892403,108,-27.7090166666667,-24.1727999999998,0.993094896715906,0.994285034510957,36
2025-12-09,6,-33.9463083333333,-40.8544999999999,-81.9856500000001,0.993280736648866,0.991243674841626,0.984387025189649,36,-27.9035925925926,-30.3549999999996,0.995199334325765,0.994670215447666,108
2025-12-09,12,-26.4425930555556,-13.8328499999998,-15.3458833333334,0.995248933734922,0.99662499794903,0.998253336447023,72,-32.38595,-41.4796999999999,0.994190436078158,0.992199430783538,72
2025-12-09,18,-31.036087037037,-24.1965499999997,110.517733333333,0.994930482736036,0.995214192090078,1.01941579742343,108,-24.5488249999999,-33.6933499999998,0.994087291418054,0.991475654947112,36
2025-12-10,6,-13.2372527777778,-29.0058999999999,23.3084333333332,0.996914784001567,0.993186203855915,1.00715220054048,36,-9.15239444444442,7.12819999999965,0.999558398695738,1.00156476137551,108
2025-12-10,12,-8.29191527777776,-18.7979999999998,-81.3106,0.998481096005609,0.995850576447304,0.987694332574984,72,-12.0553027777778,7.12819999999965,0.999313894038782,1.00165650767654,72
2025-12-10,18,-15.9269907407407,-22.2083499999999,-6.45185000000023,0.99733916524846,0.995694288174099,0.996494323364724,108,7.08653611111108,60.7046499999999,1.0035724843434,1.01710172912417,36
2025-12-11,6,-87.4040416666666,-19.34375,5.74661666666657,0.979956320609266,0.995137508308574,1.00139726681396,36,-56.8904296296296,-30.3878,0.990657974468088,0.993677402815601,108
2025-12-11,12,-97.2525916666666,-68.29,-101.905833333333,0.98168472777067,0.987992183729844,0.985913420154969,72,-31.7850736111111,-17.0151499999999,0.994280394236095,0.995448980579966,72
2025-12-11,18,-77.9288361111111,-47.4076500000001,-89.9552666666665,0.985647141889664,0.992267824507415,0.983436756730907,108,-24.2888222222223,-0.892650000000003,0.994988818344538,1.0000846704734,36
2025-12-12,6,1.19393333333332,-0.385750000000144,45.7167333333333,1.00196587221646,0.999851958049109,1.01478002094779,36,-11.8628333333333,14.2258000000002,0.997495678614837,1.00493278733529,108
2025-12-12,12,-11.0854277777778,-0.385750000000144,66.4805166666665,0.998159330865359,0.999851958049109,1.01640451676918,72,-6.11185555555554,14.2258000000002,0.999067123165125,1.00493278733529,72
2025-12-12,18,-9.28829444444445,4.08390000000009,-204.732,0.997792508937953,1.00114281732636,0.928362544442513,108,-6.52968333333332,28.01935,1.00107538124711,1.01155706299331,36
2025-12-13,6,-22.4216083333333,-21.6990000000001,95.6710333333334,0.99455734659071,0.992848546522876,1.02963813645005,36,-27.5629972222222,-33.4976000000004,0.993111329480768,0.991768889579963,108
2025-12-13,12,-21.4688680555555,-21.2065500000001,-107.004333333333,0.995613239688587,0.994090444709048,0.975605585475212,72,-31.0864319444444,-38.8925500000003,0.99133242782792,0.987798822712787,72
2025-12-13,18,-25.7152277777778,-29.0824500000001,-74.4849333333332,0.994292725224557,0.992543215070527,0.974745383317909,108,-27.9649166666666,-61.2217500000002,0.991013159359344,0.977681875364142,36
2025-12-14,6,-61.9991805555555,-33.5862500000001,-93.5179333333332,0.985142788077391,0.991760922931008,0.982952164835712,36,-9.60455462962965,-15.1842999999999,0.997720018395864,0.996853102723617,108
2025-12-14,12,-30.1211472222222,-12.1857,-112.4187,0.99280047352513,0.997539603240834,0.983775031630289,72,-15.285275,-19.7355499999999,0.996350948107362,0.996150424820135,72
2025-12-14,18,-18.6450962962963,-12.1857,15.2995833333333,0.995409938076392,0.998001235966058,1.00167969690541,108,-34.8775555555556,-26.3516500000003,0.99207302903581,0.993611852475741,36
2025-12-15,6,-26.7281583333334,-16.2342000000003,-108.39145,0.994522755255642,0.996047099040623,0.976031343860886,36,3.06891666666669,14.8578499999999,1.00144149217278,1.00246131870201,108
2025-12-15,12,-22.1385055555556,2.08894999999984,16.4366999999999,0.996499216694091,1.00030298434199,1.00210899064121,72,13.3778013888889,15.9045999999998,1.00292439919289,1.00269945953076,72
2025-12-15,18,-6.07507314814813,15.9045999999998,94.9157166666667,0.999116676377501,1.00246131870201,1.01422872382238,108,0.703811111111097,1.77160000000003,1.00149720264147,1.00043926187077,36
2025-12-16,6,-5.62130277777782,-18.4584,-1.02085000000003,0.998709197158571,0.995192348793139,0.998722499323555,36,-0.778326851851901,0.613849999999957,1.00043902130926,0.999979736669101,108
2025-12-16,12,14.4185986111111,8.60314999999991,250.127733333333,1.00195939359327,1.00146659580909,1.03750569100657,72,-18.3967402777778,-25.8670000000002,0.998053736949907,0.995916658040238,72
2025-12-16,18,-1.59431944444448,-8.38099999999986,0.0898166666664413,0.999630653947348,0.998428324998761,0.999280384632576,108,-3.17332500000008,-6.16454999999974,1.00113429924431,0.998578028781116,36
2025-12-17,6,16.6220555555556,22.0714,218.047383333334,1.00482794342103,1.00569002598147,1.05140244656427,36,-0.663455555555549,-22.6302000000001,0.999979007481342,0.996115631474232,108
2025-12-17,12,7.62469861111115,-20.4660000000003,-33.6439333333333,1.0028435849983,0.996442881817986,0.99530771320944,72,-0.308854166666663,-14.8892000000001,0.999538897934233,0.996652987991966,72
2025-12-17,18,8.44884814814817,-12.3397499999996,4.28695000000016,1.002506983786,0.998107562238264,1.00120465248593,108,-10.7148555555555,-46.5630499999997,0.997244014507044,0.988771053724271,36
2025-12-18,6,56.3046638888889,45.1955,44.8123333333333,1.01541987261027,1.01163106054555,1.01281562270119,36,10.5406842592593,-6.00499999999988,1.00211294720277,0.998804108441619,108
2025-12-18,12,48.2131513888889,36.9353999999996,40.5153333333334,1.01124509021879,1.00563955649487,1.00604382910379,72,-4.24979305555552,-6.00499999999988,0.999634266890495,0.998804108441619,72
2025-12-18,18,31.3861185185185,15.2367500000003,-32.3724500000001,1.00737807064297,1.00278937351747,0.993182917987219,108,-6.23163888888886,-6.54915000000005,0.999624502289657,0.998366624732449,36
2025-12-19,6,-16.1107388888889,8.95679999999993,-37.0402666666666,0.99630766663227,1.00293672655549,0.988471017849632,36,1.57145462962965,22.2445499999999,1.0040973246968,1.00641773674104,108
2025-12-19,12,-18.1626680555555,-16.72885,-74.268333333333,0.996700057985558,0.995185001420348,0.981836149597482,72,12.4644805555556,48.3684500000002,1.00759976237577,1.01552957417552,72
2025-12-19,18,-13.2973712962963,-5.60089999999991,96.4612333333334,0.998458643530671,0.998335606953445,1.03850016818106,108,28.4957388888889,83.1742499999998,1.01322371013065,1.03173886754448,36
2025-12-20,6,-17.6742222222222,19.7937500000003,-70.2283500000001,0.99476424872582,1.00654851119637,0.982891075970423,36,-3.64400555555559,-18.6138999999998,1.00209950534653,0.995375896631211,108
2025-12-20,12,-25.2076263888889,-22.2781,11.1214499999999,0.993728058110035,0.993195008798423,1.00326834821389,72,10.9045069444444,1.91344999999978,1.00680332427267,1.00048826560254,72
2025-12-20,18,-14.8497648148148,-18.6138999999998,120.403783333333,0.997099174158929,0.995222529705095,1.04647416587091,108,15.9430555555555,34.8541499999999,1.00976524228863,1.01445905206142,36
2025-12-21,6,18.8642138888888,40.6484499999999,109.129266666667,1.00503239352152,1.01100044328172,1.0237377790678,36,-14.4072314814815,-21.5280000000002,0.997399971082812,0.995038033497085,108
2025-12-21,12,25.3525666666667,37.8541,87.1082500000001,1.00494652637964,1.0068586876613,1.01307303253282,72,-37.5313069444444,-39.4994499999998,0.99366962700534,0.992813418911548,72
2025-12-21,18,-3.99493055555557,24.3087500000001,-70.7278999999999,1.00009108659731,1.0048717330569,0.987962859637726,108,-12.3726888888888,-26.3328999999999,0.996959046978032,0.993754701110459,36
2025-12-22,6,59.0587333333333,69.1565499999997,86.9840666666666,1.01590485192044,1.01699880292954,1.01978327121981,36,3.27088518518516,21.5140500000002,1.00175241554629,1.00372737565862,108
2025-12-22,12,23.2972333333333,45.0441500000002,-81.9343999999999,1.00701794130333,1.00743881933163,0.98865923209615,72,11.1384611111111,14.9191999999998,1.00356310797633,1.00294310032709,72
2025-12-22,18,8.903037037037,20.9700000000003,3.13713333333317,1.00385047933924,1.00359070660805,1.00409597959555,108,42.1622777777778,62.3563499999996,1.00961066054161,1.01460539940657,36
2025-12-23,6,-32.3846305555555,-26.2449999999999,-171.753283333333,0.992574584539288,0.993742478866091,0.960531775819057,36,-27.5545018518519,-22.7666999999997,0.995319715544038,0.995781148646819,108
2025-12-23,12,-64.6419180555556,-46.8962500000002,-222.954816666667,0.988822967083224,0.991196374371868,0.968286615416908,72,7.11785000000002,15.0270999999998,1.00044389850248,1.00275610608601,72
2025-12-23,18,-30.345775,-21.1573999999996,-26.9989499999997,0.994597023998339,0.996288915329787,0.995711882141781,108,-24.0108111111111,-30.75,0.994742659176384,0.99193833597561,36
2025-12-24,6,-43.344588888889,-68.1633000000002,-225.662566666667,0.990475673262632,0.98280929301745,0.951771463685179,36,-14.0064351851852,-6.48984999999993,0.998488311472255,0.99880464923296,108
2025-12-24,12,-38.3537444444445,-60.3499999999999,20.9062499999998,0.992710667853125,0.991501854909931,1.00358896984917,72,-4.32820277777775,7.62710000000015,1.00025963598657,1.00119072695278,72
2025-12-24,18,-31.4096574074074,-24.1468500000003,47.2546500000002,0.994416533712214,0.995524185597574,1.00993385417885,108,8.86507777777775,28.7356500000001,1.00269100654275,1.00673186907902,36
2025-12-25,6,-34.3116111111111,-9.77999999999997,-94.7218,0.993478691334146,0.997394664249176,0.978531291116483,36,-17.7573166666667,-14.27925,0.997805699093707,0.997063412177696,108
2025-12-25,12,-32.3811305555556,-9.77999999999997,-67.2453166666666,0.995203496719425,0.997745421338283,0.990533917571038,72,-11.4106500000001,-14.27925,0.998244397588209,0.996838555918206,72
2025-12-25,18,-30.5790398148149,-20.0400000000002,62.0405166666668,0.995680797098052,0.996033272272414,1.01370315226691,108,4.1535583333333,6.14215000000013,0.999853397321111,1.00142184346417,36
2025-12-26,6,13.3777638888889,15.0437000000002,-37.1272833333334,1.00689674419487,1.00472993726954,0.99154446877622,36,-22.4046870370371,-47.5583499999998,0.992725188636108,0.986348350515852,108
2025-12-26,12,12.5945347222222,22.5214000000001,45.4905166666664,1.00593527016386,1.00594376492745,1.01527706671052,72,-39.5126833333334,-53.4953500000001,0.98660088488774,0.984276325306225,72
2025-12-26,18,5.01720462962961,-4.82359999999994,-76.5757666666666,1.0028060668421,0.998477298683499,0.97256466508679,108,-68.8879111111111,-83.4652999999998,0.976654109576898,0.970485374999204,36
2025-12-27,6,-44.2370777777778,-83.6314,-49.0506500000001,0.986218778899093,0.974084813816816,0.985698499070824,36,0.338126851851884,-14.1050499999997,0.999687575160792,0.996243535192511,108
2025-12-27,12,-34.1866486111111,-70.7909999999997,-166.5392,0.989955666802699,0.978581305923427,0.959697501646703,72,12.5753,14.8815500000001,1.00268508538803,1.00403454540546,72
2025-12-27,18,1.10432685185187,-24.18525,91.7486166666667,1.00070843919571,0.993669454698058,1.03449953101613,108,-46.5356777777778,-64.4947999999997,0.983156186794339,0.976616355839759,36
2025-12-28,6,15.0545333333333,21.9552500000002,-230.6231,1.00696841095062,1.00537497820019,0.949303195307887,36,-53.0832453703703,-71.1688999999997,0.991100820690257,0.988474849957453,108
2025-12-28,12,-37.2500222222222,-29.8724500000001,22.2135000000001,0.997221557286292,0.99496310193526,1.0037812898932,72,-34.8475791666666,-61.2860000000001,0.992913879224407,0.98991522073089,72
2025-12-28,18,-32.6613796296296,-29.8724500000001,95.4534499999998,0.997312652680103,0.994930652770925,1.01909341689856,108,-46.2110638888889,-93.1731500000001,0.988332914981088,0.978445907599315,36
2025-12-29,6,-59.8187777777777,-65.8505499999997,-164.570366666666,0.986463812248505,0.983466303441369,0.967320816182915,36,-37.9019314814815,-47.5784999999998,0.994730505760752,0.990390199585752,108
2025-12-29,12,-59.0205208333333,-75.8412999999996,-174.179783333333,0.989126588338327,0.985875876237885,0.974037791568772,72,-27.7417652777778,-34.3766500000002,0.996201076427054,0.992699400991915,72
2025-12-29,18,-54.694699074074,-70.2805499999995,-124.29015,0.990490276290511,0.986548369631932,0.97979761229851,108,-9.440475,-28.116,0.999184500659229,0.993322038664618,36
2025-12-30,6,3.88324166666665,-4.22810000000004,175.947633333333,1.00244474037169,0.998889299807911,1.04520239243588,36,-25.191387037037,-31.6494499999999,0.996181203973428,0.994941607107571,108
2025-12-30,12,4.85528611111111,4.74499999999989,85.0729,1.00189305312227,1.00067643245292,1.01226901764618,72,-40.7007458333333,-43.2032499999996,0.993601123023719,0.991744845948376,72
2025-12-30,18,-23.0060759259259,-32.1665000000003,-119.634083333333,0.997238357232268,0.994886087861418,0.980696021710406,108,-2.67269166666666,-8.85429999999974,0.99927328059517,0.997770247633958,36
2025-12-31,6,-5.74190555555553,-6.68544999999995,6.22571666666674,0.999953903378827,0.998543284362344,1.0014830298237,36,-7.12304259259261,11.7495999999996,1.00010880297836,1.00179185855557,108
2025-12-31,12,-13.7150111111111,-16.5657999999999,-72.3340666666668,0.997953227705815,0.996957612325099,0.989908092131985,72,0.15949444444442,17.3572999999997,1.00218692845115,1.00336114696496,72
2025-12-31,18,-21.1610740740741,-9.87705000000005,12.1058666666666,0.99687229311034,0.998495666530173,1.0018462267511,108,36.3721888888889,46.4472500000002,1.0096634329829,1.01073642253047,36
