date,slot_id,physical_interval_start,physical_interval_end,selected_branch,load_kw,pv_actual_kw,actual_net_kw,q50_kw,q80_kw,q50_error_kw,q80_exceed,price_yuan_per_kwh,grid_plan_kwh,grid_used_kwh,grid_unused_kwh,charge_bus_kwh,discharge_bus_kwh,emergency_kwh,pv_curtailment_kwh,soc_start_kwh,soc_end_kwh,plan_cost_yuan,emergency_cost_yuan,total_cost_yuan
2025-03-20,1,2025-03-20 00:00:00,2025-03-20 00:10:00,LIGHTGBM,3299.0689,0.0,3299.0689,3532.715975888293,3669.7230775169055,-233.64707588829287,False,0.4248,874.8340748519299,874.8340748519299,-0.0,324.9892581852632,0.0,0.0,0.0,9063.1077942608,9355.598126627536,371.6295149970998,0.0,371.6295149970998
2025-03-20,2,2025-03-20 00:10:00,2025-03-20 00:20:00,LIGHTGBM,3421.881,0.0,3421.881,3519.1725439707125,3639.0830917894464,-97.29154397071261,False,0.4245,1439.8471819649078,1403.6468333333332,36.20034863157457,833.3333333333334,0.0,0.0,0.0,9355.598126627536,10105.598126627536,611.2151287441034,0.0,611.2151287441034
2025-03-20,3,2025-03-20 00:20:00,2025-03-20 00:30:00,LIGHTGBM,3683.11,0.0,3683.11,3458.988913397967,3593.25214820054,224.1210866020333,True,0.4269,598.8753580334234,598.8753580334234,-0.0,0.0,14.97630863324332,0.0,0.0,10105.598126627536,10088.95778370171,255.65989034446844,0.0,255.65989034446844
2025-03-20,4,2025-03-20 00:30:00,2025-03-20 00:40:00,LIGHTGBM,3476.737,0.0,3476.737,3506.723972040104,3634.725705022756,-29.986972040103865,False,0.4272,605.7876175037927,605.7876175037927,-0.0,26.331450837126,0.0,0.0,0.0,10088.95778370171,10112.656089455122,258.7924701976203,0.0,258.7924701976203
2025-03-20,5,2025-03-20 00:40:00,2025-03-20 00:50:00,LIGHTGBM,3302.6695,0.0,3302.6695,3469.724672040104,3608.80614820054,-167.05517204010403,False,0.4271,601.4676913667566,601.4676913667566,-0.0,51.02277470008994,0.0,0.0,0.0,10112.656089455122,10158.576586685203,256.88685098274175,0.0,256.88685098274175
2025-03-20,6,2025-03-20 00:50:00,2025-03-20 01:00:00,LIGHTGBM,3426.94,0.0,3426.94,3361.1562584931885,3534.699656631783,65.78374150681157,False,0.4285,589.1166094386305,589.1166094386305,-0.0,17.959942771963824,0.0,0.0,0.0,10158.576586685203,10174.740535179972,252.4364671444532,0.0,252.4364671444532
2025-03-20,7,2025-03-20 01:00:00,2025-03-20 01:10:00,LIGHTGBM,3609.5343,0.0,3609.5343,3329.3091682954564,3500.800263955075,280.2251317045434,True,0.4311,583.4667106591792,583.4667106591792,-0.0,0.0,18.12233934082076,0.0,0.0,10174.740535179972,10154.60460257906,251.53249896517207,0.0,251.53249896517207
2025-03-20,8,2025-03-20 01:10:00,2025-03-20 01:20:00,LIGHTGBM,3668.9025,0.0,3668.9025,3316.0753371646038,3459.8634206736037,352.8271628353964,True,0.4302,576.6439034456006,576.6439034456006,-0.0,0.0,34.8398465543994,0.0,0.0,10154.60460257906,10115.89366196306,248.07220726229735,0.0,248.07220726229735
2025-03-20,9,2025-03-20 01:20:00,2025-03-20 01:30:00,LIGHTGBM,3589.3,0.0,3589.3,3262.02339073526,3405.6584748404784,327.2766092647403,True,0.4279,567.6097458067464,567.6097458067464,-0.0,0.0,30.60692085992025,0.0,0.0,10115.89366196306,10081.885972118704,242.8802102307068,0.0,242.8802102307068
2025-03-20,10,2025-03-20 01:30:00,2025-03-20 01:40:00,LIGHTGBM,3503.6157,0.0,3503.6157,3340.058884546414,3490.802223347196,163.55681545358584,True,0.4312,581.800370557866,581.800370557866,-0.0,0.0,2.135579442133917,0.0,0.0,10081.885972118704,10079.513106071889,250.87231978455185,0.0,250.87231978455185
2025-03-20,11,2025-03-20 01:40:00,2025-03-20 01:50:00,LIGHTGBM,3545.9703,0.0,3545.9703,3513.56083338962,3664.790200004303,32.40946661038015,False,0.4333,610.7983666673838,610.7983666673838,-0.0,19.8033166673838,0.0,0.0,0.0,10079.513106071889,10097.336091072531,264.6589322769774,0.0,264.6589322769774
2025-03-20,12,2025-03-20 01:50:00,2025-03-20 02:00:00,LIGHTGBM,3590.66,0.0,3590.66,3629.22264211964,3727.475948451175,-38.56264211964026,False,0.4311,621.2459914085291,621.2459914085291,-0.0,22.80265807519584,0.0,0.0,0.0,10097.336091072531,10117.85848334021,267.81914689621686,0.0,267.81914689621686
2025-03-20,13,2025-03-20 02:00:00,2025-03-20 02:10:00,LIGHTGBM,3395.9017,0.0,3395.9017,3485.579701326278,3624.763163317015,-89.67800132627826,False,0.4293,604.1271938861692,604.1271938861692,-0.0,38.1435772195025,0.0,0.0,0.0,10117.85848334021,10152.187702837762,259.3518043353324,0.0,259.3518043353324
2025-03-20,14,2025-03-20 02:10:00,2025-03-20 02:20:00,LIGHTGBM,3276.7246,0.0,3276.7246,3388.607923484788,3565.128770986109,-111.88332348478798,False,0.4324,594.1881284976848,594.1881284976848,-0.0,48.06736183101816,0.0,0.0,0.0,10152.187702837762,10195.448328485678,256.9269467623989,0.0,256.9269467623989
2025-03-20,15,2025-03-20 02:20:00,2025-03-20 02:30:00,LIGHTGBM,3394.28,0.0,3394.28,3487.2885158297345,3618.87558909356,-93.00851582973428,False,0.4367,603.1459315155932,603.1459315155932,-0.0,37.43259818225988,0.0,0.0,0.0,10195.448328485678,10229.137666849712,263.39382829285955,0.0,263.39382829285955
2025-03-20,16,2025-03-20 02:30:00,2025-03-20 02:40:00,LIGHTGBM,3587.5594,0.0,3587.5594,3525.81833338962,3656.169532827797,61.74106661038013,False,0.4348,609.3615888046328,609.3615888046328,-0.0,11.435022137966143,0.0,0.0,0.0,10229.137666849712,10239.42918677388,264.9504188122543,0.0,264.9504188122543
2025-03-20,17,2025-03-20 02:40:00,2025-03-20 02:50:00,LIGHTGBM,3605.7268,0.0,3605.7268,3635.98579309818,3734.597148451175,-30.25899309817987,False,0.4335,622.4328580751958,622.4328580751958,-0.0,21.47839140852909,0.0,0.0,0.0,10239.42918677388,10258.759739041558,269.8246439755974,0.0,269.8246439755974
2025-03-20,18,2025-03-20 02:50:00,2025-03-20 03:00:00,LIGHTGBM,3522.79,0.0,3522.79,3705.297225916703,3784.5132595661994,-182.5072259167032,False,0.4357,630.7522099276997,630.7522099276997,-0.0,43.62054326103305,0.0,0.0,0.0,10258.759739041558,10298.018227976489,274.81873786549875,0.0,274.81873786549875
2025-03-20,19,2025-03-20 03:00:00,2025-03-20 03:10:00,LIGHTGBM,3631.2618,0.0,3631.2618,3540.3061436077555,3665.5130036523774,90.95565639224469,False,0.4374,610.9188339420631,610.9188339420631,-0.0,5.7085339420630135,0.0,0.0,0.0,10298.018227976489,10303.155908524344,267.2158979662584,0.0,267.2158979662584
2025-03-20,20,2025-03-20 03:10:00,2025-03-20 03:20:00,LIGHTGBM,3731.3543,0.0,3731.3543,3418.822492643633,3584.2653702591583,312.53180735636715,True,0.4371,597.3775617098597,597.3775617098597,-0.0,0.0,24.51482162347361,0.0,0.0,10303.155908524344,10275.917217831597,261.11373222337966,0.0,261.11373222337966
2025-03-20,21,2025-03-20 03:20:00,2025-03-20 03:30:00,LIGHTGBM,3721.01,0.0,3721.01,3483.7186260478697,3634.321000004303,237.29137395213047,True,0.4356,605.7201666673838,605.7201666673838,-0.0,0.0,14.448166665949657,0.0,0.0,10275.917217831597,10259.863699313875,263.8517046003124,0.0,263.8517046003124
2025-03-20,22,2025-03-20 03:30:00,2025-03-20 03:40:00,LIGHTGBM,3699.7385,0.0,3699.7385,3575.674858124607,3696.6538275143375,124.06364187539293,True,0.4353,616.1089712523896,616.1089712523896,-0.0,0.0,0.5141120809437325,0.0,0.0,10259.863699313875,10259.292463668382,268.1922351861652,0.0,268.1922351861652
2025-03-20,23,2025-03-20 03:40:00,2025-03-20 03:50:00,LIGHTGBM,3674.7825,0.0,3674.7825,3527.5371158297344,3649.267632500367,147.24538417026542,True,0.436,608.2112720833945,608.2112720833945,-0.0,0.0,4.252477916605471,0.0,0.0,10259.292463668382,10254.567488205486,265.18011462836,0.0,265.18011462836
2025-03-20,24,2025-03-20 03:50:00,2025-03-20 04:00:00,LIGHTGBM,3623.58,0.0,3623.58,3422.8401999853827,3576.900937156024,200.73980001461723,True,0.4378,596.1501561926707,596.1501561926707,-0.0,0.0,7.779843807329257,0.0,0.0,10254.567488205486,10245.923217308457,260.99453838115124,0.0,260.99453838115124
2025-03-20,25,2025-03-20 04:00:00,2025-03-20 04:10:00,LIGHTGBM,3538.7697,0.0019,3538.7677999999996,3534.31556099363,3664.279033083493,4.452239006369837,False,0.4401,610.7131721805821,610.7131721805821,-0.0,20.918538847248783,0.0,0.0,0.0,10245.923217308457,10264.749902270978,268.7748670766742,0.0,268.7748670766742
2025-03-20,26,2025-03-20 04:10:00,2025-03-20 04:20:00,LIGHTGBM,3488.7843,0.0,3488.7843,3606.4560358001527,3732.144652766924,-117.67173580015287,False,0.4389,622.0241087944873,622.0241087944873,-0.0,40.56005879448742,0.0,0.0,0.0,10264.749902270978,10301.253955186015,273.0063813499005,0.0,273.0063813499005
2025-03-20,27,2025-03-20 04:20:00,2025-03-20 04:30:00,LIGHTGBM,3513.51,0.0,3513.51,3537.79163338962,3669.4689490614905,-24.281633389619856,False,0.4364,611.578158176915,611.578158176915,-0.0,25.993158176915017,0.0,0.0,0.0,10301.253955186015,10324.64779754524,266.8927082284057,0.0,266.8927082284057
2025-03-20,28,2025-03-20 04:30:00,2025-03-20 04:40:00,LIGHTGBM,3598.3779,0.0271,3598.3508,3587.344770122522,3734.883119255923,11.00602987747834,False,0.4393,622.4805198759872,622.4805198759872,-0.0,22.75538654265381,0.0,0.0,0.0,10324.64779754524,10345.127645433628,273.4556923815212,0.0,273.4556923815212
2025-03-20,29,2025-03-20 04:40:00,2025-03-20 04:50:00,LIGHTGBM,3700.4359,0.0,3700.4359,3685.66647735482,3774.427958453489,14.76942264517993,False,0.4422,629.0713264089148,629.0713264089148,-0.0,12.332009742248148,0.0,0.0,0.0,10345.127645433628,10356.226454201653,278.1753405380221,0.0,278.1753405380221
2025-03-20,30,2025-03-20 04:50:00,2025-03-20 05:00:00,LIGHTGBM,3753.57,0.0,3753.57,3655.41003568053,3767.2807294561057,98.15996431946996,False,0.4395,627.8801215760176,627.8801215760176,-0.0,2.285121576017559,0.0,0.0,0.0,10356.226454201653,10358.283063620069,275.95331343265974,0.0,275.95331343265974
2025-03-20,31,2025-03-20 05:00:00,2025-03-20 05:10:00,LIGHTGBM,3716.9811,0.3776,3716.6035,3586.008199202856,3725.528868125908,130.59530079714432,False,0.4333,620.9214780209846,620.9214780209846,-0.0,1.487561354318018,0.0,0.0,0.0,10358.283063620069,10359.621868838953,269.04527642649265,0.0,269.04527642649265
2025-03-20,32,2025-03-20 05:10:00,2025-03-20 05:20:00,LIGHTGBM,3707.0664,0.0,3707.0664,3566.9956415209044,3701.140868125908,140.07075847909573,True,0.4439,616.856811354318,616.856811354318,-0.0,0.0,0.9875886456820808,0.0,0.0,10359.621868838953,10358.524548121528,273.8227385601818,0.0,273.8227385601818
2025-03-20,33,2025-03-20 05:20:00,2025-03-20 05:30:00,LIGHTGBM,3642.69,0.0,3642.69,3570.366158567092,3702.4534183410815,72.32384143290801,False,0.4301,617.0755697235136,617.0755697235136,-0.0,9.960569723513572,0.0,0.0,0.0,10358.524548121528,10367.489060872693,265.40420253808315,0.0,265.40420253808315
2025-03-20,34,2025-03-20 05:30:00,2025-03-20 05:40:00,LIGHTGBM,3457.8398,5.2594,3452.5804000000003,3549.2796809837832,3686.194210421231,-96.69928098378296,False,0.3713,1447.6990350702051,1055.9977768081212,391.7012582620839,480.5677101414545,0.0,0.0,0.0,10367.489060872693,10800.0,537.5306517215672,0.0,537.5306517215672
2025-03-20,35,2025-03-20 05:40:00,2025-03-20 05:50:00,LIGHTGBM,4028.7787,0.0,4028.7787,4149.165304221709,4292.017281552252,-120.3866042217096,False,0.5708,715.336213592042,671.4631166666667,43.87309692537531,0.0,0.0,0.0,0.0,10800.0,10800.0,408.3139107183375,0.0,408.3139107183375
2025-03-20,36,2025-03-20 05:50:00,2025-03-20 06:00:00,LIGHTGBM,4962.09,0.0,4962.09,4945.49017563778,5089.395620478993,16.599824362219806,False,0.9099,14.89927007983215,14.89927007983215,-0.0,0.0,812.1157299201678,0.0,0.0,10800.0,9897.649188977592,13.556845845639272,0.0,13.556845845639272
2025-03-20,37,2025-03-20 06:00:00,2025-03-20 06:10:00,LIGHTGBM,4905.1198,153.4202,4751.699600000001,4753.994324412453,4896.350620478993,-2.294724412452524,False,0.9368,0.0,0.0,0.0,0.0,791.9499333333334,0.0,-0.0,9897.649188977592,9017.70481860722,0.0,0.0,0.0
2025-03-20,38,2025-03-20 06:10:00,2025-03-20 06:20:00,LIGHTGBM,4660.8239,401.044,4259.7799,4404.4386244124535,4552.176057797941,-144.658724412453,False,0.8758,0.0,0.0,0.0,0.0,709.9633166666667,0.0,-0.0,9017.70481860722,8228.85668897759,0.0,0.0,0.0
2025-03-20,39,2025-03-20 06:20:00,2025-03-20 06:30:00,LIGHTGBM,4703.75,675.525,4028.225,4246.004324412453,4396.812518974437,-217.77932441245275,False,0.8759,0.0,0.0,0.0,0.0,671.3708333333334,0.0,-0.0,8228.85668897759,7482.889096384997,0.0,0.0,0.0
2025-03-20,40,2025-03-20 06:30:00,2025-03-20 06:40:00,LIGHTGBM,4726.9008,952.6316,3774.2692,3841.44281720115,3952.346329300641,-67.17361720114968,False,0.8601,0.0,0.0,0.0,0.0,629.0448666666667,0.0,-0.0,7482.889096384997,6783.950355644256,0.0,0.0,0.0
2025-03-20,41,2025-03-20 06:40:00,2025-03-20 06:50:00,LIGHTGBM,4819.4733,1302.5378,3516.9354999999996,3442.547672472298,3547.2370336337517,74.38782752770157,False,0.8442,591.2061722722918,591.2061722722918,-0.0,5.050255605625239,0.0,0.0,0.0,6783.950355644256,6788.495585689318,499.0962506322687,0.0,499.0962506322687
2025-03-20,42,2025-03-20 06:50:00,2025-03-20 07:00:00,LIGHTGBM,4880.33,1693.2375,3187.0924999999997,3158.026381414105,3303.126504674972,29.066118585894856,False,0.8334,550.5210841124954,550.5210841124954,-0.0,19.339000779162006,0.0,0.0,0.0,6788.495585689318,6805.900686390564,458.80427149935366,0.0,458.80427149935366
2025-03-20,43,2025-03-20 07:00:00,2025-03-20 07:10:00,LIGHTGBM,4689.3761,2009.9231,2679.4530000000004,2840.306540897348,2971.5362768618425,-160.85354089734756,False,0.8092,495.2560461436404,495.2560461436404,-0.0,48.6805461436403,0.0,0.0,0.0,6805.900686390564,6849.713177919841,400.7611925394338,0.0,400.7611925394338
2025-03-20,44,2025-03-20 07:10:00,2025-03-20 07:20:00,LIGHTGBM,4713.3646,2305.9149,2407.4496999999997,2708.943240897348,2837.713043738369,-301.49354089734834,False,0.7972,472.9521739563948,472.95217395639474,5.684341886080803e-14,71.71055728972817,0.0,0.0,0.0,6849.713177919841,6914.252679480596,377.0374730780379,0.0,377.0374730780379
2025-03-20,45,2025-03-20 07:20:00,2025-03-20 07:30:00,LIGHTGBM,4827.2,2609.7375,2217.4624999999996,2543.585840897347,2698.3870011824743,-326.1233408973476,False,0.7644,449.7311668637457,449.7311668637457,-0.0,80.15408353041244,0.0,0.0,0.0,6914.252679480596,6986.391354657968,343.7745039506472,0.0,343.7745039506472
2025-03-20,46,2025-03-20 07:30:00,2025-03-20 07:40:00,LIGHTGBM,4578.156,2894.0148,1684.1412,2012.333840897348,2203.3392211036444,-328.1926408973479,False,0.6899,1172.0328430563109,1114.0235333333333,58.009309722977605,833.3333333333334,0.0,0.0,0.0,6986.391354657968,7736.391354657968,808.5854584245488,0.0,808.5854584245488
2025-03-20,47,2025-03-20 07:40:00,2025-03-20 07:50:00,LIGHTGBM,5187.0368,3179.5684,2007.4683999999997,2469.682240897348,2681.903277653968,-462.2138408973483,False,0.86,0.0,0.0,0.0,0.0,334.5780666666666,0.0,-0.0,7736.391354657968,7364.63794725056,0.0,0.0,0.0
2025-03-20,48,2025-03-20 07:50:00,2025-03-20 08:00:00,LIGHTGBM,6405.59,3476.5125,2929.0775000000003,3487.9255193979425,3687.759996470769,-558.8480193979422,False,1.1617,0.0,0.0,0.0,0.0,488.1795833333334,0.0,-0.0,7364.63794725056,6822.216187991301,0.0,0.0,0.0
2025-03-20,49,2025-03-20 08:00:00,2025-03-20 08:10:00,LIGHTGBM,6658.0486,3761.2255,2896.8231,3158.438709525182,3267.856110842157,-261.61560952518175,False,1.1683,0.0,0.0,0.0,0.0,482.8038500000001,0.0,-0.0,6822.216187991301,6285.767465769079,0.0,0.0,0.0
2025-03-20,50,2025-03-20 08:10:00,2025-03-20 08:20:00,LIGHTGBM,6606.6001,3976.3717,2630.2283999999995,2517.2059459687302,2754.5965942156517,113.02245403126926,False,1.0956,0.0,0.0,0.0,0.0,438.3713999999999,0.0,-0.0,6285.767465769079,5798.6881324357455,0.0,0.0,0.0
2025-03-20,51,2025-03-20 08:20:00,2025-03-20 08:30:00,LIGHTGBM,6687.27,4220.325,2466.9450000000006,2657.607951168505,2806.849403167158,-190.6629511685046,False,1.0849,0.0,0.0,0.0,0.0,411.15750000000014,0.0,-0.0,5798.6881324357455,5341.846465769078,0.0,0.0,0.0
2025-03-20,52,2025-03-20 08:30:00,2025-03-20 08:40:00,LIGHTGBM,6649.776,4653.7429,1996.0330999999996,2632.877362239067,2655.0702584535265,-636.8442622390676,False,1.061,0.0,0.0,0.0,0.0,332.6721833333333,0.0,-0.0,5341.846465769078,4972.210706509819,0.0,0.0,0.0
2025-03-20,53,2025-03-20 08:40:00,2025-03-20 08:50:00,LIGHTGBM,6705.5335,5037.5027,1668.0307999999995,2465.576750134148,2514.4838058757755,-797.5459501341484,False,1.043,0.0,0.0,0.0,0.0,278.0051333333332,0.0,-0.0,4972.210706509819,4663.316113917226,0.0,0.0,0.0
2025-03-20,54,2025-03-20 08:50:00,2025-03-20 09:00:00,LIGHTGBM,6757.81,5180.8875,1576.9225000000006,2167.2656389263534,2306.641011681751,-590.3431389263528,False,1.036,0.0,0.0,0.0,0.0,262.8204166666668,0.0,-0.0,4663.316113917226,4371.29342873204,0.0,0.0,0.0
2025-03-20,55,2025-03-20 09:00:00,2025-03-20 09:10:00,LIGHTGBM,6494.2004,5166.4978,1327.7025999999996,1884.8775854474252,1960.5900680593425,-557.1749854474256,False,1.0147,0.0,0.0,0.0,0.0,221.28376666666657,0.0,-0.0,4371.29342873204,4125.422576880189,0.0,0.0,0.0
2025-03-20,56,2025-03-20 09:10:00,2025-03-20 09:20:00,LIGHTGBM,6436.4392,5533.329,903.1102000000001,1359.8585064342851,1572.09286582465,-456.74830643428504,False,0.9922,0.0,0.0,0.0,0.0,150.51836666666657,0.0,-0.0,4125.422576880189,3958.17994725056,0.0,0.0,0.0
2025-03-20,57,2025-03-20 09:20:00,2025-03-20 09:30:00,LIGHTGBM,6570.85,6107.7375,463.1125000000002,965.7364265299344,1243.467599967969,-502.62392652993424,False,0.97,0.0,0.0,0.0,0.0,77.18541666666658,0.0,-0.0,3958.17994725056,3872.4183731764856,0.0,0.0,0.0
2025-03-20,58,2025-03-20 09:30:00,2025-03-20 09:40:00,LIGHTGBM,6399.3635,6182.795,216.5685000000003,653.6878405896797,945.0158577484036,-437.1193405896794,False,0.9422,0.0,0.0,0.0,0.0,36.094749999999976,0.0,-0.0,3872.4183731764856,3832.313095398708,0.0,0.0,0.0
2025-03-20,59,2025-03-20 09:40:00,2025-03-20 09:50:00,LIGHTGBM,6445.9301,6198.386,247.54409999999916,473.82165430251786,1149.5154004557385,-226.2775543025187,False,0.9569,0.0,0.0,0.0,0.0,41.25734999999986,0.0,-0.0,3832.313095398708,3786.471595398708,0.0,0.0,0.0
2025-03-20,60,2025-03-20 09:50:00,2025-03-20 10:00:00,LIGHTGBM,6697.43,6426.1875,271.2425000000003,219.90404386911075,1001.4184736055358,51.33845613088954,False,0.9977,0.0,0.0,0.0,0.0,45.20708333333346,0.0,-0.0,3786.471595398708,3736.241502806115,0.0,0.0,0.0
2025-03-20,61,2025-03-20 10:00:00,2025-03-20 10:10:00,LIGHTGBM,6577.9956,6675.2481,-97.2524999999996,92.0514086311356,852.900113543863,-189.3039086311352,False,0.9919,0.0,0.0,0.0,16.20875000000001,0.0,0.0,-0.0,3736.241502806115,3750.829377806115,0.0,0.0,0.0
2025-03-20,62,2025-03-20 10:10:00,2025-03-20 10:20:00,LIGHTGBM,6445.2772,6774.004,-328.72679999999946,58.10913292059627,633.944700919473,-386.8359329205957,False,0.9588,0.0,0.0,0.0,54.78779999999984,0.0,0.0,-0.0,3750.829377806115,3800.138397806115,0.0,0.0,0.0
2025-03-20,63,2025-03-20 10:20:00,2025-03-20 10:30:00,LIGHTGBM,6473.61,6879.075,-405.46500000000015,-49.204651430378135,543.9525015384145,-356.260348569622,False,0.9549,0.0,0.0,0.0,67.5775000000001,0.0,0.0,-0.0,3800.138397806115,3860.958147806115,0.0,0.0,0.0
2025-03-20,64,2025-03-20 10:30:00,2025-03-20 10:40:00,LIGHTGBM,6454.2353,7268.5137,-814.2784000000001,-358.9977061217858,375.6312815835586,-455.2806938782143,False,0.9839,0.0,0.0,0.0,135.7130666666667,0.0,0.0,-0.0,3860.958147806115,3983.099907806115,0.0,0.0,0.0
2025-03-20,65,2025-03-20 10:40:00,2025-03-20 10:50:00,LIGHTGBM,6352.336,7455.3554,-1103.0194000000001,-382.1147394479261,340.0058712854493,-720.904660552074,False,0.799,56.66764521424155,56.66764521424148,7.815970093361102e-14,240.5042118809081,0.0,0.0,0.0,3983.099907806115,4199.553698498932,45.277448526179,0.0,45.277448526179
2025-03-20,66,2025-03-20 10:50:00,2025-03-20 11:00:00,LIGHTGBM,6279.9,7263.0,-983.1000000000004,-261.757117373661,283.1847216491108,-721.3428826263394,False,0.5025,880.5307869415185,669.4833333333332,211.0474536081853,833.3333333333334,0.0,0.0,0.0,4199.553698498932,4949.553698498932,442.466720438113,0.0,442.466720438113
2025-03-20,67,2025-03-20 11:00:00,2025-03-20 11:10:00,LIGHTGBM,6362.0436,7021.6679,-659.6243000000004,-169.9185179604376,328.07805468832635,-489.7057820395628,False,0.4662,888.0130091147211,723.39595,164.6170591147211,833.3333333333334,0.0,0.0,0.0,4949.553698498932,5699.553698498932,413.991664849283,0.0,413.991664849283
2025-03-20,68,2025-03-20 11:10:00,2025-03-20 11:20:00,LIGHTGBM,6393.8373,7052.8842,-659.0469000000003,-500.40010085476047,30.406524493523648,-158.6467991452398,False,0.5007,838.4010874155873,723.4921833333334,114.90890408225393,833.3333333333334,0.0,0.0,0.0,5699.553698498932,6449.553698498932,419.78742446898457,0.0,419.78742446898457
2025-03-20,69,2025-03-20 11:20:00,2025-03-20 11:30:00,LIGHTGBM,6360.1,7317.5625,-957.4624999999996,-815.2574666129801,-318.47682414404994,-142.2050333870195,False,0.4827,780.2538626426584,673.75625,106.4976126426584,833.3333333333334,0.0,0.0,0.0,6449.553698498932,7199.553698498932,376.62853949761126,0.0,376.62853949761126
2025-03-20,70,2025-03-20 11:30:00,2025-03-20 11:40:00,LIGHTGBM,6424.0276,7505.6333,-1081.6057,-637.2513194198261,-13.753705847125048,-444.35438058017394,False,0.4785,831.0410490254792,653.0657166666666,177.97533235881258,833.3333333333334,0.0,0.0,0.0,7199.553698498932,7949.553698498932,397.6531419586918,0.0,397.6531419586918
2025-03-20,71,2025-03-20 11:40:00,2025-03-20 11:50:00,LIGHTGBM,6379.6216,7635.0323,-1255.4106999999995,-764.4484100845923,-37.34008772867469,-490.96228991540715,False,0.4662,827.1099853785543,624.0982166666666,203.0117687118876,833.3333333333334,0.0,0.0,0.0,7949.553698498932,8699.553698498932,385.598675183482,0.0,385.598675183482
2025-03-20,72,2025-03-20 11:50:00,2025-03-20 12:00:00,LIGHTGBM,6168.32,7818.45,-1650.13,-980.321812457152,-201.060873949622,-669.8081875428481,False,0.4432,799.8231876750631,558.3116666666666,241.51152100839647,833.3333333333334,0.0,0.0,0.0,8699.553698498932,9449.553698498932,354.48163677758794,0.0,354.48163677758794
2025-03-20,73,2025-03-20 12:00:00,2025-03-20 12:10:00,LIGHTGBM,5958.8116,8082.9395,-2124.1279000000004,-1129.3837951373323,-384.1879541067024,-994.7441048626681,False,0.4411,769.302007648883,479.3120166666666,289.98999098221634,833.3333333333334,0.0,0.0,0.0,9449.553698498932,10199.553698498932,339.3391155739223,0.0,339.3391155739223
2025-03-20,74,2025-03-20 12:10:00,2025-03-20 12:20:00,LIGHTGBM,5855.2299,8090.5707,-2235.3408,-1328.2396254267233,-633.645145011149,-907.1011745732767,False,0.4551,727.7258091648085,294.60575722340866,433.1200519413999,667.1625572234087,0.0,0.0,0.0,10199.553698498932,10800.0,331.1880157509044,0.0,331.1880157509044
2025-03-20,75,2025-03-20 12:20:00,2025-03-20 12:30:00,LIGHTGBM,5883.66,7709.3625,-1825.7025000000003,-1561.6023221269006,-873.2805054361907,-264.1001778730997,False,0.4463,687.7865824273016,0.0,687.7865824273016,0.0,0.0,0.0,304.28374999999994,10800.0,10800.0,306.9591517373047,0.0,306.9591517373047
2025-03-20,76,2025-03-20 12:30:00,2025-03-20 12:40:00,LIGHTGBM,6006.2794,7205.256,-1198.9766,-1474.1331470589064,-848.3391339009017,275.1565470589064,False,0.4113,691.9434776831831,0.0,691.9434776831831,0.0,0.0,0.0,199.8294333333332,10800.0,10800.0,284.5963523710932,0.0,284.5963523710932
2025-03-20,77,2025-03-20 12:40:00,2025-03-20 12:50:00,LIGHTGBM,6168.3548,7206.9442,-1038.5893999999998,-1029.8631007596512,-517.9953068031857,-8.72629924034868,False,0.5682,747.0007821994691,0.0,747.0007821994691,0.0,0.0,0.0,173.09823333333316,10800.0,10800.0,424.4458444457384,0.0,424.4458444457384
2025-03-20,78,2025-03-20 12:50:00,2025-03-20 13:00:00,LIGHTGBM,6351.38,7525.8,-1174.42,-602.2318247037233,-123.23627503302214,-572.1881752962768,False,0.8279,0.0,0.0,0.0,0.0,0.0,0.0,195.73666666666668,10800.0,10800.0,0.0,0.0,0.0
2025-03-20,79,2025-03-20 13:00:00,2025-03-20 13:10:00,LIGHTGBM,6510.6216,7339.075,-828.4533999999994,-508.4622879808758,-131.09555901909653,-319.99111201912365,False,0.8636,0.0,0.0,0.0,0.0,0.0,0.0,138.07556666666642,10800.0,10800.0,0.0,0.0,0.0
2025-03-20,80,2025-03-20 13:10:00,2025-03-20 13:20:00,LIGHTGBM,6358.8315,6900.6338,-541.8022999999994,-535.7993517263973,40.78703554198046,-6.002948273602101,False,0.8416,0.0,0.0,0.0,0.0,0.0,0.0,90.30038333333324,10800.0,10800.0,0.0,0.0,0.0
2025-03-20,81,2025-03-20 13:20:00,2025-03-20 13:30:00,LIGHTGBM,6039.3,6610.0125,-570.7124999999996,-572.746383469436,26.746997299656183,2.0338834694363186,False,0.8618,0.0,0.0,0.0,0.0,0.0,0.0,95.11874999999998,10800.0,10800.0,0.0,0.0,0.0
2025-03-20,82,2025-03-20 13:30:00,2025-03-20 13:40:00,LIGHTGBM,6028.9848,6642.1795,-613.1947,-445.3323485960942,126.21903602101884,-167.8623514039058,False,0.8623,0.0,0.0,0.0,0.0,0.0,0.0,102.19911666666655,10800.0,10800.0,0.0,0.0,0.0
2025-03-20,83,2025-03-20 13:40:00,2025-03-20 13:50:00,LIGHTGBM,6177.7813,6806.5377,-628.7564000000002,-409.4429921705649,80.10507574309383,-219.31340782943533,False,0.9026,0.0,0.0,0.0,0.0,0.0,0.0,104.79273333333322,10800.0,10800.0,0.0,0.0,0.0
2025-03-20,84,2025-03-20 13:50:00,2025-03-20 14:00:00,LIGHTGBM,6280.02,6799.95,-519.9299999999994,-213.77449646456995,374.9588616946237,-306.15550353542943,False,0.9754,0.0,0.0,0.0,0.0,0.0,0.0,86.65499999999997,10800.0,10800.0,0.0,0.0,0.0
2025-03-20,85,2025-03-20 14:00:00,2025-03-20 14:10:00,LIGHTGBM,6283.4823,6453.6137,-170.1314000000002,-38.72635166290078,448.6994684673007,-131.40504833709943,False,1.0002,0.0,0.0,0.0,0.0,0.0,0.0,28.355233333333445,10800.0,10800.0,0.0,0.0,0.0
2025-03-20,86,2025-03-20 14:10:00,2025-03-20 14:20:00,LIGHTGBM,6314.912,6203.5886,111.32340000000022,192.13498003501525,641.2034187041405,-80.81158003501503,False,0.9978,0.0,0.0,0.0,0.0,18.553899999999885,0.0,-0.0,10800.0,10779.384555555556,0.0,0.0,0.0
2025-03-20,87,2025-03-20 14:20:00,2025-03-20 14:30:00,LIGHTGBM,6352.79,6115.6875,237.10249999999996,390.6337477472613,676.53598533683,-153.53124774726132,False,1.0271,0.0,0.0,0.0,0.0,39.5170833333334,0.0,-0.0,10779.384555555556,10735.476685185184,0.0,0.0,0.0
2025-03-20,88,2025-03-20 14:30:00,2025-03-20 14:40:00,LIGHTGBM,6259.4213,5837.6616,421.7596999999996,601.34140401458,796.0651506559225,-179.5817040145804,False,1.0906,0.0,0.0,0.0,0.0,70.29328333333319,0.0,-0.0,10735.476685185184,10657.373037037038,0.0,0.0,0.0
2025-03-20,89,2025-03-20 14:40:00,2025-03-20 14:50:00,LIGHTGBM,6190.1146,5431.9635,758.1511,1029.0216735837837,1185.6687992857926,-270.87057358378365,False,0.9376,0.0,0.0,0.0,0.0,126.3585166666668,0.0,-0.0,10657.373037037038,10516.974685185183,0.0,0.0,0.0
2025-03-20,90,2025-03-20 14:50:00,2025-03-20 15:00:00,LIGHTGBM,6156.64,5072.775,1083.8650000000007,1083.075633358264,1295.6152604538,0.7893666417367058,False,0.6694,911.6109885052916,495.11673868312783,416.4942498221639,314.472572016461,0.0,0.0,0.0,10516.974685185183,10800.0,610.2323957054423,0.0,610.2323957054423
2025-03-20,91,2025-03-20 15:00:00,2025-03-20 15:10:00,LIGHTGBM,6039.3659,4855.4545,1183.9114,1014.6685855085908,1422.774181644118,169.24281449140915,False,0.66,1070.462363607353,197.3185666666667,873.1437969406862,0.0,0.0,0.0,0.0,10800.0,10800.0,706.5051599808529,0.0,706.5051599808529
2025-03-20,92,2025-03-20 15:10:00,2025-03-20 15:20:00,LIGHTGBM,6054.6789,4561.8383,1492.8405999999995,1343.213236272106,1606.9867771268416,149.62736372789345,False,0.7217,267.83112952114027,248.8067666666666,19.02436285447368,0.0,0.0,0.0,0.0,10800.0,10800.0,193.29372617540693,0.0,193.29372617540693
2025-03-20,93,2025-03-20 15:20:00,2025-03-20 15:30:00,LIGHTGBM,6187.68,4146.825,2040.8550000000005,1711.2904989186122,1949.3899595014132,329.56450108138824,True,0.7308,324.8983265835689,324.8983265835689,0.0,0.0,15.244173416431067,5.684341886080803e-14,0.0,10800.0,10783.0620295373,237.43569706727217,2.077058525173925e-13,237.4356970672724
2025-03-20,94,2025-03-20 15:30:00,2025-03-20 15:40:00,LIGHTGBM,6195.3721,3778.6785,2416.6935999999996,2022.6201200587209,2282.3912010134463,394.0734799412787,True,0.7534,380.398533502241,380.398533502241,0.0,0.0,22.383733164425397,5.684341886080803e-14,0.0,10783.0620295373,10758.19121491016,286.5922551405884,2.1412915884866379e-13,286.59225514058863
2025-03-20,95,2025-03-20 15:40:00,2025-03-20 15:50:00,LIGHTGBM,6186.1376,3471.4229,2714.7147,2065.323575675415,2296.82039037591,649.3911243245848,True,0.7823,382.80339839598497,382.80339839598497,0.0,0.0,69.64905160401509,5.684341886080803e-14,0.0,10758.19121491016,10680.803379794586,299.467098565179,2.2234303287405059e-13,299.46709856517924
2025-03-20,96,2025-03-20 15:50:00,2025-03-20 16:00:00,LIGHTGBM,6200.17,3156.225,3043.945,2069.8476065401105,2324.834054579734,974.0973934598896,True,0.8055,387.4723424299557,387.4723424299557,-0.0,0.0,119.85182423671095,0.0,0.0,10680.803379794586,10547.63468619824,312.1089718273293,0.0,312.1089718273293
2025-03-20,97,2025-03-20 16:00:00,2025-03-20 16:10:00,LIGHTGBM,6153.3743,2779.805,3373.5693000000006,2554.123981640026,2795.162931468572,819.4453183599744,True,0.8271,465.8604885780953,465.8604885780953,-0.0,0.0,96.40106142190484,0.0,0.0,10547.63468619824,10440.522395729457,385.3132101029426,0.0,385.3132101029426
2025-03-20,98,2025-03-20 16:10:00,2025-03-20 16:20:00,LIGHTGBM,6101.7592,2507.3559,3594.4033000000004,3142.8865386633825,3351.7271961652145,451.51676133661795,True,0.8519,558.6211993608691,558.6211993608691,-0.0,0.0,40.44601730579757,0.0,0.0,10440.522395729457,10395.582376500792,475.8893997355244,0.0,475.8893997355244
2025-03-20,99,2025-03-20 16:20:00,2025-03-20 16:30:00,LIGHTGBM,6118.95,2334.4125,3784.5375,3540.064091719504,3699.636870357978,244.47340828049573,True,0.8791,616.6061450596629,616.6061450596629,-0.0,0.0,14.150104940336972,0.0,0.0,10395.582376500792,10379.860037678194,542.0584621219497,0.0,542.0584621219497
2025-03-20,100,2025-03-20 16:30:00,2025-03-20 16:40:00,LIGHTGBM,6209.4949,2077.0816,4132.4133,3824.006391719504,3989.397015753235,308.4069082804963,True,0.9024,664.8995026255392,664.8995026255391,1.1368683772161605e-13,0.0,23.836047374460804,0.0,0.0,10379.860037678194,10353.37554059546,600.0053111692865,0.0,600.0053111692865
2025-03-20,101,2025-03-20 16:40:00,2025-03-20 16:50:00,LIGHTGBM,6190.199,1733.8533,4456.3457,4124.984716619588,4283.868615753234,331.3609833804121,True,0.9163,713.978102625539,713.978102625539,-0.0,0.0,28.746180707794338,0.0,0.0,10353.37554059546,10321.435339809022,654.2181354357814,0.0,654.2181354357814
2025-03-20,102,2025-03-20 16:50:00,2025-03-20 17:00:00,LIGHTGBM,6102.19,1377.7125,4724.477499999999,4545.086711371023,4682.642424365975,179.39078862897622,True,0.9264,780.4404040609958,780.4404040609958,-0.0,0.0,6.972512605670886,0.0,0.0,10321.435339809022,10313.6881035805,722.9999903221064,0.0,722.9999903221064
2025-03-20,103,2025-03-20 17:00:00,2025-03-20 17:10:00,LIGHTGBM,6143.2969,1083.9022,5059.394700000001,5068.858072429677,5177.925474495885,-9.463372429676383,False,0.9462,862.9875790826476,862.9875790826476,-0.0,19.7551290826475,0.0,0.0,0.0,10313.6881035805,10331.467719754884,816.5588473280012,0.0,816.5588473280012
2025-03-20,104,2025-03-20 17:10:00,2025-03-20 17:20:00,LIGHTGBM,6075.0134,831.8823,5243.1311,5186.144312494224,5319.532274495885,56.98678750577528,False,0.9742,886.5887124159808,886.5887124159808,-0.0,12.733529082647578,0.0,0.0,0.0,10331.467719754884,10342.927895929266,863.7147236356485,0.0,863.7147236356485
2025-03-20,105,2025-03-20 17:20:00,2025-03-20 17:30:00,LIGHTGBM,6025.68,597.3375,5428.342500000001,5263.891995654432,5400.7455317589565,164.45050434556833,True,0.9862,900.1242552931594,900.1242552931594,-0.0,0.0,4.599494706840687,0.0,0.0,10342.927895929266,10337.817346254998,887.7025405701138,0.0,887.7025405701138
2025-03-20,106,2025-03-20 17:30:00,2025-03-20 17:40:00,LIGHTGBM,6213.4416,374.8971,5838.5445,5832.904014094035,5977.679513656191,5.6404859059648516,False,0.976,996.2799189426984,996.2799189426984,-0.0,23.189168942698416,0.0,0.0,0.0,10337.817346254998,10358.687598303428,972.3692008880736,0.0,972.3692008880736
2025-03-20,107,2025-03-20 17:40:00,2025-03-20 17:50:00,LIGHTGBM,5394.1467,156.1276,5238.0191,5466.251565283369,5583.755346903283,-228.23246528336858,False,1.0742,930.6258911505472,930.6258911505472,-0.0,57.62270781721372,0.0,0.0,0.0,10358.687598303428,10410.54803533892,999.6783322739176,0.0,999.6783322739176
2025-03-20,108,2025-03-20 17:50:00,2025-03-20 18:00:00,LIGHTGBM,4094.12,0.0,4094.12,4325.072255764303,4422.323620870384,-230.95225576430312,False,1.2313,737.0539368117306,737.0539368117306,-0.0,54.70060347839728,0.0,0.0,0.0,10410.54803533892,10459.778578469475,907.534512396284,0.0,907.534512396284
2025-03-20,109,2025-03-20 18:00:00,2025-03-20 18:10:00,LIGHTGBM,4187.9837,0.0,4187.9837,4197.814718451223,4309.327264378353,-9.831018451222917,False,1.2561,718.2212107297255,718.2212107297255,-0.0,20.22392739639224,0.0,0.0,0.0,10459.778578469475,10477.98011312623,902.1576627976082,0.0,902.1576627976082
2025-03-20,110,2025-03-20 18:10:00,2025-03-20 18:20:00,LIGHTGBM,4441.4267,5.5774,4435.8493,4337.168288945372,4435.859089654055,98.68101105462756,False,1.2447,739.3098482756759,739.3098482756759,-0.0,0.0016316090092232,0.0,0.0,0.0,10477.98011312623,10477.98158157434,920.2189681487338,0.0,920.2189681487338
2025-03-20,111,2025-03-20 18:20:00,2025-03-20 18:30:00,LIGHTGBM,4255.45,0.0,4255.45,4336.104011355688,4413.281033330301,-80.65401135568845,False,1.2545,735.5468388883836,735.5468388883836,-0.0,26.30517222171693,0.0,0.0,0.0,10477.98158157434,10501.656236573885,922.7435093854772,0.0,922.7435093854772
2025-03-20,112,2025-03-20 18:30:00,2025-03-20 18:40:00,LIGHTGBM,4286.5369,0.0,4286.5369,4340.477140170699,4439.078812578456,-53.940240170699326,False,1.2522,739.8464687630759,739.8464687630759,-0.0,25.423652096409228,0.0,0.0,0.0,10501.656236573885,10524.537523460653,926.4357481851235,0.0,926.4357481851235
2025-03-20,113,2025-03-20 18:40:00,2025-03-20 18:50:00,LIGHTGBM,4470.2464,0.4004,4469.846,4333.2225157964685,4421.269535939113,136.623484203531,True,1.2881,327.4471129057909,327.4471129057909,-0.0,0.0,417.5272204275424,0.0,0.0,10524.537523460653,10060.618389652273,421.7846261339493,0.0,421.7846261339493
2025-03-20,114,2025-03-20 18:50:00,2025-03-20 19:00:00,LIGHTGBM,4579.24,0.0,4579.24,4322.555635023185,4401.0992741356495,256.68436497681523,True,1.3466,0.0,0.0,0.0,0.0,763.2066666666666,0.0,-0.0,10060.618389652273,9212.610982244863,0.0,0.0,0.0
2025-03-20,115,2025-03-20 19:00:00,2025-03-20 19:10:00,LIGHTGBM,4480.3082,0.0,4480.3082,4378.3307066048565,4472.08847665946,101.97749339514394,True,1.3523,0.0,0.0,0.0,0.0,746.7180333333334,0.0,-0.0,9212.610982244863,8382.92427854116,0.0,0.0,0.0
2025-03-20,116,2025-03-20 19:10:00,2025-03-20 19:20:00,LIGHTGBM,4285.5618,0.0288,4285.533,4405.883574054189,4504.77897665946,-120.35057405418866,False,1.3445,0.0,0.0,0.0,0.0,714.2555,0.0,-0.0,8382.92427854116,7589.307056318938,0.0,0.0,0.0
2025-03-20,117,2025-03-20 19:20:00,2025-03-20 19:30:00,LIGHTGBM,4196.78,0.0,4196.78,4387.558825279516,4488.00337665946,-190.77882527951624,False,1.3483,0.0,0.0,0.0,0.0,699.4633333333333,0.0,-0.0,7589.307056318938,6812.125574837457,0.0,0.0,0.0
2025-03-20,118,2025-03-20 19:30:00,2025-03-20 19:40:00,LIGHTGBM,4330.8684,0.0,4330.8684,4575.61467676179,4705.379576659459,-244.7462767617899,False,1.349,0.0,0.0,0.0,0.0,721.8114,0.0,-0.0,6812.125574837457,6010.11290817079,0.0,0.0,0.0
2025-03-20,119,2025-03-20 19:40:00,2025-03-20 19:50:00,LIGHTGBM,4370.9481,0.0021,4370.946,4555.953452045795,4680.866620258967,-185.0074520457947,False,1.3473,0.0,0.0,0.0,0.0,728.4909999999999,0.0,-0.0,6010.11290817079,5200.678463726346,0.0,0.0,0.0
2025-03-20,120,2025-03-20 19:50:00,2025-03-20 20:00:00,LIGHTGBM,4358.21,0.0,4358.21,4360.370437178559,4455.687720258966,-2.160437178558823,False,1.3482,0.0,0.0,0.0,0.0,726.3683333333333,0.0,-0.0,5200.678463726346,4393.602537800421,0.0,0.0,0.0
2025-03-20,121,2025-03-20 20:00:00,2025-03-20 20:10:00,LIGHTGBM,4586.0191,0.0,4586.0191,4404.062102318606,4506.766677000261,181.95699768139457,True,1.3513,0.0,0.0,0.0,0.0,764.3365166666667,0.0,-0.0,4393.602537800421,3544.3397415041245,0.0,0.0,0.0
2025-03-20,122,2025-03-20 20:10:00,2025-03-20 20:20:00,LIGHTGBM,4523.6629,0.0,4523.6629,4355.97416756359,4441.9371741435325,167.68873243641065,True,1.34,0.0,0.0,0.0,0.0,753.9438166666667,0.0,-0.0,3544.3397415041245,2706.624389652273,0.0,0.0,0.0
2025-03-20,123,2025-03-20 20:20:00,2025-03-20 20:30:00,LIGHTGBM,4215.37,0.0,4215.37,4227.361677453521,4317.8343852124735,-11.991677453521334,False,1.3489,0.0,0.0,0.0,0.0,702.5616666666666,0.0,-0.0,2706.624389652273,1926.0003155781988,0.0,0.0,0.0
2025-03-20,124,2025-03-20 20:30:00,2025-03-20 20:40:00,LIGHTGBM,4256.2469,0.0,4256.2469,4317.447321639816,4408.970883847953,-61.20042163981634,False,1.3952,0.0,0.0,0.0,0.0,653.4002840203789,55.97419931295451,0.0,1926.0003155781988,1200.0,0.0,390.4760144071707,390.4760144071707
2025-03-20,125,2025-03-20 20:40:00,2025-03-20 20:50:00,LIGHTGBM,4319.0159,0.0,4319.0159,4442.565730727805,4563.006900201946,-123.54983072780487,False,1.2226,760.5011500336577,760.5011500336577,-0.0,40.665166700324335,0.0,0.0,0.0,1200.0,1236.598650030292,929.78870603115,0.0,929.78870603115
2025-03-20,126,2025-03-20 20:50:00,2025-03-20 21:00:00,LIGHTGBM,4257.25,0.0,4257.25,4429.034984978087,4525.947094316708,-171.78498497808687,False,0.9332,754.3245157194514,754.3245157194514,-0.0,44.78284905278474,0.0,0.0,0.0,1236.598650030292,1276.9032141777982,703.935638069392,0.0,703.935638069392
2025-03-20,127,2025-03-20 21:00:00,2025-03-20 21:10:00,LIGHTGBM,4290.2681,0.0,4290.2681,4305.056277453521,4377.174539360936,-14.788177453520802,False,0.9068,729.5290898934894,729.5290898934894,-0.0,14.484406560156003,0.0,0.0,0.0,1276.9032141777982,1289.9391800819385,661.5369787154162,0.0,661.5369787154162
2025-03-20,128,2025-03-20 21:10:00,2025-03-20 21:20:00,LIGHTGBM,4418.7036,0.0,4418.7036,4266.630765061631,4356.474102528921,152.07283493836894,True,0.9371,726.0790170881536,726.0790170881536,-0.0,0.0,10.371582911846415,0.0,0.0,1289.9391800819385,1278.4151990687758,680.4086469133088,0.0,680.4086469133088
2025-03-20,129,2025-03-20 21:20:00,2025-03-20 21:30:00,LIGHTGBM,4553.6,0.0,4553.6,4367.027273418108,4447.657094316708,186.5727265818923,True,0.9371,741.276182386118,741.276182386118,-0.0,0.0,17.657150947215428,0.0,0.0,1278.4151990687758,1258.7961424607586,694.6499105140311,0.0,694.6499105140311
2025-03-20,130,2025-03-20 21:30:00,2025-03-20 21:40:00,LIGHTGBM,4526.2528,0.0,4526.2528,4374.929947840583,4453.276746022054,151.32285215941738,True,0.9871,742.2127910036756,742.2127910036756,-0.0,0.0,12.162675662991091,0.0,0.0,1258.7961424607586,1245.2820583907685,732.6382459997283,0.0,732.6382459997283
2025-03-20,131,2025-03-20 21:40:00,2025-03-20 21:50:00,LIGHTGBM,4001.6252,0.0,4001.6252,3900.962860913468,4022.556929165112,100.66233908653203,False,0.7764,670.4261548608521,670.4261548608521,-0.0,3.488621527518717,0.0,0.0,0.0,1245.2820583907685,1248.4218177655353,520.5188666339656,0.0,520.5188666339656
2025-03-20,132,2025-03-20 21:50:00,2025-03-20 22:00:00,LIGHTGBM,3318.94,0.0,3318.94,3350.963739242094,3476.2139647556155,-32.02373924209405,False,0.4209,1412.702327459269,1386.49,26.21232745926932,833.3333333333334,0.0,0.0,0.0,1248.4218177655353,1998.4218177655357,594.6064096276065,0.0,594.6064096276065
2025-03-20,133,2025-03-20 22:00:00,2025-03-20 22:10:00,LIGHTGBM,3233.4088,0.0,3233.4088,3349.452595283074,3508.626387893403,-116.0437952830739,False,0.3859,1418.104397982234,1372.2348000000002,45.8695979822337,833.3333333333334,0.0,0.0,0.0,1998.4218177655357,2748.4218177655357,547.246487181344,0.0,547.246487181344
2025-03-20,134,2025-03-20 22:10:00,2025-03-20 22:20:00,LIGHTGBM,3319.971,0.0,3319.971,3425.156474783928,3574.706617499968,-105.18547478392793,False,0.4368,595.7844362499947,595.7844362499947,-0.0,42.45593624999469,0.0,0.0,0.0,2748.4218177655357,2786.6321603905303,260.2386417539977,0.0,260.2386417539977
2025-03-20,135,2025-03-20 22:20:00,2025-03-20 22:30:00,LIGHTGBM,3255.84,0.0,3255.84,3358.082095283074,3509.541867476618,-102.24209528307392,False,0.4198,1418.2569779127698,1375.9733333333334,42.28364457943644,833.3333333333334,0.0,0.0,0.0,2786.6321603905303,3536.6321603905303,595.3842793277807,0.0,595.3842793277807
2025-03-20,136,2025-03-20 22:30:00,2025-03-20 22:40:00,LIGHTGBM,3144.1326,0.0,3144.1326,3351.6050952830738,3502.63187436053,-207.47249528307384,False,0.4186,1417.1053123934216,1357.3554333333334,59.74987906008823,833.3333333333334,0.0,0.0,0.0,3536.6321603905303,4286.632160390531,593.2002837678863,0.0,593.2002837678863
2025-03-20,137,2025-03-20 22:40:00,2025-03-20 22:50:00,LIGHTGBM,3161.8174,0.0,3161.8174,3322.552995265408,3459.8813347822625,-160.73559526540794,False,0.4241,576.6468891303771,576.6468891303771,-0.0,49.677322463710425,0.0,0.0,0.0,4286.632160390531,4331.34175060787,244.5559456801929,0.0,244.5559456801929
2025-03-20,138,2025-03-20 22:50:00,2025-03-20 23:00:00,LIGHTGBM,3296.4,0.0,3296.4,3303.6856460166546,3452.552262487877,-7.285646016654482,False,0.4237,575.4253770813128,575.4253770813128,-0.0,26.02537708131285,0.0,0.0,0.0,4331.34175060787,4354.764589981052,243.80773226935227,0.0,243.80773226935227
2025-03-20,139,2025-03-20 23:00:00,2025-03-20 23:10:00,LIGHTGBM,3356.4081,0.0,3356.4081,3433.0124041695444,3575.8764112525423,-76.60430416954432,False,0.4248,595.9794018754237,595.9794018754237,-0.0,36.57805187542374,0.0,0.0,0.0,4354.764589981052,4387.684836668934,253.17204991668,0.0,253.17204991668
2025-03-20,140,2025-03-20 23:10:00,2025-03-20 23:20:00,LIGHTGBM,3261.7676,0.0,3261.7676,3463.8505032685407,3609.029137099301,-202.08290326854058,False,0.424,601.5048561832169,601.5048561832169,-0.0,57.87692284988361,0.0,0.0,0.0,4387.684836668934,4439.774067233829,255.038059021684,0.0,255.038059021684
2025-03-20,141,2025-03-20 23:20:00,2025-03-20 23:30:00,LIGHTGBM,3267.73,0.0,3267.73,3371.436693697705,3552.468209724185,-103.70669369770485,False,0.422,931.722833307942,931.722833307942,-0.0,387.1011666412752,0.0,0.0,0.0,4439.774067233829,4788.165117210976,393.1870356559514,0.0,393.1870356559514
2025-03-20,142,2025-03-20 23:30:00,2025-03-20 23:40:00,LIGHTGBM,3604.076,0.0,3604.076,3409.158175705023,3568.6566085837003,194.91782429497698,True,0.424,594.7761014306167,594.7761014306167,-0.0,0.0,5.903231902716698,0.0,0.0,4788.165117210976,4781.605970652402,252.18506700658148,0.0,252.18506700658148
2025-03-20,143,2025-03-20 23:40:00,2025-03-20 23:50:00,LIGHTGBM,3245.8691,0.0,3245.8691,3083.8292617690063,3257.446774161496,162.0398382309936,False,0.4271,542.9077956935827,542.9077956935827,-0.0,1.9296123602493933,0.0,0.0,0.0,4781.605970652402,4783.342621776626,231.87591954072917,0.0,231.87591954072917
2025-03-20,144,2025-03-20 23:50:00,2025-03-21 00:00:00,LIGHTGBM,2401.0,0.0,2401.0,2499.431094134909,2609.0831847339664,-98.43109413490902,False,0.4276,434.84719745566105,434.84719745566105,-0.0,34.68053078899436,0.0,0.0,0.0,4783.342621776626,4814.555099486722,185.94066163204064,0.0,185.94066163204064
2025-06-21,1,2025-06-21 00:00:00,2025-06-21 00:10:00,LIGHTGBM,3087.9838,0.0,3087.9838,3234.6196474563067,3441.3317848274155,-146.6358474563067,False,0.4248,573.5552974712359,573.5552974712359,-0.0,58.89133080456929,0.0,0.0,0.0,7636.386369050307,7689.388566774419,243.64629036578103,0.0,243.64629036578103
2025-06-21,2,2025-06-21 00:10:00,2025-06-21 00:20:00,LIGHTGBM,3200.0919,0.0,3200.0919,3236.500189030539,3384.8609342604245,-36.40828903053898,False,0.4245,564.1434890434041,564.1434890434041,-0.0,30.794839043404068,0.0,0.0,0.0,7689.388566774419,7717.103921913483,239.47891109892504,0.0,239.47891109892504
2025-06-21,3,2025-06-21 00:20:00,2025-06-21 00:30:00,LIGHTGBM,3401.46,0.0,3401.46,3124.158189030539,3250.8381326610547,277.30181096946126,True,0.4269,541.8063554435091,541.8063554435091,-0.0,0.0,25.10364455649085,0.0,0.0,7717.103921913483,7689.210983517381,231.29713313883408,0.0,231.29713313883408
2025-06-21,4,2025-06-21 00:30:00,2025-06-21 00:40:00,LIGHTGBM,3063.5261,0.0,3063.5261,3133.632489030538,3287.5023290001463,-70.10638903053814,False,0.4272,547.9170548333577,547.9170548333577,-0.0,37.329371500024365,0.0,0.0,0.0,7689.210983517381,7722.807417867403,234.07016582481043,0.0,234.07016582481043
2025-06-21,5,2025-06-21 00:40:00,2025-06-21 00:50:00,LIGHTGBM,2820.2572,0.0,2820.2572,3178.094789030539,3326.4555342604244,-357.83758903053877,False,0.4271,554.4092557100707,554.4092557100707,-0.0,84.36638904340407,0.0,0.0,0.0,7722.807417867403,7798.737168006467,236.7881931137712,0.0,236.7881931137712
2025-06-21,6,2025-06-21 00:50:00,2025-06-21 01:00:00,LIGHTGBM,2883.38,0.0,2883.38,3180.598189030539,3311.8247050227837,-297.2181890305387,False,0.4285,551.9707841704638,551.9707841704638,-0.0,71.40745083713051,0.0,0.0,0.0,7798.737168006467,7863.003873759884,236.51948101704372,0.0,236.51948101704372
2025-06-21,7,2025-06-21 01:00:00,2025-06-21 01:10:00,LIGHTGBM,2869.9796,0.0,2869.9796,3091.957099676899,3290.423984827416,-221.9774996768988,False,0.4311,548.4039974712359,548.4039974712359,-0.0,70.07406413790255,0.0,0.0,0.0,7863.003873759884,7926.070531483997,236.4169633098498,0.0,236.4169633098498
2025-06-21,8,2025-06-21 01:10:00,2025-06-21 01:20:00,LIGHTGBM,2985.8287,0.0,2985.8287,2906.7255063527327,3074.3835363562625,79.10319364726729,False,0.4302,512.3972560593771,512.3972560593771,-0.0,14.759139392710438,0.0,0.0,0.0,7926.070531483997,7939.353756937437,220.4332995567441,0.0,220.4332995567441
2025-06-21,9,2025-06-21 01:20:00,2025-06-21 01:30:00,LIGHTGBM,3164.18,0.0,3164.18,2824.947126350734,2964.83928568838,339.2328736492659,True,0.4279,494.13988094806336,494.13988094806336,-0.0,0.0,33.22345238526998,0.0,0.0,7939.353756937437,7902.438809842692,211.4424550576763,0.0,211.4424550576763
2025-06-21,10,2025-06-21 01:30:00,2025-06-21 01:40:00,LIGHTGBM,3064.8457,0.0,3064.8457,2911.606554132141,3087.509836356263,153.23914586785895,False,0.4312,514.5849727260438,514.5849727260438,-0.0,3.777356059377155,0.0,0.0,0.0,7902.438809842692,7905.838430296132,221.8890402394701,0.0,221.8890402394701
2025-06-21,11,2025-06-21 01:40:00,2025-06-21 01:50:00,LIGHTGBM,2954.0459,0.0,2954.0459,2852.9778957063727,2966.936976268413,101.06800429362738,False,0.4333,494.4894960447355,494.4894960447355,-0.0,2.1485127114021907,0.0,0.0,0.0,7905.838430296132,7907.772091736394,214.2622986361839,0.0,214.2622986361839
2025-06-21,12,2025-06-21 01:50:00,2025-06-21 02:00:00,LIGHTGBM,2994.62,0.0,2994.62,2688.299077712348,2767.951905227076,306.3209222876517,True,0.4311,461.3253175378461,461.3253175378461,-0.0,0.0,37.77801579548725,0.0,0.0,7907.772091736394,7865.796518630297,198.8773443905654,0.0,198.8773443905654
2025-06-21,13,2025-06-21 02:00:00,2025-06-21 02:10:00,LIGHTGBM,3072.4014,0.0,3072.4014,2943.4427676363284,3078.8945730997943,128.95863236367177,False,0.4293,513.1490955166324,513.1490955166324,-0.0,1.082195516632396,0.0,0.0,0.0,7865.796518630297,7866.770494595266,220.29490670529032,0.0,220.29490670529032
2025-06-21,14,2025-06-21 02:10:00,2025-06-21 02:20:00,LIGHTGBM,3013.1015,0.0,3013.1015,3024.3710200960268,3156.718715132557,-11.269520096026554,False,0.4324,526.1197858554262,526.1197858554262,-0.0,23.936202522092856,0.0,0.0,0.0,7866.770494595266,7888.31307686515,227.49419540388632,0.0,227.49419540388632
2025-06-21,15,2025-06-21 02:20:00,2025-06-21 02:30:00,LIGHTGBM,2838.75,0.0,2838.75,2744.3316449751437,2862.4536215224207,94.41835502485628,False,0.4367,477.0756035870701,477.0756035870701,-0.0,3.950603587070134,0.0,0.0,0.0,7888.31307686515,7891.868620093513,208.33891608647352,0.0,208.33891608647352
2025-06-21,16,2025-06-21 02:30:00,2025-06-21 02:40:00,LIGHTGBM,2749.9199,0.0,2749.9199,2823.1250449751437,2938.5407348586077,-73.20514497514387,False,0.4348,489.7567891431012,489.7567891431012,-0.0,31.43680580976792,0.0,0.0,0.0,7891.868620093513,7920.161745322303,212.94625191942043,0.0,212.94625191942043
2025-06-21,17,2025-06-21 02:40:00,2025-06-21 02:50:00,LIGHTGBM,2820.5847,0.0,2820.5847,2825.010444975143,2941.87147067584,-4.425744975143061,False,0.4335,490.3119117793067,490.3119117793067,-0.0,20.214461779306703,0.0,0.0,0.0,7920.161745322303,7938.354760923679,212.55021375632944,0.0,212.55021375632944
2025-06-21,18,2025-06-21 02:50:00,2025-06-21 03:00:00,LIGHTGBM,2936.24,0.0,2936.24,2713.1271311626388,2793.516255384897,223.11286883736102,True,0.4357,465.5860425641495,465.5860425641495,-0.0,0.0,23.787290769183755,0.0,0.0,7938.354760923679,7911.924437846808,202.85583874519995,0.0,202.85583874519995
2025-06-21,19,2025-06-21 03:00:00,2025-06-21 03:10:00,LIGHTGBM,2920.1894,0.0012,2920.1882,2729.230144975143,2854.790240515704,190.958055024857,True,0.4374,0.0,0.0,0.0,0.0,486.6980333333333,0.0,-0.0,7911.924437846808,7371.148845254216,0.0,0.0,0.0
2025-06-21,20,2025-06-21 03:10:00,2025-06-21 03:20:00,LIGHTGBM,2951.0328,0.0,2951.0328,2786.7633756195046,2897.873669269091,164.26942438049537,True,0.4371,137.906386956193,137.906386956193,-0.0,0.0,353.932413043807,0.0,0.0,7371.148845254216,6977.890608538875,60.27888173855195,0.0,60.27888173855195
2025-06-21,21,2025-06-21 03:20:00,2025-06-21 03:30:00,LIGHTGBM,2977.51,0.0,2977.51,2781.5598756195045,2888.793262889974,195.9501243804957,True,0.4356,481.46554381499567,481.46554381499567,-0.0,0.0,14.786122851671053,0.0,0.0,6977.890608538875,6961.46158314813,209.7263908858121,0.0,209.7263908858121
2025-06-21,22,2025-06-21 03:30:00,2025-06-21 03:40:00,LIGHTGBM,2780.298,0.0162,2780.2817999999997,2883.659775619504,3002.077331291297,-103.37797561950447,False,0.4353,500.3462218818829,500.3462218818829,-0.0,36.96592188188293,0.0,0.0,0.0,6961.46158314813,6994.730912841825,217.80071038518363,0.0,217.80071038518363
2025-06-21,23,2025-06-21 03:40:00,2025-06-21 03:50:00,LIGHTGBM,2728.3059,0.0,2728.3059,2912.070103400911,3077.894537530699,-183.76420340091136,False,0.436,512.9824229217832,512.9824229217832,-0.0,58.26477292178316,0.0,0.0,0.0,6994.730912841825,7047.16920847143,223.66033639389747,0.0,223.66033639389747
2025-06-21,24,2025-06-21 03:50:00,2025-06-21 04:00:00,LIGHTGBM,2862.19,0.0,2862.19,2801.1824034009114,2957.547969767636,61.00759659908863,False,0.4378,0.0,0.0,0.0,0.0,477.0316666666667,0.0,-0.0,7047.16920847143,6517.134023286244,0.0,0.0,0.0
2025-06-21,25,2025-06-21 04:00:00,2025-06-21 04:10:00,LIGHTGBM,2845.9182,0.2263,2845.6919000000003,2648.002228173265,2754.252674402484,197.68967182673532,True,0.4401,0.0,0.0,0.0,0.0,474.28198333333336,0.0,-0.0,6517.134023286244,5990.1540418047625,0.0,0.0,0.0
2025-06-21,26,2025-06-21 04:10:00,2025-06-21 04:20:00,LIGHTGBM,2748.951,0.0,2748.951,2656.9256593358828,2796.069774266326,92.02534066411727,False,0.4389,0.0,0.0,0.0,0.0,458.1585,0.0,-0.0,5990.1540418047625,5481.089041804763,0.0,0.0,0.0
2025-06-21,27,2025-06-21 04:20:00,2025-06-21 04:30:00,LIGHTGBM,2677.31,0.0,2677.31,2760.0698756195043,2871.1801692690906,-82.75987561950433,False,0.4364,478.5300282115151,478.5300282115151,-0.0,32.31169487818181,0.0,0.0,0.0,5481.089041804763,5510.169567195127,208.8305043115052,0.0,208.8305043115052
2025-06-21,28,2025-06-21 04:30:00,2025-06-21 04:40:00,LIGHTGBM,2660.8713,3.1516,2657.7196999999996,2682.6736942979287,2809.3021754707565,-24.953994297929057,False,0.4393,0.0,0.0,0.0,0.0,442.9532833333333,0.0,-0.0,5510.169567195127,5017.999252380312,0.0,0.0,0.0
2025-06-21,29,2025-06-21 04:40:00,2025-06-21 04:50:00,LIGHTGBM,2702.3205,0.0,2702.3205,2681.3010246619483,2733.613888512736,21.019475338051507,False,0.4422,0.0,0.0,0.0,0.0,450.38675,0.0,-0.0,5017.999252380312,4517.56953015809,0.0,0.0,0.0
2025-06-21,30,2025-06-21 04:50:00,2025-06-21 05:00:00,LIGHTGBM,2732.32,7.275,2725.045,2656.5859838708443,2711.735271762037,68.45901612915577,True,0.4395,0.0,0.0,0.0,0.0,454.17416666666674,0.0,-0.0,4517.56953015809,4012.931567195127,0.0,0.0,0.0
2025-06-21,31,2025-06-21 05:00:00,2025-06-21 05:10:00,LIGHTGBM,2664.7178,116.7655,2547.9523,2502.099432634251,2584.9131927298645,45.85286736574881,False,0.4333,430.8188654549774,430.8188654549774,-0.0,6.160148788310778,0.0,0.0,0.0,4012.931567195127,4018.475701104607,186.6738144016417,0.0,186.6738144016417
2025-06-21,32,2025-06-21 05:10:00,2025-06-21 05:20:00,LIGHTGBM,2606.871,263.9703,2342.9007,2321.661458843763,2401.977979540798,21.239241156237313,False,0.4439,0.0,0.0,0.0,0.0,390.48345,0.0,-0.0,4018.475701104607,3584.6052011046067,0.0,0.0,0.0
2025-06-21,33,2025-06-21 05:20:00,2025-06-21 05:30:00,LIGHTGBM,2642.15,417.075,2225.0750000000003,2266.0842660762046,2388.0228286668685,-41.00926607620431,False,0.4301,398.0038047778114,398.0038047778114,-0.0,27.15797144447805,0.0,0.0,0.0,3584.6052011046067,3609.047375404637,171.18143643493667,0.0,171.18143643493667
2025-06-21,34,2025-06-21 05:30:00,2025-06-21 05:40:00,LIGHTGBM,2745.0641,587.5961,2157.468,2045.099335758328,2206.271569269091,112.36866424167192,False,0.3713,367.7119282115152,367.7119282115152,-0.0,8.133928211515126,0.0,0.0,0.0,3609.047375404637,3616.3679107950006,136.5314389449356,0.0,136.5314389449356
2025-06-21,35,2025-06-21 05:40:00,2025-06-21 05:50:00,LIGHTGBM,2758.042,735.8325,2022.2095,1786.61087733256,1887.9334801378395,235.59862266743994,True,0.5708,0.0,0.0,0.0,0.0,337.0349166666666,0.0,-0.0,3616.3679107950006,3241.88467005426,0.0,0.0,0.0
2025-06-21,36,2025-06-21 05:50:00,2025-06-21 06:00:00,LIGHTGBM,2741.64,890.7,1850.9399999999998,1545.28717733256,1690.4436007801685,305.65282266743975,True,0.9099,0.0,0.0,0.0,0.0,308.49,0.0,-0.0,3241.88467005426,2899.118003387593,0.0,0.0,0.0
2025-06-21,37,2025-06-21 06:00:00,2025-06-21 06:10:00,LIGHTGBM,2888.7304,1136.9554,1751.7749999999999,1423.2431773325598,1614.8222039402265,328.5318226674401,True,0.9368,0.0,0.0,0.0,0.0,291.9625,0.0,-0.0,2899.118003387593,2574.715225609816,0.0,0.0,0.0
2025-06-21,38,2025-06-21 06:10:00,2025-06-21 06:20:00,LIGHTGBM,2932.231,1453.4028,1478.8282000000002,1158.4566773325598,1335.510880941987,320.37152266744033,True,0.8758,0.0,0.0,0.0,0.0,246.47136666666668,0.0,-0.0,2574.715225609816,2300.8581515357414,0.0,0.0,0.0
2025-06-21,39,2025-06-21 06:20:00,2025-06-21 06:30:00,LIGHTGBM,2764.02,1765.9125,998.1075000000001,862.2560135117515,997.5015912617836,135.8514864882486,True,0.8759,0.0,0.0,0.0,0.0,166.35125000000005,0.0,-0.0,2300.8581515357414,2116.023429313519,0.0,0.0,0.0
2025-06-21,40,2025-06-21 06:30:00,2025-06-21 06:40:00,LIGHTGBM,2606.6137,2022.3026,584.3110999999999,666.4388168980228,788.8819097336582,-82.12771689802287,False,0.8601,0.0,0.0,0.0,0.0,97.38518333333332,0.0,-0.0,2116.023429313519,2007.81767005426,0.0,0.0,0.0
2025-06-21,41,2025-06-21 06:40:00,2025-06-21 06:50:00,LIGHTGBM,2867.7649,2350.4923,517.2726000000002,605.7182635018873,801.4657770529678,-88.44566350188711,False,0.8442,0.0,0.0,0.0,0.0,86.21210000000002,0.0,-0.0,2007.81767005426,1912.0264478320375,0.0,0.0,0.0
2025-06-21,42,2025-06-21 06:50:00,2025-06-21 07:00:00,LIGHTGBM,3304.27,2699.25,605.02,627.2720055267347,855.6749086863988,-22.252005526734706,False,0.8334,0.0,0.0,0.0,0.0,100.8366666666667,0.0,-0.0,1912.0264478320375,1799.985707091297,0.0,0.0,0.0
2025-06-21,43,2025-06-21 07:00:00,2025-06-21 07:10:00,LIGHTGBM,3254.3169,2874.6231,379.6938,292.33960552673454,572.0146142750209,87.35419447326547,False,0.8092,0.0,0.0,0.0,0.0,63.28229999999997,0.0,-0.0,1799.985707091297,1729.6720404246305,0.0,0.0,0.0
2025-06-21,44,2025-06-21 07:10:00,2025-06-21 07:20:00,LIGHTGBM,3137.5948,3006.0287,131.5661,-167.22699447326556,122.51210429119868,298.79309447326557,True,0.7972,0.0,0.0,0.0,0.0,21.92768333333333,0.0,-0.0,1729.6720404246305,1705.3079478320376,0.0,0.0,0.0
2025-06-21,45,2025-06-21 07:20:00,2025-06-21 07:30:00,LIGHTGBM,3174.85,3224.8875,-50.03749999999991,-550.1879944732653,-260.4488957088011,500.15049447326544,True,0.7644,0.0,0.0,0.0,8.33958333333328,0.0,0.0,-0.0,1705.3079478320376,1712.8135728320376,0.0,0.0,0.0
2025-06-21,46,2025-06-21 07:30:00,2025-06-21 07:40:00,LIGHTGBM,3159.7263,3537.527,-377.80070000000023,-817.6008944732652,-522.3333653589881,439.8001944732649,True,0.6899,0.0,0.0,0.0,62.96678333333341,0.0,0.0,-0.0,1712.8135728320376,1769.4836778320378,0.0,0.0,0.0
2025-06-21,47,2025-06-21 07:40:00,2025-06-21 07:50:00,LIGHTGBM,3087.5763,3785.3986,-697.8222999999998,-1001.402094473266,-706.1345653589889,303.57979447326613,True,0.86,0.0,0.0,0.0,116.30371666666667,0.0,0.0,-0.0,1769.4836778320378,1874.1570228320377,0.0,0.0,0.0
2025-06-21,48,2025-06-21 07:50:00,2025-06-21 08:00:00,LIGHTGBM,3062.36,4003.425,-941.065,-1110.1259545939529,-796.6955744383802,169.06095459395283,False,1.1617,0.0,0.0,0.0,156.8441666666667,0.0,0.0,-0.0,1874.1570228320377,2015.3167728320377,0.0,0.0,0.0
2025-06-21,49,2025-06-21 08:00:00,2025-06-21 08:10:00,LIGHTGBM,3162.0197,4334.7324,-1172.7127,-1164.3587545939529,-822.6527019210512,-8.35394540604716,False,1.1683,0.0,0.0,0.0,195.4521166666666,0.0,0.0,-0.0,2015.3167728320377,2191.223677832037,0.0,0.0,0.0
2025-06-21,50,2025-06-21 08:10:00,2025-06-21 08:20:00,LIGHTGBM,3160.9922,4441.8035,-1280.8112999999998,-1358.0563012132432,-985.969164909473,77.24500121324331,False,1.0956,0.0,0.0,0.0,213.46854999999996,0.0,0.0,-0.0,2191.223677832037,2383.3453728320374,0.0,0.0,0.0
2025-06-21,51,2025-06-21 08:20:00,2025-06-21 08:30:00,LIGHTGBM,3037.59,4358.7,-1321.1099999999997,-1715.60862020454,-1315.4723588625604,394.49862020454043,False,1.0849,0.0,0.0,0.0,220.1849999999999,0.0,0.0,-0.0,2383.3453728320374,2581.511872832037,0.0,0.0,0.0
2025-06-21,52,2025-06-21 08:30:00,2025-06-21 08:40:00,LIGHTGBM,3030.9974,4479.895,-1448.8976000000002,-1958.13752020454,-1477.1793161589624,509.23992020453966,True,1.061,0.0,0.0,0.0,241.4829333333333,0.0,0.0,-0.0,2581.511872832037,2798.846512832037,0.0,0.0,0.0
2025-06-21,53,2025-06-21 08:40:00,2025-06-21 08:50:00,LIGHTGBM,3289.939,4668.5166,-1378.5776,-1812.0904202045408,-1383.7086384623108,433.51282020454073,True,1.043,0.0,0.0,0.0,229.7629333333333,0.0,0.0,-0.0,2798.846512832037,3005.633152832037,0.0,0.0,0.0
2025-06-21,54,2025-06-21 08:50:00,2025-06-21 09:00:00,LIGHTGBM,3650.62,4746.075,-1095.455,-1584.0119293929242,-1171.3313229122782,488.5569293929243,True,1.036,0.0,0.0,0.0,182.5758333333333,0.0,0.0,-0.0,3005.633152832037,3169.951402832037,0.0,0.0,0.0
2025-06-21,55,2025-06-21 09:00:00,2025-06-21 09:10:00,LIGHTGBM,3785.9011,4746.9534,-961.0523000000003,-1810.2914949424724,-1369.75354942453,849.2391949424721,True,1.0147,0.0,0.0,0.0,160.17538333333334,0.0,0.0,-0.0,3169.951402832037,3314.109247832037,0.0,0.0,0.0
2025-06-21,56,2025-06-21 09:10:00,2025-06-21 09:20:00,LIGHTGBM,3849.6183,5139.4381,-1289.8198000000002,-1845.266923383312,-1405.000204932358,555.4471233833117,True,0.9922,0.0,0.0,0.0,214.96996666666664,0.0,0.0,-0.0,3314.109247832037,3507.582217832037,0.0,0.0,0.0
2025-06-21,57,2025-06-21 09:20:00,2025-06-21 09:30:00,LIGHTGBM,3824.6,5794.3125,-1969.7125,-1742.862868216562,-1280.196465018969,-226.8496317834381,False,0.97,0.0,0.0,0.0,328.2854166666667,0.0,0.0,-0.0,3507.582217832037,3803.0390928320367,0.0,0.0,0.0
2025-06-21,58,2025-06-21 09:30:00,2025-06-21 09:40:00,LIGHTGBM,3582.3586,6109.068,-2526.7094,-2026.9821056962169,-1550.3567139652805,-499.7272943037833,False,0.9422,0.0,0.0,0.0,421.11823333333336,0.0,0.0,-0.0,3803.0390928320367,4182.045502832037,0.0,0.0,0.0
2025-06-21,59,2025-06-21 09:40:00,2025-06-21 09:50:00,LIGHTGBM,3687.9447,6385.1018,-2697.1571000000004,-2316.5656017992,-1926.198289861412,-380.5914982008003,False,0.9569,0.0,0.0,0.0,449.5261833333333,0.0,0.0,-0.0,4182.045502832037,4586.619067832036,0.0,0.0,0.0
2025-06-21,60,2025-06-21 09:50:00,2025-06-21 10:00:00,LIGHTGBM,4000.14,6643.5375,-2643.3975000000005,-2473.7335019486222,-2039.7515853010525,-169.66399805137826,False,0.9977,0.0,0.0,0.0,440.5662500000002,0.0,0.0,-0.0,4586.619067832036,4983.128692832037,0.0,0.0,0.0
2025-06-21,61,2025-06-21 10:00:00,2025-06-21 10:10:00,LIGHTGBM,3826.1041,6589.8893,-2763.7852,-2424.254012849706,-2078.415944778159,-339.5311871502936,False,0.9919,0.0,0.0,0.0,460.6308666666665,0.0,0.0,-0.0,4983.128692832037,5397.696472832036,0.0,0.0,0.0
2025-06-21,62,2025-06-21 10:10:00,2025-06-21 10:20:00,LIGHTGBM,3761.4976,6695.6004,-2934.1028,-2749.4517592029624,-2177.333966634728,-184.6510407970377,False,0.9588,0.0,0.0,0.0,489.0171333333334,0.0,0.0,-0.0,5397.696472832036,5837.811892832036,0.0,0.0,0.0
2025-06-21,63,2025-06-21 10:20:00,2025-06-21 10:30:00,LIGHTGBM,3901.91,7000.9875,-3099.0775000000003,-3143.2346992552657,-2557.114555944191,44.15719925526537,False,0.9549,0.0,0.0,0.0,516.5129166666667,0.0,0.0,-0.0,5837.811892832036,6302.673517832036,0.0,0.0,0.0
2025-06-21,64,2025-06-21 10:30:00,2025-06-21 10:40:00,LIGHTGBM,3726.7535,7093.8409,-3367.0874000000003,-3129.7645394489755,-2814.369885952644,-237.32286055102486,False,0.9839,0.0,0.0,0.0,561.1812333333334,0.0,0.0,-0.0,6302.673517832036,6807.736627832036,0.0,0.0,0.0
2025-06-21,65,2025-06-21 10:40:00,2025-06-21 10:50:00,LIGHTGBM,3565.5609,7243.1188,-3677.5579000000002,-3273.617898177018,-2762.71094342802,-403.94000182298214,False,0.799,0.0,0.0,0.0,612.9263166666668,0.0,0.0,-0.0,6807.736627832036,7359.370312832036,0.0,0.0,0.0
2025-06-21,66,2025-06-21 10:50:00,2025-06-21 11:00:00,LIGHTGBM,3679.21,7400.1,-3720.8900000000003,-3393.961429282557,-2961.068355334476,-326.9285707174431,False,0.5025,0.0,0.0,0.0,620.1483333333334,0.0,0.0,-0.0,7359.370312832036,7917.503812832036,0.0,0.0,0.0
2025-06-21,67,2025-06-21 11:00:00,2025-06-21 11:10:00,LIGHTGBM,3945.6166,7306.5816,-3360.9650000000006,-3447.6450136522344,-3093.6322845323048,86.68001365223381,False,0.4662,0.0,0.0,0.0,560.1608333333334,0.0,0.0,-0.0,7917.503812832036,8421.648562832035,0.0,0.0,0.0
2025-06-21,68,2025-06-21 11:10:00,2025-06-21 11:20:00,LIGHTGBM,3900.6403,7782.8954,-3882.2551000000003,-3349.3901238447784,-2987.4165904461,-532.8649761552219,False,0.5007,0.0,0.0,0.0,647.0425166666666,0.0,0.0,-0.0,8421.648562832035,9003.986827832035,0.0,0.0,0.0
2025-06-21,69,2025-06-21 11:20:00,2025-06-21 11:30:00,LIGHTGBM,3645.76,8490.225,-4844.465,-3125.8000171782533,-2810.848289793181,-1718.664982821747,False,0.4827,0.0,0.0,0.0,807.4108333333335,0.0,0.0,-0.0,9003.986827832035,9730.656577832036,0.0,0.0,0.0
2025-06-21,70,2025-06-21 11:30:00,2025-06-21 11:40:00,LIGHTGBM,3705.1427,8180.7164,-4475.573700000001,-3178.0938054511907,-2717.057522156497,-1297.47989454881,False,0.4785,0.0,0.0,0.0,745.92895,0.0,0.0,-0.0,9730.656577832036,10401.992632832036,0.0,0.0,0.0
2025-06-21,71,2025-06-21 11:40:00,2025-06-21 11:50:00,LIGHTGBM,3724.3133,7677.6706,-3953.3573000000006,-3018.3149750325542,-2620.323597329772,-935.0423249674463,False,0.4662,0.0,0.0,0.0,442.2304079644042,0.0,0.0,216.6624753689291,10401.992632832036,10800.0,0.0,0.0,0.0
2025-06-21,72,2025-06-21 11:50:00,2025-06-21 12:00:00,LIGHTGBM,3631.08,7665.1125,-4034.0325000000003,-2937.2277655631488,-2485.2645875545104,-1096.8047344368515,False,0.4432,0.0,0.0,0.0,0.0,0.0,0.0,672.33875,10800.0,10800.0,0.0,0.0,0.0
2025-06-21,73,2025-06-21 12:00:00,2025-06-21 12:10:00,LIGHTGBM,3735.5415,8044.2631,-4308.721600000001,-2797.265214751681,-2381.185759802911,-1511.4563852483197,False,0.4411,0.0,0.0,0.0,0.0,0.0,0.0,718.1202666666668,10800.0,10800.0,0.0,0.0,0.0
2025-06-21,74,2025-06-21 12:10:00,2025-06-21 12:20:00,LIGHTGBM,3852.2352,8300.9755,-4448.7403,-3029.503624598667,-2457.651329921215,-1419.2366754013333,False,0.4551,0.0,0.0,0.0,0.0,0.0,0.0,741.4567166666667,10800.0,10800.0,0.0,0.0,0.0
2025-06-21,75,2025-06-21 12:20:00,2025-06-21 12:30:00,LIGHTGBM,3928.56,8383.0125,-4454.452500000001,-3021.222354476805,-2755.380535212636,-1433.2301455231964,False,0.4463,0.0,0.0,0.0,0.0,0.0,0.0,742.40875,10800.0,10800.0,0.0,0.0,0.0
2025-06-21,76,2025-06-21 12:30:00,2025-06-21 12:40:00,LIGHTGBM,4059.9044,8605.7877,-4545.883300000001,-2965.502773723802,-2554.129377922728,-1580.3805262761994,False,0.4113,0.0,0.0,0.0,0.0,0.0,0.0,757.6472166666668,10800.0,10800.0,0.0,0.0,0.0
2025-06-21,77,2025-06-21 12:40:00,2025-06-21 12:50:00,LIGHTGBM,3912.5928,8542.7209,-4630.1281,-2841.1053377712133,-2550.615564632581,-1789.0227622287866,False,0.5682,0.0,0.0,0.0,0.0,0.0,0.0,771.6880166666667,10800.0,10800.0,0.0,0.0,0.0
2025-06-21,78,2025-06-21 12:50:00,2025-06-21 13:00:00,LIGHTGBM,3688.01,8049.6,-4361.59,-2984.8839727570216,-2533.265491354175,-1376.7060272429785,False,0.8279,0.0,0.0,0.0,0.0,0.0,0.0,726.9316666666667,10800.0,10800.0,0.0,0.0,0.0
2025-06-21,79,2025-06-21 13:00:00,2025-06-21 13:10:00,LIGHTGBM,3910.4683,7493.4162,-3582.9478999999997,-3103.4576491647776,-2708.9242955122872,-479.490250835222,False,0.8636,0.0,0.0,0.0,0.0,0.0,0.0,597.1579833333332,10800.0,10800.0,0.0,0.0,0.0
2025-06-21,80,2025-06-21 13:10:00,2025-06-21 13:20:00,LIGHTGBM,3862.6154,7354.9231,-3492.3077,-2953.763062466296,-2459.162204425249,-538.5446375337037,False,0.8416,0.0,0.0,0.0,0.0,0.0,0.0,582.0512833333333,10800.0,10800.0,0.0,0.0,0.0
2025-06-21,81,2025-06-21 13:20:00,2025-06-21 13:30:00,LIGHTGBM,3589.29,7340.8875,-3751.5975,-2580.9047162596185,-2063.714492356935,-1170.6927837403814,False,0.8618,0.0,0.0,0.0,0.0,0.0,0.0,625.26625,10800.0,10800.0,0.0,0.0,0.0
2025-06-21,82,2025-06-21 13:30:00,2025-06-21 13:40:00,LIGHTGBM,3849.2221,6714.7449,-2865.5227999999997,-2363.5797936055183,-1802.4906465722308,-501.9430063944815,False,0.8623,0.0,0.0,0.0,0.0,0.0,0.0,477.5871333333332,10800.0,10800.0,0.0,0.0,0.0
2025-06-21,83,2025-06-21 13:40:00,2025-06-21 13:50:00,LIGHTGBM,3978.2382,6127.755,-2149.5168000000003,-2327.0530785271485,-1818.7835621015577,177.53627852714817,False,0.9026,0.0,0.0,0.0,0.0,0.0,0.0,358.2528000000001,10800.0,10800.0,0.0,0.0,0.0
2025-06-21,84,2025-06-21 13:50:00,2025-06-21 14:00:00,LIGHTGBM,3861.85,5956.2,-2094.35,-2243.920749399991,-1754.937380288649,149.5707493999912,False,0.9754,0.0,0.0,0.0,0.0,0.0,0.0,349.0583333333333,10800.0,10800.0,0.0,0.0,0.0
2025-06-21,85,2025-06-21 14:00:00,2025-06-21 14:10:00,LIGHTGBM,4047.8905,5941.7978,-1893.9073000000003,-2241.0044739993364,-1781.9385610897689,347.09717399933606,False,1.0002,0.0,0.0,0.0,0.0,0.0,0.0,315.6512166666668,10800.0,10800.0,0.0,0.0,0.0
2025-06-21,86,2025-06-21 14:10:00,2025-06-21 14:20:00,LIGHTGBM,4095.2281,5827.294,-1732.0659,-2099.6691857892743,-1677.8237257355092,367.6032857892742,False,0.9978,0.0,0.0,0.0,0.0,0.0,0.0,288.67765,10800.0,10800.0,0.0,0.0,0.0
2025-06-21,87,2025-06-21 14:20:00,2025-06-21 14:30:00,LIGHTGBM,4007.39,5738.1375,-1730.7475,-1892.3946292465068,-1497.55361301899,161.6471292465069,False,1.0271,0.0,0.0,0.0,0.0,0.0,0.0,288.4579166666666,10800.0,10800.0,0.0,0.0,0.0
2025-06-21,88,2025-06-21 14:30:00,2025-06-21 14:40:00,LIGHTGBM,4227.0513,5964.2607,-1737.2093999999997,-1671.3544460459186,-1243.4297000480954,-65.85495395408111,False,1.0906,0.0,0.0,0.0,0.0,0.0,0.0,289.5349,10800.0,10800.0,0.0,0.0,0.0
2025-06-21,89,2025-06-21 14:40:00,2025-06-21 14:50:00,LIGHTGBM,4182.4486,5979.2451,-1796.7965000000004,-1442.1448396717092,-1012.0615294201576,-354.6516603282912,False,0.9376,0.0,0.0,0.0,0.0,0.0,0.0,299.46608333333336,10800.0,10800.0,0.0,0.0,0.0
2025-06-21,90,2025-06-21 14:50:00,2025-06-21 15:00:00,LIGHTGBM,3879.68,5680.4625,-1800.7824999999998,-1301.344004094645,-892.167988254487,-499.4384959053548,False,0.6694,0.0,0.0,0.0,0.0,0.0,0.0,300.13041666666663,10800.0,10800.0,0.0,0.0,0.0
2025-06-21,91,2025-06-21 15:00:00,2025-06-21 15:10:00,LIGHTGBM,3916.2335,5457.1539,-1540.9204000000004,-925.0014256537512,-616.3374583142429,-615.9189743462492,False,0.66,0.0,0.0,0.0,0.0,0.0,0.0,256.8200666666668,10800.0,10800.0,0.0,0.0,0.0
2025-06-21,92,2025-06-21 15:10:00,2025-06-21 15:20:00,LIGHTGBM,3924.3398,5153.0688,-1228.7289999999998,-792.9346178233019,-474.0130763995172,-435.7943821766979,False,0.7217,0.0,0.0,0.0,0.0,0.0,0.0,204.7881666666666,10800.0,10800.0,0.0,0.0,0.0
2025-06-21,93,2025-06-21 15:20:00,2025-06-21 15:30:00,LIGHTGBM,3875.5,4811.1,-935.6000000000004,-706.6092178233017,-395.4247036936976,-228.99078217669864,False,0.7308,0.0,0.0,0.0,0.0,0.0,0.0,155.9333333333334,10800.0,10800.0,0.0,0.0,0.0
2025-06-21,94,2025-06-21 15:30:00,2025-06-21 15:40:00,LIGHTGBM,4137.0155,4680.9532,-543.9376999999995,-86.62974522403367,191.47437679835576,-457.3079547759658,False,0.7534,31.912396133059293,0.0,31.912396133059293,0.0,0.0,0.0,90.65628333333323,10800.0,10800.0,24.04279924664687,0.0,24.04279924664687
2025-06-21,95,2025-06-21 15:40:00,2025-06-21 15:50:00,LIGHTGBM,4317.2602,4481.2341,-163.97389999999996,360.02221489665266,639.1908767983548,-523.9961148966527,False,0.7823,106.5318127997258,0.0,106.5318127997258,0.0,0.0,0.0,27.328983333333326,10800.0,10800.0,83.33983715322549,0.0,83.33983715322549
2025-06-21,96,2025-06-21 15:50:00,2025-06-21 16:00:00,LIGHTGBM,4217.43,4055.4,162.0300000000002,477.714954775966,751.4529752513129,-315.6849547759658,False,0.8055,125.24216254188548,27.00500000000011,98.23716254188535,0.0,0.0,0.0,0.0,10800.0,10800.0,100.88256192748877,0.0,100.88256192748877
2025-06-21,97,2025-06-21 16:00:00,2025-06-21 16:10:00,LIGHTGBM,4034.2858,3562.8565,471.42930000000024,730.5881221250766,993.9708705821486,-259.1588221250763,False,0.8271,165.66181176369142,78.57155000000012,87.0902617636913,0.0,0.0,0.0,0.0,10800.0,10800.0,137.01888450974917,0.0,137.01888450974917
2025-06-21,98,2025-06-21 16:10:00,2025-06-21 16:20:00,LIGHTGBM,3980.7146,3361.4888,619.2257999999997,859.4238547759657,1133.1618752513125,-240.19805477596594,False,0.8519,188.8603125418854,103.20429999999988,85.65601254188553,0.0,0.0,0.0,0.0,10800.0,10800.0,160.89010025443218,0.0,160.89010025443218
2025-06-21,99,2025-06-21 16:20:00,2025-06-21 16:30:00,LIGHTGBM,4042.02,3406.575,635.4450000000002,1019.6732821766984,1249.615771058435,-384.22828217669826,False,0.8791,208.26929517640585,105.90750000000004,102.36179517640582,0.0,0.0,0.0,0.0,10800.0,10800.0,183.0895373895784,0.0,183.0895373895784
2025-06-21,100,2025-06-21 16:30:00,2025-06-21 16:40:00,LIGHTGBM,3983.774,3291.2298,692.5441999999998,1623.2438595443116,1869.8562904564735,-930.6996595443118,False,0.9024,311.64271507607896,115.42403333333324,196.21868174274573,0.0,0.0,0.0,0.0,10800.0,10800.0,281.22638608465365,0.0,281.22638608465365
2025-06-21,101,2025-06-21 16:40:00,2025-06-21 16:50:00,LIGHTGBM,3621.8931,2964.175,657.7180999999996,1753.8191547759657,1968.817471058435,-1096.101054775966,False,0.9163,328.13624517640585,109.61968333333324,218.51656184307265,0.0,0.0,0.0,0.0,10800.0,10800.0,300.67124145514066,0.0,300.67124145514066
2025-06-21,102,2025-06-21 16:50:00,2025-06-21 17:00:00,LIGHTGBM,3240.3,2623.6125,616.6875,1380.4721858226071,1606.9327507952387,-763.7846858226071,False,0.9264,267.8221251325398,102.78125000000006,165.04087513253972,0.0,0.0,0.0,0.0,10800.0,10800.0,248.1104167227849,0.0,248.1104167227849
2025-06-21,103,2025-06-21 17:00:00,2025-06-21 17:10:00,LIGHTGBM,3335.0072,2479.2426,855.7646,1656.8001039314042,1868.3738070225736,-801.0355039314043,False,0.9462,311.39563450376227,142.62743333333327,168.768201170429,0.0,0.0,0.0,0.0,10800.0,10800.0,294.6425493674599,0.0,294.6425493674599
2025-06-21,104,2025-06-21 17:10:00,2025-06-21 17:20:00,LIGHTGBM,3462.6248,2185.8548,1276.77,1940.7482836801605,2154.3905625423604,-663.9782836801605,False,0.9742,359.0650937570601,212.795,146.27009375706007,0.0,0.0,0.0,0.0,10800.0,10800.0,349.8012143381279,0.0,349.8012143381279
2025-06-21,105,2025-06-21 17:20:00,2025-06-21 17:30:00,LIGHTGBM,3484.27,1750.4625,1733.8075,1931.8846858226077,2109.488420064569,-198.07718582260782,False,0.9862,351.5814033440948,288.96791666666667,62.613486677428114,0.0,0.0,0.0,0.0,10800.0,10800.0,346.7295799779463,0.0,346.7295799779463
2025-06-21,106,2025-06-21 17:30:00,2025-06-21 17:40:00,LIGHTGBM,3649.2081,1528.3871,2120.821,2044.548814276499,2227.2106777923864,76.27218572350102,False,0.976,371.2017796320644,353.4701666666666,17.7316129653978,0.0,0.0,0.0,0.0,10800.0,10800.0,362.2929369208949,0.0,362.2929369208949
2025-06-21,107,2025-06-21 17:40:00,2025-06-21 17:50:00,LIGHTGBM,3604.3529,1310.4274,2293.9255,2233.5321808798594,2418.781985709468,60.393319120140404,False,1.0742,403.1303309515779,382.32091666666656,20.809414284911327,0.0,0.0,0.0,0.0,10800.0,10800.0,433.042601508185,0.0,433.042601508185
2025-06-21,108,2025-06-21 17:50:00,2025-06-21 18:00:00,LIGHTGBM,3349.51,1034.1,2315.4100000000003,2445.6814069607312,2628.2592777923865,-130.27140696073093,False,1.2313,438.04321296539774,385.9016666666666,52.1415462987311,0.0,0.0,0.0,0.0,10800.0,10800.0,539.3626081242943,0.0,539.3626081242943
2025-06-21,109,2025-06-21 18:00:00,2025-06-21 18:10:00,LIGHTGBM,3274.4828,860.3286,2414.1542,2728.641279701736,2902.4522746144835,-314.4870797017361,False,1.2561,0.0,0.0,0.0,0.0,402.3590333333334,0.0,-0.0,10800.0,10352.934407407409,0.0,0.0,0.0
2025-06-21,110,2025-06-21 18:10:00,2025-06-21 18:20:00,LIGHTGBM,3297.0032,677.2547,2619.7485,2988.4627758094475,3170.923043662292,-368.7142758094474,False,1.2447,528.4871739437153,528.4871739437153,-0.0,91.86242394371529,0.0,0.0,0.0,10352.934407407409,10435.610588956752,657.8079854077424,0.0,657.8079854077424
2025-06-21,111,2025-06-21 18:20:00,2025-06-21 18:30:00,LIGHTGBM,3342.79,452.7,2890.09,3210.9714758094474,3387.009209898133,-320.88147580944724,False,1.2545,191.83122290890805,191.83122290890805,-0.0,0.0,289.8504437577586,0.0,0.0,10435.610588956752,10113.55454033702,240.65226913922515,0.0,240.65226913922515
2025-06-21,112,2025-06-21 18:30:00,2025-06-21 18:40:00,LIGHTGBM,3456.8314,276.0564,3180.775,3421.3208422973858,3602.5350571859244,-240.54584229738566,False,1.2522,600.4225095309874,600.4225095309874,-0.0,70.29334286432083,0.0,0.0,0.0,10113.55454033702,10176.81854891491,751.8490664347024,0.0,751.8490664347024
2025-06-21,113,2025-06-21 18:40:00,2025-06-21 18:50:00,LIGHTGBM,3634.5648,121.8367,3512.7281000000003,3563.562642297386,3744.7768571859247,-50.834542297385724,False,1.2881,0.0,0.0,0.0,0.0,585.4546833333334,0.0,-0.0,10176.81854891491,9526.313345211203,0.0,0.0,0.0
2025-06-21,114,2025-06-21 18:50:00,2025-06-21 19:00:00,LIGHTGBM,3852.72,7.7625,3844.9575,3680.660612463592,3850.6104571859246,164.29688753640812,False,1.3466,0.0,0.0,0.0,0.0,640.82625,0.0,-0.0,9526.313345211203,8814.284178544538,0.0,0.0,0.0
2025-06-21,115,2025-06-21 19:00:00,2025-06-21 19:10:00,LIGHTGBM,4004.9442,0.0,4004.9442,3811.312142297386,3989.39729512664,193.63205770261402,True,1.3523,0.0,0.0,0.0,0.0,667.4907,0.0,-0.0,8814.284178544538,8072.627845211205,0.0,0.0,0.0
2025-06-21,116,2025-06-21 19:10:00,2025-06-21 19:20:00,LIGHTGBM,3706.7434,3.2619,3703.4815,3831.560842297386,4009.64599512664,-128.07934229738612,False,1.3445,0.0,0.0,0.0,0.0,617.2469166666667,0.0,-0.0,8072.627845211205,7386.797937803797,0.0,0.0,0.0
2025-06-21,117,2025-06-21 19:20:00,2025-06-21 19:30:00,LIGHTGBM,3293.48,0.0,3293.48,3690.813742297386,3872.0279571859246,-397.3337422973859,False,1.3483,0.0,0.0,0.0,0.0,548.9133333333333,0.0,-0.0,7386.797937803797,6776.894234100094,0.0,0.0,0.0
2025-06-21,118,2025-06-21 19:30:00,2025-06-21 19:40:00,LIGHTGBM,3492.5254,0.0,3492.5254,3578.1712665894465,3757.0727635667154,-85.64586658944654,False,1.349,0.0,0.0,0.0,0.0,582.0875666666667,0.0,-0.0,6776.894234100094,6130.130271137131,0.0,0.0,0.0
2025-06-21,119,2025-06-21 19:40:00,2025-06-21 19:50:00,LIGHTGBM,3490.6667,0.2342,3490.4325000000003,3471.618641000546,3659.9766471685866,18.81385899945417,False,1.3473,0.0,0.0,0.0,0.0,581.73875,0.0,-0.0,6130.130271137131,5483.753882248242,0.0,0.0,0.0
2025-06-21,120,2025-06-21 19:50:00,2025-06-21 20:00:00,LIGHTGBM,3189.62,0.0,3189.62,3509.7864069607317,3692.364277792386,-320.1664069607318,False,1.3482,0.0,0.0,0.0,0.0,531.6033333333334,0.0,-0.0,5483.753882248242,4893.083511877871,0.0,0.0,0.0
2025-06-21,121,2025-06-21 20:00:00,2025-06-21 20:10:00,LIGHTGBM,3348.2366,0.0,3348.2366,3814.265242297386,3988.341006174407,-466.0286422973859,False,1.3513,0.0,0.0,0.0,0.0,558.0394333333334,0.0,-0.0,4893.083511877871,4273.039697063056,0.0,0.0,0.0
2025-06-21,122,2025-06-21 20:10:00,2025-06-21 20:20:00,LIGHTGBM,3725.2052,0.0168,3725.1884,3895.309242297386,4073.39439512664,-170.12084229738593,False,1.34,0.0,0.0,0.0,0.0,620.8647333333333,0.0,-0.0,4273.039697063056,3583.1899933593527,0.0,0.0,0.0
2025-06-21,123,2025-06-21 20:20:00,2025-06-21 20:30:00,LIGHTGBM,3960.13,0.0,3960.13,3774.933742297386,3953.01889512664,185.19625770261428,True,1.3489,0.0,0.0,0.0,0.0,660.0216666666666,0.0,-0.0,3583.1899933593527,2849.832585951945,0.0,0.0,0.0
2025-06-21,124,2025-06-21 20:30:00,2025-06-21 20:40:00,LIGHTGBM,3881.8245,0.0,3881.8245,3936.8235422973858,4110.899306174407,-54.999042297385586,False,1.3952,0.0,0.0,0.0,0.0,646.9707500000001,0.0,-0.0,2849.832585951945,2130.9761970630566,0.0,0.0,0.0
2025-06-21,125,2025-06-21 20:40:00,2025-06-21 20:50:00,LIGHTGBM,3513.6729,0.0012,3513.6717,4081.4992816334297,4236.741206174407,-567.8275816334299,False,1.2226,706.1235343624012,706.1235343624012,-0.0,120.5115843624011,0.0,0.0,0.0,2130.9761970630566,2239.436622989217,863.3066331114717,0.0,863.3066331114717
2025-06-21,126,2025-06-21 20:50:00,2025-06-21 21:00:00,LIGHTGBM,3160.32,0.0,3160.32,3923.103742297386,4097.179506174407,-762.7837422973857,False,0.9332,682.8632510290678,682.8632510290678,-0.0,156.14325102906776,0.0,0.0,0.0,2239.436622989217,2379.9655489153783,637.247985860326,0.0,637.247985860326
2025-06-21,127,2025-06-21 21:00:00,2025-06-21 21:10:00,LIGHTGBM,3214.7106,0.0,3214.7106,3620.1710758094473,3802.6313436622913,-405.4604758094474,False,0.9068,633.7718906103819,633.7718906103819,-0.0,97.98679061038196,0.0,0.0,0.0,2379.9655489153783,2468.153660464722,574.7043504054943,0.0,574.7043504054943
2025-06-21,128,2025-06-21 21:10:00,2025-06-21 21:20:00,LIGHTGBM,3489.1029,0.0,3489.1029,3372.134050752205,3566.5019590447523,116.96884924779488,False,0.9371,594.4169931741254,594.4169931741254,-0.0,12.899843174125408,0.0,0.0,0.0,2468.153660464722,2479.763519321435,557.028164303473,0.0,557.028164303473
2025-06-21,129,2025-06-21 21:20:00,2025-06-21 21:30:00,LIGHTGBM,3713.49,0.0,3713.49,3343.921950752205,3538.289859044752,369.568049247795,True,0.9371,589.7149765074587,589.7149765074587,-0.0,0.0,29.20002349254128,0.0,0.0,2479.763519321435,2447.319048774167,552.6219044851396,0.0,552.6219044851396
2025-06-21,130,2025-06-21 21:30:00,2025-06-21 21:40:00,LIGHTGBM,3715.4477,0.0,3715.4477,3488.892512870112,3678.163075109543,226.55518712988805,True,0.9871,613.0271791849237,613.0271791849237,-0.0,0.0,6.21410414840966,0.0,0.0,2447.319048774167,2440.414488609268,605.1191285734382,0.0,605.1191285734382
2025-06-21,131,2025-06-21 21:40:00,2025-06-21 21:50:00,LIGHTGBM,3460.6768,0.0,3460.6768,3456.6082379046006,3645.343752027653,4.068562095399557,False,0.7764,607.5572920046088,607.5572920046088,-0.0,30.77782533794209,0.0,0.0,0.0,2440.414488609268,2468.1145314134155,471.7074815123783,0.0,471.7074815123783
2025-06-21,132,2025-06-21 21:50:00,2025-06-21 22:00:00,LIGHTGBM,3169.68,0.0,3169.68,3251.504920096027,3434.563074246985,-81.8249200960272,False,0.4209,1405.7605123744977,1361.6133333333332,44.14717904116424,833.3333333333334,0.0,0.0,0.0,2468.1145314134155,3218.1145314134155,591.684599658426,0.0,591.684599658426
2025-06-21,133,2025-06-21 22:00:00,2025-06-21 22:10:00,LIGHTGBM,3161.2424,0.0,3161.2424,3208.8115000980265,3413.1777485802318,-47.56910009802641,False,0.3859,1402.1962914300386,1360.2070666666668,41.989224763371794,833.3333333333334,0.0,0.0,0.0,3218.1145314134155,3968.114531413416,541.1075488628519,0.0,541.1075488628519
2025-06-21,134,2025-06-21 22:10:00,2025-06-21 22:20:00,LIGHTGBM,3268.4465,0.0,3268.4465,3203.7765894516656,3376.2850722368253,64.66991054833443,False,0.4368,562.7141787061375,562.7141787061375,-0.0,17.97309537280421,0.0,0.0,0.0,3968.114531413416,3984.290317248939,245.7935532588409,0.0,245.7935532588409
2025-06-21,135,2025-06-21 22:20:00,2025-06-21 22:30:00,LIGHTGBM,3317.19,0.0,3317.19,3175.7966894516658,3354.8082280640947,141.39331054833428,False,0.4198,1392.4680380106824,1386.1983333333333,6.269704677349182,833.3333333333334,0.0,0.0,0.0,3984.290317248939,4734.290317248939,584.5580823568845,0.0,584.5580823568845
2025-06-21,136,2025-06-21 22:30:00,2025-06-21 22:40:00,LIGHTGBM,3281.0391,0.0,3281.0391,3455.800067411242,3619.810903395169,-174.76096741124184,False,0.4186,1436.6351505658615,1380.173183333333,56.4619672325282,833.3333333333334,0.0,0.0,0.0,4734.290317248939,5484.290317248939,601.3754740268697,0.0,601.3754740268697
2025-06-21,137,2025-06-21 22:40:00,2025-06-21 22:50:00,LIGHTGBM,3250.7574,0.0,3250.7574,3638.326931566404,3799.8558128174463,-387.56953156640384,False,0.4241,1466.6426354695743,1375.1262333333334,91.51640213624114,833.3333333333334,0.0,0.0,0.0,5484.290317248939,6234.290317248939,622.0031417026465,0.0,622.0031417026465
2025-06-21,138,2025-06-21 22:50:00,2025-06-21 23:00:00,LIGHTGBM,3190.39,0.0,3190.39,3399.7269258370097,3610.077003395169,-209.33692583700986,False,0.4237,1435.012833899195,1365.065,69.94783389919485,833.3333333333334,0.0,0.0,0.0,6234.290317248939,6984.290317248939,608.0149377230889,0.0,608.0149377230889
2025-06-21,139,2025-06-21 23:00:00,2025-06-21 23:10:00,LIGHTGBM,2998.9363,0.0,2998.9363,3037.2161890305388,3183.11619758472,-38.279889030538925,False,0.4248,1197.1860329307865,1197.1860329307865,-0.0,697.3633162641199,0.0,0.0,0.0,6984.290317248939,7611.917301886647,508.5646267889981,0.0,508.5646267889981
2025-06-21,140,2025-06-21 23:10:00,2025-06-21 23:20:00,LIGHTGBM,2920.9743,0.0,2920.9743,2872.118795706373,3018.0060400414163,48.855504293626836,False,0.424,1336.3343400069027,1320.1623833333333,16.17195667356941,833.3333333333334,0.0,0.0,0.0,7611.917301886647,8361.917301886646,566.6057601629267,0.0,566.6057601629267
2025-06-21,141,2025-06-21 23:20:00,2025-06-21 23:30:00,LIGHTGBM,2989.3,0.0,2989.3,3059.1364196749,3195.124963349878,-69.83641967489984,False,0.422,1365.854160558313,1331.5500000000002,34.30416055831279,833.3333333333334,0.0,0.0,0.0,8361.917301886646,9111.917301886646,576.3904557556081,0.0,576.3904557556081
2025-06-21,142,2025-06-21 23:30:00,2025-06-21 23:40:00,LIGHTGBM,3024.571,0.0,3024.571,3135.664447456307,3343.594740123001,-111.09344745630688,False,0.424,1390.5991233538334,1337.4285,53.17062335383344,833.3333333333334,0.0,0.0,0.0,9111.917301886646,9861.917301886646,589.6140283020253,0.0,589.6140283020253
2025-06-21,143,2025-06-21 23:40:00,2025-06-21 23:50:00,LIGHTGBM,3193.3141,0.0,3193.3141,3436.419691797195,3622.561431782735,-243.10559179719485,False,0.4271,603.7602386304558,603.7602386304558,-0.0,71.5412219637891,0.0,0.0,0.0,9861.917301886646,9926.304401654055,257.86599791906764,0.0,257.86599791906764
2025-06-21,144,2025-06-21 23:50:00,2025-06-22 00:00:00,LIGHTGBM,3636.14,0.0,3636.14,3901.3516744754575,4039.4610878857375,-265.2116744754576,False,0.4276,673.2435146476229,673.2435146476229,-0.0,67.22018131428956,0.0,0.0,0.0,9926.304401654055,9986.802564836917,287.8789268633235,0.0,287.8789268633235
2025-09-23,1,2025-09-23 00:00:00,2025-09-23 00:10:00,LIGHTGBM,3421.106,0.0,3421.106,3784.6454313743634,3995.315483604112,-363.5394313743632,False,0.4248,1419.407349882917,1403.5176666666666,15.889683216250432,833.3333333333334,0.0,0.0,0.0,8621.830707645991,9371.830707645991,602.9642422302632,0.0,602.9642422302632
2025-09-23,2,2025-09-23 00:10:00,2025-09-23 00:20:00,LIGHTGBM,3361.9091,0.0,3361.9091,3817.154018753752,3971.9945319046415,-455.24491875375224,False,0.4245,1495.332421984107,1393.6515166666668,101.6809053174402,833.3333333333334,0.0,0.0,0.0,9371.830707645991,10121.830707645991,634.7686131322534,0.0,634.7686131322534
2025-09-23,3,2025-09-23 00:20:00,2025-09-23 00:30:00,LIGHTGBM,3388.6,0.0,3388.6,3590.522177224249,3743.989700046168,-201.92217722424903,False,0.4269,623.9982833410279,623.9982833410279,-0.0,59.23161667436125,0.0,0.0,0.0,10121.830707645991,10175.139162652917,266.3848671582848,0.0,266.3848671582848
2025-09-23,4,2025-09-23 00:30:00,2025-09-23 00:40:00,LIGHTGBM,3591.0535,0.0,3591.0535,3521.67213257949,3656.423331385783,69.38136742050983,False,0.4272,609.4038885642971,609.4038885642971,-0.0,10.894971897630398,0.0,0.0,0.0,10175.139162652917,10184.944637360784,260.3373411946677,0.0,260.3373411946677
2025-09-23,5,2025-09-23 00:40:00,2025-09-23 00:50:00,LIGHTGBM,3639.0639,0.0,3639.0639,3511.2278774018205,3630.529145508776,127.83602259817962,True,0.4271,605.0881909181294,605.0881909181294,-0.0,0.0,1.4224590818706702,0.0,0.0,10184.944637360784,10183.364127269817,258.4331663411331,0.0,258.4331663411331
2025-09-23,6,2025-09-23 00:50:00,2025-09-23 01:00:00,LIGHTGBM,3538.62,0.0,3538.62,3515.302195598193,3627.28648488748,23.317804401806825,False,0.4285,604.5477474812466,604.5477474812466,-0.0,14.777747481246593,0.0,0.0,0.0,10183.364127269817,10196.66410000294,259.04870979571416,0.0,259.04870979571416
2025-09-23,7,2025-09-23 01:00:00,2025-09-23 01:10:00,LIGHTGBM,3584.1201,0.0,3584.1201,3514.1242473083457,3640.391451846127,69.99585269165436,False,0.4311,606.7319086410212,606.7319086410212,-0.0,9.378558641021186,0.0,0.0,0.0,10196.66410000294,10205.10480277986,261.5621258151442,0.0,261.5621258151442
2025-09-23,8,2025-09-23 01:10:00,2025-09-23 01:20:00,LIGHTGBM,3479.83,0.0,3479.83,3497.623534158507,3631.4921306898095,-17.7935341585071,False,0.4302,605.2486884483018,605.2486884483018,-0.0,25.277021781635085,0.0,0.0,0.0,10205.10480277986,10227.85412238333,260.3779857704594,0.0,260.3779857704594
2025-09-23,9,2025-09-23 01:20:00,2025-09-23 01:30:00,LIGHTGBM,3316.08,0.0,3316.08,3483.551214422646,3595.1404070271565,-167.47121442264597,False,0.4279,599.1900678378594,599.1900678378594,-0.0,46.510067837859424,0.0,0.0,0.0,10227.85412238333,10269.713183437403,256.39343002782005,0.0,256.39343002782005
2025-09-23,10,2025-09-23 01:30:00,2025-09-23 01:40:00,LIGHTGBM,3504.3201,0.0,3504.3201,3541.1280122993267,3646.629075203854,-36.807912299326745,False,0.4312,607.7715125339756,607.7715125339756,-0.0,23.7181625339756,0.0,0.0,0.0,10269.713183437403,10291.059529717984,262.0710762046503,0.0,262.0710762046503
2025-09-23,11,2025-09-23 01:40:00,2025-09-23 01:50:00,LIGHTGBM,3611.1697,0.0,3611.1697,3597.7137742433206,3690.359800557369,13.455925756679335,False,0.4333,615.0599667595615,615.0599667595615,-0.0,13.19835009289477,0.0,0.0,0.0,10291.059529717984,10302.938044801587,266.505483596918,0.0,266.505483596918
2025-09-23,12,2025-09-23 01:50:00,2025-09-23 02:00:00,LIGHTGBM,3543.64,0.0,3543.64,3626.850929794176,3725.274347222495,-83.21092979417608,False,0.4311,620.8790578704159,620.8790578704159,-0.0,30.27239120374918,0.0,0.0,0.0,10302.938044801587,10330.183196884962,267.6609618479363,0.0,267.6609618479363
2025-09-23,13,2025-09-23 02:00:00,2025-09-23 02:10:00,LIGHTGBM,3627.3783,0.0,3627.3783,3540.7277352268966,3651.651834639496,86.65056477310327,False,0.4293,608.6086391065827,608.6086391065827,-0.0,4.0455891065827245,0.0,0.0,0.0,10330.183196884962,10333.824227080886,261.27568876845595,0.0,261.27568876845595
2025-09-23,14,2025-09-23 02:10:00,2025-09-23 02:20:00,LIGHTGBM,3646.7973,0.0,3646.7973,3479.3797395715023,3618.13936345714,167.41756042849784,True,0.4324,603.0232272428566,603.0232272428566,-0.0,0.0,4.776322757143475,0.0,0.0,10333.824227080886,10328.517201795172,260.7472434598112,0.0,260.7472434598112
2025-09-23,15,2025-09-23 02:20:00,2025-09-23 02:30:00,LIGHTGBM,3569.92,0.0,3569.92,3575.3424913759886,3677.881893034364,-5.422491375988557,False,0.4367,612.9803155057274,612.9803155057274,-0.0,17.99364883906071,0.0,0.0,0.0,10328.517201795172,10344.711485750326,267.6885037813512,0.0,267.6885037813512
2025-09-23,16,2025-09-23 02:30:00,2025-09-23 02:40:00,LIGHTGBM,3591.0744,0.0,3591.0744,3642.917807659252,3774.99139998822,-51.84340765925208,False,0.4348,629.1652333313699,629.1652333313699,-0.0,30.652833331369948,0.0,0.0,0.0,10344.711485750326,10372.299035748558,273.5610434524796,0.0,273.5610434524796
2025-09-23,17,2025-09-23 02:40:00,2025-09-23 02:50:00,LIGHTGBM,3523.6786,0.0,3523.6786,3631.120227478667,3728.694821261878,-107.44162747866676,False,0.4335,621.4491368769797,621.4491368769797,-0.0,34.16937021031299,0.0,0.0,0.0,10372.299035748558,10403.05146893784,269.3982008361707,0.0,269.3982008361707
2025-09-23,18,2025-09-23 02:50:00,2025-09-23 03:00:00,LIGHTGBM,3402.03,0.0,3402.03,3580.9430618975703,3688.420164192872,-178.91306189757006,False,0.4357,614.7366940321454,614.7366940321454,-0.0,47.73169403214536,0.0,0.0,0.0,10403.05146893784,10446.009993566771,267.8407775898057,0.0,267.8407775898057
2025-09-23,19,2025-09-23 03:00:00,2025-09-23 03:10:00,LIGHTGBM,3470.8796,0.0,3470.8796,3650.757332180431,3758.114371406963,-179.87773218043094,False,0.4374,626.3523952344939,626.3523952344939,-0.0,47.87246190116048,0.0,0.0,0.0,10446.009993566771,10489.095209277815,273.9665376755676,0.0,273.9665376755676
2025-09-23,20,2025-09-23 03:10:00,2025-09-23 03:20:00,LIGHTGBM,3546.3118,0.0,3546.3118,3652.272881793663,3771.253537684191,-105.9610817936632,False,0.4371,628.5422562806984,628.5422562806984,-0.0,37.49028961403178,0.0,0.0,0.0,10489.095209277815,10522.836469930444,274.7358202202933,0.0,274.7358202202933
2025-09-23,21,2025-09-23 03:20:00,2025-09-23 03:30:00,LIGHTGBM,3521.1,0.0,3521.1,3560.7645153973845,3650.7910065552446,-39.66451539738455,False,0.4356,608.4651677592075,608.4651677592075,-0.0,21.61516775920745,0.0,0.0,0.0,10522.836469930444,10542.29012091373,265.0474270759108,0.0,265.0474270759108
2025-09-23,22,2025-09-23 03:30:00,2025-09-23 03:40:00,LIGHTGBM,3493.0415,0.0,3493.0415,3581.2139508612845,3684.992737499191,-88.17245086128469,False,0.4353,614.1654562498652,614.1654562498652,-0.0,31.99187291653186,0.0,0.0,0.0,10542.29012091373,10571.082806538609,267.3462231055663,0.0,267.3462231055663
2025-09-23,23,2025-09-23 03:40:00,2025-09-23 03:50:00,LIGHTGBM,3616.52,0.0,3616.52,3593.5984503618724,3713.8704729900473,22.921549638127544,False,0.436,618.9784121650079,618.9784121650079,-0.0,16.225078831674523,0.0,0.0,0.0,10571.082806538609,10585.685377487116,269.8745877039434,0.0,269.8745877039434
2025-09-23,24,2025-09-23 03:50:00,2025-09-23 04:00:00,LIGHTGBM,3738.77,0.0,3738.77,3644.730984499767,3762.233946924723,94.03901550023284,False,0.4378,627.0389911541205,627.0389911541205,-0.0,3.910657820787151,0.0,0.0,0.0,10585.685377487116,10589.204969525825,274.51767032727395,0.0,274.51767032727395
2025-09-23,25,2025-09-23 04:00:00,2025-09-23 04:10:00,LIGHTGBM,3573.138,0.0019,3573.1360999999997,3731.250312684866,3870.05253160687,-158.1142126848663,False,0.4401,645.0087552678117,645.0087552678117,-0.0,49.48607193447833,0.0,0.0,0.0,10589.204969525825,10633.742434266856,283.868353193364,0.0,283.868353193364
2025-09-23,26,2025-09-23 04:10:00,2025-09-23 04:20:00,LIGHTGBM,3548.8256,0.0,3548.8256,3696.783395608361,3849.752381539792,-147.9577956083608,False,0.4389,641.6253969232986,641.6253969232986,-0.0,50.15446358996519,0.0,0.0,0.0,10633.742434266856,10678.881451497824,281.60938670963577,0.0,281.60938670963577
2025-09-23,27,2025-09-23 04:20:00,2025-09-23 04:30:00,LIGHTGBM,3696.43,0.0,3696.43,3642.703842361653,3752.084357183959,53.72615763834665,False,0.4364,625.3473928639932,625.3473928639932,-0.0,9.275726197326549,0.0,0.0,0.0,10678.881451497824,10687.229605075418,272.9016022458466,0.0,272.9016022458466
2025-09-23,28,2025-09-23 04:30:00,2025-09-23 04:40:00,LIGHTGBM,3629.4046,0.0268,3629.3777999999998,3635.526642084932,3783.209109949683,-6.148842084932312,False,0.4393,630.5348516582804,630.5348516582804,-0.0,25.63855165828045,0.0,0.0,0.0,10687.229605075418,10710.30430156787,276.9939603334826,0.0,276.9939603334826
2025-09-23,29,2025-09-23 04:40:00,2025-09-23 04:50:00,LIGHTGBM,3602.4949,0.0,3602.4949,3639.588342361653,3748.968857183959,-37.093442361652706,False,0.4422,624.8281428639931,624.8281428639931,-0.0,24.412326197326365,0.0,0.0,0.0,10710.30430156787,10732.275395145463,276.2990047744577,0.0,276.2990047744577
2025-09-23,30,2025-09-23 04:50:00,2025-09-23 05:00:00,LIGHTGBM,3708.74,0.0,3708.74,3569.2739687229127,3714.9884866241214,139.46603127708704,False,0.4395,619.1647477706871,619.1647477706871,-0.0,1.041414437353751,0.0,0.0,0.0,10732.275395145463,10733.212668139082,272.122906645217,0.0,272.122906645217
2025-09-23,31,2025-09-23 05:00:00,2025-09-23 05:10:00,LIGHTGBM,3751.3647,0.3731,3750.9916000000003,3546.34238769539,3649.454523959877,204.6492123046105,True,0.4333,608.2424206599795,608.2424206599795,-0.0,0.0,16.92284600668711,0.0,0.0,10733.212668139082,10714.409505909429,263.55144087196913,0.0,263.55144087196913
2025-09-23,32,2025-09-23 05:10:00,2025-09-23 05:20:00,LIGHTGBM,3689.4488,0.0,3689.4488,3608.633568319032,3721.5841738900695,80.81523168096828,False,0.4439,620.2640289816783,620.2640289816783,-0.0,5.355895648344927,0.0,0.0,0.0,10714.409505909429,10719.22981199294,275.335202464967,0.0,275.335202464967
2025-09-23,33,2025-09-23 05:20:00,2025-09-23 05:30:00,LIGHTGBM,3557.68,0.0,3557.68,3668.270592762968,3808.9983100458735,-110.5905927629683,False,0.4301,634.8330516743124,634.8330516743124,-0.0,41.8863850076458,0.0,0.0,0.0,10719.22981199294,10756.92755849982,273.0416955251217,0.0,273.0416955251217
2025-09-23,34,2025-09-23 05:30:00,2025-09-23 05:40:00,LIGHTGBM,3509.0644,5.1961,3503.8683,3561.669467027299,3676.0566635984087,-57.801167027299016,False,0.3713,1446.0094439330685,631.836318333532,814.1731255995363,47.85826833353187,0.0,0.0,0.0,10756.92755849982,10800.0,536.9033065323483,0.0,536.9033065323483
2025-09-23,35,2025-09-23 05:40:00,2025-09-23 05:50:00,LIGHTGBM,4001.4806,0.0,4001.4806,3919.774204832301,4066.0801345558993,81.7063951676987,False,0.5708,677.6800224259832,666.9134333333333,10.766589092649951,0.0,0.0,0.0,0.0,10800.0,10800.0,386.8197568007512,0.0,386.8197568007512
2025-09-23,36,2025-09-23 05:50:00,2025-09-23 06:00:00,LIGHTGBM,4743.74,0.0,4743.74,4654.751630795828,4835.764940849925,88.98836920417216,False,0.9099,0.0,0.0,0.0,0.0,790.6233333333333,0.0,-0.0,10800.0,9921.52962962963,0.0,0.0,0.0
2025-09-23,37,2025-09-23 06:00:00,2025-09-23 06:10:00,LIGHTGBM,4911.4158,148.7833,4762.6325,4649.129743671053,4833.243340849925,113.50275632894682,False,0.9368,0.0,0.0,0.0,0.0,793.7720833333333,0.0,-0.0,9921.52962962963,9039.560648148148,0.0,0.0,0.0
2025-09-23,38,2025-09-23 06:10:00,2025-09-23 06:20:00,LIGHTGBM,4831.9735,376.0146,4455.9589,4279.771630795828,4460.784940849925,176.18726920417157,False,0.8758,0.0,0.0,0.0,0.0,742.6598166666668,0.0,-0.0,9039.560648148148,8214.383074074074,0.0,0.0,0.0
2025-09-23,39,2025-09-23 06:20:00,2025-09-23 06:30:00,LIGHTGBM,4792.2,649.3875,4142.8125,3932.529130795827,4113.542440849925,210.28336920417314,True,0.8759,0.0,0.0,0.0,0.0,690.4687499999999,0.0,-0.0,8214.383074074074,7447.195574074074,0.0,0.0,0.0
2025-09-23,40,2025-09-23 06:30:00,2025-09-23 06:40:00,LIGHTGBM,4757.3085,973.8044,3783.5041,3644.305430795828,3825.318740849925,139.1986692041719,False,0.8601,0.0,0.0,0.0,0.0,630.5840166666667,0.0,-0.0,7447.195574074074,6746.546666666667,0.0,0.0,0.0
2025-09-23,41,2025-09-23 06:40:00,2025-09-23 06:50:00,LIGHTGBM,4755.1526,1245.8597,3509.2929000000004,3343.2054436710528,3527.319040849925,166.0874563289476,False,0.8442,0.0,0.0,0.0,0.0,584.88215,0.0,-0.0,6746.546666666667,6096.677611111111,0.0,0.0,0.0
2025-09-23,42,2025-09-23 06:50:00,2025-09-23 07:00:00,LIGHTGBM,4789.05,1511.775,3277.275,2989.479799992201,3178.543922641594,287.79520000779894,True,0.8334,0.0,0.0,0.0,0.0,546.2125000000001,0.0,-0.0,6096.677611111111,5489.774833333333,0.0,0.0,0.0
2025-09-23,43,2025-09-23 07:00:00,2025-09-23 07:10:00,LIGHTGBM,4816.282,1907.945,2908.3370000000004,2627.994243671053,2825.976232600659,280.3427563289474,True,0.8092,0.0,0.0,0.0,0.0,484.7228333333333,0.0,-0.0,5489.774833333333,4951.193907407407,0.0,0.0,0.0
2025-09-23,44,2025-09-23 07:10:00,2025-09-23 07:20:00,LIGHTGBM,4786.2179,2234.3678,2551.8500999999997,2396.3358436710523,2627.701572082168,155.51425632894734,False,0.7972,79.19766163782964,79.19766163782964,-0.0,0.0,346.11068836217027,0.0,0.0,4951.193907407407,4566.626475893885,63.13637585767779,0.0,63.13637585767779
2025-09-23,45,2025-09-23 07:20:00,2025-09-23 07:30:00,LIGHTGBM,4660.51,2492.5875,2167.9225,2133.5747999922005,2368.3305269231905,34.34770000779963,False,0.7644,394.7217544871984,394.7217544871984,-0.0,33.40133782053181,0.0,0.0,0.0,4566.626475893885,4596.687679932364,301.72530913001447,0.0,301.72530913001447
2025-09-23,46,2025-09-23 07:30:00,2025-09-23 07:40:00,LIGHTGBM,4606.8822,2894.0726,1712.8096,1659.331743671053,1956.0521363901607,53.477856328947155,False,0.6899,326.0086893983601,326.0086893983601,-0.0,40.54042273169341,0.0,0.0,0.0,4596.687679932364,4633.174060390888,224.91339481592863,0.0,224.91339481592863
2025-09-23,47,2025-09-23 07:40:00,2025-09-23 07:50:00,LIGHTGBM,5489.8417,3343.4604,2146.3813,1927.2477999922005,2166.610575389914,219.1335000077995,False,0.86,0.0,0.0,0.0,0.0,357.7302166666667,0.0,-0.0,4633.174060390888,4235.696041872369,0.0,0.0,0.0
2025-09-23,48,2025-09-23 07:50:00,2025-09-23 08:00:00,LIGHTGBM,6701.06,3753.1125,2947.9475,2702.847299992201,2944.6687747017986,245.10020000779923,True,1.1617,0.0,0.0,0.0,0.0,491.3245833333334,0.0,-0.0,4235.696041872369,3689.779838168665,0.0,0.0,0.0
2025-09-23,49,2025-09-23 08:00:00,2025-09-23 08:10:00,LIGHTGBM,6664.9869,4119.6249,2545.362,2545.5729745204408,2927.231755803262,-0.21097452044068632,False,1.1683,0.0,0.0,0.0,0.0,424.227,0.0,-0.0,3689.779838168665,3218.416504835332,0.0,0.0,0.0
2025-09-23,50,2025-09-23 08:10:00,2025-09-23 08:20:00,LIGHTGBM,6469.7028,4427.9049,2041.7978999999996,1959.5498745204409,2370.7804386592,82.24802547955869,False,1.0956,0.0,0.0,0.0,0.0,340.2996499999998,0.0,-0.0,3218.416504835332,2840.30578261311,0.0,0.0,0.0
2025-09-23,51,2025-09-23 08:20:00,2025-09-23 08:30:00,LIGHTGBM,6635.97,4698.6375,1937.3325000000004,1440.1639397214904,1877.585831689794,497.1685602785101,True,1.0849,0.0,0.0,0.0,0.0,322.8887500000002,0.0,-0.0,2840.30578261311,2481.540504835332,0.0,0.0,0.0
2025-09-23,52,2025-09-23 08:30:00,2025-09-23 08:40:00,LIGHTGBM,6600.0815,4997.093,1602.9885000000004,1159.0568999922,1542.390975506671,443.9316000078004,True,1.061,0.0,0.0,0.0,0.0,267.16475,0.0,-0.0,2481.540504835332,2184.6907826131096,0.0,0.0,0.0
2025-09-23,53,2025-09-23 08:40:00,2025-09-23 08:50:00,LIGHTGBM,6462.4233,5400.3214,1062.1019000000006,942.3278999922006,1322.9783527514787,119.77400000779994,False,1.043,0.0,0.0,0.0,0.0,177.01698333333354,0.0,-0.0,2184.6907826131096,1988.0052455760724,0.0,0.0,0.0
2025-09-23,54,2025-09-23 08:50:00,2025-09-23 09:00:00,LIGHTGBM,6427.57,5807.85,619.7199999999993,647.3659517539959,1124.323232601712,-27.645951753996542,False,1.036,0.0,0.0,0.0,0.0,103.28666666666652,0.0,-0.0,1988.0052455760724,1873.2422826131096,0.0,0.0,0.0
2025-09-23,55,2025-09-23 09:00:00,2025-09-23 09:10:00,LIGHTGBM,6551.7343,6020.5511,531.1832000000004,484.8001889854605,908.4507391131264,46.383011014539875,False,1.0147,0.0,0.0,0.0,0.0,88.53053333333332,0.0,-0.0,1873.2422826131096,1774.8750233538503,0.0,0.0,0.0
2025-09-23,56,2025-09-23 09:10:00,2025-09-23 09:20:00,LIGHTGBM,6611.8297,6159.4673,452.3624,176.71709516753924,639.7544994437922,275.64530483246074,False,0.9922,0.0,0.0,0.0,0.0,75.39373333333333,0.0,-0.0,1774.8750233538503,1691.1042085390354,0.0,0.0,0.0
2025-09-23,57,2025-09-23 09:20:00,2025-09-23 09:30:00,LIGHTGBM,6584.42,6306.2625,278.15750000000025,-222.23815801139585,262.21562174227086,500.3956580113961,True,0.97,0.0,0.0,0.0,0.0,46.359583333333376,0.0,-0.0,1691.1042085390354,1639.5935603908872,0.0,0.0,0.0
2025-09-23,58,2025-09-23 09:30:00,2025-09-23 09:40:00,LIGHTGBM,6627.8893,6423.4053,204.48399999999947,-848.1761613408321,-438.1981918011986,1052.6601613408316,True,0.9422,0.0,0.0,0.0,0.0,34.08066666666673,0.0,-0.0,1639.5935603908872,1601.7261529834798,0.0,0.0,0.0
2025-09-23,59,2025-09-23 09:40:00,2025-09-23 09:50:00,LIGHTGBM,6567.1756,6483.305,83.87059999999929,-957.8097681846584,-531.2955148892484,1041.6803681846577,True,0.9569,0.0,0.0,0.0,0.0,13.978433333333214,0.0,-0.0,1601.7261529834798,1586.194560390887,0.0,0.0,0.0
2025-09-23,60,2025-09-23 09:50:00,2025-09-23 10:00:00,LIGHTGBM,6455.96,6487.7625,-31.80249999999978,-849.9215755120161,-327.3444932002693,818.1190755120164,True,0.9977,0.0,0.0,0.0,5.300416666666706,0.0,0.0,-0.0,1586.194560390887,1590.9649353908874,0.0,0.0,0.0
2025-09-23,61,2025-09-23 10:00:00,2025-09-23 10:10:00,LIGHTGBM,6527.0912,6506.7574,20.333799999999428,-918.4596024468524,-516.4481227788933,938.7934024468518,True,0.9919,0.0,0.0,0.0,0.0,3.388966666666647,0.0,-0.0,1590.9649353908874,1587.1994168723688,0.0,0.0,0.0
2025-09-23,62,2025-09-23 10:10:00,2025-09-23 10:20:00,LIGHTGBM,6488.4499,6763.9313,-275.4814000000006,-1019.3097677887062,-502.7329726766536,743.8283677887056,True,0.9588,0.0,0.0,0.0,45.91356666666661,0.0,0.0,-0.0,1587.1994168723688,1628.5216268723689,0.0,0.0,0.0
2025-09-23,63,2025-09-23 10:20:00,2025-09-23 10:30:00,LIGHTGBM,6336.11,7139.7,-803.5900000000001,-1307.8685254932188,-947.6266895356504,504.2785254932187,True,0.9549,0.0,0.0,0.0,133.93166666666684,0.0,0.0,-0.0,1628.5216268723689,1749.060126872369,0.0,0.0,0.0
2025-09-23,64,2025-09-23 10:30:00,2025-09-23 10:40:00,LIGHTGBM,6376.9432,7257.6775,-880.7343000000001,-1604.0271142174674,-1032.23345366418,723.2928142174674,True,0.9839,0.0,0.0,0.0,146.7890500000001,0.0,0.0,-0.0,1749.060126872369,1881.170271872369,0.0,0.0,0.0
2025-09-23,65,2025-09-23 10:40:00,2025-09-23 10:50:00,LIGHTGBM,6473.6947,7240.5731,-766.8783999999996,-1653.354117371884,-1120.1899567670878,886.4757173718845,True,0.799,0.0,0.0,0.0,127.8130666666666,0.0,0.0,-0.0,1881.170271872369,1996.202031872369,0.0,0.0,0.0
2025-09-23,66,2025-09-23 10:50:00,2025-09-23 11:00:00,LIGHTGBM,6470.56,7359.675,-889.1149999999998,-1749.017039405333,-1340.919597180152,859.9020394053332,True,0.5025,0.0,0.0,0.0,148.18583333333322,0.0,0.0,-0.0,1996.202031872369,2129.5692818723687,0.0,0.0,0.0
2025-09-23,67,2025-09-23 11:00:00,2025-09-23 11:10:00,LIGHTGBM,6357.1346,7784.7849,-1427.6502999999993,-1745.0338999934625,-1237.144522783413,317.3835999934631,False,0.4662,627.1425795360979,595.3916166666667,31.75096286943119,833.3333333333334,0.0,0.0,0.0,2129.5692818723687,2879.5692818723687,292.3738705797288,0.0,292.3738705797288
2025-09-23,68,2025-09-23 11:10:00,2025-09-23 11:20:00,LIGHTGBM,6310.6975,8209.6886,-1898.9910999999993,-1725.6797424355454,-1130.0892466123228,-173.31135756445383,False,0.5007,228.3429075033753,228.34290750337527,2.8421709430404014e-14,544.8414241700418,0.0,0.0,0.0,2879.5692818723687,3369.9265636254063,114.33129378694002,0.0,114.33129378694002
2025-09-23,69,2025-09-23 11:20:00,2025-09-23 11:30:00,LIGHTGBM,6431.52,8399.7375,-1968.2174999999988,-1696.2849151274363,-1118.683245137172,-271.93258487256253,False,0.4827,646.8861258104714,505.2970833333335,141.58904247713792,833.3333333333334,0.0,0.0,0.0,3369.9265636254063,4119.926563625406,312.2519329287145,0.0,312.2519329287145
2025-09-23,70,2025-09-23 11:30:00,2025-09-23 11:40:00,LIGHTGBM,6604.0357,8379.679,-1775.6432999999997,-1777.8428767092537,-1213.7819451371724,2.199576709253961,False,0.4785,631.036342477138,537.3927833333333,93.64355914380462,833.3333333333334,0.0,0.0,0.0,4119.926563625406,4869.926563625406,301.9508898753105,0.0,301.9508898753105
2025-09-23,71,2025-09-23 11:40:00,2025-09-23 11:50:00,LIGHTGBM,6371.5522,8435.4109,-2063.8587000000007,-2000.220194141751,-1496.967473714408,-63.63850585824957,False,0.4662,583.8387543809321,489.35688333333326,94.48187104759882,833.3333333333334,0.0,0.0,0.0,4869.926563625406,5619.926563625406,272.1856272923905,0.0,272.1856272923905
2025-09-23,72,2025-09-23 11:50:00,2025-09-23 12:00:00,LIGHTGBM,5893.69,8613.5625,-2719.8725000000004,-2154.9680404851683,-1581.4835957553391,-564.9044595148321,False,0.4432,569.7527340407769,380.02125,189.73148404077688,833.3333333333334,0.0,0.0,0.0,5619.926563625406,6369.926563625406,252.5144117268723,0.0,252.5144117268723
2025-09-23,73,2025-09-23 12:00:00,2025-09-23 12:10:00,LIGHTGBM,5815.5593,8690.3915,-2874.8322,-2578.8763245303307,-2032.6306078207576,-295.9558754696691,False,0.4411,494.5615653632071,354.1946333333333,140.3669320298738,833.3333333333334,0.0,0.0,0.0,6369.926563625406,7119.926563625406,218.15110648171063,0.0,218.15110648171063
2025-09-23,74,2025-09-23 12:10:00,2025-09-23 12:20:00,LIGHTGBM,5929.8452,8581.2694,-2651.4241999999995,-2781.420397115436,-2028.4041169757008,129.99619711543664,False,0.4551,495.26598050404994,391.4293,103.83668050404992,833.3333333333334,0.0,0.0,0.0,7119.926563625406,7869.926563625406,225.39554772739316,0.0,225.39554772739316
2025-09-23,75,2025-09-23 12:20:00,2025-09-23 12:30:00,LIGHTGBM,5958.43,8484.4875,-2526.057499999999,-2450.59863190887,-1758.1837990578465,-75.4588680911288,False,0.4463,540.3027001570256,412.3237500000001,127.97895015702544,833.3333333333334,0.0,0.0,0.0,7869.926563625406,8619.926563625406,241.1370950800805,0.0,241.1370950800805
2025-09-23,76,2025-09-23 12:30:00,2025-09-23 12:40:00,LIGHTGBM,5882.5546,8645.3297,-2762.7751,-2282.814469383037,-1627.4652306392013,-479.96063061696304,False,0.4113,562.0891282267999,372.87081666666666,189.2183115601332,833.3333333333334,0.0,0.0,0.0,8619.926563625406,9369.926563625406,231.1872584396828,0.0,231.1872584396828
2025-09-23,77,2025-09-23 12:40:00,2025-09-23 12:50:00,LIGHTGBM,6091.5912,8546.664,-2455.072800000001,-2154.262711240356,-1605.6672916057514,-300.8100887596447,False,0.5682,0.0,0.0,0.0,409.17880000000025,0.0,0.0,-0.0,9369.926563625406,9738.187483625406,0.0,0.0,0.0
2025-09-23,78,2025-09-23 12:50:00,2025-09-23 13:00:00,LIGHTGBM,6408.53,8135.1375,-1726.6075,-1985.83462464712,-1482.2978158734936,259.22712464712004,False,0.8279,0.0,0.0,0.0,287.7679166666667,0.0,0.0,-0.0,9738.187483625406,9997.178608625409,0.0,0.0,0.0
2025-09-23,79,2025-09-23 13:00:00,2025-09-23 13:10:00,LIGHTGBM,6253.4833,7884.9488,-1631.4655000000002,-1840.4990409829231,-1349.3117347400582,209.0335409829229,False,0.8636,0.0,0.0,0.0,271.9109166666667,0.0,0.0,-0.0,9997.178608625409,10241.898433625409,0.0,0.0,0.0
2025-09-23,80,2025-09-23 13:10:00,2025-09-23 13:20:00,LIGHTGBM,6080.4251,7754.0988,-1673.6736999999994,-1690.9723643954785,-1303.4322543383312,17.298664395479136,False,0.8416,0.0,0.0,0.0,278.9456166666665,0.0,0.0,-0.0,10241.898433625409,10492.949488625409,0.0,0.0,0.0
2025-09-23,81,2025-09-23 13:20:00,2025-09-23 13:30:00,LIGHTGBM,6115.63,7607.2875,-1491.6575000000003,-1647.0057756129108,-1133.459927826129,155.34827561291058,False,0.8618,0.0,0.0,0.0,248.6095833333335,0.0,0.0,-0.0,10492.949488625409,10716.698113625407,0.0,0.0,0.0
2025-09-23,82,2025-09-23 13:30:00,2025-09-23 13:40:00,LIGHTGBM,6161.9414,7394.5585,-1232.6171000000004,-1411.0371627781,-796.8392761672324,178.4200627780997,False,0.8623,0.0,0.0,0.0,92.5576515273254,0.0,0.0,112.87853180600808,10716.698113625407,10800.0,0.0,0.0,0.0
2025-09-23,83,2025-09-23 13:40:00,2025-09-23 13:50:00,LIGHTGBM,6291.8498,7228.1769,-936.3271000000004,-1138.880648191995,-586.7381467746031,202.55354819199465,False,0.9026,0.0,0.0,0.0,0.0,0.0,0.0,156.0545166666666,10800.0,10800.0,0.0,0.0,0.0
2025-09-23,84,2025-09-23 13:50:00,2025-09-23 14:00:00,LIGHTGBM,6409.53,7094.9625,-685.4324999999999,-919.3905810114284,-415.5724842981538,233.95808101142848,False,0.9754,0.0,0.0,0.0,0.0,0.0,0.0,114.23874999999998,10800.0,10800.0,0.0,0.0,0.0
2025-09-23,85,2025-09-23 14:00:00,2025-09-23 14:10:00,LIGHTGBM,6298.6605,6838.0168,-539.3563000000004,-998.3585087851576,-642.8813538884641,459.0022087851572,True,1.0002,0.0,0.0,0.0,0.0,0.0,0.0,89.89271666666673,10800.0,10800.0,0.0,0.0,0.0
2025-09-23,86,2025-09-23 14:10:00,2025-09-23 14:20:00,LIGHTGBM,6212.8259,6393.4647,-180.63880000000063,-680.5035421451192,-426.6640303618906,499.8647421451186,True,0.9978,0.0,0.0,0.0,0.0,0.0,0.0,30.10646666666662,10800.0,10800.0,0.0,0.0,0.0
2025-09-23,87,2025-09-23 14:20:00,2025-09-23 14:30:00,LIGHTGBM,6236.6,5854.05,382.5500000000002,-349.600051247199,5.0431606215238105,732.1500512471991,True,1.0271,0.0,0.0,0.0,0.0,63.758333333333326,0.0,-0.0,10800.0,10729.157407407409,0.0,0.0,0.0
2025-09-23,88,2025-09-23 14:30:00,2025-09-23 14:40:00,LIGHTGBM,6217.1274,5393.4146,823.7128000000002,70.53478439276064,412.9438116505104,753.1780156072396,True,1.0906,0.0,0.0,0.0,0.0,137.28546666666682,0.0,-0.0,10729.157407407409,10576.618,0.0,0.0,0.0
2025-09-23,89,2025-09-23 14:40:00,2025-09-23 14:50:00,LIGHTGBM,6206.2876,4990.8009,1215.4866999999995,289.83412094674986,736.7800620285245,925.6525790532496,True,0.9376,0.0,0.0,0.0,0.0,202.5811166666665,0.0,-0.0,10576.618,10351.52787037037,0.0,0.0,0.0
2025-09-23,90,2025-09-23 14:50:00,2025-09-23 15:00:00,LIGHTGBM,6262.68,4761.6375,1501.0425000000005,461.8798390011382,951.9916383252468,1039.1626609988623,True,0.6694,158.6652730542078,158.66527305420777,2.8421709430404014e-14,0.0,91.50847694579228,0.0,0.0,10351.52787037037,10249.851784875043,106.2105337824867,0.0,106.2105337824867
2025-09-23,91,2025-09-23 15:00:00,2025-09-23 15:10:00,LIGHTGBM,6377.3851,4842.082,1535.3031,834.6034105937225,1225.01063431918,700.6996894062776,True,0.66,441.7748247117468,441.7748247117468,-0.0,185.8909747117468,0.0,0.0,0.0,10249.851784875043,10417.153662115616,291.5713843097529,0.0,291.5713843097529
2025-09-23,92,2025-09-23 15:10:00,2025-09-23 15:20:00,LIGHTGBM,6461.0017,4734.2965,1726.7051999999994,1405.8984105937216,1803.9688227323836,320.80678940627786,False,0.7217,300.66147045539725,300.6614704553972,5.684341886080803e-14,12.877270455397364,0.0,0.0,0.0,10417.153662115616,10428.743205525476,216.9873832276602,0.0,216.9873832276602
2025-09-23,93,2025-09-23 15:20:00,2025-09-23 15:30:00,LIGHTGBM,6382.45,4417.2375,1965.2124999999996,2004.240585121962,2406.8732366825284,-39.02808512196248,False,0.7308,401.1455394470881,401.145539447088,5.684341886080803e-14,73.61012278042153,0.0,0.0,0.0,10428.743205525476,10494.992316027856,293.157160227932,0.0,293.157160227932
2025-09-23,94,2025-09-23 15:30:00,2025-09-23 15:40:00,LIGHTGBM,6120.1976,4306.354,1813.8436000000002,2303.934689608037,2655.782540492292,-490.0910896080368,False,0.7534,442.630423415382,442.630423415382,-0.0,140.3231567487153,0.0,0.0,0.0,10494.992316027856,10621.2831571017,333.4777610011488,0.0,333.4777610011488
2025-09-23,95,2025-09-23 15:40:00,2025-09-23 15:50:00,LIGHTGBM,6153.6297,4035.9346,2117.6951000000004,2462.7297105937223,2745.9266957313494,-345.03461059372194,False,0.7823,457.6544492885582,457.6544492885582,0.0,104.70526595522485,0.0,1.1368683772161605e-13,0.0,10621.2831571017,10715.517896461402,358.0230756784391,4.446860657481011e-13,358.0230756784396
2025-09-23,96,2025-09-23 15:50:00,2025-09-23 16:00:00,LIGHTGBM,6505.17,3543.675,2961.495,2744.1187105937224,3043.884350209912,217.37628940627746,False,0.8055,507.3140583683187,507.31405836831857,1.1368683772161605e-13,13.7315583683187,0.0,0.0,0.0,10715.517896461402,10727.87629899289,408.6414740156807,0.0,408.6414740156807
2025-09-23,97,2025-09-23 16:00:00,2025-09-23 16:10:00,LIGHTGBM,6704.9712,3168.3753,3536.5959,3238.89583205012,3535.9572771166954,297.70006794987967,True,0.8271,589.3262128527825,589.3262128527825,-0.0,0.0,0.106437147217548,0.0,0.0,10727.87629899289,10727.75803549598,487.4317106505364,0.0,487.4317106505364
2025-09-23,98,2025-09-23 16:10:00,2025-09-23 16:20:00,LIGHTGBM,6651.3841,2836.5022,3814.8819000000003,3539.4564851219625,3869.831602458317,275.4254148780378,False,0.8519,644.9719337430528,644.9719337430528,0.0,9.158283743052834,0.0,1.1368683772161605e-13,0.0,10727.75803549598,10736.000490864728,549.4515903557067,4.842490852752235e-13,549.4515903557071
2025-09-23,99,2025-09-23 16:20:00,2025-09-23 16:30:00,LIGHTGBM,6512.95,2503.5375,4009.4125,3828.493710593722,4081.215741283964,180.91878940627794,False,0.8791,680.2026235473273,680.2026235473273,0.0,11.967206880660797,0.0,1.1368683772161605e-13,0.0,10736.000490864728,10746.770977057322,597.9661263604554,4.997104952053633e-13,597.9661263604559
2025-09-23,100,2025-09-23 16:30:00,2025-09-23 16:40:00,LIGHTGBM,6516.7553,2218.6701,4298.0851999999995,4083.460210593722,4334.59385714685,214.62498940627756,False,0.9024,722.4323095244749,722.4323095244749,-0.0,6.0847761911416,0.0,0.0,0.0,10746.770977057322,10752.24727562935,651.9229161148861,0.0,651.9229161148861
2025-09-23,101,2025-09-23 16:40:00,2025-09-23 16:50:00,LIGHTGBM,6452.5286,1863.5925,4588.9361,4513.256935445488,4742.640589018077,75.67916455451177,False,0.9163,790.4400981696795,790.4400981696795,0.0,25.61741483634637,0.0,1.1368683772161605e-13,0.0,10752.24727562935,10775.302948982062,724.2802619528773,5.20856247021584e-13,724.2802619528778
2025-09-23,102,2025-09-23 16:50:00,2025-09-23 17:00:00,LIGHTGBM,6349.71,1465.3875,4884.3225,4905.405585121962,5208.957618945776,-21.08308512196163,False,0.9264,868.1596031576292,841.494917797709,26.664685359920213,27.44116779770896,0.0,0.0,0.0,10775.302948982062,10800.0,804.2630563652277,0.0,804.2630563652277
2025-09-23,103,2025-09-23 17:00:00,2025-09-23 17:10:00,LIGHTGBM,6441.2731,1178.7512,5262.521900000001,5176.661410593722,5388.121101696686,85.86048940627825,False,0.9462,898.0201836161144,877.0869833333335,20.933200282780945,0.0,0.0,0.0,0.0,10800.0,10800.0,849.7066977375675,0.0,849.7066977375675
2025-09-23,104,2025-09-23 17:10:00,2025-09-23 17:20:00,LIGHTGBM,6397.9351,917.9154,5480.0197,5382.873110593722,5604.895024557649,97.1465894062776,False,0.9742,934.1491707596082,913.3366166666666,20.812554092941586,0.0,0.0,0.0,0.0,10800.0,10800.0,910.0481221540102,0.0,910.0481221540102
2025-09-23,105,2025-09-23 17:20:00,2025-09-23 17:30:00,LIGHTGBM,6368.49,630.1875,5738.3025,5767.325989608036,6021.51149173762,-29.02348960803647,False,0.9862,1003.5852486229364,956.38375,47.20149862293658,0.0,0.0,0.0,0.0,10800.0,10800.0,989.73577219194,0.0,989.73577219194
2025-09-23,106,2025-09-23 17:30:00,2025-09-23 17:40:00,LIGHTGBM,6667.634,356.458,6311.176,6140.880985121963,6425.580745949034,170.29501487803736,False,0.976,1070.930124324839,1051.8626666666669,19.06745765817232,0.0,0.0,0.0,0.0,10800.0,10800.0,1045.2278013410428,0.0,1045.2278013410428
2025-09-23,107,2025-09-23 17:40:00,2025-09-23 17:50:00,LIGHTGBM,5886.4358,131.4439,5754.9919,5781.194510593722,5973.769018191999,-26.202610593722056,False,1.0742,995.6281696986664,959.1653166666666,36.462853031999884,0.0,0.0,0.0,0.0,10800.0,10800.0,1069.5037798903077,0.0,1069.5037798903077
2025-09-23,108,2025-09-23 17:50:00,2025-09-23 18:00:00,LIGHTGBM,4515.87,0.0,4515.87,4807.402240945658,4984.954912501559,-291.5322409456585,False,1.2313,830.8258187502598,752.645,78.18081875025985,0.0,0.0,0.0,0.0,10800.0,10800.0,1022.995830627195,0.0,1022.995830627195
2025-09-23,109,2025-09-23 18:00:00,2025-09-23 18:10:00,LIGHTGBM,4585.9791,0.0,4585.9791,4549.2937355141485,4742.303269645927,36.685364485851096,False,1.2561,790.3838782743211,764.32985,26.054028274321126,0.0,0.0,0.0,0.0,10800.0,10800.0,992.8011895003748,0.0,992.8011895003748
2025-09-23,110,2025-09-23 18:10:00,2025-09-23 18:20:00,LIGHTGBM,4985.787,4.4234,4981.363600000001,4665.331764109393,4851.165269645926,316.0318358906079,True,1.2447,808.5275449409877,808.5275449409877,-0.0,0.0,21.69972172567907,0.0,0.0,10800.0,10775.88919808258,1006.3742351880474,0.0,1006.3742351880474
2025-09-23,111,2025-09-23 18:20:00,2025-09-23 18:30:00,LIGHTGBM,5006.5,0.0,5006.5,4775.761953820884,4961.527472334792,230.73804617911628,True,1.2545,826.921245389132,826.921245389132,-0.0,0.0,7.49542127753466,0.0,0.0,10775.88919808258,10767.560952218651,1037.372702340666,0.0,1037.372702340666
2025-09-23,112,2025-09-23 18:30:00,2025-09-23 18:40:00,LIGHTGBM,5016.9579,0.0,5016.9579,4995.932839295819,5178.912967342582,21.02506070418167,False,1.2522,863.1521612237638,863.1521612237638,-0.0,26.9925112237637,0.0,0.0,0.0,10767.560952218651,10791.85421232004,1080.839136284397,0.0,1080.839136284397
2025-09-23,113,2025-09-23 18:40:00,2025-09-23 18:50:00,LIGHTGBM,4862.5058,0.3176,4862.1882,4856.153139295818,5039.282312501558,6.035060704181888,False,1.2881,839.8803854169264,819.4155751999571,20.46481021696934,9.050875199957066,0.0,0.0,0.0,10791.85421232004,10800.0,1081.8499244555428,0.0,1081.8499244555428
2025-09-23,114,2025-09-23 18:50:00,2025-09-23 19:00:00,LIGHTGBM,4664.56,0.0,4664.56,4574.220564109393,4760.054069645927,90.33943589060709,False,1.3466,0.0,0.0,0.0,0.0,777.4266666666667,0.0,-0.0,10800.0,9936.192592592592,0.0,0.0,0.0
2025-09-23,115,2025-09-23 19:00:00,2025-09-23 19:10:00,LIGHTGBM,4794.5933,0.0,4794.5933,4844.598010142031,5028.790012501559,-50.00471014203049,False,1.3523,4.798335416926534,4.798335416926534,-0.0,0.0,794.3005479164069,0.0,0.0,9936.192592592592,9053.63642824103,6.488788984309752,0.0,6.488788984309752
2025-09-23,116,2025-09-23 19:10:00,2025-09-23 19:20:00,LIGHTGBM,4953.598,0.0228,4953.5752,5015.080610142031,5199.123567342583,-61.505410142030996,False,1.3445,33.1872612237637,33.1872612237637,-0.0,0.0,792.408605442903,0.0,0.0,9053.63642824103,8173.18242219336,44.620272715350296,0.0,44.620272715350296
2025-09-23,117,2025-09-23 19:20:00,2025-09-23 19:30:00,LIGHTGBM,4906.9,0.0,4906.9,4872.036026420593,5059.408464947261,34.863973579406775,False,1.3483,9.901410824543404,9.901410824543404,-0.0,0.0,807.9152558421232,0.0,0.0,8173.18242219336,7275.498804591001,13.350072214731872,0.0,13.350072214731872
2025-09-23,118,2025-09-23 19:30:00,2025-09-23 19:40:00,LIGHTGBM,4721.0181,0.0,4721.0181,4857.524810142031,5041.567767342583,-136.5067101420309,False,1.349,6.927961223763759,6.927961223763759,-0.0,0.0,779.9083887762363,0.0,0.0,7275.498804591001,6408.933928172961,9.345819690857311,0.0,9.345819690857311
2025-09-23,119,2025-09-23 19:40:00,2025-09-23 19:50:00,LIGHTGBM,4705.315,0.0016,4705.3134,4868.956310142031,5053.148312501559,-163.64291014203081,False,1.3473,8.85805208359318,8.85805208359318,-0.0,0.0,775.3608479164068,0.0,0.0,6408.933928172961,5547.421874932509,11.93445357222509,0.0,11.93445357222509
2025-09-23,120,2025-09-23 19:50:00,2025-09-23 20:00:00,LIGHTGBM,4871.47,0.0,4871.47,4784.362910142031,4968.55491250156,87.10708985796919,False,1.3482,0.0,0.0,0.0,0.0,811.9116666666667,0.0,-0.0,5547.421874932509,4645.297800858435,0.0,0.0,0.0
2025-09-23,121,2025-09-23 20:00:00,2025-09-23 20:10:00,LIGHTGBM,4963.0687,0.0,4963.0687,4668.122564109393,4853.956069645927,294.94613589060646,True,1.3513,0.0,0.0,0.0,0.0,827.1781166666666,0.0,-0.0,4645.297800858435,3726.211004562139,0.0,0.0,0.0
2025-09-23,122,2025-09-23 20:10:00,2025-09-23 20:20:00,LIGHTGBM,5061.4062,0.0,5061.4062,4671.465064109393,4857.298569645926,389.94113589060726,True,1.34,433.310603573224,433.310603573224,-0.0,0.0,410.2570964267761,0.0,0.0,3726.211004562139,3270.3697863101656,580.6362087881201,0.0,580.6362087881201
2025-09-23,123,2025-09-23 20:20:00,2025-09-23 20:30:00,LIGHTGBM,5038.25,0.0,5038.25,4817.902910142031,5002.09491250156,220.34708985796897,True,1.3489,0.3491520835932533,0.3491520835932533,0.0,0.0,833.3333333333334,6.025847916406747,0.0,3270.3697863101656,2344.4438603842395,0.4709712455589394,40.641331272205306,41.11230251776425
2025-09-23,124,2025-09-23 20:30:00,2025-09-23 20:40:00,LIGHTGBM,4709.3717,0.0,4709.3717,4961.627910142031,5153.163464947261,-252.2562101420317,False,1.3952,25.527244157876797,25.527244157876797,-0.0,0.0,759.3680391754565,0.0,0.0,2344.4438603842395,1500.7015946337324,35.615611049069706,0.0,35.615611049069706
2025-09-23,125,2025-09-23 20:40:00,2025-09-23 20:50:00,LIGHTGBM,4809.9708,0.0,4809.9708,4887.46061014203,5071.652612501559,-77.48981014203036,False,1.2226,845.2754354169265,845.2754354169265,-0.0,43.61363541692651,0.0,0.0,0.0,1500.7015946337324,1539.9538665089665,1033.4337473407345,0.0,1033.4337473407345
2025-09-23,126,2025-09-23 20:50:00,2025-09-23 21:00:00,LIGHTGBM,5215.3,0.0,5215.3,4755.62291014203,4939.814912501559,459.6770898579698,True,0.9332,823.3024854169265,823.3024854169265,-0.0,0.0,45.91418124974018,0.0,0.0,1539.9538665089665,1488.9381095648105,768.3058793910759,0.0,768.3058793910759
2025-09-23,127,2025-09-23 21:00:00,2025-09-23 21:10:00,LIGHTGBM,5055.1463,0.0,5055.1463,4886.940110142031,5078.475664947261,168.20618985796955,False,0.9068,846.4126108245435,846.4126108245435,-0.0,3.8882274912101593,0.0,0.0,0.0,1488.9381095648105,1492.4375143068996,767.5269554956961,0.0,767.5269554956961
2025-09-23,128,2025-09-23 21:10:00,2025-09-23 21:20:00,LIGHTGBM,4827.5711,0.0,4827.5711,4760.843510142031,4952.379064947261,66.72758985796918,False,0.9371,825.3965108245435,825.3965108245435,-0.0,20.801327491210145,0.0,0.0,0.0,1492.4375143068996,1511.1587090489888,773.4790702936798,0.0,773.4790702936798
2025-09-23,129,2025-09-23 21:20:00,2025-09-23 21:30:00,LIGHTGBM,4880.29,0.0,4880.29,4553.720564109393,4739.554069645927,326.56943589060666,True,0.9371,789.9256782743211,789.9256782743211,-0.0,0.0,23.455988392345603,0.0,0.0,1511.1587090489888,1485.0964997241604,740.2393531108663,0.0,740.2393531108663
2025-09-23,130,2025-09-23 21:30:00,2025-09-23 21:40:00,LIGHTGBM,4979.2148,0.0,4979.2148,4873.768710142031,5053.099564581229,105.44608985796913,False,0.9871,842.1832607635382,842.1832607635382,-0.0,12.314127430204962,0.0,0.0,0.0,1485.0964997241604,1496.179214411345,831.3190966996885,0.0,831.3190966996885
2025-09-23,131,2025-09-23 21:40:00,2025-09-23 21:50:00,LIGHTGBM,4609.119,0.0,4609.119,4633.432373035106,4809.659558357151,-24.31337303510645,False,0.7764,801.6099263928585,801.6099263928585,-0.0,33.42342639285857,0.0,0.0,0.0,1496.179214411345,1526.2602981649177,622.3699468514153,0.0,622.3699468514153
2025-09-23,132,2025-09-23 21:50:00,2025-09-23 22:00:00,LIGHTGBM,3835.46,0.0,3835.46,3695.0610151807496,3861.44594260601,140.39898481925047,False,0.4209,1476.9076571010016,1472.5766666666668,4.330990434334808,833.3333333333334,0.0,0.0,0.0,1526.2602981649177,2276.260298164918,621.6304328738116,0.0,621.6304328738116
2025-09-23,133,2025-09-23 22:00:00,2025-09-23 22:10:00,LIGHTGBM,3320.6494,0.0,3320.6494,3539.743476382334,3693.413197064034,-219.09407638233415,False,0.3859,1448.9021995106723,1386.7749,62.1272995106724,833.3333333333334,0.0,0.0,0.0,2276.260298164918,3026.260298164918,559.1313587911685,0.0,559.1313587911685
2025-09-23,134,2025-09-23 22:10:00,2025-09-23 22:20:00,LIGHTGBM,3496.0714,0.0,3496.0714,3588.418352616525,3708.330678644869,-92.34695261652541,False,0.4368,618.0551131074782,618.0551131074782,-0.0,35.37654644081158,0.0,0.0,0.0,3026.260298164918,3058.0991899616483,269.9664734053465,0.0,269.9664734053465
2025-09-23,135,2025-09-23 22:20:00,2025-09-23 22:30:00,LIGHTGBM,3883.24,0.0,3883.24,3582.0197418136554,3719.49471463994,301.2202581863444,True,0.4198,1453.2491191066567,1453.2491191066567,-0.0,806.0424524399901,0.0,0.0,0.0,3058.0991899616483,3783.53739715764,610.0739802009745,0.0,610.0739802009745
2025-09-23,136,2025-09-23 22:30:00,2025-09-23 22:40:00,LIGHTGBM,3580.1991,0.0,3580.1991,3580.62033389002,3722.6965850499273,-0.42123389002017575,False,0.4186,1453.782764174988,1430.0331833333337,23.749580841654502,833.3333333333334,0.0,0.0,0.0,3783.53739715764,4533.537397157639,608.55346508365,0.0,608.55346508365
2025-09-23,137,2025-09-23 22:40:00,2025-09-23 22:50:00,LIGHTGBM,3332.1137,0.0,3332.1137,3636.624591475756,3804.1238927587383,-304.5108914757561,False,0.4241,1467.3539821264565,1388.6856166666666,78.66836545978981,833.3333333333334,0.0,0.0,0.0,4533.537397157639,5283.537397157639,622.3048238198302,0.0,622.3048238198302
2025-09-23,138,2025-09-23 22:50:00,2025-09-23 23:00:00,LIGHTGBM,3416.1,0.0,3416.1,3679.1284421028254,3859.2589377562326,-263.02844210282547,False,0.4237,1476.5431562927056,1402.6833333333334,73.8598229593722,833.3333333333334,0.0,0.0,0.0,5283.537397157639,6033.537397157639,625.6113353212194,0.0,625.6113353212194
2025-09-23,139,2025-09-23 23:00:00,2025-09-23 23:10:00,LIGHTGBM,3387.9352,0.0,3387.9352,3596.1531742433203,3689.051698126429,-208.21797424332044,False,0.4248,1281.5086163544047,1281.5086163544047,-0.0,716.8527496877381,0.0,0.0,0.0,6033.537397157639,6678.704871876604,544.3848602273512,0.0,544.3848602273512
2025-09-23,140,2025-09-23 23:10:00,2025-09-23 23:20:00,LIGHTGBM,3459.0094,0.0,3459.0094,3586.644810091473,3714.097875545784,-127.6354100914732,False,0.424,1452.3496459242974,1409.8349,42.51474592429736,833.3333333333334,0.0,0.0,0.0,6678.704871876604,7428.704871876604,615.7962498719021,0.0,615.7962498719021
2025-09-23,141,2025-09-23 23:20:00,2025-09-23 23:30:00,LIGHTGBM,3661.95,0.0,3661.95,3785.43651496298,3878.495585919551,-123.48651496297998,False,0.422,1479.7492643199253,1443.6583333333333,36.09093098659196,833.3333333333334,0.0,0.0,0.0,7428.704871876604,8178.704871876604,624.4541895430084,0.0,624.4541895430084
2025-09-23,142,2025-09-23 23:30:00,2025-09-23 23:40:00,LIGHTGBM,3702.4038,0.0,3702.4038,3604.198381027378,3758.3052588799615,98.20541897262183,False,0.424,1459.7175431466603,1450.4006333333334,9.316909813326902,833.3333333333334,0.0,0.0,0.0,8178.704871876604,8928.704871876604,618.920238294184,0.0,618.920238294184
2025-09-23,143,2025-09-23 23:40:00,2025-09-23 23:50:00,LIGHTGBM,3409.7885,0.0,3409.7885,3599.193946661616,3715.3602704537184,-189.40544666161577,False,0.4271,619.2267117422864,619.2267117422864,-0.0,50.928628408953045,0.0,0.0,0.0,8928.704871876604,8974.540637444661,264.4717285851305,0.0,264.4717285851305
2025-09-23,144,2025-09-23 23:50:00,2025-09-24 00:00:00,LIGHTGBM,3147.61,0.0,3147.61,3740.900190333769,3893.63765786526,-593.2901903337688,False,0.4276,648.93960964421,648.93960964421,-0.0,124.33794297754332,0.0,0.0,0.0,8974.540637444661,9086.44478612445,277.4865770838642,0.0,277.4865770838642
2025-12-21,1,2025-12-21 00:00:00,2025-12-21 00:10:00,LIGHTGBM,3576.1063,0.0,3576.1063,3560.223265852237,3703.49638358673,15.883034147762828,False,0.4248,682.3926407791625,682.3926407791625,-0.0,86.37492411249593,0.0,0.0,0.0,9241.371080836763,9319.108512538009,289.88039380298824,0.0,289.88039380298824
2025-12-21,2,2025-12-21 00:10:00,2025-12-21 00:20:00,LIGHTGBM,3537.871,0.0,3537.871,3473.1322321920275,3595.925072177186,64.73876780797264,False,0.4245,1432.6541786961975,1422.9785000000002,9.675678696197563,833.3333333333334,0.0,0.0,0.0,9319.108512538009,10069.108512538009,608.161698856536,0.0,608.161698856536
2025-12-21,3,2025-12-21 00:20:00,2025-12-21 00:30:00,LIGHTGBM,3472.1,0.0,3472.1,3527.595044373881,3643.277016406587,-55.49504437388123,False,0.4269,607.2128360677644,607.2128360677644,-0.0,28.52950273443116,0.0,0.0,0.0,10069.108512538009,10094.785064998996,259.21915971732864,0.0,259.21915971732864
2025-12-21,4,2025-12-21 00:30:00,2025-12-21 00:40:00,LIGHTGBM,3388.2602,0.0,3388.2602,3658.864397763419,3756.718360456349,-270.60419776341905,False,0.4272,626.1197267427249,626.1197267427249,-0.0,61.40969340939148,0.0,0.0,0.0,10094.785064998996,10150.053789067448,267.4783472644921,0.0,267.4783472644921
2025-12-21,5,2025-12-21 00:40:00,2025-12-21 00:50:00,LIGHTGBM,3299.4233,0.0,3299.4233,3702.392482503267,3827.716263159177,-402.9691825032669,False,0.4271,637.9527105265295,637.9527105265295,-0.0,88.04882719319619,0.0,0.0,0.0,10150.053789067448,10229.297733541323,272.4696026658807,0.0,272.4696026658807
2025-12-21,6,2025-12-21 00:50:00,2025-12-21 01:00:00,LIGHTGBM,3349.26,0.0,3349.26,3643.47997970027,3748.989453145694,-294.21997970026996,False,0.4285,624.8315755242824,624.8315755242824,-0.0,66.62157552428232,0.0,0.0,0.0,10229.297733541323,10289.257151513177,267.740330112155,0.0,267.740330112155
2025-12-21,7,2025-12-21 01:00:00,2025-12-21 01:10:00,LIGHTGBM,3662.0911,0.0,3662.0911,3619.3100142601647,3717.2970901874687,42.78108573983536,False,0.4311,619.5495150312448,619.5495150312448,-0.0,9.20099836457814,0.0,0.0,0.0,10289.257151513177,10297.538050041298,267.0877959299696,0.0,267.0877959299696
2025-12-21,8,2025-12-21 01:10:00,2025-12-21 01:20:00,LIGHTGBM,3799.4157,0.0,3799.4157,3615.562633457793,3711.14775330806,183.85306654220722,True,0.4302,618.5246255513433,618.5246255513433,-0.0,0.0,14.711324448656685,0.0,0.0,10297.538050041298,10281.192133987235,266.08929391218794,0.0,266.08929391218794
2025-12-21,9,2025-12-21 01:20:00,2025-12-21 01:30:00,LIGHTGBM,3736.18,0.0,3736.18,3646.104532730793,3801.4475286478296,90.07546726920691,False,0.4279,633.5745881079716,633.5745881079716,-0.0,10.877921441305034,0.0,0.0,0.0,10281.192133987235,10290.98226328441,271.1065662514011,0.0,271.1065662514011
2025-12-21,10,2025-12-21 01:30:00,2025-12-21 01:40:00,LIGHTGBM,3824.9356,0.0,3824.9356,3660.767898509877,3812.1443751141055,164.1677014901229,True,0.4312,635.3573958523509,635.3573958523509,-0.0,0.0,2.1318708143156755,0.0,0.0,10290.98226328441,10288.61351793517,273.9661090915337,0.0,273.9661090915337
2025-12-21,11,2025-12-21 01:40:00,2025-12-21 01:50:00,LIGHTGBM,3734.208,0.0,3734.208,3699.816694213711,3825.5834094473,34.391305786289195,False,0.4333,637.5972349078833,637.5972349078833,-0.0,15.22923490788321,0.0,0.0,0.0,10288.61351793517,10302.319829352264,276.2708818855858,0.0,276.2708818855858
2025-12-21,12,2025-12-21 01:50:00,2025-12-21 02:00:00,LIGHTGBM,3587.15,0.0,3587.15,3747.2241458151366,3886.3490729578816,-160.0741458151365,False,0.4311,647.7248454929803,647.7248454929803,-0.0,49.86651215964696,0.0,0.0,0.0,10302.319829352264,10347.199690295944,279.2341808920238,0.0,279.2341808920238
2025-12-21,13,2025-12-21 02:00:00,2025-12-21 02:10:00,LIGHTGBM,3856.4774,0.0,3856.4774,3774.950547692919,3899.5468729578815,81.5268523070813,False,0.4293,649.9244788263136,649.9244788263136,-0.0,7.1782454929801816,0.0,0.0,0.0,10347.199690295944,10353.660111239627,279.0125787601364,0.0,279.0125787601364
2025-12-21,14,2025-12-21 02:10:00,2025-12-21 02:20:00,LIGHTGBM,3923.2147,0.0,3923.2147,3830.1357520044553,3958.1891694087744,93.0789479955447,False,0.4324,659.6981949014624,659.6981949014624,-0.0,5.829078234795816,0.0,0.0,0.0,10353.660111239627,10358.906281650943,285.25349947539235,0.0,285.25349947539235
2025-12-21,15,2025-12-21 02:20:00,2025-12-21 02:30:00,LIGHTGBM,3730.5,0.0,3730.5,3923.021931198574,4033.7760398723694,-192.52193119857384,False,0.4367,672.2960066453949,672.2960066453949,-0.0,50.54600664539487,0.0,0.0,0.0,10358.906281650943,10404.3976876318,293.5916661020439,0.0,293.5916661020439
2025-12-21,16,2025-12-21 02:30:00,2025-12-21 02:40:00,LIGHTGBM,3819.86,0.0,3819.86,4014.334221653636,4114.47969813035,-194.47422165363605,False,0.4348,685.7466163550583,685.7466163550583,-0.0,49.10328302172502,0.0,0.0,0.0,10404.3976876318,10448.590642351352,298.1626287911794,0.0,298.1626287911794
2025-12-21,17,2025-12-21 02:40:00,2025-12-21 02:50:00,LIGHTGBM,3791.4644,0.0,3791.4644,4026.080548679869,4125.846248373734,-234.61614867986918,False,0.4335,687.6410413956223,687.6410413956223,-0.0,55.730308062289055,0.0,0.0,0.0,10448.590642351352,10498.747919607413,298.09239144500225,0.0,298.09239144500225
2025-12-21,18,2025-12-21 02:50:00,2025-12-21 03:00:00,LIGHTGBM,3751.73,0.0,3751.73,3931.9739317407143,4066.959047963432,-180.2439317407143,False,0.4357,677.8265079939052,677.8265079939052,-0.0,52.53817466057194,0.0,0.0,0.0,10498.747919607413,10546.032276801923,295.3290095329445,0.0,295.3290095329445
2025-12-21,19,2025-12-21 03:00:00,2025-12-21 03:10:00,LIGHTGBM,4180.5461,0.0,4180.5461,3870.6958317407143,4015.90372884626,309.85026825928526,True,0.4374,669.3172881410434,669.3172881410434,-0.0,0.0,27.440395192289884,0.0,0.0,10546.032276801923,10515.542948810493,292.7593818328924,0.0,292.7593818328924
2025-12-21,20,2025-12-21 03:10:00,2025-12-21 03:20:00,LIGHTGBM,4115.3327,0.0,4115.3327,3967.8877317407146,4102.872847963431,147.44496825928536,True,0.4371,683.8121413272385,683.8121413272385,-0.0,0.0,2.0766420060948576,0.0,0.0,10515.542948810493,10513.23556880372,298.8942869741359,0.0,298.8942869741359
2025-12-21,21,2025-12-21 03:20:00,2025-12-21 03:30:00,LIGHTGBM,3748.74,0.0,3748.74,4054.884671599988,4199.531362831001,-306.1446715999882,False,0.4356,699.9218938051669,699.9218938051669,-0.0,75.1318938051669,0.0,0.0,0.0,10513.23556880372,10580.85427322837,304.88597694153066,0.0,304.88597694153066
2025-12-21,22,2025-12-21 03:30:00,2025-12-21 03:40:00,LIGHTGBM,4220.4858,0.0,4220.4858,3889.0216317407135,4047.409578974608,331.4641682592869,True,0.4353,674.5682631624346,674.5682631624346,-0.0,0.0,28.846036837565407,0.0,0.0,10580.85427322837,10548.803121186633,293.6395649546078,0.0,293.6395649546078
2025-12-21,23,2025-12-21 03:40:00,2025-12-21 03:50:00,LIGHTGBM,4423.9257,0.0,4423.9257,3841.8274483551577,3987.554415160752,582.0982516448421,True,0.436,664.5924025267921,664.5924025267921,-0.0,0.0,72.72854747320787,0.0,0.0,10548.803121186633,10467.993623994178,289.7622875016813,0.0,289.7622875016813
2025-12-21,24,2025-12-21 03:50:00,2025-12-21 04:00:00,LIGHTGBM,4079.15,0.0,4079.15,3976.3839317407146,4125.331060388816,102.76606825928548,False,0.4378,687.5551767314693,687.5551767314693,-0.0,7.696843398135911,0.0,0.0,0.0,10467.993623994178,10474.9207830525,301.0116563730373,0.0,301.0116563730373
2025-12-21,25,2025-12-21 04:00:00,2025-12-21 04:10:00,LIGHTGBM,4038.9424,0.0,4038.9424,4013.736531740715,4152.235990237482,25.205868259285126,False,0.4401,692.039331706247,692.039331706247,-0.0,18.88226503958037,0.0,0.0,0.0,10474.9207830525,10491.914821588123,304.5665098839193,0.0,304.5665098839193
2025-12-21,26,2025-12-21 04:10:00,2025-12-21 04:20:00,LIGHTGBM,4082.3954,0.0,4082.3954,4058.4531715999874,4206.424736827988,23.942228400012482,False,0.4389,701.0707894713314,701.0707894713314,-0.0,20.671556137998092,0.0,0.0,0.0,10491.914821588123,10510.519222112322,307.6999694989674,0.0,307.6999694989674
2025-12-21,27,2025-12-21 04:20:00,2025-12-21 04:30:00,LIGHTGBM,4064.87,0.0,4064.87,4211.820139011464,4352.427990349127,-146.95013901146376,False,0.4364,725.4046650581878,725.4046650581878,-0.0,47.92633172485444,0.0,0.0,0.0,10510.519222112322,10553.65292066469,316.5665958313932,0.0,316.5665958313932
2025-12-21,28,2025-12-21 04:30:00,2025-12-21 04:40:00,LIGHTGBM,4121.8784,0.0,4121.8784,4340.28307611744,4461.91292882932,-218.40467611744043,False,0.4393,743.6521548048867,743.6521548048867,-0.0,56.67242147155344,0.0,0.0,0.0,10553.65292066469,10604.658099989088,326.68639160578675,0.0,326.68639160578675
2025-12-21,29,2025-12-21 04:40:00,2025-12-21 04:50:00,LIGHTGBM,4083.6154,0.0,4083.6154,4270.773314463168,4408.55099126338,-187.15791446316825,False,0.4422,734.7584985438966,734.7584985438966,-0.0,54.15593187722993,0.0,0.0,0.0,10604.658099989088,10653.398438678596,324.91020805611106,0.0,324.91020805611106
2025-12-21,30,2025-12-21 04:50:00,2025-12-21 05:00:00,LIGHTGBM,4032.31,0.0,4032.31,4079.2246715999872,4223.007183607658,-46.91467159998729,False,0.4395,703.8345306012762,703.8345306012762,-0.0,31.782863934609622,0.0,0.0,0.0,10653.398438678596,10682.003016219744,309.33527619926093,0.0,309.33527619926093
2025-12-21,31,2025-12-21 05:00:00,2025-12-21 05:10:00,LIGHTGBM,4217.9422,0.0023,4217.9399,4114.120845165609,4243.324007933553,103.81905483439095,False,0.4333,707.2206679889255,707.2206679889255,-0.0,4.230684655592086,0.0,0.0,0.0,10682.003016219744,10685.81063240978,306.4387154396014,0.0,306.4387154396014
2025-12-21,32,2025-12-21 05:10:00,2025-12-21 05:20:00,LIGHTGBM,4253.2484,0.0,4253.2484,4136.82604516561,4271.164978407997,116.42235483439072,False,0.4439,711.8608297346663,711.8608297346663,-0.0,2.986096401332816,0.0,0.0,0.0,10685.81063240978,10688.498119170978,315.9950223192184,0.0,315.9950223192184
2025-12-21,33,2025-12-21 05:20:00,2025-12-21 05:30:00,LIGHTGBM,4066.58,0.0,4066.58,4055.7046715999873,4206.219148527938,10.875328400012677,False,0.4301,701.0365247546564,701.0365247546564,-0.0,23.27319142132308,0.0,0.0,0.0,10688.498119170978,10709.443991450167,301.5158092969777,0.0,301.5158092969777
2025-12-21,34,2025-12-21 05:30:00,2025-12-21 05:40:00,LIGHTGBM,4077.7781,0.0316,4077.7465,4109.209843590363,4259.551283607657,-31.463343590362456,False,0.3713,1543.258547267943,780.2422039442566,763.0163433236863,100.61778727758994,0.0,0.0,0.0,10709.443991450167,10800.0,573.0118986005873,0.0,573.0118986005873
2025-12-21,35,2025-12-21 05:40:00,2025-12-21 05:50:00,LIGHTGBM,4717.7146,0.0,4717.7146,4633.576166664377,4788.610881776031,84.13843333562363,False,0.5708,798.1018136293386,786.2857666666667,11.816046962671862,0.0,0.0,0.0,0.0,10800.0,10800.0,455.5565152196265,0.0,455.5565152196265
2025-12-21,36,2025-12-21 05:50:00,2025-12-21 06:00:00,LIGHTGBM,5490.65,0.0,5490.65,5268.320963978919,5416.642822016838,222.32903602108036,True,0.9099,902.7738036694732,902.7738036694732,-0.0,0.0,12.334529663860168,0.0,0.0,10800.0,10786.294967040156,821.4338839588536,0.0,821.4338839588536
2025-12-21,37,2025-12-21 06:00:00,2025-12-21 06:10:00,LIGHTGBM,5439.318,0.4406,5438.8774,5442.751363978919,5608.940274629603,-3.8739639789182547,False,0.9368,259.8233791049338,259.8233791049338,-0.0,0.0,646.6561875617328,0.0,0.0,10786.294967040156,10067.788091971564,243.402541545502,0.0,243.402541545502
2025-12-21,38,2025-12-21 06:10:00,2025-12-21 06:20:00,LIGHTGBM,5407.8325,0.0,5407.8325,5366.598763978919,5532.787674629603,41.23373602108131,False,0.8758,922.131279104934,922.131279104934,-0.0,20.825862438267222,0.0,0.0,0.0,10067.788091971564,10086.531368166005,807.6025742401011,0.0,807.6025742401011
2025-12-21,39,2025-12-21 06:20:00,2025-12-21 06:30:00,LIGHTGBM,5587.05,0.0,5587.05,5314.460963978919,5480.649874629603,272.5890360210815,True,0.8759,913.4416457716004,913.4416457716004,-0.0,0.0,17.73335422839955,0.0,0.0,10086.531368166005,10066.82764124556,800.0835375313449,0.0,800.0835375313449
2025-12-21,40,2025-12-21 06:30:00,2025-12-21 06:40:00,LIGHTGBM,5351.2866,6.1366,5345.150000000001,5367.833563978919,5534.022474629604,-22.683563978918755,False,0.8601,922.337079104934,922.337079104934,-0.0,31.47874577160053,0.0,0.0,0.0,10066.82764124556,10095.15851244,793.3021217381536,0.0,793.3021217381536
2025-12-21,41,2025-12-21 06:40:00,2025-12-21 06:50:00,LIGHTGBM,5233.249,0.0,5233.249,5490.013463978919,5645.862898955498,-256.7644639789196,False,0.8442,940.9771498259164,940.9771498259164,-0.0,68.76898315924973,0.0,0.0,0.0,10095.15851244,10157.050597283323,794.3729098830386,0.0,794.3729098830386
2025-12-21,42,2025-12-21 06:50:00,2025-12-21 07:00:00,LIGHTGBM,5374.2,0.0,5374.2,5518.140963978919,5669.265940085289,-143.94096397891917,False,0.8334,944.8776566808816,944.8776566808816,-0.0,49.17765668088157,0.0,0.0,0.0,10157.050597283323,10201.310488296118,787.4610390778466,0.0,787.4610390778466
2025-12-21,43,2025-12-21 07:00:00,2025-12-21 07:10:00,LIGHTGBM,5360.7841,172.6829,5188.1012,5200.22786302416,5348.262698762603,-12.126663024159825,False,0.8092,891.3771164604337,891.3771164604337,-0.0,26.6935831271004,0.0,0.0,0.0,10201.310488296118,10225.334713110507,721.302362639783,0.0,721.302362639783
2025-12-21,44,2025-12-21 07:10:00,2025-12-21 07:20:00,LIGHTGBM,5321.3096,420.0356,4901.273999999999,4905.615563024159,5054.434340085289,-4.341563024159768,False,0.7972,842.4057233475481,842.4057233475481,-0.0,25.526723347548227,0.0,0.0,0.0,10225.334713110507,10248.3087641233,671.5658426526654,0.0,671.5658426526654
2025-12-21,45,2025-12-21 07:20:00,2025-12-21 07:30:00,LIGHTGBM,5231.72,690.675,4541.045,4698.475963978919,4849.600940085289,-157.43096397891895,False,0.7644,808.2668233475482,808.2668233475482,-0.0,51.42599001421479,0.0,0.0,0.0,10248.3087641233,10294.592155136095,617.8391597668658,0.0,617.8391597668658
2025-12-21,46,2025-12-21 07:30:00,2025-12-21 07:40:00,LIGHTGBM,5065.8847,996.7377,4069.1469999999995,4430.67606302416,4578.7108987626025,-361.5290630241602,False,0.6899,1596.4518164604335,1239.7554387376715,356.696377722762,561.5642720710052,0.0,0.0,0.0,10294.592155136095,10800.0,1101.3921081760532,0.0,1101.3921081760532
2025-12-21,47,2025-12-21 07:40:00,2025-12-21 07:50:00,LIGHTGBM,5889.1246,1276.7125,4612.4121,4776.030663024159,4929.573898955498,-163.6185630241598,False,0.86,821.5956498259164,768.7353499999999,52.86029982591651,0.0,0.0,0.0,0.0,10800.0,10800.0,706.5722588502881,0.0,706.5722588502881
2025-12-21,48,2025-12-21 07:50:00,2025-12-21 08:00:00,LIGHTGBM,7180.79,1539.8625,5640.9275,5467.655912851269,5634.353647515369,173.27158714873076,True,1.1617,105.72560791922808,105.72560791922808,0.0,0.0,833.3333333333334,1.095642080771995,0.0,10800.0,9874.074074074077,122.82143871976726,6.364037026164133,129.1854757459314
2025-12-21,49,2025-12-21 08:00:00,2025-12-21 08:10:00,LIGHTGBM,7254.351,1860.1541,5394.1969,5524.1743179992245,5596.811247385637,-129.9774179992246,False,1.1683,99.46854123093954,99.46854123093954,-0.0,0.0,799.564275435727,0.0,0.0,9874.074074074077,8985.669323589933,116.20909672010664,0.0,116.20909672010664
2025-12-21,50,2025-12-21 08:10:00,2025-12-21 08:20:00,LIGHTGBM,7152.8955,2211.6206,4941.274899999999,5236.102735816894,5414.705411923912,-294.82783581689455,False,1.0956,69.11756865398524,69.11756865398524,-0.0,0.0,754.4282480126813,0.0,0.0,8985.669323589933,8147.415714686954,75.72520821730623,0.0,75.72520821730623
2025-12-21,51,2025-12-21 08:20:00,2025-12-21 08:30:00,LIGHTGBM,7367.01,2579.625,4787.385,4970.582135816894,5139.747098218977,-183.19713581689393,False,1.0849,23.291183036496136,23.291183036496136,-0.0,0.0,774.6063169635039,0.0,0.0,8147.415714686954,7286.74202917195,25.26860447629466,0.0,25.26860447629466
2025-12-21,52,2025-12-21 08:30:00,2025-12-21 08:40:00,LIGHTGBM,7333.1326,2953.1787,4379.9539,4754.597335816894,4842.9047890290885,-374.64343581689354,False,1.061,0.0,0.0,0.0,0.0,729.9923166666667,0.0,-0.0,7286.74202917195,6475.639455097876,0.0,0.0,0.0
2025-12-21,53,2025-12-21 08:40:00,2025-12-21 08:50:00,LIGHTGBM,7276.0603,3195.6035,4080.4568,4534.534707195528,4642.595847680533,-454.0779071955285,False,1.043,0.0,0.0,0.0,0.0,680.0761333333332,0.0,-0.0,6475.639455097876,5719.999306949728,0.0,0.0,0.0
2025-12-21,54,2025-12-21 08:50:00,2025-12-21 09:00:00,LIGHTGBM,7255.65,3341.5875,3914.0624999999995,4262.14208988124,4373.07102851277,-348.07958988124074,False,1.036,0.0,0.0,0.0,0.0,652.3437499999999,0.0,-0.0,5719.999306949728,4995.172918060839,0.0,0.0,0.0
2025-12-21,55,2025-12-21 09:00:00,2025-12-21 09:10:00,LIGHTGBM,7076.8086,3572.7867,3504.0219,3936.9113898812407,4159.004268173222,-432.8894898812405,False,1.0147,0.0,0.0,0.0,0.0,584.00365,0.0,-0.0,4995.172918060839,4346.279973616394,0.0,0.0,0.0
2025-12-21,56,2025-12-21 09:10:00,2025-12-21 09:20:00,LIGHTGBM,7014.1683,3848.0561,3166.1122000000005,3731.2561898812414,3864.274465590647,-565.1439898812409,False,0.9922,0.0,0.0,0.0,0.0,527.6853666666668,0.0,-0.0,4346.279973616394,3759.96289954232,0.0,0.0,0.0
2025-12-21,57,2025-12-21 09:20:00,2025-12-21 09:30:00,LIGHTGBM,7150.59,4116.6,3033.99,3597.8925251340324,3728.762518279948,-563.9025251340327,False,0.97,73.81818040790233,73.81818040790233,-0.0,0.0,431.84681959209775,0.0,0.0,3759.96289954232,3280.133099995545,71.60363499566526,0.0,71.60363499566526
2025-12-21,58,2025-12-21 09:30:00,2025-12-21 09:40:00,LIGHTGBM,7259.4501,4370.6969,2888.7532,3307.322289881241,3514.2670072601672,-418.56908988124087,False,0.9422,585.7111678766945,585.7111678766945,0.0,104.252301210028,0.0,1.1368683772161605e-13,0.0,3280.133099995545,3373.96017108457,551.8570623734216,5.355786925065333e-13,551.8570623734222
2025-12-21,59,2025-12-21 09:40:00,2025-12-21 09:50:00,LIGHTGBM,7142.682,4583.0793,2559.6026999999995,2820.96624595036,3024.273685973526,-261.36354595036073,False,0.9569,504.045614328921,504.045614328921,0.0,77.44516432892124,0.0,5.684341886080803e-14,0.0,3373.96017108457,3443.6608189805997,482.3212483513445,2.719673375395359e-13,482.3212483513448
2025-12-21,60,2025-12-21 09:50:00,2025-12-21 10:00:00,LIGHTGBM,6912.23,4750.3875,2161.8424999999997,2389.3720898812417,2665.4051626458067,-227.52958988124192,False,0.9977,0.0,0.0,0.0,0.0,360.30708333333325,0.0,-0.0,3443.6608189805997,3043.3196152768955,0.0,0.0,0.0
2025-12-21,61,2025-12-21 10:00:00,2025-12-21 10:10:00,LIGHTGBM,6873.3728,4886.2111,1987.1616999999997,2246.582969978611,2525.7077695501066,-259.42126997861124,False,0.9919,0.0,0.0,0.0,0.0,331.19361666666657,0.0,-0.0,3043.3196152768955,2675.326707869488,0.0,0.0,0.0
2025-12-21,62,2025-12-21 10:10:00,2025-12-21 10:20:00,LIGHTGBM,6913.1885,4956.6279,1956.5605999999998,1901.3597319198493,2179.704698667874,55.200868080150485,False,0.9588,363.2841164446456,363.2841164446455,1.1368683772161605e-13,37.19068311131218,0.0,0.0,0.0,2675.326707869488,2708.798322669669,348.31681084712625,0.0,348.31681084712625
2025-12-21,63,2025-12-21 10:20:00,2025-12-21 10:30:00,LIGHTGBM,6951.47,4960.7625,1990.7075000000004,1325.3664994510716,1639.2692234731978,665.3410005489288,True,0.9549,273.2115372455329,273.2115372455329,5.684341886080803e-14,0.0,58.57304608780055,0.0,0.0,2708.798322669669,2643.7171603498905,260.88969691575943,0.0,260.88969691575943
2025-12-21,64,2025-12-21 10:30:00,2025-12-21 10:40:00,LIGHTGBM,7040.6919,4946.2149,2094.477,1122.2501027802798,1481.1832329852944,972.2268972197201,True,0.9839,0.0,0.0,0.0,0.0,349.07950000000005,0.0,-0.0,2643.7171603498905,2255.8510492387795,0.0,0.0,0.0
2025-12-21,65,2025-12-21 10:40:00,2025-12-21 10:50:00,LIGHTGBM,7195.1724,4968.8079,2226.3645000000006,1283.5458288964817,1602.0174473800898,942.8186711035189,True,0.799,267.0029078966816,267.0029078966816,5.684341886080803e-14,0.0,104.05784210331854,0.0,0.0,2255.8510492387795,2140.231224679537,213.33532340944865,0.0,213.33532340944865
2025-12-21,66,2025-12-21 10:50:00,2025-12-21 11:00:00,LIGHTGBM,7266.62,4979.2125,2287.4075000000003,1426.6289252662525,1697.011410071483,860.7785747337477,True,0.5025,1116.1685683452472,1116.168568345247,2.273736754432321e-13,734.9339850119138,0.0,0.0,0.0,2140.231224679537,2801.671811190259,560.8747055934866,0.0,560.8747055934866
2025-12-21,67,2025-12-21 11:00:00,2025-12-21 11:10:00,LIGHTGBM,7080.5804,4907.9946,2172.5858,1115.7531980400845,1402.067569134125,1056.8326019599153,True,0.4662,1067.0112615223543,1067.0112615223543,-0.0,704.913628189021,0.0,0.0,0.0,2801.671811190259,3436.094076560378,497.4406501217216,0.0,497.4406501217216
2025-12-21,68,2025-12-21 11:10:00,2025-12-21 11:20:00,LIGHTGBM,6948.6094,5015.1025,1933.5069000000003,752.8352060543023,1029.1682030632603,1180.671693945698,True,0.5007,1004.86136717721,1004.86136717721,1.1368683772161605e-13,682.61021717721,0.0,0.0,0.0,3436.094076560378,4050.443272019867,503.1340865456292,0.0,503.1340865456292
2025-12-21,69,2025-12-21 11:20:00,2025-12-21 11:30:00,LIGHTGBM,6954.16,5256.3375,1697.8225000000002,866.7347117836147,1133.2181465421927,831.0877882163855,True,0.4827,1022.2030244236988,1022.2030244236988,-0.0,739.2326077570322,0.0,0.0,0.0,4050.443272019867,4715.752619001197,493.4173998893194,0.0,493.4173998893194
2025-12-21,70,2025-12-21 11:30:00,2025-12-21 11:40:00,LIGHTGBM,6860.0706,5348.0182,1512.0523999999996,1071.7014371763464,1387.635712731888,440.35096282365316,True,0.4785,1064.605952121981,1064.605952121981,-0.0,812.5972187886482,0.0,0.0,0.0,4715.752619001197,5447.09011591098,509.413948090368,0.0,509.413948090368
2025-12-21,71,2025-12-21 11:40:00,2025-12-21 11:50:00,LIGHTGBM,6565.9337,5577.6892,988.2444999999998,1028.5775150287309,1346.2054448998642,-40.3330150287311,False,0.4662,1057.7009074833109,998.04075,59.66015748331097,833.3333333333334,0.0,0.0,0.0,5447.09011591098,6197.09011591098,493.1001630687196,0.0,493.1001630687196
2025-12-21,72,2025-12-21 11:50:00,2025-12-21 12:00:00,LIGHTGBM,6330.9,5890.8,440.09999999999945,681.4896053574979,1071.3207505941746,-241.38960535749845,False,0.4432,1011.8867917656958,906.6833333333332,105.2034584323626,833.3333333333334,0.0,0.0,0.0,6197.09011591098,6947.09011591098,448.4682261105564,0.0,448.4682261105564
2025-12-21,73,2025-12-21 12:00:00,2025-12-21 12:10:00,LIGHTGBM,6501.863,5904.8948,596.9682000000003,486.9718424353537,795.6815181369001,109.99635756464653,False,0.4411,965.9469196894834,932.8280333333332,33.11888635615003,833.3333333333334,0.0,0.0,0.0,6947.09011591098,7697.09011591098,426.0791862750311,0.0,426.0791862750311
2025-12-21,74,2025-12-21 12:10:00,2025-12-21 12:20:00,LIGHTGBM,6520.3344,5868.1645,652.1698999999999,444.29231909995246,704.1127408302699,207.8775809000474,False,0.4551,950.6854568050452,942.0283166666666,8.657140138378509,833.3333333333334,0.0,0.0,0.0,7697.09011591098,8447.09011591098,432.656951391976,0.0,432.656951391976
2025-12-21,75,2025-12-21 12:20:00,2025-12-21 12:30:00,LIGHTGBM,6273.31,5864.7,408.6100000000006,503.2012369441052,801.3921883185935,-94.5912369441046,False,0.4463,966.898698053099,901.4350000000002,65.46369805309882,833.3333333333334,0.0,0.0,0.0,8447.09011591098,9197.09011591098,431.5268889410981,0.0,431.5268889410981
2025-12-21,76,2025-12-21 12:30:00,2025-12-21 12:40:00,LIGHTGBM,6234.7567,5722.7661,511.9906000000001,396.9448984600298,672.7663299505414,115.04570153997031,False,0.4113,945.4610549917568,918.6651,26.79595499175696,833.3333333333334,0.0,0.0,0.0,9197.09011591098,9947.09011591098,388.8681319181096,0.0,388.8681319181096
2025-12-21,77,2025-12-21 12:40:00,2025-12-21 12:50:00,LIGHTGBM,6512.763,5549.8704,962.8926000000001,538.3258017189739,886.2592444974748,424.5667982810262,True,0.5682,981.043207416246,981.043207416246,-0.0,820.5611074162459,0.0,0.0,0.0,9947.09011591098,10685.5951125856,557.428750453911,0.0,557.428750453911
2025-12-21,78,2025-12-21 12:50:00,2025-12-21 13:00:00,LIGHTGBM,6836.44,5390.4375,1446.0024999999996,970.0478288687328,1389.9929234042866,475.95467113126676,True,0.8279,231.66548723404776,231.66548723404776,-0.0,0.0,9.334929432618765,0.0,0.0,10685.5951125856,10675.22296877158,191.79585688106812,0.0,191.79585688106812
2025-12-21,79,2025-12-21 13:00:00,2025-12-21 13:10:00,LIGHTGBM,6797.3346,5211.4597,1585.8748999999998,1318.8220977107244,1695.2736967919982,267.0528022892754,False,0.8636,282.5456161319997,282.5456161319996,5.684341886080803e-14,18.233132798666247,0.0,0.0,0.0,10675.22296877158,10691.63278829038,244.00639409159493,0.0,244.00639409159493
2025-12-21,80,2025-12-21 13:10:00,2025-12-21 13:20:00,LIGHTGBM,6554.3856,5202.0686,1352.317,1455.2379525989418,1893.1444072932195,-102.92095259894177,False,0.8416,315.5240678822032,315.5240678822032,-0.0,90.13790121553644,0.0,0.0,0.0,10691.63278829038,10772.756899384363,265.54505552966225,0.0,265.54505552966225
2025-12-21,81,2025-12-21 13:20:00,2025-12-21 13:30:00,LIGHTGBM,6350.08,5287.95,1062.13,1484.3713846572423,1941.4020304885496,-422.2413846572422,False,0.8618,323.5670050814249,207.29177846181847,116.27522661960649,30.27011179515183,0.0,0.0,0.0,10772.756899384363,10800.0,278.850044979172,0.0,278.850044979172
2025-12-21,82,2025-12-21 13:30:00,2025-12-21 13:40:00,LIGHTGBM,6333.408,5178.3498,1155.0582000000004,1533.8196688404164,2043.612921156248,-378.761468840416,False,0.8623,340.6021535260414,192.50969999999995,148.09245352604142,0.0,0.0,0.0,0.0,10800.0,10800.0,293.7012369855055,0.0,293.7012369855055
2025-12-21,83,2025-12-21 13:40:00,2025-12-21 13:50:00,LIGHTGBM,6515.4464,4993.7017,1521.7447000000002,1688.254044462686,2055.190375951785,-166.5093444626857,False,0.9026,342.5317293252975,253.62411666666665,88.90761265863085,0.0,0.0,0.0,0.0,10800.0,10800.0,309.1691388890135,0.0,309.1691388890135
2025-12-21,84,2025-12-21 13:50:00,2025-12-21 14:00:00,LIGHTGBM,6658.81,4847.5125,1811.2975000000006,1856.0265540869136,2218.8538393999065,-44.72905408691304,False,0.9754,0.0,0.0,0.0,0.0,301.8829166666668,0.0,-0.0,10800.0,10464.574537037037,0.0,0.0,0.0
2025-12-21,85,2025-12-21 14:00:00,2025-12-21 14:10:00,LIGHTGBM,6474.7834,4705.4039,1769.3795,2165.0385457199413,2497.7569341823582,-395.65904571994133,False,1.0002,0.0,0.0,0.0,0.0,294.8965833333333,0.0,-0.0,10464.574537037037,10136.911666666669,0.0,0.0,0.0
2025-12-21,86,2025-12-21 14:10:00,2025-12-21 14:20:00,LIGHTGBM,6311.1097,4404.8152,1906.2945,2490.747934877431,2851.69867663834,-584.4534348774309,False,0.9978,0.0,0.0,0.0,0.0,317.71575,0.0,-0.0,10136.911666666669,9783.894166666669,0.0,0.0,0.0
2025-12-21,87,2025-12-21 14:20:00,2025-12-21 14:30:00,LIGHTGBM,6293.57,3988.3875,2305.1825,2715.14433583219,3066.3398835611088,-409.96183583219,False,1.0271,0.0,0.0,0.0,0.0,384.19708333333335,0.0,-0.0,9783.894166666669,9357.008518518518,0.0,0.0,0.0
2025-12-21,88,2025-12-21 14:30:00,2025-12-21 14:40:00,LIGHTGBM,6241.0875,3658.7815,2582.3059999999996,2800.1496454174453,3091.306607908652,-217.8436454174457,False,1.0906,0.0,0.0,0.0,0.0,430.3843333333332,0.0,-0.0,9357.008518518518,8878.803703703703,0.0,0.0,0.0
2025-12-21,89,2025-12-21 14:40:00,2025-12-21 14:50:00,LIGHTGBM,6267.633,3321.4365,2946.1965,2974.0601550416736,3248.2471261466617,-27.86365504167361,False,0.9376,0.0,0.0,0.0,0.0,491.03275,0.0,-0.0,8878.803703703703,8333.211759259259,0.0,0.0,0.0
2025-12-21,90,2025-12-21 14:50:00,2025-12-21 15:00:00,LIGHTGBM,6308.83,2957.5875,3351.2425,3209.4405348774308,3547.785255948648,141.80196512256907,False,0.6694,1424.6308759914414,1391.8737499999995,32.757125991441626,833.3333333333334,0.0,0.0,0.0,8333.211759259259,9083.21175925926,953.6479083886708,0.0,953.6479083886708
2025-12-21,91,2025-12-21 15:00:00,2025-12-21 15:10:00,LIGHTGBM,6184.3165,2665.595,3518.7215,3431.4812110364487,3780.9698417083546,87.2402889635514,False,0.66,1463.4949736180592,1419.7869166666665,43.70805695139279,833.3333333333334,0.0,0.0,0.0,9083.21175925926,9833.21175925926,965.9066825879192,0.0,965.9066825879192
2025-12-21,92,2025-12-21 15:10:00,2025-12-21 15:20:00,LIGHTGBM,6249.441,2404.6045,3844.8365,3683.6012550416735,3923.537178500135,161.23524495832635,False,0.7217,1487.2561964166891,1474.1394166666669,13.11677975002226,833.3333333333334,0.0,0.0,0.0,9833.21175925926,10583.21175925926,1073.3527969539246,0.0,1073.3527969539246
2025-12-21,93,2025-12-21 15:20:00,2025-12-21 15:30:00,LIGHTGBM,6412.99,2166.8625,4246.1275,3937.5794889100152,4142.182784837104,308.54801108998436,True,0.7308,1523.697130806184,948.563739711935,575.1333910942491,240.87582304526828,0.0,0.0,0.0,10583.21175925926,10800.0,1113.5178631931594,0.0,1113.5178631931594
2025-12-21,94,2025-12-21 15:30:00,2025-12-21 15:40:00,LIGHTGBM,6229.2355,1977.0681,4252.1674,4279.46243583219,4562.790671278848,-27.29503583218957,False,0.7534,1586.4328213112933,708.6945666666666,877.7382546446267,0.0,0.0,0.0,0.0,10800.0,10800.0,1195.2184875759283,0.0,1195.2184875759283
2025-12-21,95,2025-12-21 15:40:00,2025-12-21 15:50:00,LIGHTGBM,6140.1248,1719.0539,4421.0709,4514.570411036449,4811.235276731167,-93.4995110364489,False,0.7823,801.8725461218611,736.8451499999999,65.02739612186122,0.0,0.0,0.0,0.0,10800.0,10800.0,627.304892831132,0.0,627.304892831132
2025-12-21,96,2025-12-21 15:50:00,2025-12-21 16:00:00,LIGHTGBM,6190.42,1414.8375,4775.5825,4597.763084136618,4772.206707290747,177.81941586338235,True,0.8055,795.3677845484577,795.3677845484577,-0.0,0.0,0.5626321182089669,0.0,0.0,10800.0,10799.37485320199,640.6687504537826,0.0,640.6687504537826
2025-12-21,97,2025-12-21 16:00:00,2025-12-21 16:10:00,LIGHTGBM,6007.344,1199.0528,4808.2912,4699.906884136618,4876.882102404444,108.38431586338174,False,0.8271,812.813683734074,802.0764742200103,10.737209514063691,0.6946075533435052,0.0,0.0,0.0,10799.37485320199,10800.0,672.2781978164525,0.0,672.2781978164525
2025-12-21,98,2025-12-21 16:10:00,2025-12-21 16:20:00,LIGHTGBM,6021.8302,965.9713,5055.8589,4977.717716168347,5150.956964815174,78.1411838316535,False,0.8519,858.4928274691956,842.64315,15.849677469195626,0.0,0.0,0.0,0.0,10800.0,10800.0,731.3500397210078,0.0,731.3500397210078
2025-12-21,99,2025-12-21 16:20:00,2025-12-21 16:30:00,LIGHTGBM,6231.28,680.625,5550.655,5425.48601808634,5602.576664815174,125.16898191365999,False,0.8791,933.7627774691956,925.1091666666666,8.653610802528988,0.0,0.0,0.0,0.0,10800.0,10800.0,820.8708576731699,0.0,820.8708576731699
2025-12-21,100,2025-12-21 16:30:00,2025-12-21 16:40:00,LIGHTGBM,6177.7882,419.0314,5758.7568,5966.434756959668,6117.762908546656,-207.67795695966834,False,0.9024,1019.6271514244428,959.7928,59.834351424442616,0.0,0.0,0.0,0.0,10800.0,10800.0,920.1115414454172,0.0,920.1115414454172
2025-12-21,101,2025-12-21 16:40:00,2025-12-21 16:50:00,LIGHTGBM,6130.9976,173.8125,5957.1851,6163.720790828008,6303.082845138856,-206.53569082800823,False,0.9163,1050.5138075231428,992.8641833333332,57.64962418980952,0.0,0.0,0.0,0.0,10800.0,10800.0,962.5858018334555,0.0,962.5858018334555
2025-12-21,102,2025-12-21 16:50:00,2025-12-21 17:00:00,LIGHTGBM,6172.78,0.0,6172.78,6101.020819922951,6261.291779645845,71.75918007704877,False,0.9264,1043.5486299409745,1028.7966666666666,14.751963274307627,0.0,0.0,0.0,0.0,10800.0,10800.0,966.7434507773186,0.0,966.7434507773186
2025-12-21,103,2025-12-21 17:00:00,2025-12-21 17:10:00,LIGHTGBM,6112.1742,0.0,6112.1742,6238.274619922951,6382.138662673317,-126.100419922951,False,0.9462,1063.6897771122196,1018.6957,44.99407711221954,0.0,0.0,0.0,0.0,10800.0,10800.0,1006.4632671035824,0.0,1006.4632671035824
2025-12-21,104,2025-12-21 17:10:00,2025-12-21 17:20:00,LIGHTGBM,6160.7027,6.2009,6154.5018,6319.487390828008,6455.524571141869,-164.98559082800784,False,0.9742,1075.9207618569783,1025.7503,50.17046185697836,0.0,0.0,0.0,0.0,10800.0,10800.0,1048.1620062010682,0.0,1048.1620062010682
2025-12-21,105,2025-12-21 17:20:00,2025-12-21 17:30:00,LIGHTGBM,6338.77,0.0,6338.77,6294.608090828007,6445.448248448499,44.1619091719931,False,0.9862,1074.2413747414164,1056.4616666666668,17.77970807474958,0.0,0.0,0.0,0.0,10800.0,10800.0,1059.4168437699848,0.0,1059.4168437699848
2025-12-21,106,2025-12-21 17:30:00,2025-12-21 17:40:00,LIGHTGBM,6290.0948,0.0,6290.0948,6355.737190828007,6487.6874222460965,-65.64239082800759,False,0.976,1081.281237041016,1048.3491333333334,32.9321037076827,0.0,0.0,0.0,0.0,10800.0,10800.0,1055.3304873520317,0.0,1055.3304873520317
2025-12-21,107,2025-12-21 17:40:00,2025-12-21 17:50:00,LIGHTGBM,5392.9058,0.4452,5392.4606,5521.922933392496,5695.970589169283,-129.46233339249557,False,1.0742,949.328431528214,898.7434333333334,50.58499819488043,0.0,0.0,0.0,0.0,10800.0,10800.0,1019.7686011476072,0.0,1019.7686011476072
2025-12-21,108,2025-12-21 17:50:00,2025-12-21 18:00:00,LIGHTGBM,4275.8,0.0,4275.8,4323.57130953065,4441.556325809469,-47.77130953064989,False,1.2313,740.2593876349115,712.6333333333333,27.626054301578165,0.0,0.0,0.0,0.0,10800.0,10800.0,911.4813839948664,0.0,911.4813839948664
2025-12-21,109,2025-12-21 18:00:00,2025-12-21 18:10:00,LIGHTGBM,4292.4867,0.0,4292.4867,4328.766939421142,4440.61476031719,-36.28023942114123,False,1.2561,740.102460052865,715.4144500000001,24.68801005286491,0.0,0.0,0.0,0.0,10800.0,10800.0,929.6427000724036,0.0,929.6427000724036
2025-12-21,110,2025-12-21 18:10:00,2025-12-21 18:20:00,LIGHTGBM,4489.6396,0.032,4489.6076,4439.196933663267,4557.800825145893,50.4106663367329,False,1.2447,759.6334708576488,748.2679333333334,11.365537524315414,0.0,0.0,0.0,0.0,10800.0,10800.0,945.5157811765156,0.0,945.5157811765156
2025-12-21,111,2025-12-21 18:20:00,2025-12-21 18:30:00,LIGHTGBM,4380.05,0.0,4380.05,4234.549926222835,4386.8017330407965,145.5000737771652,False,1.2545,731.133622173466,730.0083333333333,1.1252888401327257,0.0,0.0,0.0,0.0,10800.0,10800.0,917.2071290166132,0.0,917.2071290166132
2025-12-21,112,2025-12-21 18:30:00,2025-12-21 18:40:00,LIGHTGBM,4406.0663,0.0,4406.0663,4157.499726222835,4302.480695027489,248.5665737771651,True,1.2522,717.0801158379148,717.0801158379148,-0.0,0.0,17.264267495418608,0.0,0.0,10800.0,10780.817480560649,897.927721052237,0.0,897.927721052237
2025-12-21,113,2025-12-21 18:40:00,2025-12-21 18:50:00,LIGHTGBM,4500.5016,0.0023,4500.4992999999995,4243.848472595258,4398.248084145024,256.6508274047419,True,1.2881,356.3416070232891,356.34160702328904,5.684341886080803e-14,0.0,393.7416096433775,0.0,0.0,10780.817480560649,10343.326803179116,459.0036240066987,0.0,459.0036240066987
2025-12-21,114,2025-12-21 18:50:00,2025-12-21 19:00:00,LIGHTGBM,4490.76,0.0,4490.76,4329.232585793564,4453.825983996814,161.52741420643633,True,1.3466,0.0,0.0,0.0,0.0,748.46,0.0,-0.0,10343.326803179116,9511.704580956894,0.0,0.0,0.0
2025-12-21,115,2025-12-21 19:00:00,2025-12-21 19:10:00,LIGHTGBM,4334.8994,0.0,4334.8994,4375.259343262274,4510.3186956990485,-40.3599432622741,False,1.3523,0.0,0.0,0.0,0.0,722.4832333333334,0.0,-0.0,9511.704580956894,8708.945432808745,0.0,0.0,0.0
2025-12-21,116,2025-12-21 19:10:00,2025-12-21 19:20:00,LIGHTGBM,4356.9931,0.0,4356.9931,4430.061387290845,4536.608985430728,-73.06828729084555,False,1.3445,0.0,0.0,0.0,0.0,726.1655166666666,0.0,-0.0,8708.945432808745,7902.094858734671,0.0,0.0,0.0
2025-12-21,117,2025-12-21 19:20:00,2025-12-21 19:30:00,LIGHTGBM,4466.59,0.0,4466.59,4431.300133663267,4543.959188073588,35.28986633673321,False,1.3483,0.0,0.0,0.0,0.0,744.4316666666667,0.0,-0.0,7902.094858734671,7074.948562438375,0.0,0.0,0.0
2025-12-21,118,2025-12-21 19:30:00,2025-12-21 19:40:00,LIGHTGBM,4301.5722,0.0,4301.5722,4333.354655903072,4446.109614426782,-31.782455903072332,False,1.349,0.0,0.0,0.0,0.0,716.9286999999999,0.0,-0.0,7074.948562438375,6278.361117993931,0.0,0.0,0.0
2025-12-21,119,2025-12-21 19:40:00,2025-12-21 19:50:00,LIGHTGBM,4398.717,0.0,4398.717,4320.99540953065,4447.173300022066,77.7215904693494,False,1.3473,0.0,0.0,0.0,0.0,733.1194999999999,0.0,-0.0,6278.361117993931,5463.783895771709,0.0,0.0,0.0
2025-12-21,120,2025-12-21 19:50:00,2025-12-21 20:00:00,LIGHTGBM,4681.61,0.0,4681.61,4447.814887290846,4554.239188073589,233.79511270915373,True,1.3482,0.0,0.0,0.0,0.0,780.2683333333333,0.0,-0.0,5463.783895771709,4596.819080956894,0.0,0.0,0.0
2025-12-21,121,2025-12-21 20:00:00,2025-12-21 20:10:00,LIGHTGBM,4485.5154,0.0,4485.5154,4564.243256578846,4682.657385430729,-78.7278565788456,False,1.3513,0.0,0.0,0.0,0.0,747.5859,0.0,-0.0,4596.819080956894,3766.1680809568943,0.0,0.0,0.0
2025-12-21,122,2025-12-21 20:10:00,2025-12-21 20:20:00,LIGHTGBM,4156.9026,0.0,4156.9026,4448.576533663268,4561.358885430729,-291.67393366326723,False,1.34,0.0,0.0,0.0,0.0,692.8171000000001,0.0,-0.0,3766.1680809568943,2996.3713031791167,0.0,0.0,0.0
2025-12-21,123,2025-12-21 20:20:00,2025-12-21 20:30:00,LIGHTGBM,4090.51,0.0,4090.51,4268.015172595257,4421.978347265615,-177.50517259525714,False,1.3489,0.0,0.0,0.0,0.0,681.7516666666667,0.0,-0.0,2996.3713031791167,2238.869451327265,0.0,0.0,0.0
2025-12-21,124,2025-12-21 20:30:00,2025-12-21 20:40:00,LIGHTGBM,4322.2266,0.0,4322.2266,4267.172372595258,4421.5719841450245,55.05422740474205,False,1.3952,0.0,0.0,0.0,0.0,720.3711,0.0,-0.0,2238.869451327265,1438.4571179939317,0.0,0.0,0.0
2025-12-21,125,2025-12-21 20:40:00,2025-12-21 20:50:00,LIGHTGBM,4336.801,0.0,4336.801,4342.845685793564,4467.1259444745465,-6.0446857935639855,False,1.2226,744.5209907457578,744.5209907457578,-0.0,21.720824079091017,0.0,0.0,0.0,1438.4571179939317,1458.0058596651136,910.2513632857634,0.0,910.2513632857634
2025-12-21,126,2025-12-21 20:50:00,2025-12-21 21:00:00,LIGHTGBM,4144.46,0.0,4144.46,4373.834789634697,4516.517285103156,-229.37478963469675,False,0.9332,752.7528808505259,752.7528808505259,-0.0,62.00954751719257,0.0,0.0,0.0,1458.0058596651136,1513.814452430587,702.4689884097108,0.0,702.4689884097108
2025-12-21,127,2025-12-21 21:00:00,2025-12-21 21:10:00,LIGHTGBM,4227.261,0.0,4227.261,4343.331689634696,4494.146072353276,-116.07068963469555,False,0.9068,749.0243453922126,749.0243453922126,-0.0,44.48084539221247,0.0,0.0,0.0,1513.814452430587,1553.8472132835782,679.2152764016585,0.0,679.2152764016585
2025-12-21,128,2025-12-21 21:10:00,2025-12-21 21:20:00,LIGHTGBM,4326.9643,0.0,4326.9643,4341.993048459014,4479.2274327107325,-15.028748459014423,False,0.9371,746.5379054517888,746.5379054517888,-0.0,25.377188785122144,0.0,0.0,0.0,1553.8472132835782,1576.6866831901882,699.5806711988713,0.0,699.5806711988713
2025-12-21,129,2025-12-21 21:20:00,2025-12-21 21:30:00,LIGHTGBM,4357.83,0.0,4357.83,4403.900133663267,4516.995624952998,-46.07013366326737,False,0.9371,752.832604158833,752.832604158833,-0.0,26.52760415883301,0.0,0.0,0.0,1576.6866831901882,1600.561526933138,705.4794333572424,0.0,705.4794333572424
2025-12-21,130,2025-12-21 21:30:00,2025-12-21 21:40:00,LIGHTGBM,4437.1142,0.0,4437.1142,4485.2808565788455,4691.030263189862,-48.166656578845505,False,0.9871,781.8383771983104,781.8383771983104,-0.0,42.319343864976986,0.0,0.0,0.0,1600.561526933138,1638.6489364116171,771.7526621324521,0.0,771.7526621324521
2025-12-21,131,2025-12-21 21:40:00,2025-12-21 21:50:00,LIGHTGBM,4070.9954,0.0,4070.9954,4130.891026222835,4281.970077152418,-59.895626222834835,False,0.7764,713.661679525403,713.661679525403,-0.0,35.16244619206964,0.0,0.0,0.0,1638.6489364116171,1670.29513798448,554.0869279835229,0.0,554.0869279835229
2025-12-21,132,2025-12-21 21:50:00,2025-12-21 22:00:00,LIGHTGBM,3434.4,0.0,3434.4,3411.169674254429,3515.65518740606,23.230325745571008,False,0.4209,1419.2758645676768,1405.7333333333331,13.542531234343414,833.3333333333334,0.0,0.0,0.0,1670.29513798448,2420.29513798448,597.3732113965351,0.0,597.3732113965351
2025-12-21,133,2025-12-21 22:00:00,2025-12-21 22:10:00,LIGHTGBM,3270.5539,0.0,3270.5539,3337.069008650339,3445.100317256755,-66.51510865033924,False,0.3859,1407.5167195427923,1378.42565,29.09106954279241,833.3333333333334,0.0,0.0,0.0,2420.29513798448,3170.29513798448,543.1607020715637,0.0,543.1607020715637
2025-12-21,134,2025-12-21 22:10:00,2025-12-21 22:20:00,LIGHTGBM,3305.0168,0.0,3305.0168,3429.000715487667,3514.167917226293,-123.98391548766722,False,0.4368,585.6946528710488,585.6946528710488,-0.0,34.85851953771544,0.0,0.0,0.0,3170.29513798448,3201.667805568424,255.8314243740741,0.0,255.8314243740741
2025-12-21,135,2025-12-21 22:20:00,2025-12-21 22:30:00,LIGHTGBM,3255.6,0.0,3255.6,3391.1546017416285,3509.997755621372,-135.55460174162863,False,0.4198,1418.332959270229,1375.9333333333334,42.39962593689529,833.3333333333334,0.0,0.0,0.0,3201.667805568424,3951.667805568424,595.416176301642,0.0,595.416176301642
2025-12-21,136,2025-12-21 22:30:00,2025-12-21 22:40:00,LIGHTGBM,3155.514,0.0,3155.514,3314.833472953823,3454.5294561448763,-159.3194729538227,False,0.4186,1409.0882426908129,1359.2523333333334,49.83590935747952,833.3333333333334,0.0,0.0,0.0,3951.667805568424,4701.667805568424,589.8443383903743,0.0,589.8443383903743
2025-12-21,137,2025-12-21 22:40:00,2025-12-21 22:50:00,LIGHTGBM,3260.3635,0.0,3260.3635,3334.4178382872474,3441.046529260252,-74.05433828724745,False,0.4241,1406.841088210042,1376.72725,30.113838210042104,833.3333333333334,0.0,0.0,0.0,4701.667805568424,5451.667805568424,596.6413055098787,0.0,596.6413055098787
2025-12-21,138,2025-12-21 22:50:00,2025-12-21 23:00:00,LIGHTGBM,3508.97,0.0,3508.97,3387.5737261253144,3522.101807331703,121.39627387468545,False,0.4237,1420.3503012219503,1418.1616666666666,2.188634555283897,833.3333333333334,0.0,0.0,0.0,5451.667805568424,6201.667805568424,601.8024226277405,0.0,601.8024226277405
2025-12-21,139,2025-12-21 23:00:00,2025-12-21 23:10:00,LIGHTGBM,3554.7154,0.0,3554.7154,3523.415179513673,3631.076994765073,31.300220486326907,False,0.4248,1271.846165794179,1271.846165794179,-0.0,679.3935991275122,0.0,0.0,0.0,6201.667805568424,6813.122044783186,540.2802512293672,0.0,540.2802512293672
2025-12-21,140,2025-12-21 23:10:00,2025-12-21 23:20:00,LIGHTGBM,3395.6628,0.0,3395.6628,3522.129197841652,3649.6335883033416,-126.466397841652,False,0.424,1441.605598050557,1399.2771333333335,42.3284647172236,833.3333333333334,0.0,0.0,0.0,6813.122044783186,7563.122044783186,611.2407735734362,0.0,611.2407735734362
2025-12-21,141,2025-12-21 23:20:00,2025-12-21 23:30:00,LIGHTGBM,3305.59,0.0,3305.59,3486.930578757396,3598.1488480239204,-181.34057875739563,False,0.422,1433.024808003987,1384.265,48.75980800398679,833.3333333333334,0.0,0.0,0.0,7563.122044783186,8313.122044783186,604.7364689776824,0.0,604.7364689776824
2025-12-21,142,2025-12-21 23:30:00,2025-12-21 23:40:00,LIGHTGBM,3539.7613,0.0,3539.7613,3442.12633936197,3562.3897327869927,97.63496063802995,False,0.424,1427.0649554644988,1423.29355,3.771405464498685,833.3333333333334,0.0,0.0,0.0,8313.122044783186,9063.122044783186,605.0755411169474,0.0,605.0755411169474
2025-12-21,143,2025-12-21 23:40:00,2025-12-21 23:50:00,LIGHTGBM,3571.991,0.0,3571.991,3508.135200640489,3663.948613198587,63.85579935951091,False,0.4271,610.6581021997645,610.6581021997645,-0.0,15.326268866431178,0.0,0.0,0.0,9063.122044783186,9076.915686762974,260.8120754495194,0.0,260.8120754495194
2025-12-21,144,2025-12-21 23:50:00,2025-12-22 00:00:00,LIGHTGBM,3464.4,0.0,3464.4,3571.7591379678147,3706.582146957938,-107.3591379678146,False,0.4276,617.7636911596564,617.7636911596564,-0.0,40.36369115965647,0.0,0.0,0.0,9076.915686762974,9113.243008806665,264.1557543398691,0.0,264.1557543398691
