policy,date,block_id,physical_interval,charge_bus_kwh,discharge_bus_kwh,soc_0_kwh,soc_24_kwh
MAIN,2025-02-01,1,0:00-4:00,1705.2674754732468,0.0,9265.259272074078,9621.059273222225
MAIN,2025-02-01,2,4:00-8:00,0.0,6097.7500666666665,9265.259272074078,9621.059273222225
MAIN,2025-02-01,3,8:00-12:00,6138.89015,677.7272833333333,9265.259272074078,9621.059273222225
MAIN,2025-02-01,4,12:00-16:00,2268.553491975308,34.552000000000135,9265.259272074078,9621.059273222225
MAIN,2025-02-01,5,16:00-20:00,4.670086419751493,5771.633319999999,9265.259272074078,9621.059273222225
MAIN,2025-02-01,6,20:00-24:00,8452.608056666668,2139.808629999997,9265.259272074078,9621.059273222225
MAIN,2025-02-02,1,0:00-4:00,1366.944782839509,46.17862000000002,9621.059273222225,9400.81113122222
MAIN,2025-02-02,2,4:00-8:00,765.6144362139948,1339.6034433333332,9621.059273222225,9400.81113122222
MAIN,2025-02-02,3,8:00-12:00,6042.65533,6337.928486666668,9621.059273222225,9400.81113122222
MAIN,2025-02-02,4,12:00-16:00,4195.781587695474,1235.749666666667,9621.059273222225,9400.81113122222
MAIN,2025-02-02,5,16:00-20:00,21.78148148148062,5399.247013333335,9621.059273222225,9400.81113122222
MAIN,2025-02-02,6,20:00-24:00,8578.640676666668,2826.3649166666664,9621.059273222225,9400.81113122222
MAIN,2025-02-03,1,0:00-4:00,1588.358578477365,27.300466666666694,9400.81113122222,9285.815768333334
MAIN,2025-02-03,2,4:00-8:00,758.3529629629626,1284.1767333333332,9400.81113122222,9285.815768333334
MAIN,2025-02-03,3,8:00-12:00,5800.19125,6659.0491666666685,9400.81113122222,9285.815768333334
MAIN,2025-02-03,4,12:00-16:00,5225.32449074074,1601.70775,9400.81113122222,9285.815768333334
MAIN,2025-02-03,5,16:00-20:00,23.724300411523146,5425.199100000001,9400.81113122222,9285.815768333334
MAIN,2025-02-03,6,20:00-24:00,8549.633816666666,2881.986783333333,9400.81113122222,9285.815768333334
MAIN,2025-02-04,1,0:00-4:00,1695.620751234569,10.687000000000126,9285.815768333334,9405.762175111113
MAIN,2025-02-04,2,4:00-8:00,757.7458930041171,1427.906316666666,9285.815768333334,9405.762175111113
MAIN,2025-02-04,3,8:00-12:00,5932.2758300000005,7160.193706666667,9285.815768333334,9405.762175111113
MAIN,2025-02-04,4,12:00-16:00,6439.1181000411525,2046.5032333333336,9285.815768333334,9405.762175111113
MAIN,2025-02-04,5,16:00-20:00,20.83751028806647,5327.1925200000005,9285.815768333334,9405.762175111113
MAIN,2025-02-04,6,20:00-24:00,8514.116626666668,2840.934373333333,9285.815768333334,9405.762175111113
MAIN,2025-02-05,1,0:00-4:00,1554.8844679835406,4.642376666666678,9405.762175111113,9156.535113000004
MAIN,2025-02-05,2,4:00-8:00,865.3095267489704,1464.3017999999995,9405.762175111113,9156.535113000004
MAIN,2025-02-05,3,8:00-12:00,6006.65254,6661.916086666668,9405.762175111113,9156.535113000004
MAIN,2025-02-05,4,12:00-16:00,4987.741373580248,1480.1419,9405.762175111113,9156.535113000004
MAIN,2025-02-05,5,16:00-20:00,41.40677366255153,5631.398893333332,9405.762175111113,9156.535113000004
MAIN,2025-02-05,6,20:00-24:00,8592.10857,2840.8669333333337,9405.762175111113,9156.535113000004
MAIN,2025-02-06,1,0:00-4:00,1826.0720966666595,0.0,9156.535113000004,9397.262055481484
MAIN,2025-02-06,2,4:00-8:00,792.1762057613162,1456.103393333333,9156.535113000004,9397.262055481484
MAIN,2025-02-06,3,8:00-12:00,6200.265106666668,6030.699986666668,9156.535113000004,9397.262055481484
MAIN,2025-02-06,4,12:00-16:00,4381.147206090534,1725.803320000001,9156.535113000004,9397.262055481484
MAIN,2025-02-06,5,16:00-20:00,0.0,5220.755423333333,9156.535113000004,9397.262055481484
MAIN,2025-02-06,6,20:00-24:00,8537.44686,2957.0406833333336,9156.535113000004,9397.262055481484
MAIN,2025-02-07,1,0:00-4:00,1566.413946584361,6.331146666666712,9397.262055481484,8725.87127137037
MAIN,2025-02-07,2,4:00-8:00,0.0,5777.603066666667,9397.262055481484,8725.87127137037
MAIN,2025-02-07,3,8:00-12:00,5394.432292098769,1115.31345,9397.262055481484,8725.87127137037
MAIN,2025-02-07,4,12:00-16:00,3119.594851934148,5.297416666666663,9397.262055481484,8725.87127137037
MAIN,2025-02-07,5,16:00-20:00,2.286353909465914,5966.015326666666,9397.262055481484,8725.87127137037
MAIN,2025-02-07,6,20:00-24:00,7982.270745967078,2366.339833333333,9397.262055481484,8725.87127137037
MAIN,2025-02-08,1,0:00-4:00,1653.1822490946518,50.62225666666672,8725.87127137037,9100.467707407406
MAIN,2025-02-08,2,4:00-8:00,723.3585646090489,6269.721246666667,8725.87127137037,9100.467707407406
MAIN,2025-02-08,3,8:00-12:00,6006.262766666668,376.8593166666667,8725.87127137037,9100.467707407406
MAIN,2025-02-08,4,12:00-16:00,2189.935525514403,0.0,8725.87127137037,9100.467707407406
MAIN,2025-02-08,5,16:00-20:00,37.87726312757335,6156.797556666666,8725.87127137037,9100.467707407406
MAIN,2025-02-08,6,20:00-24:00,8615.902753333334,2382.34332,8725.87127137037,9100.467707407406
MAIN,2025-02-09,1,0:00-4:00,1594.1829639917714,20.317033333333484,9100.467707407406,8874.424603851852
MAIN,2025-02-09,2,4:00-8:00,1360.6525638683102,2477.6988600000004,9100.467707407406,8874.424603851852
MAIN,2025-02-09,3,8:00-12:00,4966.66884,7005.821820899999,9100.467707407406,8874.424603851852
MAIN,2025-02-09,4,12:00-16:00,7860.129978930039,1749.7070433333338,9100.467707407406,8874.424603851852
MAIN,2025-02-09,5,16:00-20:00,32.32773251028675,5641.352276666666,9100.467707407406,8874.424603851852
MAIN,2025-02-09,6,20:00-24:00,8297.639613333333,2838.93913,9100.467707407406,8874.424603851852
MAIN,2025-02-10,1,0:00-4:00,2040.837744609053,35.339743333333104,8874.424603851852,8838.067660037035
MAIN,2025-02-10,2,4:00-8:00,1227.2203004938256,1630.696916666665,8874.424603851852,8838.067660037035
MAIN,2025-02-10,3,8:00-12:00,6034.637716666666,4989.05095,8874.424603851852,8838.067660037035
MAIN,2025-02-10,4,12:00-16:00,2720.1808306584403,1350.7039066666684,8874.424603851852,8838.067660037035
MAIN,2025-02-10,5,16:00-20:00,0.34485596707883,5562.0705966666665,8874.424603851852,8838.067660037035
MAIN,2025-02-10,6,20:00-24:00,8233.170136666668,2872.53632,8874.424603851852,8838.067660037035
MAIN,2025-02-11,1,0:00-4:00,1893.704268847738,12.506263333333322,8838.067660037035,8681.275569592593
MAIN,2025-02-11,2,4:00-8:00,1286.7625401646178,3187.028953333333,8838.067660037035,8681.275569592593
MAIN,2025-02-11,3,8:00-12:00,5889.478993333334,5971.78715,8838.067660037035,8681.275569592593
MAIN,2025-02-11,4,12:00-16:00,5880.109554814816,1172.4833666666668,8838.067660037035,8681.275569592593
MAIN,2025-02-11,5,16:00-20:00,0.7625514403298439,5708.036073333332,8838.067660037035,8681.275569592593
MAIN,2025-02-11,6,20:00-24:00,8317.68953,2936.762100000001,8838.067660037035,8681.275569592593
MAIN,2025-02-12,1,0:00-4:00,2306.885162674896,0.0,8681.275569592593,8854.72051085185
MAIN,2025-02-12,2,4:00-8:00,1138.86398403292,2410.4123500000005,8681.275569592593,8854.72051085185
MAIN,2025-02-12,3,8:00-12:00,5833.333333333334,5496.104300000001,8681.275569592593,8854.72051085185
MAIN,2025-02-12,4,12:00-16:00,4798.61076259259,1711.7743599999994,8681.275569592593,8854.72051085185
MAIN,2025-02-12,5,16:00-20:00,177.2374873251009,5590.434376666666,8681.275569592593,8854.72051085185
MAIN,2025-02-12,6,20:00-24:00,8283.362653333334,2891.1918066666667,8681.275569592593,8854.72051085185
MAIN,2025-02-13,1,0:00-4:00,1738.470421275722,100.4579166666664,8854.72051085185,8266.619260222222
MAIN,2025-02-13,2,4:00-8:00,1561.151949835388,2441.08969,8854.72051085185,8266.619260222222
MAIN,2025-02-13,3,8:00-12:00,6056.708733333333,4285.605216666667,8854.72051085185,8266.619260222222
MAIN,2025-02-13,4,12:00-16:00,2192.501504897116,776.6500500000004,8854.72051085185,8266.619260222222
MAIN,2025-02-13,5,16:00-20:00,0.0,5673.973946666667,8854.72051085185,8266.619260222222
MAIN,2025-02-13,6,20:00-24:00,7753.366153333334,2886.2953033333333,8854.72051085185,8266.619260222222
MAIN,2025-02-14,1,0:00-4:00,446.4831899999999,98.90229333333345,8266.619260222222,8227.757223777777
MAIN,2025-02-14,2,4:00-8:00,496.42998444444646,6147.512083333333,8266.619260222222,8227.757223777777
MAIN,2025-02-14,3,8:00-12:00,5173.872783333333,213.09401666666668,8266.619260222222,8227.757223777777
MAIN,2025-02-14,4,12:00-16:00,4672.783251028807,30.97816666666665,8266.619260222222,8227.757223777777
MAIN,2025-02-14,5,16:00-20:00,49.722983333333445,6226.440416666668,8266.619260222222,8227.757223777777
MAIN,2025-02-14,6,20:00-24:00,7655.917985473251,2299.1691,8266.619260222222,8227.757223777777
MAIN,2025-02-15,1,0:00-4:00,406.5386699999997,129.61188999999973,8227.757223777777,8733.676901814817
MAIN,2025-02-15,2,4:00-8:00,607.1898253086415,5878.471283333333,8227.757223777777,8733.676901814817
MAIN,2025-02-15,3,8:00-12:00,5909.73785,159.00708333333336,8227.757223777777,8733.676901814817
MAIN,2025-02-15,4,12:00-16:00,3548.272858724281,34.19743333333315,8227.757223777777,8733.676901814817
MAIN,2025-02-15,5,16:00-20:00,58.81005349794157,6038.17048,8227.757223777777,8733.676901814817
MAIN,2025-02-15,6,20:00-24:00,8095.130096666668,2392.0143966666665,8227.757223777777,8733.676901814817
MAIN,2025-02-16,1,0:00-4:00,1972.2758202057596,26.09968000000015,8733.676901814817,8842.911390444448
MAIN,2025-02-16,2,4:00-8:00,1571.4256463374477,2673.7262660333354,8733.676901814817,8842.911390444448
MAIN,2025-02-16,3,8:00-12:00,5806.339333333333,6052.269423333334,8733.676901814817,8842.911390444448
MAIN,2025-02-16,4,12:00-16:00,4759.876740534981,817.2470500000001,8733.676901814817,8842.911390444448
MAIN,2025-02-16,5,16:00-20:00,235.4819300411575,5864.559499999999,8733.676901814817,8842.911390444448
MAIN,2025-02-16,6,20:00-24:00,8373.076606666667,2869.752663333333,8733.676901814817,8842.911390444448
MAIN,2025-02-17,1,0:00-4:00,1693.5494595061691,118.34627666666688,8842.911390444448,8824.461593703707
MAIN,2025-02-17,2,4:00-8:00,1744.1723777366296,2321.30064,8842.911390444448,8824.461593703707
MAIN,2025-02-17,3,8:00-12:00,6062.874676666666,4143.184666666667,8842.911390444448,8824.461593703707
MAIN,2025-02-17,4,12:00-16:00,1624.0423526748964,688.6572000000002,8842.911390444448,8824.461593703707
MAIN,2025-02-17,5,16:00-20:00,59.26465020575794,5691.997243333332,8842.911390444448,8824.461593703707
MAIN,2025-02-17,6,20:00-24:00,8397.718433333333,2914.23257,8842.911390444448,8824.461593703707
MAIN,2025-02-18,1,0:00-4:00,1852.8184969958816,104.64428666666686,8824.461593703707,9062.340495111115
MAIN,2025-02-18,2,4:00-8:00,1684.383822386823,3960.545853333334,8824.461593703707,9062.340495111115
MAIN,2025-02-18,3,8:00-12:00,5748.869700000001,4380.564633333333,8824.461593703707,9062.340495111115
MAIN,2025-02-18,4,12:00-16:00,4655.676074032918,1069.0766166666667,8824.461593703707,9062.340495111115
MAIN,2025-02-18,5,16:00-20:00,76.07981893004249,5531.109089999998,8824.461593703707,9062.340495111115
MAIN,2025-02-18,6,20:00-24:00,8437.010760000001,2928.387833333333,8824.461593703707,9062.340495111115
MAIN,2025-02-19,1,0:00-4:00,1339.4239965432057,208.6084133333333,9062.340495111115,8569.181028555558
MAIN,2025-02-19,2,4:00-8:00,1845.1558208230465,3694.653860000001,9062.340495111115,8569.181028555558
MAIN,2025-02-19,3,8:00-12:00,5937.958893333333,5277.682616666667,9062.340495111115,8569.181028555558
MAIN,2025-02-19,4,12:00-16:00,5443.82780193416,1088.5084868312738,9062.340495111115,8569.181028555558
MAIN,2025-02-19,5,16:00-20:00,86.2715053472534,5665.118426666666,9062.340495111115,8569.181028555558
MAIN,2025-02-19,6,20:00-24:00,8187.287303333334,3009.6112266666664,9062.340495111115,8569.181028555558
MAIN,2025-02-20,1,0:00-4:00,2382.1190300000003,59.09073666666677,8569.181028555558,7819.838504074079
MAIN,2025-02-20,2,4:00-8:00,1323.1304964197534,2930.531858533335,8569.181028555558,7819.838504074079
MAIN,2025-02-20,3,8:00-12:00,5550.294196666667,5011.319733333334,8569.181028555558,7819.838504074079
MAIN,2025-02-20,4,12:00-16:00,3518.3517536625536,338.17593333333343,8569.181028555558,7819.838504074079
MAIN,2025-02-20,5,16:00-20:00,35.29226666666659,5505.788426666664,8569.181028555558,7819.838504074079
MAIN,2025-02-20,6,20:00-24:00,7122.557713168724,2974.2154033333336,8569.181028555558,7819.838504074079
MAIN,2025-02-21,1,0:00-4:00,536.4997799999999,122.2967999999999,7819.838504074079,7643.839356000004
MAIN,2025-02-21,2,4:00-8:00,554.4147339094593,5779.72308,7819.838504074079,7643.839356000004
MAIN,2025-02-21,3,8:00-12:00,7218.217866666667,125.6703166666668,7819.838504074079,7643.839356000004
MAIN,2025-02-21,4,12:00-16:00,2444.530005843622,27.668550000000096,7819.838504074079,7643.839356000004
MAIN,2025-02-21,5,16:00-20:00,37.5132139917704,5972.174709999999,7819.838504074079,7643.839356000004
MAIN,2025-02-21,6,20:00-24:00,6678.030621893005,2280.9228166666667,7819.838504074079,7643.839356000004
MAIN,2025-02-22,1,0:00-4:00,338.1792733333332,111.21192999999973,7643.839356000004,8980.407886074074
MAIN,2025-02-22,2,4:00-8:00,508.2209610699545,5463.814563333333,7643.839356000004,8980.407886074074
MAIN,2025-02-22,3,8:00-12:00,6503.709066666666,144.09510000000006,7643.839356000004,8980.407886074074
MAIN,2025-02-22,4,12:00-16:00,3217.379801316869,95.67953666666642,7643.839356000004,8980.407886074074
MAIN,2025-02-22,5,16:00-20:00,110.41064666666676,6073.503723333335,7643.839356000004,8980.407886074074
MAIN,2025-02-22,6,20:00-24:00,8371.4037,2338.7192633333334,7643.839356000004,8980.407886074074
MAIN,2025-02-23,1,0:00-4:00,1704.6426754732506,77.09740999999997,8980.407886074074,8798.929380740741
MAIN,2025-02-23,2,4:00-8:00,1571.71049230453,2831.3517500000003,8980.407886074074,8798.929380740741
MAIN,2025-02-23,3,8:00-12:00,5970.723056666668,4936.355166666666,8980.407886074074,8798.929380740741
MAIN,2025-02-23,4,12:00-16:00,3173.910231358025,578.5618000000002,8980.407886074074,8798.929380740741
MAIN,2025-02-23,5,16:00-20:00,22.830880658437195,5563.440496666666,8980.407886074074,8798.929380740741
MAIN,2025-02-23,6,20:00-24:00,8250.5706,2938.9782600000003,8980.407886074074,8798.929380740741
MAIN,2025-02-24,1,0:00-4:00,2068.3864491769546,69.31343000000004,8798.929380740741,8801.831591407406
MAIN,2025-02-24,2,4:00-8:00,1507.0223332921817,3795.865986666668,8798.929380740741,8801.831591407406
MAIN,2025-02-24,3,8:00-12:00,6056.092923333334,3639.0999,8798.929380740741,8801.831591407406
MAIN,2025-02-24,4,12:00-16:00,2554.3364606584346,609.0309466666666,8798.929380740741,8801.831591407406
MAIN,2025-02-24,5,16:00-20:00,87.5215933333335,5591.203560000001,8798.929380740741,8801.831591407406
MAIN,2025-02-24,6,20:00-24:00,8367.80475,3012.2174399999994,8798.929380740741,8801.831591407406
MAIN,2025-02-25,1,0:00-4:00,1850.4124073251044,120.1628466666666,8801.831591407406,8780.640850148147
MAIN,2025-02-25,2,4:00-8:00,1369.233403415635,5072.364123333335,8801.831591407406,8780.640850148147
MAIN,2025-02-25,3,8:00-12:00,6362.003966666667,3066.2635666666665,8801.831591407406,8780.640850148147
MAIN,2025-02-25,4,12:00-16:00,3302.6695284362177,379.15653333333375,8801.831591407406,8780.640850148147
MAIN,2025-02-25,5,16:00-20:00,0.0,5575.911040000002,8801.831591407406,8780.640850148147
MAIN,2025-02-25,6,20:00-24:00,8182.406446666668,2869.2614166666667,8801.831591407406,8780.640850148147
MAIN,2025-02-26,1,0:00-4:00,1933.975105390948,39.214526666666416,8780.640850148147,8925.288020111113
MAIN,2025-02-26,2,4:00-8:00,1017.043276337452,5240.378083333333,8780.640850148147,8925.288020111113
MAIN,2025-02-26,3,8:00-12:00,5737.223820000001,3363.2576833333337,8780.640850148147,8925.288020111113
MAIN,2025-02-26,4,12:00-16:00,4973.8399383950655,894.7128466666669,8780.640850148147,8925.288020111113
MAIN,2025-02-26,5,16:00-20:00,252.15178000000023,5622.457636666666,8780.640850148147,8925.288020111113
MAIN,2025-02-26,6,20:00-24:00,8510.669100000001,2873.968216666666,8780.640850148147,8925.288020111113
MAIN,2025-02-27,1,0:00-4:00,1773.9484076543197,68.53305000000012,8925.288020111113,7253.133634148147
MAIN,2025-02-27,2,4:00-8:00,1366.2874782716003,5290.472526666666,8925.288020111113,7253.133634148147
MAIN,2025-02-27,3,8:00-12:00,6228.292543333333,4137.344709033332,8925.288020111113,7253.133634148147
MAIN,2025-02-27,4,12:00-16:00,5109.113711810702,543.2990666666668,8925.288020111113,7253.133634148147
MAIN,2025-02-27,5,16:00-20:00,20.17586419752873,5634.9763533333335,8925.288020111113,7253.133634148147
MAIN,2025-02-27,6,20:00-24:00,6612.9611613991765,2930.044366666667,8925.288020111113,7253.133634148147
MAIN,2025-02-28,1,0:00-4:00,585.2242833333336,70.00843333333313,7253.133634148147,6971.44552937038
MAIN,2025-02-28,2,4:00-8:00,534.8799300411558,5343.532626666667,7253.133634148147,6971.44552937038
MAIN,2025-02-28,3,8:00-12:00,8612.8429,45.653383333333295,7253.133634148147,6971.44552937038
MAIN,2025-02-28,4,12:00-16:00,947.7617416872348,0.0,7253.133634148147,6971.44552937038
MAIN,2025-02-28,5,16:00-20:00,9.506172839505274,6103.91743333333,7253.133634148147,6971.44552937038
MAIN,2025-02-28,6,20:00-24:00,6163.743773374486,2342.1140466666666,7253.133634148147,6971.44552937038
MAIN,2025-03-01,1,0:00-4:00,1017.3940200000004,81.91352666666666,6971.44552937038,9081.216363370371
MAIN,2025-03-01,2,4:00-8:00,1032.973139423859,4696.125766666667,6971.44552937038,9081.216363370371
MAIN,2025-03-01,3,8:00-12:00,6449.63225,27.87639999999999,6971.44552937038,9081.216363370371
MAIN,2025-03-01,4,12:00-16:00,1695.3766700823012,29.12596333333329,6971.44552937038,9081.216363370371
MAIN,2025-03-01,5,16:00-20:00,118.59040226337136,6122.910393333333,6971.44552937038,9081.216363370371
MAIN,2025-03-01,6,20:00-24:00,8371.545436666667,2278.518853333333,6971.44552937038,9081.216363370371
MAIN,2025-03-02,1,0:00-4:00,1804.8303629218108,2.9272166666665957,9081.216363370371,8599.539379814816
MAIN,2025-03-02,2,4:00-8:00,1691.4241177366266,2105.5308466666665,9081.216363370371,8599.539379814816
MAIN,2025-03-02,3,8:00-12:00,5782.481669999999,4084.215200000001,9081.216363370371,8599.539379814816
MAIN,2025-03-02,4,12:00-16:00,2057.3514360082345,2590.532013333333,9081.216363370371,8599.539379814816
MAIN,2025-03-02,5,16:00-20:00,256.41952333333404,5632.059876666664,9081.216363370371,8599.539379814816
MAIN,2025-03-02,6,20:00-24:00,8282.305803333335,2116.842591666666,9081.216363370371,8599.539379814816
MAIN,2025-03-03,1,0:00-4:00,2156.290444650205,85.20730333333324,8599.539379814816,8750.204672296295
MAIN,2025-03-03,2,4:00-8:00,1590.1520183127568,2896.8244833333342,8599.539379814816,8750.204672296295
MAIN,2025-03-03,3,8:00-12:00,5964.945443333334,5257.73935,8599.539379814816,8750.204672296295
MAIN,2025-03-03,4,12:00-16:00,4504.431696378597,1315.6983500000006,8599.539379814816,8750.204672296295
MAIN,2025-03-03,5,16:00-20:00,220.4469506172872,5712.833306666668,8599.539379814816,8750.204672296295
MAIN,2025-03-03,6,20:00-24:00,8251.306973333334,2973.0330000000004,8599.539379814816,8750.204672296295
MAIN,2025-03-04,1,0:00-4:00,2160.688474115228,124.71485999999982,8750.204672296295,8820.938669444446
MAIN,2025-03-04,2,4:00-8:00,2012.8017830041188,2084.037703333334,8750.204672296295,8820.938669444446
MAIN,2025-03-04,3,8:00-12:00,6154.084843333333,4370.5409666666665,8750.204672296295,8820.938669444446
MAIN,2025-03-04,4,12:00-16:00,1008.4681402057604,758.0857,8750.204672296295,8820.938669444446
MAIN,2025-03-04,5,16:00-20:00,8.389148148148909,5524.902649999999,8750.204672296295,8820.938669444446
MAIN,2025-03-04,6,20:00-24:00,8260.551916666667,2954.09481,8750.204672296295,8820.938669444446
MAIN,2025-03-05,1,0:00-4:00,2123.4252839036963,1.3111245335546755,8820.938669444446,8756.141312804928
MAIN,2025-03-05,2,4:00-8:00,1468.161751009156,3150.794812412994,8820.938669444446,8756.141312804928
MAIN,2025-03-05,3,8:00-12:00,6158.377398295484,3157.904783333333,8820.938669444446,8756.141312804928
MAIN,2025-03-05,4,12:00-16:00,1359.1568823348684,907.2223478101172,8820.938669444446,8756.141312804928
MAIN,2025-03-05,5,16:00-20:00,0.0,5607.437949023229,8820.938669444446,8756.141312804928
MAIN,2025-03-05,6,20:00-24:00,8327.698874796293,2977.470958037332,8820.938669444446,8756.141312804928
MAIN,2025-03-06,1,0:00-4:00,2061.434206783996,63.06206061303601,8756.141312804928,6364.6154291941575
MAIN,2025-03-06,2,4:00-8:00,1720.371555300614,3535.567498046089,8756.141312804928,6364.6154291941575
MAIN,2025-03-06,3,8:00-12:00,6251.226883333334,3131.0269666666663,8756.141312804928,6364.6154291941575
MAIN,2025-03-06,4,12:00-16:00,1648.9799236765712,999.460346881437,8756.141312804928,6364.6154291941575
MAIN,2025-03-06,5,16:00-20:00,188.5635794786264,5677.784911927181,8756.141312804928,6364.6154291941575
MAIN,2025-03-06,6,20:00-24:00,5711.083665622129,2986.6159606134524,8756.141312804928,6364.6154291941575
MAIN,2025-03-07,1,0:00-4:00,880.449741099397,19.644464674618177,6364.6154291941575,6412.404923808254
MAIN,2025-03-07,2,4:00-8:00,1215.5951754344314,4137.681683333333,6364.6154291941575,6412.404923808254
MAIN,2025-03-07,3,8:00-12:00,7964.661579433095,0.0,6364.6154291941575,6412.404923808254
MAIN,2025-03-07,4,12:00-16:00,0.0,0.0,6364.6154291941575,6412.404923808254
MAIN,2025-03-07,5,16:00-20:00,0.0,5858.059850942953,6364.6154291941575,6412.404923808254
MAIN,2025-03-07,6,20:00-24:00,5110.2150778655205,2230.049930700689,6364.6154291941575,6412.404923808254
MAIN,2025-03-08,1,0:00-4:00,382.7413326515966,72.80567594623636,6412.404923808254,9278.64064521355
MAIN,2025-03-08,2,4:00-8:00,86.59342528171345,4411.348184066235,6412.404923808254,9278.64064521355
MAIN,2025-03-08,3,8:00-12:00,9730.278433333331,0.0,6412.404923808254,9278.64064521355
MAIN,2025-03-08,4,12:00-16:00,211.4848687148919,0.0,6412.404923808254,9278.64064521355
MAIN,2025-03-08,5,16:00-20:00,36.18492660357232,5908.22481806576,6412.404923808254,9278.64064521355
MAIN,2025-03-08,6,20:00-24:00,8334.48678184451,2241.242685084992,6412.404923808254,9278.64064521355
MAIN,2025-03-09,1,0:00-4:00,1125.2734338252778,121.0758225539024,9278.64064521355,8906.325325397227
MAIN,2025-03-09,2,4:00-8:00,1796.214314873975,4538.296184955765,9278.64064521355,8906.325325397227
MAIN,2025-03-09,3,8:00-12:00,6075.2550934075,3177.351666666667,9278.64064521355,8906.325325397227
MAIN,2025-03-09,4,12:00-16:00,2991.0136519065863,504.13566666666657,9278.64064521355,8906.325325397227
MAIN,2025-03-09,5,16:00-20:00,0.0,5568.48570157414,9278.64064521355,8906.325325397227
MAIN,2025-03-09,6,20:00-24:00,8376.426456568297,2920.726935388677,9278.64064521355,8906.325325397227
MAIN,2025-03-10,1,0:00-4:00,1763.5809513845206,117.00296426838828,8906.325325397227,8800.542729308183
MAIN,2025-03-10,2,4:00-8:00,843.1506898798216,4887.289937007264,8906.325325397227,8800.542729308183
MAIN,2025-03-10,3,8:00-12:00,5565.6911307471055,3880.41345,8906.325325397227,8800.542729308183
MAIN,2025-03-10,4,12:00-16:00,4749.317475025736,413.50975000000005,8906.325325397227,8800.542729308183
MAIN,2025-03-10,5,16:00-20:00,233.49218990314023,5856.14358747911,8906.325325397227,8800.542729308183
MAIN,2025-03-10,6,20:00-24:00,8454.693890482227,2444.884972937652,8906.325325397227,8800.542729308183
MAIN,2025-03-11,1,0:00-4:00,2007.0639095531665,8.10014844845,8800.542729308183,8859.371911592136
MAIN,2025-03-11,2,4:00-8:00,1110.3438196606494,4681.084039268845,8800.542729308183,8859.371911592136
MAIN,2025-03-11,3,8:00-12:00,6348.674500000001,2513.693883333333,8800.542729308183,8859.371911592136
MAIN,2025-03-11,4,12:00-16:00,2395.9504843745767,678.2886726019415,8800.542729308183,8859.371911592136
MAIN,2025-03-11,5,16:00-20:00,116.10583790079954,5756.487974906588,8800.542729308183,8859.371911592136
MAIN,2025-03-11,6,20:00-24:00,8442.016482338397,2849.7245947856336,8800.542729308183,8859.371911592136
MAIN,2025-03-12,1,0:00-4:00,1710.3281845363467,178.42513178692298,8859.371911592136,8865.575421776817
MAIN,2025-03-12,2,4:00-8:00,893.995770132859,5311.169238433586,8859.371911592136,8865.575421776817
MAIN,2025-03-12,3,8:00-12:00,6716.222716666667,2414.235483333334,8859.371911592136,8865.575421776817
MAIN,2025-03-12,4,12:00-16:00,3089.2614148216426,401.54941666666673,8859.371911592136,8865.575421776817
MAIN,2025-03-12,5,16:00-20:00,53.11235541452248,5610.73542908126,8859.371911592136,8865.575421776817
MAIN,2025-03-12,6,20:00-24:00,8365.553184438693,2949.3657786007107,8859.371911592136,8865.575421776817
MAIN,2025-03-13,1,0:00-4:00,1722.465218230811,36.55057920076536,8865.575421776817,5203.736856946568
MAIN,2025-03-13,2,4:00-8:00,593.5882575310078,5818.470672985129,8865.575421776817,5203.736856946568
MAIN,2025-03-13,3,8:00-12:00,5164.755198590231,2919.9999427803173,8865.575421776817,5203.736856946568
MAIN,2025-03-13,4,12:00-16:00,5387.436460582262,491.45698333333337,8865.575421776817,5203.736856946568
MAIN,2025-03-13,5,16:00-20:00,498.7701319448778,5836.235961949238,8865.575421776817,5203.736856946568
MAIN,2025-03-13,6,20:00-24:00,4450.016091458734,2624.7359683521586,8865.575421776817,5203.736856946568
MAIN,2025-03-14,1,0:00-4:00,564.0943533631263,52.60599961582028,5203.736856946568,5730.095412390409
MAIN,2025-03-14,2,4:00-8:00,473.7765467383856,3798.644208974409,5203.736856946568,5730.095412390409
MAIN,2025-03-14,3,8:00-12:00,9934.829145995176,0.0,5203.736856946568,5730.095412390409
MAIN,2025-03-14,4,12:00-16:00,15.55740632470891,12.601499123014491,5203.736856946568,5730.095412390409
MAIN,2025-03-14,5,16:00-20:00,4.190909462897878,6032.543444680719,5203.736856946568,5730.095412390409
MAIN,2025-03-14,6,20:00-24:00,4669.514529692788,2316.0720898840186,5203.736856946568,5730.095412390409
MAIN,2025-03-15,1,0:00-4:00,529.3575815250788,30.642816272989705,5730.095412390409,8664.407992683004
MAIN,2025-03-15,2,4:00-8:00,334.93011142148026,3962.835593534959,5730.095412390409,8664.407992683004
MAIN,2025-03-15,3,8:00-12:00,7808.677833333334,0.0,5730.095412390409,8664.407992683004
MAIN,2025-03-15,4,12:00-16:00,1890.4820523084743,0.0,5730.095412390409,8664.407992683004
MAIN,2025-03-15,5,16:00-20:00,0.0,6125.787706848112,5730.095412390409,8664.407992683004
MAIN,2025-03-15,6,20:00-24:00,8233.110428038894,2465.0645464486884,5730.095412390409,8664.407992683004
MAIN,2025-03-16,1,0:00-4:00,1804.043031213032,61.13256292783217,8664.407992683004,9052.422393149078
MAIN,2025-03-16,2,4:00-8:00,658.2857052051314,5012.771256946896,8664.407992683004,9052.422393149078
MAIN,2025-03-16,3,8:00-12:00,6312.33616223631,2268.2894166666674,8664.407992683004,9052.422393149078
MAIN,2025-03-16,4,12:00-16:00,3378.957068274451,674.5466982574954,8664.407992683004,9052.422393149078
MAIN,2025-03-16,5,16:00-20:00,233.2818187634365,5572.667061995083,8664.407992683004,9052.422393149078
MAIN,2025-03-16,6,20:00-24:00,8306.916702452152,2823.374638183621,8664.407992683004,9052.422393149078
MAIN,2025-03-17,1,0:00-4:00,1596.4868683029306,52.25599794411403,9052.422393149078,9015.86761661278
MAIN,2025-03-17,2,4:00-8:00,851.9561834706183,5056.827252615302,9052.422393149078,9015.86761661278
MAIN,2025-03-17,3,8:00-12:00,6981.37285,1631.6284,9052.422393149078,9015.86761661278
MAIN,2025-03-17,4,12:00-16:00,881.9283122905412,38.98131666666666,9052.422393149078,9015.86761661278
MAIN,2025-03-17,5,16:00-20:00,23.03547658288961,5518.670005967214,9052.422393149078,9015.86761661278
MAIN,2025-03-17,6,20:00-24:00,8437.513967362254,2940.094188676851,9052.422393149078,9015.86761661278
MAIN,2025-03-18,1,0:00-4:00,1746.2333097846258,11.307545287870198,9015.86761661278,8929.36273874298
MAIN,2025-03-18,2,4:00-8:00,309.2068254708079,6404.426827026889,9015.86761661278,8929.36273874298
MAIN,2025-03-18,3,8:00-12:00,6351.243966666667,2283.452992193644,9015.86761661278,8929.36273874298
MAIN,2025-03-18,4,12:00-16:00,4649.719016872427,270.7800166666666,9015.86761661278,8929.36273874298
MAIN,2025-03-18,5,16:00-20:00,29.248022751202196,5606.634954353156,9015.86761661278,8929.36273874298
MAIN,2025-03-18,6,20:00-24:00,8367.492598348417,2878.298483868852,9015.86761661278,8929.36273874298
MAIN,2025-03-19,1,0:00-4:00,1741.243786104738,18.459742460442957,8929.36273874298,9063.1077942608
MAIN,2025-03-19,2,4:00-8:00,661.6458390359978,4735.424195444386,8929.36273874298,9063.1077942608
MAIN,2025-03-19,3,8:00-12:00,6547.831183333333,3034.798316666666,8929.36273874298,9063.1077942608
MAIN,2025-03-19,4,12:00-16:00,3172.027472897436,347.1703182081051,8929.36273874298,9063.1077942608
MAIN,2025-03-19,5,16:00-20:00,0.0,5451.83761581296,8929.36273874298,9063.1077942608
MAIN,2025-03-19,6,20:00-24:00,8376.12492326567,2896.026557197514,8929.36273874298,9063.1077942608
MAIN,2025-03-20,1,0:00-4:00,1502.1287625527275,152.19041692481937,9063.1077942608,4814.555099486722
MAIN,2025-03-20,2,4:00-8:00,1675.1278915807584,4438.18991856585,9063.1077942608,4814.555099486722
MAIN,2025-03-20,3,8:00-12:00,6348.124661880908,2777.3772166666668,9063.1077942608,4814.555099486722
MAIN,2025-03-20,4,12:00-16:00,1814.968462573203,481.8515657549158,9063.1077942608,4814.555099486722
MAIN,2025-03-20,5,16:00-20:00,239.9555217271321,5732.992906157015,9063.1077942608,4814.555099486722
MAIN,2025-03-20,6,20:00-24:00,4073.0792974849614,2920.336925445148,9063.1077942608,4814.555099486722
MAIN,2025-03-21,1,0:00-4:00,343.972673326879,97.56531017034138,4814.555099486722,5118.223066577843
MAIN,2025-03-21,2,4:00-8:00,982.6450525742434,3530.865094167201,4814.555099486722,5118.223066577843
MAIN,2025-03-21,3,8:00-12:00,9803.420317061216,0.0,4814.555099486722,5118.223066577843
MAIN,2025-03-21,4,12:00-16:00,0.0,0.0,4814.555099486722,5118.223066577843
MAIN,2025-03-21,5,16:00-20:00,0.0,6036.044441668579,4814.555099486722,5118.223066577843
MAIN,2025-03-21,6,20:00-24:00,4067.843117474223,2372.5077235654826,4814.555099486722,5118.223066577843
MAIN,2025-03-22,1,0:00-4:00,829.8212949279831,25.479026768302106,5118.223066577843,9555.649729664912
MAIN,2025-03-22,2,4:00-8:00,469.9037347116733,3334.3223935762244,5118.223066577843,9555.649729664912
MAIN,2025-03-22,3,8:00-12:00,9161.26344002018,0.0,5118.223066577843,9555.649729664912
MAIN,2025-03-22,4,12:00-16:00,0.0,33.57000000000005,5118.223066577843,9555.649729664912
MAIN,2025-03-22,5,16:00-20:00,150.80254014334946,5890.286607516114,5118.223066577843,9555.649729664912
MAIN,2025-03-22,6,20:00-24:00,8520.720666793248,2219.992433404109,5118.223066577843,9555.649729664912
MAIN,2025-03-23,1,0:00-4:00,953.162009256074,64.2656247259738,9555.649729664912,8726.010543170216
MAIN,2025-03-23,2,4:00-8:00,866.9401845752334,5331.261765361703,9555.649729664912,8726.010543170216
MAIN,2025-03-23,3,8:00-12:00,6291.579963348089,2550.772233333333,9555.649729664912,8726.010543170216
MAIN,2025-03-23,4,12:00-16:00,3085.9764025604254,3.888566666666634,9555.649729664912,8726.010543170216
MAIN,2025-03-23,5,16:00-20:00,11.411216551907248,5864.652400925152,9555.649729664912,8726.010543170216
MAIN,2025-03-23,6,20:00-24:00,8377.347652694192,2796.8327943109944,9555.649729664912,8726.010543170216
MAIN,2025-03-24,1,0:00-4:00,2079.861751601818,7.063245331512917,8726.010543170216,8625.52990374579
MAIN,2025-03-24,2,4:00-8:00,453.3624606651524,5518.664325968888,8726.010543170216,8625.52990374579
MAIN,2025-03-24,3,8:00-12:00,7101.442116794517,2436.6965833333334,8726.010543170216,8625.52990374579
MAIN,2025-03-24,4,12:00-16:00,2759.131825056588,579.1806480941835,8726.010543170216,8625.52990374579
MAIN,2025-03-24,5,16:00-20:00,138.57427237490492,5477.9979303690125,8726.010543170216,8625.52990374579
MAIN,2025-03-24,6,20:00-24:00,8253.388915710884,2907.296529570185,8726.010543170216,8625.52990374579
MAIN,2025-03-25,1,0:00-4:00,1949.5408248995695,122.89414036423022,8625.52990374579,8677.737172675403
MAIN,2025-03-25,2,4:00-8:00,801.6763748871953,5325.498219043741,8625.52990374579,8677.737172675403
MAIN,2025-03-25,3,8:00-12:00,5788.8443777848415,2944.298633333334,8625.52990374579,8677.737172675403
MAIN,2025-03-25,4,12:00-16:00,4422.020228235102,149.57218333333333,8625.52990374579,8677.737172675403
MAIN,2025-03-25,5,16:00-20:00,104.7263460828715,5791.346937958642,8625.52990374579,8677.737172675403
MAIN,2025-03-25,6,20:00-24:00,8340.569661171132,2959.3793725092387,8625.52990374579,8677.737172675403
MAIN,2025-03-26,1,0:00-4:00,1932.0741018090775,60.61637749963677,8677.737172675403,8777.55492154034
MAIN,2025-03-26,2,4:00-8:00,566.6385662139734,5683.208039744151,8677.737172675403,8777.55492154034
MAIN,2025-03-26,3,8:00-12:00,7640.735740975901,2230.974833333333,8677.737172675403,8777.55492154034
MAIN,2025-03-26,4,12:00-16:00,2064.052572691496,0.0,8677.737172675403,8777.55492154034
MAIN,2025-03-26,5,16:00-20:00,0.0,5661.822006685287,8677.737172675403,8777.55492154034
MAIN,2025-03-26,6,20:00-24:00,8370.572876731818,2938.542594081177,8677.737172675403,8777.55492154034
MAIN,2025-03-27,1,0:00-4:00,1902.2209826642188,109.9555643300439,8777.55492154034,4676.695144910899
MAIN,2025-03-27,2,4:00-8:00,792.1464928839797,5225.888086309073,8777.55492154034,4676.695144910899
MAIN,2025-03-27,3,8:00-12:00,6392.312246606127,2361.6196000000004,8777.55492154034,4676.695144910899
MAIN,2025-03-27,4,12:00-16:00,2733.856128317826,65.66318798462385,8777.55492154034,4676.695144910899
MAIN,2025-03-27,5,16:00-20:00,256.09833119868847,5748.163832138105,8777.55492154034,4676.695144910899
MAIN,2025-03-27,6,20:00-24:00,3663.6624246750775,2929.12377934484,8777.55492154034,4676.695144910899
MAIN,2025-03-28,1,0:00-4:00,567.550422628678,55.08517780127539,4676.695144910899,4913.051216640016
MAIN,2025-03-28,2,4:00-8:00,690.1168178176072,3355.000833333333,4676.695144910899,4913.051216640016
MAIN,2025-03-28,3,8:00-12:00,9755.98755055964,0.0,4676.695144910899,4913.051216640016
MAIN,2025-03-28,4,12:00-16:00,0.0,0.0,4676.695144910899,4913.051216640016
MAIN,2025-03-28,5,16:00-20:00,0.0,5852.466695658393,4676.695144910899,4913.051216640016
MAIN,2025-03-28,6,20:00-24:00,3554.5961095111898,2325.0100580696544,4676.695144910899,4913.051216640016
MAIN,2025-03-29,1,0:00-4:00,419.98544446131984,27.69981262310671,4913.051216640016,8990.588489588625
MAIN,2025-03-29,2,4:00-8:00,685.4560308702553,2948.1637907605136,4913.051216640016,8990.588489588625
MAIN,2025-03-29,3,8:00-12:00,9109.518411591396,0.0,4913.051216640016,8990.588489588625
MAIN,2025-03-29,4,12:00-16:00,0.0,0.0,4913.051216640016,8990.588489588625
MAIN,2025-03-29,5,16:00-20:00,55.8951683255445,6095.123621169683,4913.051216640016,8990.588489588625
MAIN,2025-03-29,6,20:00-24:00,8347.601183690229,2340.1787833333333,4913.051216640016,8990.588489588625
MAIN,2025-03-30,1,0:00-4:00,1669.5573459393986,145.47105705940453,8990.588489588625,9068.545160307382
MAIN,2025-03-30,2,4:00-8:00,655.6548205094787,5536.045517706352,8990.588489588625,9068.545160307382
MAIN,2025-03-30,3,8:00-12:00,6827.3717544148185,2082.798849999999,8990.588489588625,9068.545160307382
MAIN,2025-03-30,4,12:00-16:00,2729.996162115781,232.1040830773868,8990.588489588625,9068.545160307382
MAIN,2025-03-30,5,16:00-20:00,17.37327023199623,5506.039479212406,8990.588489588625,9068.545160307382
MAIN,2025-03-30,6,20:00-24:00,8391.761956435425,2863.669410111561,8990.588489588625,9068.545160307382
MAIN,2025-03-31,1,0:00-4:00,1530.7125396017282,26.808006093192944,9068.545160307382,8944.46362844709
MAIN,2025-03-31,2,4:00-8:00,540.6666669027271,5445.029489649352,9068.545160307382,8944.46362844709
MAIN,2025-03-31,3,8:00-12:00,6477.7351245526825,1297.1399833333332,9068.545160307382,8944.46362844709
MAIN,2025-03-31,4,12:00-16:00,2045.5093273895905,462.2842479824394,9068.545160307382,8944.46362844709
MAIN,2025-03-31,5,16:00-20:00,341.4373309791413,5770.428602332328,9068.545160307382,8944.46362844709
MAIN,2025-03-31,6,20:00-24:00,8523.665828025853,2872.361771419511,9068.545160307382,8944.46362844709
MAIN,2025-04-01,1,0:00-4:00,1527.5978434916956,140.51164697827596,8944.46362844709,8887.49563436215
MAIN,2025-04-01,2,4:00-8:00,948.388723132692,6004.039704566016,8944.46362844709,8887.49563436215
MAIN,2025-04-01,3,8:00-12:00,4872.424393985708,1632.0572833333335,8944.46362844709,8887.49563436215
MAIN,2025-04-01,4,12:00-16:00,4549.238222879965,190.5044693517029,8944.46362844709,8887.49563436215
MAIN,2025-04-01,5,16:00-20:00,38.77474555293631,5521.782343626698,8944.46362844709,8887.49563436215
MAIN,2025-04-01,6,20:00-24:00,8400.202926933875,3035.043500161683,8944.46362844709,8887.49563436215
MAIN,2025-04-02,1,0:00-4:00,1663.9503154376848,43.96903682607092,8887.49563436215,8881.55127641091
MAIN,2025-04-02,2,4:00-8:00,632.5356017640576,6898.360377033275,8887.49563436215,8881.55127641091
MAIN,2025-04-02,3,8:00-12:00,5647.280894395911,1836.5702499999984,8887.49563436215,8881.55127641091
MAIN,2025-04-02,4,12:00-16:00,5019.385772270751,0.0,8887.49563436215,8881.55127641091
MAIN,2025-04-02,5,16:00-20:00,21.526399696567523,5518.804530073077,8887.49563436215,8881.55127641091
MAIN,2025-04-02,6,20:00-24:00,8354.445981590958,2992.33695,8887.49563436215,8881.55127641091
MAIN,2025-04-03,1,0:00-4:00,1696.4812793155236,35.747258036482094,8881.55127641091,4432.742801663168
MAIN,2025-04-03,2,4:00-8:00,658.9995517304925,5130.827468817381,8881.55127641091,4432.742801663168
MAIN,2025-04-03,3,8:00-12:00,7299.02505,2262.297733333334,8881.55127641091,4432.742801663168
MAIN,2025-04-03,4,12:00-16:00,1763.1991947779077,340.1551181984778,8881.55127641091,4432.742801663168
MAIN,2025-04-03,5,16:00-20:00,149.50401045443607,5770.208831376714,8881.55127641091,4432.742801663168
MAIN,2025-04-03,6,20:00-24:00,3676.651602996905,2812.21837582354,8881.55127641091,4432.742801663168
MAIN,2025-04-04,1,0:00-4:00,665.5802098379063,33.691022146010766,4432.742801663168,4481.532386487212
MAIN,2025-04-04,2,4:00-8:00,1005.404061945086,2864.104038073057,4432.742801663168,4481.532386487212
MAIN,2025-04-04,3,8:00-12:00,8981.270714293818,0.0,4432.742801663168,4481.532386487212
MAIN,2025-04-04,4,12:00-16:00,0.0,0.0,4432.742801663168,4481.532386487212
MAIN,2025-04-04,5,16:00-20:00,0.0,5967.067131868325,4432.742801663168,4481.532386487212
MAIN,2025-04-04,6,20:00-24:00,3196.39757632624,2308.6357571174394,4432.742801663168,4481.532386487212
MAIN,2025-04-05,1,0:00-4:00,447.9796838812859,95.34144389607042,4481.532386487212,8796.577186852408
MAIN,2025-04-05,2,4:00-8:00,651.9365226484431,2532.0311565090715,4481.532386487212,8796.577186852408
MAIN,2025-04-05,3,8:00-12:00,9164.27324108342,0.0,4481.532386487212,8796.577186852408
MAIN,2025-04-05,4,12:00-16:00,0.0,0.0,4481.532386487212,8796.577186852408
MAIN,2025-04-05,5,16:00-20:00,0.0,6168.347379711488,4481.532386487212,8796.577186852408
MAIN,2025-04-05,6,20:00-24:00,8268.45238179031,2332.1795813714966,4481.532386487212,8796.577186852408
MAIN,2025-04-06,1,0:00-4:00,1908.371834845013,33.51764043096921,8796.577186852408,8769.374988510988
MAIN,2025-04-06,2,4:00-8:00,440.0762765751145,5841.078167744392,8796.577186852408,8769.374988510988
MAIN,2025-04-06,3,8:00-12:00,7349.054766666668,1729.0060333333336,8796.577186852408,8769.374988510988
MAIN,2025-04-06,4,12:00-16:00,1993.3121713060343,62.87781666666672,8796.577186852408,8769.374988510988
MAIN,2025-04-06,5,16:00-20:00,1.548675734088142,5676.327810543156,8796.577186852408,8769.374988510988
MAIN,2025-04-06,6,20:00-24:00,8394.720622245768,2952.2128311606384,8796.577186852408,8769.374988510988
MAIN,2025-04-07,1,0:00-4:00,1879.2233166478704,45.66715988837439,8769.374988510988,9020.620016367937
MAIN,2025-04-07,2,4:00-8:00,590.2174137625414,5883.71999876207,8769.374988510988,9020.620016367937
MAIN,2025-04-07,3,8:00-12:00,8533.167166666668,1375.9573333333333,8769.374988510988,9020.620016367937
MAIN,2025-04-07,4,12:00-16:00,419.6010975614657,119.0822833333334,8769.374988510988,9020.620016367937
MAIN,2025-04-07,5,16:00-20:00,2.2124946200912947,5515.58928633115,8769.374988510988,9020.620016367937
MAIN,2025-04-07,6,20:00-24:00,8367.958817628718,2865.691461859245,8769.374988510988,9020.620016367937
MAIN,2025-04-08,1,0:00-4:00,1850.3639272361995,0.0,9020.620016367937,8681.471450886398
MAIN,2025-04-08,2,4:00-8:00,132.65063269565434,6615.4836249426135,9020.620016367937,8681.471450886398
MAIN,2025-04-08,3,8:00-12:00,6369.894216666668,2029.3161833333336,9020.620016367937,8681.471450886398
MAIN,2025-04-08,4,12:00-16:00,4297.289054938271,0.4184499999998934,9020.620016367937,8681.471450886398
MAIN,2025-04-08,5,16:00-20:00,57.71033400938779,5759.795976676913,9020.620016367937,8681.471450886398
MAIN,2025-04-08,6,20:00-24:00,8329.899452745492,2940.8436447967806,9020.620016367937,8681.471450886398
MAIN,2025-04-09,1,0:00-4:00,2025.8698561212304,17.694831993687558,8681.471450886398,9025.591786511157
MAIN,2025-04-09,2,4:00-8:00,536.5401794307786,5432.164595708968,8681.471450886398,9025.591786511157
MAIN,2025-04-09,3,8:00-12:00,5439.745793899809,1897.9170833333344,8681.471450886398,9025.591786511157
MAIN,2025-04-09,4,12:00-16:00,3648.421172004798,352.76369497465055,8681.471450886398,9025.591786511157
MAIN,2025-04-09,5,16:00-20:00,219.08351334011184,5422.600715131862,8681.471450886398,9025.591786511157
MAIN,2025-04-09,6,20:00-24:00,8359.586462078167,2952.8408280638814,8681.471450886398,9025.591786511157
MAIN,2025-04-10,1,0:00-4:00,1578.5048312254123,27.62838833045737,9025.591786511157,4160.450996391391
MAIN,2025-04-10,2,4:00-8:00,548.1659957465283,5812.021045258232,9025.591786511157,4160.450996391391
MAIN,2025-04-10,3,8:00-12:00,6623.70965,1971.0340333333336,9025.591786511157,4160.450996391391
MAIN,2025-04-10,4,12:00-16:00,2946.6086905942934,66.91036666666628,9025.591786511157,4160.450996391391
MAIN,2025-04-10,5,16:00-20:00,135.30643897628352,5757.502957505963,9025.591786511157,4160.450996391391
MAIN,2025-04-10,6,20:00-24:00,3183.613446417404,2906.416252910671,9025.591786511157,4160.450996391391
MAIN,2025-04-11,1,0:00-4:00,655.1837768344465,62.999843883772655,4160.450996391391,3951.351693843872
MAIN,2025-04-11,2,4:00-8:00,841.0663610457607,2502.633359898554,4160.450996391391,3951.351693843872
MAIN,2025-04-11,3,8:00-12:00,9048.474932527291,0.0,4160.450996391391,3951.351693843872
MAIN,2025-04-11,4,12:00-16:00,0.0,0.0,4160.450996391391,3951.351693843872
MAIN,2025-04-11,5,16:00-20:00,0.0,6061.740365877395,4160.450996391391,3951.351693843872
MAIN,2025-04-11,6,20:00-24:00,2613.552048921056,2219.020269289174,4160.450996391391,3951.351693843872
MAIN,2025-04-12,1,0:00-4:00,637.5118803584037,19.91698818925431,3951.351693843872,9107.06777403697
MAIN,2025-04-12,2,4:00-8:00,991.1771460897938,2008.9942166666665,3951.351693843872,9107.06777403697
MAIN,2025-04-12,3,8:00-12:00,8485.748850584441,0.0,3951.351693843872,9107.06777403697
MAIN,2025-04-12,4,12:00-16:00,0.0,0.0,3951.351693843872,9107.06777403697
MAIN,2025-04-12,5,16:00-20:00,30.204093598232348,5967.325915586643,3951.351693843872,9107.06777403697
MAIN,2025-04-12,6,20:00-24:00,8347.880653998373,2342.561733333333,3951.351693843872,9107.06777403697
MAIN,2025-04-13,1,0:00-4:00,1516.8947656740338,48.06509779436135,9107.06777403697,8919.352828131656
MAIN,2025-04-13,2,4:00-8:00,464.2435512635914,6196.348352225057,9107.06777403697,8919.352828131656
MAIN,2025-04-13,3,8:00-12:00,5093.281001910023,1701.5809833333335,9107.06777403697,8919.352828131656
MAIN,2025-04-13,4,12:00-16:00,4623.602861975771,5.764529747492816,9107.06777403697,8919.352828131656
MAIN,2025-04-13,5,16:00-20:00,115.56014333806718,5647.203597831288,9107.06777403697,8919.352828131656
MAIN,2025-04-13,6,20:00-24:00,8389.631221136364,2934.583862074511,9107.06777403697,8919.352828131656
MAIN,2025-04-14,1,0:00-4:00,1591.3426643727305,76.90282141466389,8919.352828131656,8758.615982974961
MAIN,2025-04-14,2,4:00-8:00,636.7335887032963,6120.20914319438,8919.352828131656,8758.615982974961
MAIN,2025-04-14,3,8:00-12:00,6664.985830689404,1491.0586000000003,8919.352828131656,8758.615982974961
MAIN,2025-04-14,4,12:00-16:00,2688.114483259946,0.0,8919.352828131656,8758.615982974961
MAIN,2025-04-14,5,16:00-20:00,0.0,5737.204870187908,8919.352828131656,8758.615982974961
MAIN,2025-04-14,6,20:00-24:00,8397.68367578454,2902.164522520106,8919.352828131656,8758.615982974961
MAIN,2025-04-15,1,0:00-4:00,2026.6769729993855,2.003697302107753,8758.615982974961,8979.813639277012
MAIN,2025-04-15,2,4:00-8:00,249.1741495233257,5596.769768610377,8758.615982974961,8979.813639277012
MAIN,2025-04-15,3,8:00-12:00,7948.04126171805,845.33375,8758.615982974961,8979.813639277012
MAIN,2025-04-15,4,12:00-16:00,49.38477366255152,127.86138566514546,8758.615982974961,8979.813639277012
MAIN,2025-04-15,5,16:00-20:00,189.149138242813,5673.7249707509645,8758.615982974961,8979.813639277012
MAIN,2025-04-15,6,20:00-24:00,8472.193228925797,2892.2703523078185,8758.615982974961,8979.813639277012
MAIN,2025-04-16,1,0:00-4:00,1488.7342435597411,91.19262616312858,8979.813639277012,8846.023323742813
MAIN,2025-04-16,2,4:00-8:00,684.4192742595017,5873.634131953106,8979.813639277012,8846.023323742813
MAIN,2025-04-16,3,8:00-12:00,5046.533422892775,1550.0392499999998,8979.813639277012,8846.023323742813
MAIN,2025-04-16,4,12:00-16:00,4230.12198733126,121.31149894813188,8979.813639277012,8846.023323742813
MAIN,2025-04-16,5,16:00-20:00,0.0,5560.038181168116,8979.813639277012,8846.023323742813
MAIN,2025-04-16,6,20:00-24:00,8255.398192231649,2885.4133631709865,8979.813639277012,8846.023323742813
MAIN,2025-04-17,1,0:00-4:00,1784.3953912682105,33.53229289846854,8846.023323742813,3905.8573540551
MAIN,2025-04-17,2,4:00-8:00,428.0876970403547,5802.580725364169,8846.023323742813,3905.8573540551
MAIN,2025-04-17,3,8:00-12:00,6676.241333333333,1400.99385,8846.023323742813,3905.8573540551
MAIN,2025-04-17,4,12:00-16:00,2311.315981931073,76.34684999999979,8846.023323742813,3905.8573540551
MAIN,2025-04-17,5,16:00-20:00,33.65685804268455,5607.742846483883,8846.023323742813,3905.8573540551
MAIN,2025-04-17,6,20:00-24:00,2871.955476037757,2950.5315254716834,8846.023323742813,3905.8573540551
MAIN,2025-04-18,1,0:00-4:00,390.81221924931225,98.5037803640513,3905.8573540551,3827.004007649041
MAIN,2025-04-18,2,4:00-8:00,812.7075497875128,2049.6533666666664,3905.8573540551,3827.004007649041
MAIN,2025-04-18,3,8:00-12:00,9108.684586989257,0.0,3905.8573540551,3827.004007649041
MAIN,2025-04-18,4,12:00-16:00,0.0,0.0,3905.8573540551,3827.004007649041
MAIN,2025-04-18,5,16:00-20:00,0.0,5923.650632574098,3905.8573540551,3827.004007649041
MAIN,2025-04-18,6,20:00-24:00,2382.997049701752,2282.273370800184,3905.8573540551,3827.004007649041
MAIN,2025-04-19,1,0:00-4:00,541.731963921063,109.559405814888,3827.004007649041,9101.652247887969
MAIN,2025-04-19,2,4:00-8:00,350.530261288163,2194.555271765029,3827.004007649041,9101.652247887969
MAIN,2025-04-19,3,8:00-12:00,9700.097121328778,0.0,3827.004007649041,9101.652247887969
MAIN,2025-04-19,4,12:00-16:00,0.0,0.0,3827.004007649041,9101.652247887969
MAIN,2025-04-19,5,16:00-20:00,0.0,5938.183095143505,3827.004007649041,9101.652247887969
MAIN,2025-04-19,6,20:00-24:00,8294.129263927449,2308.574585538557,3827.004007649041,9101.652247887969
MAIN,2025-04-20,1,0:00-4:00,1475.115812907332,59.70179958290419,9101.652247887969,9147.943924288937
MAIN,2025-04-20,2,4:00-8:00,614.7294706879152,5813.393269895079,9101.652247887969,9147.943924288937
MAIN,2025-04-20,3,8:00-12:00,6653.250566666668,1957.4118166666667,9101.652247887969,9147.943924288937
MAIN,2025-04-20,4,12:00-16:00,2813.726511522633,2.0062500000001364,9101.652247887969,9147.943924288937
MAIN,2025-04-20,5,16:00-20:00,108.55907245149676,5562.999123757395,9101.652247887969,9147.943924288937
MAIN,2025-04-20,6,20:00-24:00,8424.096930565469,2835.302706826308,9101.652247887969,9147.943924288937
MAIN,2025-04-21,1,0:00-4:00,1472.3104928530715,52.69116930723772,9147.943924288937,8941.557703753655
MAIN,2025-04-21,2,4:00-8:00,502.7476403997806,5319.491717154281,9147.943924288937,8941.557703753655
MAIN,2025-04-21,3,8:00-12:00,5704.665827913671,1148.3090333333334,9147.943924288937,8941.557703753655
MAIN,2025-04-21,4,12:00-16:00,2205.883925172748,0.0,9147.943924288937,8941.557703753655
MAIN,2025-04-21,5,16:00-20:00,23.02769327650387,5448.809080091601,9147.943924288937,8941.557703753655
MAIN,2025-04-21,6,20:00-24:00,8302.458912743288,2967.433137406142,9147.943924288937,8941.557703753655
MAIN,2025-04-22,1,0:00-4:00,1533.8497065331148,124.7988772389964,8941.557703753655,8896.535050334443
MAIN,2025-04-22,2,4:00-8:00,826.4011403416034,5719.276210201462,8941.557703753655,8896.535050334443
MAIN,2025-04-22,3,8:00-12:00,4538.736269911822,1107.84085,8941.557703753655,8896.535050334443
MAIN,2025-04-22,4,12:00-16:00,3905.9532670649023,279.6343490717551,8941.557703753655,8896.535050334443
MAIN,2025-04-22,5,16:00-20:00,203.8356780104561,5491.105181116451,8941.557703753655,8896.535050334443
MAIN,2025-04-22,6,20:00-24:00,8270.714834297985,2934.252546338136,8941.557703753655,8896.535050334443
MAIN,2025-04-23,1,0:00-4:00,1710.0639698319465,26.139124333026302,8896.535050334443,9203.7694339703
MAIN,2025-04-23,2,4:00-8:00,454.48419338896207,5381.489859522534,8896.535050334443,9203.7694339703
MAIN,2025-04-23,3,8:00-12:00,6484.620336441258,1185.8100666666664,8896.535050334443,9203.7694339703
MAIN,2025-04-23,4,12:00-16:00,1611.816671392842,4.840483333333168,8896.535050334443,9203.7694339703
MAIN,2025-04-23,5,16:00-20:00,12.267104402514391,5399.901378932165,8896.535050334443,9203.7694339703
MAIN,2025-04-23,6,20:00-24:00,8433.683969060985,2877.9265,8896.535050334443,9203.7694339703
MAIN,2025-04-24,1,0:00-4:00,1273.9561685777237,32.07437314312881,9203.7694339703,3258.292564675498
MAIN,2025-04-24,2,4:00-8:00,540.4622261072556,5223.851350458303,9203.7694339703,3258.292564675498
MAIN,2025-04-24,3,8:00-12:00,5621.29257403643,1077.02905,9203.7694339703,3258.292564675498
MAIN,2025-04-24,4,12:00-16:00,2156.341232547932,0.0,9203.7694339703,3258.292564675498
MAIN,2025-04-24,5,16:00-20:00,61.95738845558593,5545.836646003574,9203.7694339703,3258.292564675498
MAIN,2025-04-24,6,20:00-24:00,2019.997920376838,2928.083845942744,9203.7694339703,3258.292564675498
MAIN,2025-04-25,1,0:00-4:00,851.8364763214676,3.3140784405320574,3258.292564675498,3289.168489488165
MAIN,2025-04-25,2,4:00-8:00,760.4035342190525,1667.7968041362774,3258.292564675498,3289.168489488165
MAIN,2025-04-25,3,8:00-12:00,8830.534772630916,0.0,3258.292564675498,3289.168489488165
MAIN,2025-04-25,4,12:00-16:00,0.0,0.0,3258.292564675498,3289.168489488165
MAIN,2025-04-25,5,16:00-20:00,0.0,5894.7858,3258.292564675498,3289.168489488165
MAIN,2025-04-25,6,20:00-24:00,2048.38624130746,2524.1554149196945,3258.292564675498,3289.168489488165
MAIN,2025-04-26,1,0:00-4:00,527.1881405695535,19.13534895869219,3289.168489488165,8704.977187179265
MAIN,2025-04-26,2,4:00-8:00,1160.4782684444413,1621.4927271004549,3289.168489488165,8704.977187179265
MAIN,2025-04-26,3,8:00-12:00,8683.168696566001,0.0,3289.168489488165,8704.977187179265
MAIN,2025-04-26,4,12:00-16:00,0.0,0.0,3289.168489488165,8704.977187179265
MAIN,2025-04-26,5,16:00-20:00,9.80125083312504,6121.553799019399,3289.168489488165,8704.977187179265
MAIN,2025-04-26,6,20:00-24:00,8344.889017649835,2531.265849990461,3289.168489488165,8704.977187179265
MAIN,2025-04-27,1,0:00-4:00,1994.2493300964536,114.337990140913,8704.977187179265,8745.634705982799
MAIN,2025-04-27,2,4:00-8:00,474.7118077795643,5994.412016666667,8704.977187179265,8745.634705982799
MAIN,2025-04-27,3,8:00-12:00,5713.278183333334,1460.7626666666667,8704.977187179265,8745.634705982799
MAIN,2025-04-27,4,12:00-16:00,3490.6411788065825,0.0,8704.977187179265,8745.634705982799
MAIN,2025-04-27,5,16:00-20:00,157.60033886061092,5807.258909972283,8704.977187179265,8745.634705982799
MAIN,2025-04-27,6,20:00-24:00,8302.818908799432,2894.609445247834,8704.977187179265,8745.634705982799
MAIN,2025-04-28,1,0:00-4:00,1851.960370862255,122.40461183025091,8745.634705982799,8720.060473048798
MAIN,2025-04-28,2,4:00-8:00,581.7845383300064,4992.983433333333,8745.634705982799,8720.060473048798
MAIN,2025-04-28,3,8:00-12:00,1865.191696557485,2264.6466833333334,8745.634705982799,8720.060473048798
MAIN,2025-04-28,4,12:00-16:00,4225.769198632594,292.01584925536065,8745.634705982799,8720.060473048798
MAIN,2025-04-28,5,16:00-20:00,717.7883192322257,5516.948780986839,8745.634705982799,8720.060473048798
MAIN,2025-04-28,6,20:00-24:00,8359.741691360709,1091.828461031457,8745.634705982799,8720.060473048798
MAIN,2025-04-29,1,0:00-4:00,2026.607665200789,6.9464472826624615,8720.060473048798,9074.104307794909
MAIN,2025-04-29,2,4:00-8:00,293.0268192076077,4524.484777498725,8720.060473048798,9074.104307794909
MAIN,2025-04-29,3,8:00-12:00,6509.775452674895,748.4452499999999,8720.060473048798,9074.104307794909
MAIN,2025-04-29,4,12:00-16:00,65.52075625627468,53.07181256758224,8720.060473048798,9074.104307794909
MAIN,2025-04-29,5,16:00-20:00,114.4742529532014,5707.7650712458335,8720.060473048798,9074.104307794909
MAIN,2025-04-29,6,20:00-24:00,8652.285168768505,2946.616183333333,8720.060473048798,9074.104307794909
MAIN,2025-04-30,1,0:00-4:00,1656.243713824731,85.39310083404348,9074.104307794909,8714.439375802278
MAIN,2025-04-30,2,4:00-8:00,366.84174767974594,5639.959699999999,9074.104307794909,8714.439375802278
MAIN,2025-04-30,3,8:00-12:00,4462.33165,583.3332666666661,9074.104307794909,8714.439375802278
MAIN,2025-04-30,4,12:00-16:00,3220.7460866255115,0.0,9074.104307794909,8714.439375802278
MAIN,2025-04-30,5,16:00-20:00,0.0,5610.94407024974,9074.104307794909,8714.439375802278
MAIN,2025-04-30,6,20:00-24:00,8356.466452229586,3034.798317834175,9074.104307794909,8714.439375802278
MAIN,2025-05-01,1,0:00-4:00,1855.598253251817,93.33951598960437,8714.439375802278,1767.8217743212886
MAIN,2025-05-01,2,4:00-8:00,665.243518701395,6168.911840847885,8714.439375802278,1767.8217743212886
MAIN,2025-05-01,3,8:00-12:00,5867.914133333334,1362.2728999999997,8714.439375802278,1767.8217743212886
MAIN,2025-05-01,4,12:00-16:00,3403.7830012947006,105.35425525462836,8714.439375802278,1767.8217743212886
MAIN,2025-05-01,5,16:00-20:00,0.0,7126.457507449291,8714.439375802278,1767.8217743212886
MAIN,2025-05-01,6,20:00-24:00,1105.4733903329063,1843.009782291952,8714.439375802278,1767.8217743212886
MAIN,2025-05-02,1,0:00-4:00,1734.0419468815016,2.723627880320464,1767.8217743212886,1921.6484347733028
MAIN,2025-05-02,2,4:00-8:00,1188.7331285319697,2102.569829224336,1767.8217743212886,1921.6484347733028
MAIN,2025-05-02,3,8:00-12:00,9712.106233494544,0.0,1767.8217743212886,1921.6484347733028
MAIN,2025-05-02,4,12:00-16:00,0.0,0.0,1767.8217743212886,1921.6484347733028
MAIN,2025-05-02,5,16:00-20:00,1.8974340722840568,7144.267508387638,1767.8217743212886,1921.6484347733028
MAIN,2025-05-02,6,20:00-24:00,1140.4269346846231,1771.5316390094858,1767.8217743212886,1921.6484347733028
MAIN,2025-05-03,1,0:00-4:00,1751.6287002473875,108.35733616536209,1921.6484347733028,8405.179941230135
MAIN,2025-05-03,2,4:00-8:00,1406.4856867013114,1732.4261,1921.6484347733028,8405.179941230135
MAIN,2025-05-03,3,8:00-12:00,8979.292828939437,0.0,1921.6484347733028,8405.179941230135
MAIN,2025-05-03,4,12:00-16:00,0.0,0.0,1921.6484347733028,8405.179941230135
MAIN,2025-05-03,5,16:00-20:00,12.164872914515096,6728.521147060758,1921.6484347733028,8405.179941230135
MAIN,2025-05-03,6,20:00-24:00,8040.087138657656,1949.1410352055832,1921.6484347733028,8405.179941230135
MAIN,2025-05-04,1,0:00-4:00,2200.178442927781,102.83052839286027,8405.179941230135,8221.021231598588
MAIN,2025-05-04,2,4:00-8:00,640.367084265221,4424.09914574059,8405.179941230135,8221.021231598588
MAIN,2025-05-04,3,8:00-12:00,5016.350351771698,844.7216666666666,8405.179941230135,8221.021231598588
MAIN,2025-05-04,4,12:00-16:00,1435.6836194217149,0.0,8405.179941230135,8221.021231598588
MAIN,2025-05-04,5,16:00-20:00,0.0,6434.124694476601,8405.179941230135,8221.021231598588
MAIN,2025-05-04,6,20:00-24:00,7857.683303016985,2251.679672528426,8405.179941230135,8221.021231598588
MAIN,2025-05-05,1,0:00-4:00,2561.483305117783,84.43617849591476,8221.021231598588,7916.786076762195
MAIN,2025-05-05,2,4:00-8:00,476.9006619954719,6389.93343759623,8221.021231598588,7916.786076762195
MAIN,2025-05-05,3,8:00-12:00,4222.4141500000005,1729.9067333333332,8221.021231598588,7916.786076762195
MAIN,2025-05-05,4,12:00-16:00,5628.077793773396,0.0,8221.021231598588,7916.786076762195
MAIN,2025-05-05,5,16:00-20:00,62.23030947147572,6917.044867378752,8221.021231598588,7916.786076762195
MAIN,2025-05-05,6,20:00-24:00,7533.919582217817,1745.3613226350408,8221.021231598588,7916.786076762195
MAIN,2025-05-06,1,0:00-4:00,2628.8269367813696,133.14924335131752,7916.786076762195,8024.370508204869
MAIN,2025-05-06,2,4:00-8:00,892.5729638020912,5720.498764966329,7916.786076762195,8024.370508204869
MAIN,2025-05-06,3,8:00-12:00,5731.778154276986,1829.3643166666668,7916.786076762195,8024.370508204869
MAIN,2025-05-06,4,12:00-16:00,3435.5933721745373,45.6075244057464,7916.786076762195,8024.370508204869
MAIN,2025-05-06,5,16:00-20:00,56.305585686107705,6403.751205162853,7916.786076762195,8024.370508204869
MAIN,2025-05-06,6,20:00-24:00,7685.185427053417,2319.3155333660334,7916.786076762195,8024.370508204869
MAIN,2025-05-07,1,0:00-4:00,2839.240063380734,56.85376682404478,8024.370508204869,8601.200372575351
MAIN,2025-05-07,2,4:00-8:00,401.5095795627002,5322.2247226942345,8024.370508204869,8601.200372575351
MAIN,2025-05-07,3,8:00-12:00,7336.19815,1466.8686666666665,8024.370508204869,8601.200372575351
MAIN,2025-05-07,4,12:00-16:00,1064.7002628724383,193.98351427539356,8024.370508204869,8601.200372575351
MAIN,2025-05-07,5,16:00-20:00,109.14794424182594,5971.813361676233,8024.370508204869,8601.200372575351
MAIN,2025-05-07,6,20:00-24:00,8274.430884543193,2689.542866456713,8024.370508204869,8601.200372575351
MAIN,2025-05-08,1,0:00-4:00,2444.1694215994166,20.425147018960843,8601.200372575351,4453.133418579694
MAIN,2025-05-08,2,4:00-8:00,104.755280093732,5080.849646670306,8601.200372575351,4453.133418579694
MAIN,2025-05-08,3,8:00-12:00,4009.449296793351,1345.925733333334,8601.200372575351,4453.133418579694
MAIN,2025-05-08,4,12:00-16:00,4189.664299312166,290.8086833333333,8601.200372575351,4453.133418579694
MAIN,2025-05-08,5,16:00-20:00,13.60228866815103,5369.570008876238,8601.200372575351,4453.133418579694
MAIN,2025-05-08,6,20:00-24:00,3010.536713667907,2781.144652473044,8601.200372575351,4453.133418579694
MAIN,2025-05-09,1,0:00-4:00,496.187599479336,73.56476736849481,4453.133418579694,3522.437050209635
MAIN,2025-05-09,2,4:00-8:00,569.1457516956496,2601.1968583977814,4453.133418579694,3522.437050209635
MAIN,2025-05-09,3,8:00-12:00,9288.91547480594,0.0,4453.133418579694,3522.437050209635
MAIN,2025-05-09,4,12:00-16:00,0.0,0.0,4453.133418579694,3522.437050209635
MAIN,2025-05-09,5,16:00-20:00,18.91096466252219,6329.705379877425,4453.133418579694,3522.437050209635
MAIN,2025-05-09,6,20:00-24:00,2444.29704875698,2215.2997658037,4453.133418579694,3522.437050209635
MAIN,2025-05-10,1,0:00-4:00,1132.1121764517015,0.0,3522.437050209635,9897.828762455005
MAIN,2025-05-10,2,4:00-8:00,853.9987992603642,1637.217583333333,3522.437050209635,9897.828762455005
MAIN,2025-05-10,3,8:00-12:00,8121.326355330727,0.0,3522.437050209635,9897.828762455005
MAIN,2025-05-10,4,12:00-16:00,0.0,0.0,3522.437050209635,9897.828762455005
MAIN,2025-05-10,5,16:00-20:00,67.44676401553198,5715.9206867306375,3522.437050209635,9897.828762455005
MAIN,2025-05-10,6,20:00-24:00,8599.361066423924,2116.147769715819,3522.437050209635,9897.828762455005
MAIN,2025-05-11,1,0:00-4:00,541.169715420353,138.86550364928178,9897.828762455005,8859.872461016159
MAIN,2025-05-11,2,4:00-8:00,675.5963581710816,4843.537352169283,9897.828762455005,8859.872461016159
MAIN,2025-05-11,3,8:00-12:00,6343.765522462792,1309.333466666667,9897.828762455005,8859.872461016159
MAIN,2025-05-11,4,12:00-16:00,1446.1444158088134,191.71713333333355,9897.828762455005,8859.872461016159
MAIN,2025-05-11,5,16:00-20:00,11.40602272000217,5650.004444750251,9897.828762455005,8859.872461016159
MAIN,2025-05-11,6,20:00-24:00,8471.352835462036,2967.1450154626577,9897.828762455005,8859.872461016159
MAIN,2025-05-12,1,0:00-4:00,1751.065895079253,105.68419290024336,8859.872461016159,9061.057468458892
MAIN,2025-05-12,2,4:00-8:00,536.160718546666,4104.166712384629,8859.872461016159,9061.057468458892
MAIN,2025-05-12,3,8:00-12:00,5724.145823045267,533.245983333333,8859.872461016159,9061.057468458892
MAIN,2025-05-12,4,12:00-16:00,0.0,0.0,8859.872461016159,9061.057468458892
MAIN,2025-05-12,5,16:00-20:00,292.96455558544665,5816.444951901558,8859.872461016159,9061.057468458892
MAIN,2025-05-12,6,20:00-24:00,8535.573300811131,2899.718990166669,8859.872461016159,9061.057468458892
MAIN,2025-05-13,1,0:00-4:00,1932.1583683790104,0.0,9061.057468458892,9792.27642141831
MAIN,2025-05-13,2,4:00-8:00,0.0,5254.120149592889,9061.057468458892,9792.27642141831
MAIN,2025-05-13,3,8:00-12:00,3534.2917726918386,1461.5088166666667,9061.057468458892,9792.27642141831
MAIN,2025-05-13,4,12:00-16:00,4756.608185653295,0.0,9061.057468458892,9792.27642141831
MAIN,2025-05-13,5,16:00-20:00,0.0,5520.027292821756,9061.057468458892,9792.27642141831
MAIN,2025-05-13,6,20:00-24:00,8957.410470571198,2642.4264090644374,9061.057468458892,9792.27642141831
MAIN,2025-05-14,1,0:00-4:00,1119.6928650907653,44.7202546570785,9792.27642141831,9787.43828516922
MAIN,2025-05-14,2,4:00-8:00,55.2101909346647,5078.78925,9792.27642141831,9787.43828516922
MAIN,2025-05-14,3,8:00-12:00,4644.408698141811,933.5708000000002,9792.27642141831,9787.43828516922
MAIN,2025-05-14,4,12:00-16:00,2778.258030253249,0.0,9792.27642141831,9787.43828516922
MAIN,2025-05-14,5,16:00-20:00,70.6965097938493,5420.057908802542,9792.27642141831,9787.43828516922
MAIN,2025-05-14,6,20:00-24:00,8646.624999532592,2552.2780570995783,9792.27642141831,9787.43828516922
MAIN,2025-05-15,1,0:00-4:00,1131.40460049372,18.7737509267472,9787.43828516922,4637.544380520491
MAIN,2025-05-15,2,4:00-8:00,44.08527504371554,5405.386221577543,9787.43828516922,4637.544380520491
MAIN,2025-05-15,3,8:00-12:00,6118.102505249937,858.7055833333335,9787.43828516922,4637.544380520491
MAIN,2025-05-15,4,12:00-16:00,1696.9865873905246,209.31451701631704,9787.43828516922,4637.544380520491
MAIN,2025-05-15,5,16:00-20:00,518.2119021923604,5594.404903008897,9787.43828516922,4637.544380520491
MAIN,2025-05-15,6,20:00-24:00,2571.14092916706,2333.064295946244,9787.43828516922,4637.544380520491
MAIN,2025-05-16,1,0:00-4:00,805.3384877848816,35.35121217544281,4637.544380520491,3685.010838099485
MAIN,2025-05-16,2,4:00-8:00,938.2755099272508,2211.616045642473,4637.544380520491,3685.010838099485
MAIN,2025-05-16,3,8:00-12:00,7877.592564447712,0.0,4637.544380520491,3685.010838099485
MAIN,2025-05-16,4,12:00-16:00,0.0,0.0,4637.544380520491,3685.010838099485
MAIN,2025-05-16,5,16:00-20:00,0.0,5710.0909,4637.544380520491,3685.010838099485
MAIN,2025-05-16,6,20:00-24:00,2032.8500506548824,2340.0078867409197,4637.544380520491,3685.010838099485
MAIN,2025-05-17,1,0:00-4:00,423.6063497066589,164.3278201315515,3685.010838099485,8929.072860792012
MAIN,2025-05-17,2,4:00-8:00,1062.863665846908,1726.4477036887447,3685.010838099485,8929.072860792012
MAIN,2025-05-17,3,8:00-12:00,8753.364267817738,0.0,3685.010838099485,8929.072860792012
MAIN,2025-05-17,4,12:00-16:00,0.0,0.0,3685.010838099485,8929.072860792012
MAIN,2025-05-17,5,16:00-20:00,19.386031257452203,6483.956034562895,3685.010838099485,8929.072860792012
MAIN,2025-05-17,6,20:00-24:00,8640.623367499717,2214.486003717604,3685.010838099485,8929.072860792012
MAIN,2025-05-18,1,0:00-4:00,1573.7447109581665,118.12344771594984,8929.072860792012,9247.964622800497
MAIN,2025-05-18,2,4:00-8:00,656.5684065025747,5077.435073084948,8929.072860792012,9247.964622800497
MAIN,2025-05-18,3,8:00-12:00,4579.477438934962,1330.2297166666667,8929.072860792012,9247.964622800497
MAIN,2025-05-18,4,12:00-16:00,3325.546064289176,0.0,8929.072860792012,9247.964622800497
MAIN,2025-05-18,5,16:00-20:00,0.0,5254.771979006496,8929.072860792012,9247.964622800497
MAIN,2025-05-18,6,20:00-24:00,8327.441734533031,2887.287665444813,8929.072860792012,9247.964622800497
MAIN,2025-05-19,1,0:00-4:00,1547.4715351450236,0.0,9247.964622800497,9521.955173623455
MAIN,2025-05-19,2,4:00-8:00,177.012217298873,4589.824416666666,9247.964622800497,9521.955173623455
MAIN,2025-05-19,3,8:00-12:00,5735.984286736159,855.9667000000004,9247.964622800497,9521.955173623455
MAIN,2025-05-19,4,12:00-16:00,987.2146227288632,16.240668219688814,9247.964622800497,9521.955173623455
MAIN,2025-05-19,5,16:00-20:00,87.64955112381656,5365.223611872307,9247.964622800497,9521.955173623455
MAIN,2025-05-19,6,20:00-24:00,8700.791340156715,2887.413185584124,9247.964622800497,9521.955173623455
MAIN,2025-05-20,1,0:00-4:00,906.3129497643208,8.779562101634156,9521.955173623455,9041.529301794706
MAIN,2025-05-20,2,4:00-8:00,524.5758228783038,4663.7421,9521.955173623455,9041.529301794706
MAIN,2025-05-20,3,8:00-12:00,4676.119865005021,976.4611333333334,9521.955173623455,9041.529301794706
MAIN,2025-05-20,4,12:00-16:00,2388.358140830667,503.2397168823496,9521.955173623455,9041.529301794706
MAIN,2025-05-20,5,16:00-20:00,561.1747237554713,5626.599685091616,9521.955173623455,9041.529301794706
MAIN,2025-05-20,6,20:00-24:00,8409.220415607228,2800.828240688163,9521.955173623455,9041.529301794706
MAIN,2025-05-21,1,0:00-4:00,1677.8374054824271,75.6490398516321,9041.529301794706,9107.76627421898
MAIN,2025-05-21,2,4:00-8:00,369.41280221682007,4233.287808622865,9041.529301794706,9107.76627421898
MAIN,2025-05-21,3,8:00-12:00,3532.5532833333336,833.273366666667,9041.529301794706,9107.76627421898
MAIN,2025-05-21,4,12:00-16:00,2805.1778580623595,190.90138154886483,9041.529301794706,9107.76627421898
MAIN,2025-05-21,5,16:00-20:00,201.1703971826122,5475.069471748242,9041.529301794706,9107.76627421898
MAIN,2025-05-21,6,20:00-24:00,8318.261779084904,2824.7806119234847,9041.529301794706,9107.76627421898
MAIN,2025-05-22,1,0:00-4:00,1499.8747296807878,9.209841126899503,9107.76627421898,3233.0625940960394
MAIN,2025-05-22,2,4:00-8:00,404.1257058837575,5001.768220875647,9107.76627421898,3233.0625940960394
MAIN,2025-05-22,3,8:00-12:00,4484.6035833333335,942.0987,9107.76627421898,3233.0625940960394
MAIN,2025-05-22,4,12:00-16:00,2841.1331603681256,0.0,9107.76627421898,3233.0625940960394
MAIN,2025-05-22,5,16:00-20:00,88.17628500685248,5478.01121499436,9107.76627421898,3233.0625940960394
MAIN,2025-05-22,6,20:00-24:00,1845.5106687276264,2898.518882844132,9107.76627421898,3233.0625940960394
MAIN,2025-05-23,1,0:00-4:00,646.5386475467316,39.81459615778624,3233.0625940960394,3879.5684747111904
MAIN,2025-05-23,2,4:00-8:00,1018.084966880333,1394.0987872265662,3233.0625940960394,3879.5684747111904
MAIN,2025-05-23,3,8:00-12:00,8513.348050632092,0.0,3233.0625940960394,3879.5684747111904
MAIN,2025-05-23,4,12:00-16:00,0.0,0.0,3233.0625940960394,3879.5684747111904
MAIN,2025-05-23,5,16:00-20:00,0.0,5729.821155157437,3233.0625940960394,3879.5684747111904
MAIN,2025-05-23,6,20:00-24:00,1986.483233850514,2107.618637021411,3233.0625940960394,3879.5684747111904
MAIN,2025-05-24,1,0:00-4:00,441.4372591385582,34.14013031372491,3879.5684747111904,9696.925309952408
MAIN,2025-05-24,2,4:00-8:00,905.4813491774826,2076.8603440927577,3879.5684747111904,9696.925309952408
MAIN,2025-05-24,3,8:00-12:00,8948.623178309157,0.0,3879.5684747111904,9696.925309952408
MAIN,2025-05-24,4,12:00-16:00,0.0,0.0,3879.5684747111904,9696.925309952408
MAIN,2025-05-24,5,16:00-20:00,0.0,5675.253017229807,3879.5684747111904,9696.925309952408
MAIN,2025-05-24,6,20:00-24:00,8401.619291745737,2122.8258301270725,3879.5684747111904,9696.925309952408
MAIN,2025-05-25,1,0:00-4:00,1118.989312738017,8.14819587915099,9696.925309952408,9153.297762429682
MAIN,2025-05-25,2,4:00-8:00,121.18484628252789,4187.408635217993,9696.925309952408,9153.297762429682
MAIN,2025-05-25,3,8:00-12:00,5840.661811225018,773.8803166666668,9696.925309952408,9153.297762429682
MAIN,2025-05-25,4,12:00-16:00,279.9101640836266,8.106006748133836,9696.925309952408,9153.297762429682
MAIN,2025-05-25,5,16:00-20:00,121.6723999327908,5520.059187197425,9696.925309952408,9153.297762429682
MAIN,2025-05-25,6,20:00-24:00,8571.89981571641,2995.66031454358,9696.925309952408,9153.297762429682
MAIN,2025-05-26,1,0:00-4:00,1703.1341965594092,31.62756172766012,9153.297762429682,9580.2418801725
MAIN,2025-05-26,2,4:00-8:00,240.81689043637763,5006.816438258977,9153.297762429682,9580.2418801725
MAIN,2025-05-26,3,8:00-12:00,2746.874117071393,1396.1616333333332,9153.297762429682,9580.2418801725
MAIN,2025-05-26,4,12:00-16:00,5082.801520788687,0.0,9153.297762429682,9580.2418801725
MAIN,2025-05-26,5,16:00-20:00,76.7603706961137,5514.16813855773,9153.297762429682,9580.2418801725
MAIN,2025-05-26,6,20:00-24:00,8549.908293749368,2571.215787487855,9153.297762429682,9580.2418801725
MAIN,2025-05-27,1,0:00-4:00,944.3191990492136,67.40249379334409,9580.2418801725,8895.338465172608
MAIN,2025-05-27,2,4:00-8:00,553.6600473743765,4260.028204631686,9580.2418801725,8895.338465172608
MAIN,2025-05-27,3,8:00-12:00,5382.559984506947,949.3682166666664,9580.2418801725,8895.338465172608
MAIN,2025-05-27,4,12:00-16:00,989.3141307193886,0.0,9580.2418801725,8895.338465172608
MAIN,2025-05-27,5,16:00-20:00,36.95286079772288,5569.589374287603,9580.2418801725,8895.338465172608
MAIN,2025-05-27,6,20:00-24:00,8317.607498582216,2911.799898154801,9580.2418801725,8895.338465172608
MAIN,2025-05-28,1,0:00-4:00,1712.7617674816902,93.85950678981192,8895.338465172608,9350.313822098804
MAIN,2025-05-28,2,4:00-8:00,519.4047610793777,4998.354083333334,8895.338465172608,9350.313822098804
MAIN,2025-05-28,3,8:00-12:00,3460.002324468412,1132.493166666667,8895.338465172608,9350.313822098804
MAIN,2025-05-28,4,12:00-16:00,4108.944897753807,0.0,8895.338465172608,9350.313822098804
MAIN,2025-05-28,5,16:00-20:00,168.7682676326971,5617.669752988057,8895.338465172608,9350.313822098804
MAIN,2025-05-28,6,20:00-24:00,8661.85362962978,2839.8515439056296,8895.338465172608,9350.313822098804
MAIN,2025-05-29,1,0:00-4:00,1144.2121749345706,68.0340363368856,9350.313822098804,2744.052304127441
MAIN,2025-05-29,2,4:00-8:00,668.4335042793155,5256.05208704862,9350.313822098804,2744.052304127441
MAIN,2025-05-29,3,8:00-12:00,3087.750117588403,1543.490483333333,9350.313822098804,2744.052304127441
MAIN,2025-05-29,4,12:00-16:00,5201.69416957561,21.25326099051836,9350.313822098804,2744.052304127441
MAIN,2025-05-29,5,16:00-20:00,129.3426258914561,5660.632921023237,9350.313822098804,2744.052304127441
MAIN,2025-05-29,6,20:00-24:00,1464.5221395168069,2869.8959101884257,9350.313822098804,2744.052304127441
MAIN,2025-05-30,1,0:00-4:00,751.8825125606917,65.5034078324332,2744.052304127441,2990.860605674042
MAIN,2025-05-30,2,4:00-8:00,1489.8291678796966,1376.1056666666668,2744.052304127441,2990.860605674042
MAIN,2025-05-30,3,8:00-12:00,8489.105604478627,0.0,2744.052304127441,2990.860605674042
MAIN,2025-05-30,4,12:00-16:00,0.0,0.0,2744.052304127441,2990.860605674042
MAIN,2025-05-30,5,16:00-20:00,104.65245446349064,6092.24992110849,2744.052304127441,2990.860605674042
MAIN,2025-05-30,6,20:00-24:00,1366.013996701521,2127.215359228532,2744.052304127441,2990.860605674042
MAIN,2025-05-31,1,0:00-4:00,505.55738854010457,66.74672425340407,2990.860605674042,9450.400281107066
MAIN,2025-05-31,2,4:00-8:00,749.1152028268214,1509.4282541467928,2990.860605674042,9450.400281107066
MAIN,2025-05-31,3,8:00-12:00,9368.043992946112,0.0,2990.860605674042,9450.400281107066
MAIN,2025-05-31,4,12:00-16:00,0.0,0.0,2990.860605674042,9450.400281107066
MAIN,2025-05-31,5,16:00-20:00,0.0,5967.671684445757,2990.860605674042,9450.400281107066
MAIN,2025-05-31,6,20:00-24:00,8609.41953824435,2220.5978885358045,2990.860605674042,9450.400281107066
MAIN,2025-06-01,1,0:00-4:00,602.552990887231,1136.750823917469,9450.400281107066,7557.616343950384
MAIN,2025-06-01,2,4:00-8:00,941.5870043009456,4862.676661506584,9450.400281107066,7557.616343950384
MAIN,2025-06-01,3,8:00-12:00,1608.2050546487733,2858.4155803413946,9450.400281107066,7557.616343950384
MAIN,2025-06-01,4,12:00-16:00,2923.661778479417,1740.8412526230798,9450.400281107066,7557.616343950384
MAIN,2025-06-01,5,16:00-20:00,0.0,1748.2414655440884,9450.400281107066,7557.616343950384
MAIN,2025-06-01,6,20:00-24:00,7419.296677029128,287.7755988382479,9450.400281107066,7557.616343950384
MAIN,2025-06-02,1,0:00-4:00,2489.6173495008265,778.7535329801343,7557.616343950384,7495.968530298889
MAIN,2025-06-02,2,4:00-8:00,937.9577364316732,5470.629828624092,7557.616343950384,7495.968530298889
MAIN,2025-06-02,3,8:00-12:00,6800.969666666668,2248.8071675564397,7557.616343950384,7495.968530298889
MAIN,2025-06-02,4,12:00-16:00,3722.160972130621,2200.174553876269,7557.616343950384,7495.968530298889
MAIN,2025-06-02,5,16:00-20:00,0.0,6323.561263549533,7557.616343950384,7495.968530298889
MAIN,2025-06-02,6,20:00-24:00,7297.232083595703,244.3863104435194,7557.616343950384,7495.968530298889
MAIN,2025-06-03,1,0:00-4:00,2630.061901443152,665.0882635076621,7495.968530298889,7763.942207740682
MAIN,2025-06-03,2,4:00-8:00,1010.8745137411238,5287.373515943793,7495.968530298889,7763.942207740682
MAIN,2025-06-03,3,8:00-12:00,5732.096451834799,2663.06839411681,7495.968530298889,7763.942207740682
MAIN,2025-06-03,4,12:00-16:00,5590.956346519113,534.6632494228047,7495.968530298889,7763.942207740682
MAIN,2025-06-03,5,16:00-20:00,3.691954019923287,6597.998746325586,7495.968530298889,7763.942207740682
MAIN,2025-06-03,6,20:00-24:00,7527.760790928393,2231.939507359799,7495.968530298889,7763.942207740682
MAIN,2025-06-04,1,0:00-4:00,2827.255238980262,299.28400039850624,7763.942207740682,8558.930659045373
MAIN,2025-06-04,2,4:00-8:00,1094.177863960107,4118.773137919587,7763.942207740682,8558.930659045373
MAIN,2025-06-04,3,8:00-12:00,5853.052344705124,2124.8815333333337,7763.942207740682,8558.930659045373
MAIN,2025-06-04,4,12:00-16:00,2526.802297629676,1453.478126676921,7763.942207740682,8558.930659045373
MAIN,2025-06-04,5,16:00-20:00,412.749648174854,5616.663533686744,7763.942207740682,8558.930659045373
MAIN,2025-06-04,6,20:00-24:00,8241.97991274983,2645.804079832568,7763.942207740682,8558.930659045373
MAIN,2025-06-05,1,0:00-4:00,1923.5837287854104,202.46542106293955,8558.930659045373,2878.3248718540785
MAIN,2025-06-05,2,4:00-8:00,882.9794085496517,4934.128000076695,8558.930659045373,2878.3248718540785
MAIN,2025-06-05,3,8:00-12:00,6164.989136153541,2830.16535,8558.930659045373,2878.3248718540785
MAIN,2025-06-05,4,12:00-16:00,4772.176679597015,1603.8719342089014,8558.930659045373,2878.3248718540785
MAIN,2025-06-05,5,16:00-20:00,571.9511157899244,5548.388786862861,8558.930659045373,2878.3248718540785
MAIN,2025-06-05,6,20:00-24:00,1578.460812995054,2867.779830575953,8558.930659045373,2878.3248718540785
MAIN,2025-06-06,1,0:00-4:00,1840.550896698056,86.31962812928236,2878.3248718540785,3050.1999832181764
MAIN,2025-06-06,2,4:00-8:00,1314.497420166558,2025.5572,2878.3248718540785,3050.1999832181764
MAIN,2025-06-06,3,8:00-12:00,8222.73265,0.0,2878.3248718540785,3050.1999832181764
MAIN,2025-06-06,4,12:00-16:00,31.335630000341755,420.0633058324228,2878.3248718540785,3050.1999832181764
MAIN,2025-06-06,5,16:00-20:00,4.831380321807046,6590.115368984016,2878.3248718540785,3050.1999832181764
MAIN,2025-06-06,6,20:00-24:00,2122.9034376144546,1688.1065428155807,2878.3248718540785,3050.1999832181764
MAIN,2025-06-07,1,0:00-4:00,110.04665396921833,857.6008691503068,3050.1999832181764,7799.419391440157
MAIN,2025-06-07,2,4:00-8:00,991.8895006663772,1631.404051000883,3050.1999832181764,7799.419391440157
MAIN,2025-06-07,3,8:00-12:00,6138.388383333333,0.0,3050.1999832181764,7799.419391440157
MAIN,2025-06-07,4,12:00-16:00,4455.944929423871,10.15333333333342,3050.1999832181764,7799.419391440157
MAIN,2025-06-07,5,16:00-20:00,0.0,7928.055833898657,3050.1999832181764,7799.419391440157
MAIN,2025-06-07,6,20:00-24:00,7448.033827084948,805.3741137440129,3050.1999832181764,7799.419391440157
MAIN,2025-06-08,1,0:00-4:00,3066.5439076374832,5.210573386115925,7799.419391440157,8929.020931506147
MAIN,2025-06-08,2,4:00-8:00,1484.5278383381733,3004.142471276456,7799.419391440157,8929.020931506147
MAIN,2025-06-08,3,8:00-12:00,3392.871619085775,724.718533333333,7799.419391440157,8929.020931506147
MAIN,2025-06-08,4,12:00-16:00,814.4760082304534,659.7255666666669,7799.419391440157,8929.020931506147
MAIN,2025-06-08,5,16:00-20:00,60.7788368840158,5783.845222565348,7799.419391440157,8929.020931506147
MAIN,2025-06-08,6,20:00-24:00,8249.579177146534,2631.4259304438638,7799.419391440157,8929.020931506147
MAIN,2025-06-09,1,0:00-4:00,2078.865631659836,60.95319417287101,8929.020931506147,10800.0
MAIN,2025-06-09,2,4:00-8:00,78.02227155751406,5738.148377289703,8929.020931506147,10800.0
MAIN,2025-06-09,3,8:00-12:00,5931.139606568026,2292.610966666666,8929.020931506147,10800.0
MAIN,2025-06-09,4,12:00-16:00,5095.577327660874,903.1262185577544,8929.020931506147,10800.0
MAIN,2025-06-09,5,16:00-20:00,65.57210142665048,5148.392228455327,8929.020931506147,10800.0
MAIN,2025-06-09,6,20:00-24:00,9285.519099316178,2425.991644146361,8929.020931506147,10800.0
MAIN,2025-06-10,1,0:00-4:00,0.0,0.0,10800.0,10800.0
MAIN,2025-06-10,2,4:00-8:00,460.7116047179767,4050.065666058804,10800.0,10800.0
MAIN,2025-06-10,3,8:00-12:00,6359.821573515364,3020.463083333333,10800.0,10800.0
MAIN,2025-06-10,4,12:00-16:00,3316.2897222507822,1140.2978,10800.0,10800.0
MAIN,2025-06-10,5,16:00-20:00,0.0,4992.626803898636,10800.0,10800.0
MAIN,2025-06-10,6,20:00-24:00,9131.026373685025,2403.5045587862305,10800.0,10800.0
MAIN,2025-06-11,1,0:00-4:00,9.119621996550348,7.386893817205987,10800.0,9278.818806199006
MAIN,2025-06-11,2,4:00-8:00,0.0,4785.280064159316,10800.0,9278.818806199006
MAIN,2025-06-11,3,8:00-12:00,5833.333333333334,3854.719935840684,10800.0,9278.818806199006
MAIN,2025-06-11,4,12:00-16:00,6556.708624327843,2130.8975532212626,10800.0,9278.818806199006
MAIN,2025-06-11,5,16:00-20:00,836.0592004670574,5681.899388722672,10800.0,9278.818806199006
MAIN,2025-06-11,6,20:00-24:00,8593.932336426356,2590.4932630661824,10800.0,9278.818806199006
MAIN,2025-06-12,1,0:00-4:00,1710.9481608592944,16.804935875134447,9278.818806199006,10365.754549643663
MAIN,2025-06-12,2,4:00-8:00,1591.5216207235762,2339.031682722401,9278.818806199006,10365.754549643663
MAIN,2025-06-12,3,8:00-12:00,4522.881094571569,2613.634516666667,9278.818806199006,10365.754549643663
MAIN,2025-06-12,4,12:00-16:00,2291.002160493829,1855.71175,9278.818806199006,10365.754549643663
MAIN,2025-06-12,5,16:00-20:00,0.0,4994.626449303014,9278.818806199006,10365.754549643663
MAIN,2025-06-12,6,20:00-24:00,8470.532442300146,2257.3257342808047,9278.818806199006,10365.754549643663
MAIN,2025-06-13,1,0:00-4:00,762.3110377508046,1873.6613333333332,10365.754549643663,10800.0
MAIN,2025-06-13,2,4:00-8:00,190.8709181052021,5145.94077152648,10365.754549643663,10800.0
MAIN,2025-06-13,3,8:00-12:00,6567.932666666667,13.859816666666802,10365.754549643663,10800.0
MAIN,2025-06-13,4,12:00-16:00,1644.666645189893,0.0,10365.754549643663,10800.0
MAIN,2025-06-13,5,16:00-20:00,0.0,4907.181909497367,10365.754549643663,10800.0
MAIN,2025-06-13,6,20:00-24:00,9100.81254258934,2464.47625,10365.754549643663,10800.0
MAIN,2025-06-14,1,0:00-4:00,103.06254811548604,2293.752026926815,10800.0,9522.501456816835
MAIN,2025-06-14,2,4:00-8:00,405.7826265224143,4777.063,10800.0,9522.501456816835
MAIN,2025-06-14,3,8:00-12:00,8220.556093172978,0.0,10800.0,9522.501456816835
MAIN,2025-06-14,4,12:00-16:00,0.0,0.0,10800.0,9522.501456816835
MAIN,2025-06-14,5,16:00-20:00,101.73541054205702,5492.572283027965,10800.0,9522.501456816835
MAIN,2025-06-14,6,20:00-24:00,8493.582925441355,2619.384257983448,10800.0,9522.501456816835
MAIN,2025-06-15,1,0:00-4:00,1419.4428257590744,0.0,9522.501456816835,10048.860530458422
MAIN,2025-06-15,2,4:00-8:00,185.81185684914533,4454.710516666667,9522.501456816835,10048.860530458422
MAIN,2025-06-15,3,8:00-12:00,5833.333333333334,3277.460033333333,9522.501456816835,10048.860530458422
MAIN,2025-06-15,4,12:00-16:00,5166.83938208966,1328.4769535404353,9522.501456816835,10048.860530458422
MAIN,2025-06-15,5,16:00-20:00,0.0,5216.0444585759615,9522.501456816835,10048.860530458422
MAIN,2025-06-15,6,20:00-24:00,8851.253513149377,2629.496409662454,9522.501456816835,10048.860530458422
MAIN,2025-06-16,1,0:00-4:00,754.613745503235,83.89899050549752,10048.860530458422,9527.966319450445
MAIN,2025-06-16,2,4:00-8:00,222.6895158232828,4418.483170108955,10048.860530458422,9527.966319450445
MAIN,2025-06-16,3,8:00-12:00,6098.189995239052,3330.8536000000004,10048.860530458422,9527.966319450445
MAIN,2025-06-16,4,12:00-16:00,5394.293549556914,1884.105601550537,10048.860530458422,9527.966319450445
MAIN,2025-06-16,5,16:00-20:00,546.7203296547528,5645.998150661026,10048.860530458422,9527.966319450445
MAIN,2025-06-16,6,20:00-24:00,8586.679948870249,2604.0468156456272,10048.860530458422,9527.966319450445
MAIN,2025-06-17,1,0:00-4:00,1442.6336036334535,23.70290644849763,9527.966319450445,10649.22093139406
MAIN,2025-06-17,2,4:00-8:00,960.898159810789,3714.2314615933888,9527.966319450445,10649.22093139406
MAIN,2025-06-17,3,8:00-12:00,5844.120505029128,2606.6053666666667,9527.966319450445,10649.22093139406
MAIN,2025-06-17,4,12:00-16:00,4218.637772466364,2815.643299622261,9527.966319450445,10649.22093139406
MAIN,2025-06-17,5,16:00-20:00,255.9486588447264,5144.4059568122375,9527.966319450445,10649.22093139406
MAIN,2025-06-17,6,20:00-24:00,9260.559302066522,2492.348239606993,9527.966319450445,10649.22093139406
MAIN,2025-06-18,1,0:00-4:00,198.72306591311457,25.26452164427633,10649.22093139406,9393.15297946622
MAIN,2025-06-18,2,4:00-8:00,104.04821114872344,3869.4027055827655,10649.22093139406,9393.15297946622
MAIN,2025-06-18,3,8:00-12:00,6013.320495448188,2298.2555000000007,10649.22093139406,9393.15297946622
MAIN,2025-06-18,4,12:00-16:00,2500.1668352748143,812.5455833333332,10649.22093139406,9393.15297946622
MAIN,2025-06-18,5,16:00-20:00,61.80468104108213,5539.801120201608,10649.22093139406,9393.15297946622
MAIN,2025-06-18,6,20:00-24:00,8556.8848757495,2707.499739279166,10649.22093139406,9393.15297946622
MAIN,2025-06-19,1,0:00-4:00,1464.9549660605117,102.12566443502294,9393.15297946622,8401.221037451347
MAIN,2025-06-19,2,4:00-8:00,702.6476719844286,4597.573277698721,9393.15297946622,8401.221037451347
MAIN,2025-06-19,3,8:00-12:00,6402.83595711099,2859.5689666666663,9393.15297946622,8401.221037451347
MAIN,2025-06-19,4,12:00-16:00,3190.9476525158566,745.453159187108,9393.15297946622,8401.221037451347
MAIN,2025-06-19,5,16:00-20:00,55.36406026715359,5674.713940390151,9393.15297946622,8401.221037451347
MAIN,2025-06-19,6,20:00-24:00,7759.645944106378,2770.184703592424,9393.15297946622,8401.221037451347
MAIN,2025-06-20,1,0:00-4:00,803.0004742220647,1354.064054154357,8401.221037451347,7636.386369050307
MAIN,2025-06-20,2,4:00-8:00,658.8887323157999,4064.1559333333335,8401.221037451347,7636.386369050307
MAIN,2025-06-20,3,8:00-12:00,7892.581230229387,0.0,8401.221037451347,7636.386369050307
MAIN,2025-06-20,4,12:00-16:00,0.0,0.0,8401.221037451347,7636.386369050307
MAIN,2025-06-20,5,16:00-20:00,161.41793491959146,5300.917979792577,8401.221037451347,7636.386369050307
MAIN,2025-06-20,6,20:00-24:00,5839.310373183419,2406.9242176255857,8401.221037451347,7636.386369050307
MAIN,2025-06-21,1,0:00-4:00,549.3994175484607,1452.3406394019098,7636.386369050307,9986.802564836917
MAIN,2025-06-21,2,4:00-8:00,418.2179933224858,4390.3921,7636.386369050307,9986.802564836917
MAIN,2025-06-21,3,8:00-12:00,9760.759141297738,0.0,7636.386369050307,9986.802564836917
MAIN,2025-06-21,4,12:00-16:00,0.0,0.0,7636.386369050307,9986.802564836917
MAIN,2025-06-21,5,16:00-20:00,162.1557668080361,5447.571010424426,7636.386369050307,9986.802564836917
MAIN,2025-06-21,6,20:00-24:00,8772.417109428921,2521.310710974284,7636.386369050307,9986.802564836917
MAIN,2025-06-22,1,0:00-4:00,461.0226331839097,269.3398378405618,9986.802564836917,9094.045351745564
MAIN,2025-06-22,2,4:00-8:00,1054.9166224542887,3939.4780666666666,9986.802564836917,9094.045351745564
MAIN,2025-06-22,3,8:00-12:00,6391.06973528626,1652.0345500000003,9986.802564836917,9094.045351745564
MAIN,2025-06-22,4,12:00-16:00,1908.068478762691,2152.6269405687917,9986.802564836917,9094.045351745564
MAIN,2025-06-22,5,16:00-20:00,981.6596744150723,5749.030234624972,9986.802564836917,9094.045351745564
MAIN,2025-06-22,6,20:00-24:00,8507.635688423474,2677.5138564270337,9986.802564836917,9094.045351745564
MAIN,2025-06-23,1,0:00-4:00,1954.469447017704,90.5121072366635,9094.045351745564,9073.53773898652
MAIN,2025-06-23,2,4:00-8:00,114.05001422343238,4862.061322129876,9094.045351745564,9073.53773898652
MAIN,2025-06-23,3,8:00-12:00,6678.818366666666,2303.366383333334,9094.045351745564,9073.53773898652
MAIN,2025-06-23,4,12:00-16:00,4274.55307266281,1756.4326333333338,9094.045351745564,9073.53773898652
MAIN,2025-06-23,5,16:00-20:00,197.7979293771025,5812.475279739084,9094.045351745564,9073.53773898652
MAIN,2025-06-23,6,20:00-24:00,8419.974853869155,2721.736709602516,9094.045351745564,9073.53773898652
MAIN,2025-06-24,1,0:00-4:00,1846.9270720737577,201.735314410133,9073.53773898652,8876.947000536313
MAIN,2025-06-24,2,4:00-8:00,324.7705046396767,5642.740894403975,9073.53773898652,8876.947000536313
MAIN,2025-06-24,3,8:00-12:00,4910.16434172925,3000.7827934116463,9073.53773898652,8876.947000536313
MAIN,2025-06-24,4,12:00-16:00,5828.943367539378,1723.9882332471157,9073.53773898652,8876.947000536313
MAIN,2025-06-24,5,16:00-20:00,828.2118914364443,5555.3053241629605,9073.53773898652,8876.947000536313
MAIN,2025-06-24,6,20:00-24:00,8541.17708474777,2099.3364573240447,9073.53773898652,8876.947000536313
MAIN,2025-06-25,1,0:00-4:00,1760.6841665334246,74.68213760944354,8876.947000536313,8978.317175250537
MAIN,2025-06-25,2,4:00-8:00,1747.4361562994477,2932.820118182435,8876.947000536313,8978.317175250537
MAIN,2025-06-25,3,8:00-12:00,5515.098826287187,3390.758738953351,8876.947000536313,8978.317175250537
MAIN,2025-06-25,4,12:00-16:00,2653.7330865950244,1329.322616666667,8876.947000536313,8978.317175250537
MAIN,2025-06-25,5,16:00-20:00,21.32702994570233,5645.430338029946,8876.947000536313,8978.317175250537
MAIN,2025-06-25,6,20:00-24:00,8354.284668641805,2778.3296801004494,8876.947000536313,8978.317175250537
MAIN,2025-06-26,1,0:00-4:00,1868.7367015620457,71.57718699204804,8978.317175250537,4497.619081923719
MAIN,2025-06-26,2,4:00-8:00,454.07812273986735,3680.9140775254746,8978.317175250537,4497.619081923719
MAIN,2025-06-26,3,8:00-12:00,6035.380499520511,3525.893566666666,8978.317175250537,4497.619081923719
MAIN,2025-06-26,4,12:00-16:00,3339.002688678037,556.8310166666666,8978.317175250537,4497.619081923719
MAIN,2025-06-26,5,16:00-20:00,110.6902637393927,5716.536510377691,8978.317175250537,4497.619081923719
MAIN,2025-06-26,6,20:00-24:00,3477.266121779294,2861.850988161097,8978.317175250537,4497.619081923719
MAIN,2025-06-27,1,0:00-4:00,790.9049256300528,116.03892166140838,4497.619081923719,4467.41761089924
MAIN,2025-06-27,2,4:00-8:00,467.9186693487067,2190.452303962736,4497.619081923719,4467.41761089924
MAIN,2025-06-27,3,8:00-12:00,8591.341901185187,0.0,4497.619081923719,4467.41761089924
MAIN,2025-06-27,4,12:00-16:00,0.0,0.0,4497.619081923719,4467.41761089924
MAIN,2025-06-27,5,16:00-20:00,86.94838549381474,5824.137228951664,4497.619081923719,4467.41761089924
MAIN,2025-06-27,6,20:00-24:00,3039.8070927462218,2407.858858613453,4497.619081923719,4467.41761089924
MAIN,2025-06-28,1,0:00-4:00,951.5453689353956,80.10432645039515,4467.41761089924,9233.872294524346
MAIN,2025-06-28,2,4:00-8:00,255.18552390106112,2409.845434282319,4467.41761089924,9233.872294524346
MAIN,2025-06-28,3,8:00-12:00,8903.483812007244,0.0,4467.41761089924,9233.872294524346
MAIN,2025-06-28,4,12:00-16:00,0.0,0.0,4467.41761089924,9233.872294524346
MAIN,2025-06-28,5,16:00-20:00,113.03778315829572,5738.647190519961,4467.41761089924,9233.872294524346
MAIN,2025-06-28,6,20:00-24:00,8348.214813379986,2524.482347604135,4467.41761089924,9233.872294524346
MAIN,2025-06-29,1,0:00-4:00,1494.6930280305792,128.739656776988,9233.872294524346,9092.295224245998
MAIN,2025-06-29,2,4:00-8:00,567.856482611312,3788.491947291333,9233.872294524346,9092.295224245998
MAIN,2025-06-29,3,8:00-12:00,6211.173699472505,3194.489583333333,9233.872294524346,9092.295224245998
MAIN,2025-06-29,4,12:00-16:00,2838.728278358544,479.8495833333335,9233.872294524346,9092.295224245998
MAIN,2025-06-29,5,16:00-20:00,96.650170350587,5762.90115979865,9233.872294524346,9092.295224245998
MAIN,2025-06-29,6,20:00-24:00,8490.029575079892,2729.243732178643,9233.872294524346,9092.295224245998
MAIN,2025-06-30,1,0:00-4:00,1686.3195793524658,96.36162854269423,9092.295224245998,9135.572400806132
MAIN,2025-06-30,2,4:00-8:00,418.96106902845656,4377.443247888188,9092.295224245998,9135.572400806132
MAIN,2025-06-30,3,8:00-12:00,5827.307243050092,3212.5017000000003,9092.295224245998,9135.572400806132
MAIN,2025-06-30,4,12:00-16:00,4209.355528564261,759.8351110493107,9092.295224245998,9135.572400806132
MAIN,2025-06-30,5,16:00-20:00,214.6788451560388,5610.222149258867,9092.295224245998,9135.572400806132
MAIN,2025-06-30,6,20:00-24:00,8454.055955225995,2761.336062862436,9092.295224245998,9135.572400806132
MAIN,2025-07-01,1,0:00-4:00,735.1649553605732,1781.5977308823255,9135.572400806132,7454.684695226912
MAIN,2025-07-01,2,4:00-8:00,1280.0906844928,4505.26463930328,9135.572400806132,7454.684695226912
MAIN,2025-07-01,3,8:00-12:00,5880.893297541679,2487.509858821149,9135.572400806132,7454.684695226912
MAIN,2025-07-01,4,12:00-16:00,5881.895746123375,887.8591253686957,9135.572400806132,7454.684695226912
MAIN,2025-07-01,5,16:00-20:00,19.82604467742556,6617.2822680344525,9135.572400806132,7454.684695226912
MAIN,2025-07-01,6,20:00-24:00,7334.273024354476,2350.321752177169,9135.572400806132,7454.684695226912
MAIN,2025-07-02,1,0:00-4:00,2631.635702315285,1450.5489667024551,7454.684695226912,7789.078361574227
MAIN,2025-07-02,2,4:00-8:00,1017.6240790694231,4109.807803260386,7454.684695226912,7789.078361574227
MAIN,2025-07-02,3,8:00-12:00,6458.989310661927,1963.813333333333,7454.684695226912,7789.078361574227
MAIN,2025-07-02,4,12:00-16:00,3060.341991400233,175.31304890043316,7454.684695226912,7789.078361574227
MAIN,2025-07-02,5,16:00-20:00,40.75684755647569,6446.2677922603125,7454.684695226912,7789.078361574227
MAIN,2025-07-02,6,20:00-24:00,7613.751123437328,2420.0049899274304,7454.684695226912,7789.078361574227
MAIN,2025-07-03,1,0:00-4:00,2206.6764518628947,1647.9007501886877,7789.078361574227,2287.1157155247715
MAIN,2025-07-03,2,4:00-8:00,762.8484822256072,5739.334204657803,7789.078361574227,2287.1157155247715
MAIN,2025-07-03,3,8:00-12:00,5553.37263884754,948.250767182001,7789.078361574227,2287.1157155247715
MAIN,2025-07-03,4,12:00-16:00,5226.83598241431,1552.130640495899,7789.078361574227,2287.1157155247715
MAIN,2025-07-03,5,16:00-20:00,42.9430073051858,6942.426782293308,7789.078361574227,2287.1157155247715
MAIN,2025-07-03,6,20:00-24:00,1752.5955723707336,713.3936659980889,7789.078361574227,2287.1157155247715
MAIN,2025-07-04,1,0:00-4:00,577.9302787758385,1446.5276697807244,2287.1157155247715,2329.2413322704792
MAIN,2025-07-04,2,4:00-8:00,1067.474409580889,647.5081622605201,2287.1157155247715,2329.2413322704792
MAIN,2025-07-04,3,8:00-12:00,10398.585049999998,0.0,2287.1157155247715,2329.2413322704792
MAIN,2025-07-04,4,12:00-16:00,0.0,0.0,2287.1157155247715,2329.2413322704792
MAIN,2025-07-04,5,16:00-20:00,23.67432587367375,6620.795644348461,2287.1157155247715,2329.2413322704792
MAIN,2025-07-04,6,20:00-24:00,1879.013301748872,2544.064134982368,2287.1157155247715,2329.2413322704792
MAIN,2025-07-05,1,0:00-4:00,0.0,1016.3171990434314,2329.2413322704792,7731.408174826397
MAIN,2025-07-05,2,4:00-8:00,1088.595750516929,641.0354449187123,2329.2413322704792,7731.408174826397
MAIN,2025-07-05,3,8:00-12:00,10369.4727,0.0,2329.2413322704792,7731.408174826397
MAIN,2025-07-05,4,12:00-16:00,0.0,101.53668781463556,2329.2413322704792,7731.408174826397
MAIN,2025-07-05,5,16:00-20:00,0.0,8534.589962821457,2329.2413322704792,7731.408174826397
MAIN,2025-07-05,6,20:00-24:00,7510.408268146684,209.03668921896312,2329.2413322704792,7731.408174826397
MAIN,2025-07-06,1,0:00-4:00,2310.8064434492903,1586.072040238887,7731.408174826397,7368.500935715962
MAIN,2025-07-06,2,4:00-8:00,772.5448760924971,6493.006523547374,7731.408174826397,7368.500935715962
MAIN,2025-07-06,3,8:00-12:00,5366.834444745101,301.03915738634805,7731.408174826397,7368.500935715962
MAIN,2025-07-06,4,12:00-16:00,3808.1571473443855,3110.009121444692,7731.408174826397,7368.500935715962
MAIN,2025-07-06,5,16:00-20:00,0.0,4317.398273147793,7731.408174826397,7368.500935715962
MAIN,2025-07-06,6,20:00-24:00,7245.353639851784,317.0856061355799,7731.408174826397,7368.500935715962
MAIN,2025-07-07,1,0:00-4:00,2689.197125519661,1709.2913409674147,7368.500935715962,7954.076068370113
MAIN,2025-07-07,2,4:00-8:00,904.1339759814103,5174.239111999896,7368.500935715962,7954.076068370113
MAIN,2025-07-07,3,8:00-12:00,6376.657817026851,1591.6084313929275,7368.500935715962,7954.076068370113
MAIN,2025-07-07,4,12:00-16:00,4567.3913805040165,211.79,7368.500935715962,7954.076068370113
MAIN,2025-07-07,5,16:00-20:00,11.803952493929842,6153.532192907753,7368.500935715962,7954.076068370113
MAIN,2025-07-07,6,20:00-24:00,7653.174836208285,2616.43216440794,7368.500935715962,7954.076068370113
MAIN,2025-07-08,1,0:00-4:00,3244.9808885676493,146.53544966173024,7954.076068370113,9791.243523025068
MAIN,2025-07-08,2,4:00-8:00,125.50722665334185,4631.776387431415,7954.076068370113,9791.243523025068
MAIN,2025-07-08,3,8:00-12:00,6223.061586142831,2593.2400499999994,7954.076068370113,9791.243523025068
MAIN,2025-07-08,4,12:00-16:00,3738.5910092041377,968.6286582624672,7954.076068370113,9791.243523025068
MAIN,2025-07-08,5,16:00-20:00,145.47567827044375,5448.884769296504,7954.076068370113,9791.243523025068
MAIN,2025-07-08,6,20:00-24:00,8830.179682551614,2626.7987939843388,7954.076068370113,9791.243523025068
MAIN,2025-07-09,1,0:00-4:00,1120.8405299721476,0.0,9791.243523025068,10800.0
MAIN,2025-07-09,2,4:00-8:00,1114.1576924041374,3852.0614166666655,9791.243523025068,10800.0
MAIN,2025-07-09,3,8:00-12:00,5947.119035990927,1867.5727333333325,9791.243523025068,10800.0
MAIN,2025-07-09,4,12:00-16:00,980.6343415637882,794.3138166666668,9791.243523025068,10800.0
MAIN,2025-07-09,5,16:00-20:00,0.0,4822.658999536827,9791.243523025068,10800.0
MAIN,2025-07-09,6,20:00-24:00,8717.28347153271,2238.340612404668,9791.243523025068,10800.0
MAIN,2025-07-10,1,0:00-4:00,0.0,0.0,10800.0,6828.382026141447
MAIN,2025-07-10,2,4:00-8:00,1278.8506011571783,3599.370422318937,10800.0,6828.382026141447
MAIN,2025-07-10,3,8:00-12:00,5905.156566314758,2219.675383333333,10800.0,6828.382026141447
MAIN,2025-07-10,4,12:00-16:00,719.1750411522642,582.5317833333335,10800.0,6828.382026141447
MAIN,2025-07-10,5,16:00-20:00,0.0,5132.3393000707065,10800.0,6828.382026141447
MAIN,2025-07-10,6,20:00-24:00,4778.321408614893,2312.557217380053,10800.0,6828.382026141447
MAIN,2025-07-11,1,0:00-4:00,3537.1510370852134,0.0,6828.382026141447,7378.207488840193
MAIN,2025-07-11,2,4:00-8:00,1020.7087696240768,3702.674472563725,6828.382026141447,7378.207488840193
MAIN,2025-07-11,3,8:00-12:00,4426.252105681357,0.0,6828.382026141447,7378.207488840193
MAIN,2025-07-11,4,12:00-16:00,0.0,0.0,6828.382026141447,7378.207488840193
MAIN,2025-07-11,5,16:00-20:00,0.0,4908.570839798405,6828.382026141447,7378.207488840193
MAIN,2025-07-11,6,20:00-24:00,4848.400572349982,2098.246883848907,6828.382026141447,7378.207488840193
MAIN,2025-07-12,1,0:00-4:00,1974.015044262833,0.0,7378.207488840193,10317.44781499739
MAIN,2025-07-12,2,4:00-8:00,709.2082905808081,3945.3480343956408,7378.207488840193,10317.44781499739
MAIN,2025-07-12,3,8:00-12:00,5989.568386686573,0.0,7378.207488840193,10317.44781499739
MAIN,2025-07-12,4,12:00-16:00,0.0,0.0,7378.207488840193,10317.44781499739
MAIN,2025-07-12,5,16:00-20:00,0.0,4965.980416666666,7378.207488840193,10317.44781499739
MAIN,2025-07-12,6,20:00-24:00,9114.74629649916,2851.26105,7378.207488840193,10317.44781499739
MAIN,2025-07-13,1,0:00-4:00,536.1690944473446,0.0,10317.44781499739,10402.52778393706
MAIN,2025-07-13,2,4:00-8:00,1254.4103724329052,3583.819933333334,10317.44781499739,10402.52778393706
MAIN,2025-07-13,3,8:00-12:00,5455.852590530061,1851.493066666667,10317.44781499739,10402.52778393706
MAIN,2025-07-13,4,12:00-16:00,446.5212345679012,361.6822,10317.44781499739,10402.52778393706
MAIN,2025-07-13,5,16:00-20:00,0.0,5366.127465227812,10317.44781499739,10402.52778393706
MAIN,2025-07-13,6,20:00-24:00,9076.94702287884,2343.9246177606983,10317.44781499739,10402.52778393706
MAIN,2025-07-14,1,0:00-4:00,441.6357956254898,0.0,10402.52778393706,10800.0
MAIN,2025-07-14,2,4:00-8:00,1786.339984757197,3394.277042680681,10402.52778393706,10800.0
MAIN,2025-07-14,3,8:00-12:00,4382.635582338293,1602.593166666666,10402.52778393706,10800.0
MAIN,2025-07-14,4,12:00-16:00,127.56720164609264,103.32943333333333,10402.52778393706,10800.0
MAIN,2025-07-14,5,16:00-20:00,0.0,5108.228709973447,10402.52778393706,10800.0
MAIN,2025-07-14,6,20:00-24:00,9191.173910426092,2336.6221574716883,10402.52778393706,10800.0
MAIN,2025-07-15,1,0:00-4:00,72.94949702664468,59.08909259158133,10800.0,10800.0
MAIN,2025-07-15,2,4:00-8:00,416.4644666704944,3850.670146041057,10800.0,10800.0
MAIN,2025-07-15,3,8:00-12:00,5791.647853544802,1177.9008333333334,10800.0,10800.0
MAIN,2025-07-15,4,12:00-16:00,614.4515637860079,497.7057666666667,10800.0,10800.0
MAIN,2025-07-15,5,16:00-20:00,0.0,5180.250499190262,10800.0,10800.0
MAIN,2025-07-15,6,20:00-24:00,9114.050113530498,2202.130092769444,10800.0,10800.0
MAIN,2025-07-16,1,0:00-4:00,39.95448340474086,32.36313155783921,10800.0,9916.74418731701
MAIN,2025-07-16,2,4:00-8:00,20.142452843966662,5455.700748159421,10800.0,9916.74418731701
MAIN,2025-07-16,3,8:00-12:00,7322.321166666667,1197.0075166666672,10800.0,9916.74418731701
MAIN,2025-07-16,4,12:00-16:00,1372.5793772335355,433.3944820480324,10800.0,9916.74418731701
MAIN,2025-07-16,5,16:00-20:00,33.23199939672122,5411.804160687181,10800.0,9916.74418731701
MAIN,2025-07-16,6,20:00-24:00,8954.74856104415,2636.4724051732724,10800.0,9916.74418731701
MAIN,2025-07-17,1,0:00-4:00,1013.7254269663224,327.2975242803343,9916.74418731701,4598.051100580298
MAIN,2025-07-17,2,4:00-8:00,563.1588442979862,5475.582281168327,9916.74418731701,4598.051100580298
MAIN,2025-07-17,3,8:00-12:00,6805.02715,2414.696233333333,9916.74418731701,4598.051100580298
MAIN,2025-07-17,4,12:00-16:00,3552.8577600484687,654.6567666666665,9916.74418731701,4598.051100580298
MAIN,2025-07-17,5,16:00-20:00,183.97301122648275,5744.952677033827,9916.74418731701,4598.051100580298
MAIN,2025-07-17,6,20:00-24:00,3586.7677729630896,2891.101367637457,9916.74418731701,4598.051100580298
MAIN,2025-07-18,1,0:00-4:00,1208.9381567959265,0.0,4598.051100580298,4816.997785780989
MAIN,2025-07-18,2,4:00-8:00,570.6346767295277,2300.6246715571287,4598.051100580298,4816.997785780989
MAIN,2025-07-18,3,8:00-12:00,7951.758871455855,0.0,4598.051100580298,4816.997785780989
MAIN,2025-07-18,4,12:00-16:00,0.0,70.08855346052121,4598.051100580298,4816.997785780989
MAIN,2025-07-18,5,16:00-20:00,86.52907834632296,5355.356051658991,4598.051100580298,4816.997785780989
MAIN,2025-07-18,6,20:00-24:00,3421.721455227105,2800.940319872074,4598.051100580298,4816.997785780989
MAIN,2025-07-19,1,0:00-4:00,926.7127122484766,91.84702758195,4816.997785780989,9159.23011839758
MAIN,2025-07-19,2,4:00-8:00,683.4262517174911,2452.265029530808,4816.997785780989,9159.23011839758
MAIN,2025-07-19,3,8:00-12:00,8178.52035691041,0.0,4816.997785780989,9159.23011839758
MAIN,2025-07-19,4,12:00-16:00,0.0,0.0,4816.997785780989,9159.23011839758
MAIN,2025-07-19,5,16:00-20:00,64.47947396011949,5457.069606458057,4816.997785780989,9159.23011839758
MAIN,2025-07-19,6,20:00-24:00,8454.640381704703,2920.1103700726217,4816.997785780989,9159.23011839758
MAIN,2025-07-20,1,0:00-4:00,1826.7207104817635,2.950882048055973,9159.23011839758,10010.6953114226
MAIN,2025-07-20,2,4:00-8:00,55.88536534294892,5087.201685000335,9159.23011839758,10010.6953114226
MAIN,2025-07-20,3,8:00-12:00,6203.848220667316,1609.5585666666666,9159.23011839758,10010.6953114226
MAIN,2025-07-20,4,12:00-16:00,2430.514646500437,342.34081666666657,9159.23011839758,10010.6953114226
MAIN,2025-07-20,5,16:00-20:00,0.0,5161.752904245742,9159.23011839758,10010.6953114226
MAIN,2025-07-20,6,20:00-24:00,8746.126783486841,2632.98401009826,9159.23011839758,10010.6953114226
MAIN,2025-07-21,1,0:00-4:00,911.6515646473604,28.06354764470097,10010.6953114226,10192.216451764436
MAIN,2025-07-21,2,4:00-8:00,430.71583022303366,5028.32980470127,10010.6953114226,10192.216451764436
MAIN,2025-07-21,3,8:00-12:00,6814.176566666667,2068.8479,10010.6953114226,10192.216451764436
MAIN,2025-07-21,4,12:00-16:00,2027.9863949225655,457.4095477785489,10010.6953114226,10192.216451764436
MAIN,2025-07-21,5,16:00-20:00,147.04723532405296,5313.434626652941,10010.6953114226,10192.216451764436
MAIN,2025-07-21,6,20:00-24:00,8868.565215923543,2492.661221157739,10010.6953114226,10192.216451764436
MAIN,2025-07-22,1,0:00-4:00,727.0198382182475,41.88087554477363,10192.216451764436,9857.384337586884
MAIN,2025-07-22,2,4:00-8:00,502.6846235326496,4643.016653291928,10192.216451764436,9857.384337586884
MAIN,2025-07-22,3,8:00-12:00,6081.764682639602,1504.9361499999995,10192.216451764436,9857.384337586884
MAIN,2025-07-22,4,12:00-16:00,2406.219072377454,1134.4885833333333,10192.216451764436,9857.384337586884
MAIN,2025-07-22,5,16:00-20:00,0.0,5364.816640534316,10192.216451764436,9857.384337586884
MAIN,2025-07-22,6,20:00-24:00,8822.67878596532,2629.907272269401,10192.216451764436,9857.384337586884
MAIN,2025-07-23,1,0:00-4:00,1166.7304585164063,151.73479123613038,9857.384337586884,9250.475873397225
MAIN,2025-07-23,2,4:00-8:00,199.89661886033053,5536.351139977707,9857.384337586884,9250.475873397225
MAIN,2025-07-23,3,8:00-12:00,6654.93180035721,2012.1121666666668,9857.384337586884,9250.475873397225
MAIN,2025-07-23,4,12:00-16:00,3595.8621848820785,1063.306124580313,9857.384337586884,9250.475873397225
MAIN,2025-07-23,5,16:00-20:00,254.48266918129397,5668.148595529076,9857.384337586884,9250.475873397225
MAIN,2025-07-23,6,20:00-24:00,8435.98138252116,2563.9517423787647,9857.384337586884,9250.475873397225
MAIN,2025-07-24,1,0:00-4:00,1610.9319117383127,56.28563995073967,9250.475873397225,5000.141092847046
MAIN,2025-07-24,2,4:00-8:00,808.266131375259,4763.979962168312,9250.475873397225,5000.141092847046
MAIN,2025-07-24,3,8:00-12:00,6663.846894410977,1142.4290833333334,9250.475873397225,5000.141092847046
MAIN,2025-07-24,4,12:00-16:00,1442.462116766486,1197.5946359515729,9250.475873397225,5000.141092847046
MAIN,2025-07-24,5,16:00-20:00,112.16455417521048,5687.653480836818,9250.475873397225,5000.141092847046
MAIN,2025-07-24,6,20:00-24:00,3535.718692184316,2457.8046437813405,9250.475873397225,5000.141092847046
MAIN,2025-07-25,1,0:00-4:00,1033.556494346549,12.323035537750684,5000.141092847046,4087.813404027185
MAIN,2025-07-25,2,4:00-8:00,473.8390889190623,2915.617446305534,5000.141092847046,4087.813404027185
MAIN,2025-07-25,3,8:00-12:00,8551.633426957775,0.0,5000.141092847046,4087.813404027185
MAIN,2025-07-25,4,12:00-16:00,0.0,0.0,5000.141092847046,4087.813404027185
MAIN,2025-07-25,5,16:00-20:00,0.0,5313.340796714897,5000.141092847046,4087.813404027185
MAIN,2025-07-25,6,20:00-24:00,2548.8066764231417,2792.1605475633824,5000.141092847046,4087.813404027185
MAIN,2025-07-26,1,0:00-4:00,1164.155131539936,97.47867008817946,4087.813404027185,9848.971798618484
MAIN,2025-07-26,2,4:00-8:00,867.5480498922603,2307.4673736410045,4087.813404027185,9848.971798618484
MAIN,2025-07-26,3,8:00-12:00,8395.35111499338,0.0,4087.813404027185,9848.971798618484
MAIN,2025-07-26,4,12:00-16:00,0.0,0.0,4087.813404027185,9848.971798618484
MAIN,2025-07-26,5,16:00-20:00,0.0,5159.923335182434,4087.813404027185,9848.971798618484
MAIN,2025-07-26,6,20:00-24:00,8839.321054245764,2855.8521,4087.813404027185,9848.971798618484
MAIN,2025-07-27,1,0:00-4:00,914.4145059175096,174.74772586627194,9848.971798618484,9439.197671383628
MAIN,2025-07-27,2,4:00-8:00,507.8284847048137,6347.186587375226,9848.971798618484,9439.197671383628
MAIN,2025-07-27,3,8:00-12:00,6513.213083333334,2414.1571279192194,9848.971798618484,9439.197671383628
MAIN,2025-07-27,4,12:00-16:00,5177.74891034018,862.7939520785598,9848.971798618484,9439.197671383628
MAIN,2025-07-27,5,16:00-20:00,239.09824223880184,5813.423605024285,9848.971798618484,9439.197671383628
MAIN,2025-07-27,6,20:00-24:00,8620.294974580152,2554.292259150785,9848.971798618484,9439.197671383628
MAIN,2025-07-28,1,0:00-4:00,1589.437265526682,62.72208932188016,9439.197671383628,9321.221483677751
MAIN,2025-07-28,2,4:00-8:00,612.3022016850466,4612.893482286605,9439.197671383628,9321.221483677751
MAIN,2025-07-28,3,8:00-12:00,5863.677956923025,3060.1901666666663,9439.197671383628,9321.221483677751
MAIN,2025-07-28,4,12:00-16:00,3984.438118806881,835.9564352935815,9439.197671383628,9321.221483677751
MAIN,2025-07-28,5,16:00-20:00,375.9013393353076,5728.945413415242,9439.197671383628,9321.221483677751
MAIN,2025-07-28,6,20:00-24:00,8405.169544819237,2678.5213878992195,9439.197671383628,9321.221483677751
MAIN,2025-07-29,1,0:00-4:00,1783.075134588485,113.39019432665124,9321.221483677751,9715.622159444703
MAIN,2025-07-29,2,4:00-8:00,537.4323859664634,3528.8126999999995,9321.221483677751,9715.622159444703
MAIN,2025-07-29,3,8:00-12:00,5469.510571985058,2777.668550000001,9321.221483677751,9715.622159444703
MAIN,2025-07-29,4,12:00-16:00,2696.221219003214,743.0817333333337,9321.221483677751,9715.622159444703
MAIN,2025-07-29,5,16:00-20:00,0.0,5486.030579846698,9321.221483677751,9715.622159444703
MAIN,2025-07-29,6,20:00-24:00,8771.375403182792,2594.7235532311315,9321.221483677751,9715.622159444703
MAIN,2025-07-30,1,0:00-4:00,1077.9454586733389,76.30891435359297,9715.622159444703,9785.988224136978
MAIN,2025-07-30,2,4:00-8:00,525.6150933564077,4278.141239443944,9715.622159444703,9785.988224136978
MAIN,2025-07-30,3,8:00-12:00,6240.389978925069,2727.8983166666667,9715.622159444703,9785.988224136978
MAIN,2025-07-30,4,12:00-16:00,2476.8014677184883,467.4615143090325,9715.622159444703,9785.988224136978
MAIN,2025-07-30,5,16:00-20:00,234.6528504264325,5339.738729721158,9715.622159444703,9785.988224136978
MAIN,2025-07-30,6,20:00-24:00,8690.897132226924,2636.6264321571557,9715.622159444703,9785.988224136978
MAIN,2025-07-31,1,0:00-4:00,1232.0118408500186,85.31899281179244,9785.988224136978,4425.331172380045
MAIN,2025-07-31,2,4:00-8:00,767.2751723232132,4056.4326258800606,9785.988224136978,4425.331172380045
MAIN,2025-07-31,3,8:00-12:00,6338.350684584279,2697.59165,9785.988224136978,4425.331172380045
MAIN,2025-07-31,4,12:00-16:00,2463.56055877681,997.0167208242244,9785.988224136978,4425.331172380045
MAIN,2025-07-31,5,16:00-20:00,48.66659113967358,5670.964528587385,9785.988224136978,4425.331172380045
MAIN,2025-07-31,6,20:00-24:00,3350.879594926056,2819.869826983816,9785.988224136978,4425.331172380045
MAIN,2025-08-01,1,0:00-4:00,944.8062464728376,41.84571023634169,4425.331172380045,4762.362034554951
MAIN,2025-08-01,2,4:00-8:00,814.681928912028,1563.3889835526618,4425.331172380045,4762.362034554951
MAIN,2025-08-01,3,8:00-12:00,7305.248415537309,0.0,4425.331172380045,4762.362034554951
MAIN,2025-08-01,4,12:00-16:00,0.0,0.0,4425.331172380045,4762.362034554951
MAIN,2025-08-01,5,16:00-20:00,3.4945933709908177,5382.745336477546,4425.331172380045,4762.362034554951
MAIN,2025-08-01,6,20:00-24:00,3480.22691232842,2872.943252039521,4425.331172380045,4762.362034554951
MAIN,2025-08-02,1,0:00-4:00,1259.9902783340945,2.5677514355323865,4762.362034554951,9886.554744589546
MAIN,2025-08-02,2,4:00-8:00,758.009201303928,2771.8140117009016,4762.362034554951,9886.554744589546
MAIN,2025-08-02,3,8:00-12:00,8115.649819173059,0.0,4762.362034554951,9886.554744589546
MAIN,2025-08-02,4,12:00-16:00,19.917992155759645,16.1335736461657,4762.362034554951,9886.554744589546
MAIN,2025-08-02,5,16:00-20:00,28.676277593779016,5213.612390980204,4762.362034554951,9886.554744589546
MAIN,2025-08-02,6,20:00-24:00,8879.943518234299,2824.4703735099474,4762.362034554951,9886.554744589546
MAIN,2025-08-03,1,0:00-4:00,1016.337145351256,1.132357865107565,9886.554744589546,9064.28092641904
MAIN,2025-08-03,2,4:00-8:00,113.93027453057609,5224.790464118431,9886.554744589546,9064.28092641904
MAIN,2025-08-03,3,8:00-12:00,7378.833055656787,844.3478333333337,9886.554744589546,9064.28092641904
MAIN,2025-08-03,4,12:00-16:00,0.0,0.0,9886.554744589546,9064.28092641904
MAIN,2025-08-03,5,16:00-20:00,0.0,5762.330643676452,9886.554744589546,9064.28092641904
MAIN,2025-08-03,6,20:00-24:00,8471.276780733182,2661.55071494029,9886.554744589546,9064.28092641904
MAIN,2025-08-04,1,0:00-4:00,1950.1072425529103,126.73654930921452,9064.28092641904,9438.789602395991
MAIN,2025-08-04,2,4:00-8:00,228.39112393615744,5404.332561324067,9064.28092641904,9438.789602395991
MAIN,2025-08-04,3,8:00-12:00,7446.32458027802,940.3756666666668,9064.28092641904,9438.789602395991
MAIN,2025-08-04,4,12:00-16:00,313.2388842074458,64.92225866489866,9064.28092641904,9438.789602395991
MAIN,2025-08-04,5,16:00-20:00,123.6003854308104,5667.771325607073,9064.28092641904,9438.789602395991
MAIN,2025-08-04,6,20:00-24:00,8670.060082349044,2631.49889203988,9064.28092641904,9438.789602395991
MAIN,2025-08-05,1,0:00-4:00,1559.991435610054,95.20661676724092,9438.789602395991,9482.352911600685
MAIN,2025-08-05,2,4:00-8:00,229.18142327764104,5172.603773120316,9438.789602395991,9482.352911600685
MAIN,2025-08-05,3,8:00-12:00,7161.328016666667,1338.103983333334,9438.789602395991,9482.352911600685
MAIN,2025-08-05,4,12:00-16:00,761.6740599162141,35.85796666666647,9438.789602395991,9482.352911600685
MAIN,2025-08-05,5,16:00-20:00,34.225942070610856,5406.945541001046,9438.789602395991,9482.352911600685
MAIN,2025-08-05,6,20:00-24:00,8534.145848947333,2719.3179892828703,9438.789602395991,9482.352911600685
MAIN,2025-08-06,1,0:00-4:00,1554.891508758859,93.32860549452198,9482.352911600685,8592.185986131733
MAIN,2025-08-06,2,4:00-8:00,24.381312295348227,4968.936577057692,9482.352911600685,8592.185986131733
MAIN,2025-08-06,3,8:00-12:00,7601.407590483276,1218.978733333333,9482.352911600685,8592.185986131733
MAIN,2025-08-06,4,12:00-16:00,374.94953016966457,1138.9319068338418,9482.352911600685,8592.185986131733
MAIN,2025-08-06,5,16:00-20:00,599.0465270772719,5526.30932174511,9482.352911600685,8592.185986131733
MAIN,2025-08-06,6,20:00-24:00,8288.689984538338,2793.7919156489907,9482.352911600685,8592.185986131733
MAIN,2025-08-07,1,0:00-4:00,2307.721827482342,82.01753561791156,8592.185986131733,3664.2564880028167
MAIN,2025-08-07,2,4:00-8:00,267.43909504706966,5715.546649149475,8592.185986131733,3664.2564880028167
MAIN,2025-08-07,3,8:00-12:00,7376.811169294913,1111.0658000000003,8592.185986131733,3664.2564880028167
MAIN,2025-08-07,4,12:00-16:00,1055.0140158902711,19.996149999999943,8592.185986131733,3664.2564880028167
MAIN,2025-08-07,5,16:00-20:00,0.0,5459.053911721956,8592.185986131733,3664.2564880028167
MAIN,2025-08-07,6,20:00-24:00,2195.9286749889698,2741.817475816574,8592.185986131733,3664.2564880028167
MAIN,2025-08-08,1,0:00-4:00,1150.0474888755084,5.135095476371703,3664.2564880028167,4074.808965087186
MAIN,2025-08-08,2,4:00-8:00,1138.891563838503,2156.393883333333,3664.2564880028167,4074.808965087186
MAIN,2025-08-08,3,8:00-12:00,8308.219144331879,0.0,3664.2564880028167,4074.808965087186
MAIN,2025-08-08,4,12:00-16:00,0.0,0.0,3664.2564880028167,4074.808965087186
MAIN,2025-08-08,5,16:00-20:00,158.60080111459237,5404.182382236153,3664.2564880028167,4074.808965087186
MAIN,2025-08-08,6,20:00-24:00,2594.552667276934,2878.5438585825163,3664.2564880028167,4074.808965087186
MAIN,2025-08-09,1,0:00-4:00,886.1164387424003,72.10995800452497,4074.808965087186,9371.227258040157
MAIN,2025-08-09,2,4:00-8:00,889.4288542291291,2255.4174795286185,4074.808965087186,9371.227258040157
MAIN,2025-08-09,3,8:00-12:00,8570.379853886097,0.0,4074.808965087186,9371.227258040157
MAIN,2025-08-09,4,12:00-16:00,0.0,0.0,4074.808965087186,9371.227258040157
MAIN,2025-08-09,5,16:00-20:00,10.288645576228484,5354.812718914236,4074.808965087186,9371.227258040157
MAIN,2025-08-09,6,20:00-24:00,8395.218456525263,2739.54350155183,4074.808965087186,9371.227258040157
MAIN,2025-08-10,1,0:00-4:00,1673.962325676894,80.59446368063004,9371.227258040157,9828.987176426284
MAIN,2025-08-10,2,4:00-8:00,13.062281044692806,4890.784433333334,9371.227258040157,9828.987176426284
MAIN,2025-08-10,3,8:00-12:00,6686.705944505991,1090.8280000000002,9371.227258040157,9828.987176426284
MAIN,2025-08-10,4,12:00-16:00,712.7880988615441,136.03314373378976,9371.227258040157,9828.987176426284
MAIN,2025-08-10,5,16:00-20:00,218.78463360981172,5238.795334093121,9371.227258040157,9828.987176426284
MAIN,2025-08-10,6,20:00-24:00,8678.514663702375,2717.873236006678,9371.227258040157,9828.987176426284
MAIN,2025-08-11,1,0:00-4:00,881.4163851663592,209.12222872881276,9828.987176426284,9149.745712031803
MAIN,2025-08-11,2,4:00-8:00,463.1046427636612,5468.735629344824,9828.987176426284,9149.745712031803
MAIN,2025-08-11,3,8:00-12:00,6806.183697326101,1596.6784000000002,9828.987176426284,9149.745712031803
MAIN,2025-08-11,4,12:00-16:00,2005.5986072006544,78.15789999999993,9828.987176426284,9149.745712031803
MAIN,2025-08-11,5,16:00-20:00,21.80747270147347,5722.338992354361,9828.987176426284,9149.745712031803
MAIN,2025-08-11,6,20:00-24:00,8618.644000954966,2761.655560478733,9828.987176426284,9149.745712031803
MAIN,2025-08-12,1,0:00-4:00,1693.8689675584124,101.83888000878358,9149.745712031803,8996.42401131744
MAIN,2025-08-12,2,4:00-8:00,336.32606405014394,4934.098569756106,9149.745712031803,8996.42401131744
MAIN,2025-08-12,3,8:00-12:00,5326.337750000001,949.4101666666668,9149.745712031803,8996.42401131744
MAIN,2025-08-12,4,12:00-16:00,2153.097996203056,486.56651334425055,9149.745712031803,8996.42401131744
MAIN,2025-08-12,5,16:00-20:00,394.6697960907695,6030.745257503134,9149.745712031803,8996.42401131744
MAIN,2025-08-12,6,20:00-24:00,8662.693345908268,2674.595218410621,9149.745712031803,8996.42401131744
MAIN,2025-08-13,1,0:00-4:00,1901.522783599281,130.52214980648694,8996.42401131744,9519.052544446542
MAIN,2025-08-13,2,4:00-8:00,344.90291639652503,5278.457027375815,8996.42401131744,9519.052544446542
MAIN,2025-08-13,3,8:00-12:00,5037.397307836412,1041.2793666666662,8996.42401131744,9519.052544446542
MAIN,2025-08-13,4,12:00-16:00,2782.6585152088574,80.37310000000025,8996.42401131744,9519.052544446542
MAIN,2025-08-13,5,16:00-20:00,14.6401878168783,5588.998589101301,8996.42401131744,9519.052544446542
MAIN,2025-08-13,6,20:00-24:00,8772.031538314443,2681.0582190631817,8996.42401131744,9519.052544446542
MAIN,2025-08-14,1,0:00-4:00,1386.9698445106892,122.45743905632683,9519.052544446542,4184.89373516975
MAIN,2025-08-14,2,4:00-8:00,187.48712963059447,5983.103375328193,9519.052544446542,4184.89373516975
MAIN,2025-08-14,3,8:00-12:00,6840.393650230941,1846.7398,9519.052544446542,4184.89373516975
MAIN,2025-08-14,4,12:00-16:00,2826.079405729793,0.0,9519.052544446542,4184.89373516975
MAIN,2025-08-14,5,16:00-20:00,253.0851342796517,5907.61072549426,9519.052544446542,4184.89373516975
MAIN,2025-08-14,6,20:00-24:00,3027.5345259546643,2703.286837642765,9519.052544446542,4184.89373516975
MAIN,2025-08-15,1,0:00-4:00,738.5124857797418,56.91380749642804,4184.89373516975,4270.57059147048
MAIN,2025-08-15,2,4:00-8:00,877.8392071250819,2378.576993658101,4184.89373516975,4270.57059147048
MAIN,2025-08-15,3,8:00-12:00,8740.545145986229,0.0,4184.89373516975,4270.57059147048
MAIN,2025-08-15,4,12:00-16:00,0.0,0.0,4184.89373516975,4270.57059147048
MAIN,2025-08-15,5,16:00-20:00,124.8742149974278,5354.698964147917,4184.89373516975,4270.57059147048
MAIN,2025-08-15,6,20:00-24:00,2816.131790367879,2904.0023678745533,4184.89373516975,4270.57059147048
MAIN,2025-08-16,1,0:00-4:00,617.4196674454286,138.78483746115825,4270.57059147048,9347.02367631574
MAIN,2025-08-16,2,4:00-8:00,939.2602660893529,2286.4625655973623,4270.57059147048,9347.02367631574
MAIN,2025-08-16,3,8:00-12:00,8692.374227866563,0.0,4270.57059147048,9347.02367631574
MAIN,2025-08-16,4,12:00-16:00,0.0,0.0,4270.57059147048,9347.02367631574
MAIN,2025-08-16,5,16:00-20:00,38.839796751922,5640.750164887108,4270.57059147048,9347.02367631574
MAIN,2025-08-16,6,20:00-24:00,8753.61599366529,2788.8177166666665,4270.57059147048,9347.02367631574
MAIN,2025-08-17,1,0:00-4:00,1410.3605009862183,150.50910528117208,9347.02367631574,9348.20507378068
MAIN,2025-08-17,2,4:00-8:00,391.98278834287584,5763.923234426227,9347.02367631574,9348.20507378068
MAIN,2025-08-17,3,8:00-12:00,5872.564148883683,985.5386833333332,9347.02367631574,9348.20507378068
MAIN,2025-08-17,4,12:00-16:00,2457.9934437089105,0.0,9347.02367631574,9348.20507378068
MAIN,2025-08-17,5,16:00-20:00,120.67025832873202,5803.773301880414,9347.02367631574,9348.20507378068
MAIN,2025-08-17,6,20:00-24:00,8630.941253634905,2591.6474564075197,9347.02367631574,9348.20507378068
MAIN,2025-08-18,1,0:00-4:00,1641.287531261583,228.3396988933204,9348.20507378068,9320.036481928242
MAIN,2025-08-18,2,4:00-8:00,257.5735552059519,5590.909757537518,9348.20507378068,9320.036481928242
MAIN,2025-08-18,3,8:00-12:00,6889.8239,1603.4113666666667,9348.20507378068,9320.036481928242
MAIN,2025-08-18,4,12:00-16:00,2050.5980464891168,50.54299999999989,9348.20507378068,9320.036481928242
MAIN,2025-08-18,5,16:00-20:00,178.93700387252582,5686.931418268996,9348.20507378068,9320.036481928242
MAIN,2025-08-18,6,20:00-24:00,8482.209784267703,2660.5646463891726,9348.20507378068,9320.036481928242
MAIN,2025-08-19,1,0:00-4:00,1348.943917489505,166.63406972481664,9320.036481928242,9154.372047724795
MAIN,2025-08-19,2,4:00-8:00,578.6402015790622,5033.614550456136,9320.036481928242,9154.372047724795
MAIN,2025-08-19,3,8:00-12:00,7414.176648400808,1131.449066666666,9320.036481928242,9154.372047724795
MAIN,2025-08-19,4,12:00-16:00,254.2400923068938,135.31821664009908,9320.036481928242,9154.372047724795
MAIN,2025-08-19,5,16:00-20:00,32.373300411761896,5553.760745822559,9320.036481928242,9154.372047724795
MAIN,2025-08-19,6,20:00-24:00,8387.252529127585,2720.978959818467,9320.036481928242,9154.372047724795
MAIN,2025-08-20,1,0:00-4:00,1758.7923730859025,99.33595003795848,9154.372047724795,9155.163555639174
MAIN,2025-08-20,2,4:00-8:00,192.3201047976029,6517.754218392682,9154.372047724795,9155.163555639174
MAIN,2025-08-20,3,8:00-12:00,4530.035839569832,2122.2457816073183,9154.372047724795,9155.163555639174
MAIN,2025-08-20,4,12:00-16:00,6458.796804553917,319.953766666667,9154.372047724795,9155.163555639174
MAIN,2025-08-20,5,16:00-20:00,143.93728216640758,5728.377094969081,9154.372047724795,9155.163555639174
MAIN,2025-08-20,6,20:00-24:00,8483.76134660306,2681.4122693324957,9154.372047724795,9155.163555639174
MAIN,2025-08-21,1,0:00-4:00,1664.6684737377118,120.88114659433802,9155.163555639174,4653.81105252676
MAIN,2025-08-21,2,4:00-8:00,1237.9972349906773,4237.80969694778,9155.163555639174,4653.81105252676
MAIN,2025-08-21,3,8:00-12:00,5258.168048638105,771.2317000000003,9155.163555639174,4653.81105252676
MAIN,2025-08-21,4,12:00-16:00,248.90280941885487,201.6112756292728,9155.163555639174,4653.81105252676
MAIN,2025-08-21,5,16:00-20:00,128.22034849452086,5597.339264662494,9155.163555639174,4653.81105252676
MAIN,2025-08-21,6,20:00-24:00,3269.80070413704,2686.6278406949864,9155.163555639174,4653.81105252676
MAIN,2025-08-22,1,0:00-4:00,791.81062229064,194.38338820826093,4653.81105252676,4188.203192154305
MAIN,2025-08-22,2,4:00-8:00,790.6902183513619,2396.3032217045647,4653.81105252676,4188.203192154305
MAIN,2025-08-22,3,8:00-12:00,8444.976520640397,0.0,4653.81105252676,4188.203192154305
MAIN,2025-08-22,4,12:00-16:00,0.0,3.380833333333385,4653.81105252676,4188.203192154305
MAIN,2025-08-22,5,16:00-20:00,281.31861466470855,5860.142656660187,4653.81105252676,4188.203192154305
MAIN,2025-08-22,6,20:00-24:00,3046.5192114862025,2782.6422762498423,4653.81105252676,4188.203192154305
MAIN,2025-08-23,1,0:00-4:00,999.223771273584,19.44632203479148,4188.203192154305,9595.479201621902
MAIN,2025-08-23,2,4:00-8:00,642.3853259270629,2089.2649567707003,4188.203192154305,9595.479201621902
MAIN,2025-08-23,3,8:00-12:00,8308.179058190239,0.0,4188.203192154305,9595.479201621902
MAIN,2025-08-23,4,12:00-16:00,0.0,0.0,4188.203192154305,9595.479201621902
MAIN,2025-08-23,5,16:00-20:00,0.0,5218.959081031409,4188.203192154305,9595.479201621902
MAIN,2025-08-23,6,20:00-24:00,8554.703752011872,2794.4196766384944,4188.203192154305,9595.479201621902
MAIN,2025-08-24,1,0:00-4:00,1278.5612865832843,9.672720565442203,9595.479201621902,9686.70671192287
MAIN,2025-08-24,2,4:00-8:00,71.73678638675773,5914.877016666667,9595.479201621902,9686.70671192287
MAIN,2025-08-24,3,8:00-12:00,8356.259433333335,1297.5173333333332,9595.479201621902,9686.70671192287
MAIN,2025-08-24,4,12:00-16:00,869.1507406266667,260.18789090760106,9595.479201621902,9686.70671192287
MAIN,2025-08-24,5,16:00-20:00,109.7244922262951,5334.097495242895,9595.479201621902,9686.70671192287
MAIN,2025-08-24,6,20:00-24:00,8408.933471307735,2567.9794144890866,9595.479201621902,9686.70671192287
MAIN,2025-08-25,1,0:00-4:00,1291.860591814525,44.44312010035173,9686.70671192287,9486.776756407478
MAIN,2025-08-25,2,4:00-8:00,74.54883901205707,6346.207492933098,9686.70671192287,9486.776756407478
MAIN,2025-08-25,3,8:00-12:00,5232.397478727775,1071.35245,9686.70671192287,9486.776756407478
MAIN,2025-08-25,4,12:00-16:00,4537.687414913897,735.6255097312143,9686.70671192287,9486.776756407478
MAIN,2025-08-25,5,16:00-20:00,248.60608411323796,5523.349904895108,9686.70671192287,9486.776756407478
MAIN,2025-08-25,6,20:00-24:00,8579.853036182143,2630.570772562628,9686.70671192287,9486.776756407478
MAIN,2025-08-26,1,0:00-4:00,1467.8061215195928,7.022039197599611,9486.776756407478,9834.509287140248
MAIN,2025-08-26,2,4:00-8:00,1.3928197281711618,5784.521131153471,9486.776756407478,9834.509287140248
MAIN,2025-08-26,3,8:00-12:00,7710.0616,1429.1314000000002,9486.776756407478,9834.509287140248
MAIN,2025-08-26,4,12:00-16:00,1316.2338697617108,98.77498333333348,9486.776756407478,9834.509287140248
MAIN,2025-08-26,5,16:00-20:00,22.93850534468624,5394.157786753787,9486.776756407478,9834.509287140248
MAIN,2025-08-26,6,20:00-24:00,8796.3922161819,2618.4417392565224,9486.776756407478,9834.509287140248
MAIN,2025-08-27,1,0:00-4:00,1124.5740982815273,41.963378034260586,9834.509287140248,9344.083167592344
MAIN,2025-08-27,2,4:00-8:00,51.84095932733257,5877.90691038847,9834.509287140248,9344.083167592344
MAIN,2025-08-27,3,8:00-12:00,7293.243085472974,2083.4201833333336,9834.509287140248,9344.083167592344
MAIN,2025-08-27,4,12:00-16:00,3108.720700535254,506.25475000000006,9834.509287140248,9344.083167592344
MAIN,2025-08-27,5,16:00-20:00,34.68075617941177,5637.346805049267,9834.509287140248,9344.083167592344
MAIN,2025-08-27,6,20:00-24:00,8553.498634459767,2629.4036505353606,9834.509287140248,9344.083167592344
MAIN,2025-08-28,1,0:00-4:00,1654.024010818057,29.434299595738707,9344.083167592344,4673.063924274983
MAIN,2025-08-28,2,4:00-8:00,217.1039140502885,5194.999297039269,9344.083167592344,4673.063924274983
MAIN,2025-08-28,3,8:00-12:00,5249.732624960567,2197.3403500000004,9344.083167592344,4673.063924274983
MAIN,2025-08-28,4,12:00-16:00,3891.394815358613,187.82774999999992,9344.083167592344,4673.063924274983
MAIN,2025-08-28,5,16:00-20:00,76.13632707008138,5548.87541615739,9344.083167592344,4673.063924274983
MAIN,2025-08-28,6,20:00-24:00,3182.415973808831,2604.7944157070447,9344.083167592344,4673.063924274983
MAIN,2025-08-29,1,0:00-4:00,1601.292708854122,37.33707591051712,4673.063924274983,4772.112860306444
MAIN,2025-08-29,2,4:00-8:00,501.0801926920265,3165.507333821572,4673.063924274983,4772.112860306444
MAIN,2025-08-29,3,8:00-12:00,8659.462750163239,0.0,4673.063924274983,4772.112860306444
MAIN,2025-08-29,4,12:00-16:00,1.14566222028634,5.025500000000079,4673.063924274983,4772.112860306444
MAIN,2025-08-29,5,16:00-20:00,5.05865876736708,5198.374400000001,4673.063924274983,4772.112860306444
MAIN,2025-08-29,6,20:00-24:00,3210.9334004665634,2827.580080102117,4673.063924274983,4772.112860306444
MAIN,2025-08-30,1,0:00-4:00,817.6956238048444,47.99901474429839,4772.112860306444,9565.780489632678
MAIN,2025-08-30,2,4:00-8:00,1228.104630281588,2019.762823190954,4772.112860306444,9565.780489632678
MAIN,2025-08-30,3,8:00-12:00,7204.644515863505,0.0,4772.112860306444,9565.780489632678
MAIN,2025-08-30,4,12:00-16:00,0.0,0.0,4772.112860306444,9565.780489632678
MAIN,2025-08-30,5,16:00-20:00,102.81546067175684,5407.356939810788,4772.112860306444,9565.780489632678
MAIN,2025-08-30,6,20:00-24:00,8594.794726213791,2748.5048708970958,4772.112860306444,9565.780489632678
MAIN,2025-08-31,1,0:00-4:00,1371.3550115192477,0.0,9565.780489632678,9515.478935342362
MAIN,2025-08-31,2,4:00-8:00,62.78557667076026,6491.675137394863,9565.780489632678,9515.478935342362
MAIN,2025-08-31,3,8:00-12:00,4758.274333550425,948.1480166666666,9565.780489632678,9515.478935342362
MAIN,2025-08-31,4,12:00-16:00,4643.5761810734975,240.65301042627243,9565.780489632678,9515.478935342362
MAIN,2025-08-31,5,16:00-20:00,25.26304985447033,5624.327773972898,9565.780489632678,9515.478935342362
MAIN,2025-08-31,6,20:00-24:00,8920.264418825564,2763.497503310696,9565.780489632678,9515.478935342362
MAIN,2025-09-01,1,0:00-4:00,1427.2456273973753,0.0,9515.478935342362,10800.0
MAIN,2025-09-01,2,4:00-8:00,258.1818814838274,4950.878833333334,9515.478935342362,10800.0
MAIN,2025-09-01,3,8:00-12:00,6804.6858139894175,770.0439999999999,9515.478935342362,10800.0
MAIN,2025-09-01,4,12:00-16:00,0.0,0.0,9515.478935342362,10800.0
MAIN,2025-09-01,5,16:00-20:00,0.0,4413.412140505564,9515.478935342362,10800.0
MAIN,2025-09-01,6,20:00-24:00,7807.533170489109,1910.6897275906117,9515.478935342362,10800.0
MAIN,2025-09-02,1,0:00-4:00,0.0,0.0,10800.0,10800.0
MAIN,2025-09-02,2,4:00-8:00,0.0,6047.478926757407,10800.0,10800.0
MAIN,2025-09-02,3,8:00-12:00,6120.674475011789,1530.127516666667,10800.0,10800.0
MAIN,2025-09-02,4,12:00-16:00,3234.3952082278097,0.0,10800.0,10800.0
MAIN,2025-09-02,5,16:00-20:00,0.0,4797.161145339573,10800.0,10800.0
MAIN,2025-09-02,6,20:00-24:00,8573.428019009289,2147.3155500579514,10800.0,10800.0
MAIN,2025-09-03,1,0:00-4:00,0.0,0.0,10800.0,10800.0
MAIN,2025-09-03,2,4:00-8:00,154.7960195974848,5045.825316666667,10800.0,10800.0
MAIN,2025-09-03,3,8:00-12:00,6748.51912443544,545.8599500000003,10800.0,10800.0
MAIN,2025-09-03,4,12:00-16:00,78.04521445028918,63.21662370473405,10800.0,10800.0
MAIN,2025-09-03,5,16:00-20:00,0.0,4590.252464405079,10800.0,10800.0
MAIN,2025-09-03,6,20:00-24:00,8246.526326328589,2089.433859921077,10800.0,10800.0
MAIN,2025-09-04,1,0:00-4:00,0.0,0.0,10800.0,9012.568972108464
MAIN,2025-09-04,2,4:00-8:00,0.0,6027.28515,10800.0,9012.568972108464
MAIN,2025-09-04,3,8:00-12:00,8651.457283950613,980.39525,10800.0,9012.568972108464
MAIN,2025-09-04,4,12:00-16:00,41.8315226337452,33.88353333333339,10800.0,9012.568972108464
MAIN,2025-09-04,5,16:00-20:00,0.0,4682.531541407117,10800.0,9012.568972108464
MAIN,2025-09-04,6,20:00-24:00,6485.298043663948,2179.247799063065,10800.0,9012.568972108464
MAIN,2025-09-05,1,0:00-4:00,1986.0344754350392,306.4394750020184,9012.568972108464,7833.38589387882
MAIN,2025-09-05,2,4:00-8:00,965.9864323512344,5030.618583333333,9012.568972108464,7833.38589387882
MAIN,2025-09-05,3,8:00-12:00,5622.974133494878,0.0,9012.568972108464,7833.38589387882
MAIN,2025-09-05,4,12:00-16:00,0.0,0.0,9012.568972108464,7833.38589387882
MAIN,2025-09-05,5,16:00-20:00,160.5386633690048,4583.180283995561,9012.568972108464,7833.38589387882
MAIN,2025-09-05,6,20:00-24:00,4946.402886202805,2223.395066666667,9012.568972108464,7833.38589387882
MAIN,2025-09-06,1,0:00-4:00,3132.343247021936,0.0,7833.38589387882,10800.0
MAIN,2025-09-06,2,4:00-8:00,462.318687213953,5108.185549134138,7833.38589387882,10800.0
MAIN,2025-09-06,3,8:00-12:00,6007.977873965588,0.0,7833.38589387882,10800.0
MAIN,2025-09-06,4,12:00-16:00,0.0,0.0,7833.38589387882,10800.0
MAIN,2025-09-06,5,16:00-20:00,8.833715519795078,4235.508592904367,7833.38589387882,10800.0
MAIN,2025-09-06,6,20:00-24:00,7860.048353909467,2138.285883333333,7833.38589387882,10800.0
MAIN,2025-09-07,1,0:00-4:00,0.0,0.0,10800.0,10800.0
MAIN,2025-09-07,2,4:00-8:00,616.7562699759968,4966.006348693983,10800.0,10800.0
MAIN,2025-09-07,3,8:00-12:00,7274.14699838184,1463.9639166666666,10800.0,10800.0
MAIN,2025-09-07,4,12:00-16:00,47.331627149134064,0.0,10800.0,10800.0
MAIN,2025-09-07,5,16:00-20:00,0.0,4699.951672302715,10800.0,10800.0
MAIN,2025-09-07,6,20:00-24:00,8312.710847964627,2033.3441145486336,10800.0,10800.0
MAIN,2025-09-08,1,0:00-4:00,11.095530203171316,8.98737946456879,10800.0,8610.683374448472
MAIN,2025-09-08,2,4:00-8:00,42.83119728968359,5836.887481055093,10800.0,8610.683374448472
MAIN,2025-09-08,3,8:00-12:00,5244.37245,1186.5613666666666,10800.0,8610.683374448472
MAIN,2025-09-08,4,12:00-16:00,3383.7208560705103,1170.924890941883,10800.0,8610.683374448472
MAIN,2025-09-08,5,16:00-20:00,122.07292183577783,5768.721841863422,10800.0,8610.683374448472
MAIN,2025-09-08,6,20:00-24:00,8345.486790564048,1889.4615972349277,10800.0,8610.683374448472
MAIN,2025-09-09,1,0:00-4:00,2119.5587834885155,2.0692530479408333,8610.683374448472,9219.771656177743
MAIN,2025-09-09,2,4:00-8:00,376.1928601375826,6042.02039862616,8610.683374448472,9219.771656177743
MAIN,2025-09-09,3,8:00-12:00,7984.61442497269,818.8077833333338,8610.683374448472,9219.771656177743
MAIN,2025-09-09,4,12:00-16:00,632.7139495129056,168.31241666666688,8610.683374448472,9219.771656177743
MAIN,2025-09-09,5,16:00-20:00,111.27353301812065,5548.628634513972,8610.683374448472,9219.771656177743
MAIN,2025-09-09,6,20:00-24:00,8448.248666464271,2806.7898565067944,8610.683374448472,9219.771656177743
MAIN,2025-09-10,1,0:00-4:00,1134.7034063304864,317.1089139158943,9219.771656177743,8682.816133946599
MAIN,2025-09-10,2,4:00-8:00,988.7199000475694,6700.167756403387,9219.771656177743,8682.816133946599
MAIN,2025-09-10,3,8:00-12:00,4125.400013785902,1920.4906984069144,9219.771656177743,8682.816133946599
MAIN,2025-09-10,4,12:00-16:00,4723.258905428114,350.6654333333332,9219.771656177743,8682.816133946599
MAIN,2025-09-10,5,16:00-20:00,885.5590813928933,5522.608006021617,9219.771656177743,8682.816133946599
MAIN,2025-09-10,6,20:00-24:00,8399.087779646838,2080.1697220986507,9219.771656177743,8682.816133946599
MAIN,2025-09-11,1,0:00-4:00,1792.1044051571905,42.14737308663666,8682.816133946599,4427.668095220309
MAIN,2025-09-11,2,4:00-8:00,879.0143285277939,5341.3457359363565,8682.816133946599,4427.668095220309
MAIN,2025-09-11,3,8:00-12:00,7863.56508735368,1728.5034000000005,8682.816133946599,4427.668095220309
MAIN,2025-09-11,4,12:00-16:00,597.9853005305348,0.0,8682.816133946599,4427.668095220309
MAIN,2025-09-11,5,16:00-20:00,254.29168872572163,5611.907872511991,8682.816133946599,4427.668095220309
MAIN,2025-09-11,6,20:00-24:00,3233.695940300327,2948.4608213008323,8682.816133946599,4427.668095220309
MAIN,2025-09-12,1,0:00-4:00,436.6006296796901,99.27143862188552,4427.668095220309,5173.979916534635
MAIN,2025-09-12,2,4:00-8:00,277.87440605070765,3058.0276176106704,4427.668095220309,5173.979916534635
MAIN,2025-09-12,3,8:00-12:00,10263.793816781055,0.0,4427.668095220309,5173.979916534635
MAIN,2025-09-12,4,12:00-16:00,0.0,0.0,4427.668095220309,5173.979916534635
MAIN,2025-09-12,5,16:00-20:00,0.0,5809.833657038618,4427.668095220309,5173.979916534635
MAIN,2025-09-12,6,20:00-24:00,3744.5690995482446,2286.6853887142875,4427.668095220309,5173.979916534635
MAIN,2025-09-13,1,0:00-4:00,735.0245748070423,34.12571488395395,5173.979916534635,9696.744221428724
MAIN,2025-09-13,2,4:00-8:00,338.9630532496837,2994.9510974507107,5173.979916534635,9696.744221428724
MAIN,2025-09-13,3,8:00-12:00,8916.7468008982,0.0,5173.979916534635,9696.744221428724
MAIN,2025-09-13,4,12:00-16:00,0.0,0.0,5173.979916534635,9696.744221428724
MAIN,2025-09-13,5,16:00-20:00,217.02423174335843,5870.466352175701,5173.979916534635,9696.744221428724
MAIN,2025-09-13,6,20:00-24:00,8536.285973059013,2212.645114428367,5173.979916534635,9696.744221428724
MAIN,2025-09-14,1,0:00-4:00,1123.815535028214,30.412692403588157,9696.744221428724,9372.94005106146
MAIN,2025-09-14,2,4:00-8:00,507.8456661145432,5492.769238928258,9696.744221428724,9372.94005106146
MAIN,2025-09-14,3,8:00-12:00,5521.1410016476175,2010.214066666667,9696.744221428724,9372.94005106146
MAIN,2025-09-14,4,12:00-16:00,3403.865079880219,24.57430025052008,9696.744221428724,9372.94005106146
MAIN,2025-09-14,5,16:00-20:00,95.23203952165946,5502.096167673319,9696.744221428724,9372.94005106146
MAIN,2025-09-14,6,20:00-24:00,8391.535248852419,2656.5392899543717,9696.744221428724,9372.94005106146
MAIN,2025-09-15,1,0:00-4:00,1251.379989850891,110.87088975705262,9372.94005106146,9115.653731910252
MAIN,2025-09-15,2,4:00-8:00,471.1198173117477,6170.1671608854085,9372.94005106146,9115.653731910252
MAIN,2025-09-15,3,8:00-12:00,8588.791159550397,1482.477583333333,9372.94005106146,9115.653731910252
MAIN,2025-09-15,4,12:00-16:00,1056.1808115066613,201.51916248452585,9372.94005106146,9115.653731910252
MAIN,2025-09-15,5,16:00-20:00,82.59542651793453,5650.22193954369,9372.94005106146,9115.653731910252
MAIN,2025-09-15,6,20:00-24:00,8659.9228811455,2905.392920797417,9372.94005106146,9115.653731910252
MAIN,2025-09-16,1,0:00-4:00,1243.941388093957,128.8864753060991,9115.653731910252,8744.59996382224
MAIN,2025-09-16,2,4:00-8:00,871.0982257477687,6340.16555780345,9115.653731910252,8744.59996382224
MAIN,2025-09-16,3,8:00-12:00,5868.777424031538,1363.1868333333334,9115.653731910252,8744.59996382224
MAIN,2025-09-16,4,12:00-16:00,3774.790420221784,176.32153333333326,9115.653731910252,8744.59996382224
MAIN,2025-09-16,5,16:00-20:00,0.0,5658.926635524231,9115.653731910252,8744.59996382224
MAIN,2025-09-16,6,20:00-24:00,8268.618621375452,2888.5144803498683,9115.653731910252,8744.59996382224
MAIN,2025-09-17,1,0:00-4:00,1901.273705831264,27.829200162559232,8744.59996382224,8925.125630755889
MAIN,2025-09-17,2,4:00-8:00,471.894013630613,6601.846041642044,8744.59996382224,8925.125630755889
MAIN,2025-09-17,3,8:00-12:00,5299.908903706654,2087.204154399531,8744.59996382224,8925.125630755889
MAIN,2025-09-17,4,12:00-16:00,5377.081293001165,66.31699385635943,8744.59996382224,8925.125630755889
MAIN,2025-09-17,5,16:00-20:00,212.56418499300625,5626.963783631041,8744.59996382224,8925.125630755889
MAIN,2025-09-17,6,20:00-24:00,8316.010379124587,2906.140035100885,8744.59996382224,8925.125630755889
MAIN,2025-09-18,1,0:00-4:00,1466.4729927988374,126.62900511272574,8925.125630755889,4753.497157694133
MAIN,2025-09-18,2,4:00-8:00,976.4797464568034,5862.44380239418,8925.125630755889,4753.497157694133
MAIN,2025-09-18,3,8:00-12:00,5986.446111997257,2155.261583333333,8925.125630755889,4753.497157694133
MAIN,2025-09-18,4,12:00-16:00,3789.717617668832,65.76301666666654,8925.125630755889,4753.497157694133
MAIN,2025-09-18,5,16:00-20:00,24.27566755362353,5652.281522495702,8925.125630755889,4753.497157694133
MAIN,2025-09-18,6,20:00-24:00,4167.450001885711,3184.8688278254394,8925.125630755889,4753.497157694133
MAIN,2025-09-19,1,0:00-4:00,462.5544575742115,251.62266708025965,4753.497157694133,5095.203893607615
MAIN,2025-09-19,2,4:00-8:00,139.32639056172644,3270.7017731163287,4753.497157694133,5095.203893607615
MAIN,2025-09-19,3,8:00-12:00,10465.00433491575,0.0,4753.497157694133,5095.203893607615
MAIN,2025-09-19,4,12:00-16:00,0.0,41.21833333333348,4753.497157694133,5095.203893607615
MAIN,2025-09-19,5,16:00-20:00,122.0097896748556,6495.460418598348,4753.497157694133,5095.203893607615
MAIN,2025-09-19,6,20:00-24:00,4168.243189881352,2072.742657261995,4753.497157694133,5095.203893607615
MAIN,2025-09-20,1,0:00-4:00,275.95359845367227,77.71157387057394,5095.203893607615,9463.915300903438
MAIN,2025-09-20,2,4:00-8:00,380.48778695893816,3590.39249840883,5095.203893607615,9463.915300903438
MAIN,2025-09-20,3,8:00-12:00,10210.744501047324,0.0,5095.203893607615,9463.915300903438
MAIN,2025-09-20,4,12:00-16:00,16.029938271603896,12.984249999999976,5095.203893607615,9463.915300903438
MAIN,2025-09-20,5,16:00-20:00,1.4193678961075622,6111.702027472065,5095.203893607615,9463.915300903438
MAIN,2025-09-20,6,20:00-24:00,8786.695638915671,2209.147357232381,5095.203893607615,9463.915300903438
MAIN,2025-09-21,1,0:00-4:00,1157.1344508251536,51.07345860770829,9463.915300903438,9131.77538933544
MAIN,2025-09-21,2,4:00-8:00,808.7162280364896,4866.684379748027,9463.915300903438,9131.77538933544
MAIN,2025-09-21,3,8:00-12:00,6942.034322219813,1095.1527833333334,9463.915300903438,9131.77538933544
MAIN,2025-09-21,4,12:00-16:00,3.503148148148385,2.837550000000192,9463.915300903438,9131.77538933544
MAIN,2025-09-21,5,16:00-20:00,0.0,5588.315754855329,9463.915300903438,9131.77538933544
MAIN,2025-09-21,6,20:00-24:00,8547.632825876786,2836.668983702972,9463.915300903438,9131.77538933544
MAIN,2025-09-22,1,0:00-4:00,1313.8873848854762,72.9991057066103,9131.77538933544,8621.830707645991
MAIN,2025-09-22,2,4:00-8:00,672.4868524283767,6455.077388859598,9131.77538933544,8621.830707645991
MAIN,2025-09-22,3,8:00-12:00,6389.848362468743,1712.6139499999997,9131.77538933544,8621.830707645991
MAIN,2025-09-22,4,12:00-16:00,3743.455870379107,401.0221316029548,9131.77538933544,8621.830707645991
MAIN,2025-09-22,5,16:00-20:00,359.3567587968806,5792.54462633543,9131.77538933544,8621.830707645991
MAIN,2025-09-22,6,20:00-24:00,8329.727447539259,2879.790778979158,9131.77538933544,8621.830707645991
MAIN,2025-09-23,1,0:00-4:00,2193.624219173905,6.198781839014146,8621.830707645991,9086.44478612445
MAIN,2025-09-23,2,4:00-8:00,329.0508635564785,6476.013817702191,8621.830707645991,9086.44478612445
MAIN,2025-09-23,3,8:00-12:00,5319.441690836708,1896.615716666667,8621.830707645991,9086.44478612445
MAIN,2025-09-23,4,12:00-16:00,5453.442167213817,495.1333936124589,8621.830707645991,9086.44478612445
MAIN,2025-09-23,5,16:00-20:00,116.31223587263132,5568.533559377841,8621.830707645991,9086.44478612445
MAIN,2025-09-23,6,20:00-24:00,8514.245730844113,2899.5067552443184,8621.830707645991,9086.44478612445
MAIN,2025-09-24,1,0:00-4:00,1510.1640767992358,66.8904577117496,9086.44478612445,9396.387887283436
MAIN,2025-09-24,2,4:00-8:00,537.4767667316189,5939.292985928321,9086.44478612445,9396.387887283436
MAIN,2025-09-24,3,8:00-12:00,6878.733907328143,2393.5189,9086.44478612445,9396.387887283436
MAIN,2025-09-24,4,12:00-16:00,3347.578380163301,0.0,9086.44478612445,9396.387887283436
MAIN,2025-09-24,5,16:00-20:00,40.15408950399675,5524.455785437885,9086.44478612445,9396.387887283436
MAIN,2025-09-24,6,20:00-24:00,8599.496391762528,2736.912005832909,9086.44478612445,9396.387887283436
MAIN,2025-09-25,1,0:00-4:00,1093.6707655157488,182.23193325266823,9396.387887283436,5675.577726239682
MAIN,2025-09-25,2,4:00-8:00,823.457819796365,5386.429314790854,9396.387887283436,5675.577726239682
MAIN,2025-09-25,3,8:00-12:00,6781.912833448966,1757.68315,9396.387887283436,5675.577726239682
MAIN,2025-09-25,4,12:00-16:00,2058.9657895987484,201.81467539364652,9396.387887283436,5675.577726239682
MAIN,2025-09-25,5,16:00-20:00,222.6753837650244,5615.455060713191,9396.387887283436,5675.577726239682
MAIN,2025-09-25,6,20:00-24:00,4588.455496354093,2816.116862456968,9396.387887283436,5675.577726239682
MAIN,2025-09-26,1,0:00-4:00,1096.1289665824288,0.4809363577347199,5675.577726239682,6579.802449257838
MAIN,2025-09-26,2,4:00-8:00,302.033006836781,3500.0834905913243,5675.577726239682,6579.802449257838
MAIN,2025-09-26,3,8:00-12:00,8617.325030696029,0.0,5675.577726239682,6579.802449257838
MAIN,2025-09-26,4,12:00-16:00,0.0,0.0,5675.577726239682,6579.802449257838
MAIN,2025-09-26,5,16:00-20:00,0.0,5931.274844249369,5675.577726239682,6579.802449257838
MAIN,2025-09-26,6,20:00-24:00,5181.013481708878,2063.5238716027698,5675.577726239682,6579.802449257838
MAIN,2025-09-27,1,0:00-4:00,584.1629515809873,80.52700679004914,6579.802449257838,8989.133316130043
MAIN,2025-09-27,2,4:00-8:00,213.56690916449628,4749.960625541247,6579.802449257838,8989.133316130043
MAIN,2025-09-27,3,8:00-12:00,9854.943507154812,0.0,6579.802449257838,8989.133316130043
MAIN,2025-09-27,4,12:00-16:00,0.0,41.36309062611292,6579.802449257838,8989.133316130043
MAIN,2025-09-27,5,16:00-20:00,217.29644426252608,6275.8892908413945,6579.802449257838,8989.133316130043
MAIN,2025-09-27,6,20:00-24:00,8397.043871777287,2290.143290007705,6579.802449257838,8989.133316130043
MAIN,2025-09-28,1,0:00-4:00,1689.7338400696926,36.19297522445379,8989.133316130043,9154.337936114756
MAIN,2025-09-28,2,4:00-8:00,416.7260917226542,6576.132467174773,8989.133316130043,9154.337936114756
MAIN,2025-09-28,3,8:00-12:00,6195.437439487654,2104.127086869614,8989.133316130043,9154.337936114756
MAIN,2025-09-28,4,12:00-16:00,4771.3717580432085,243.1154499999999,8989.133316130043,9154.337936114756
MAIN,2025-09-28,5,16:00-20:00,119.81355910622568,5714.017282876042,8989.133316130043,9154.337936114756
MAIN,2025-09-28,6,20:00-24:00,8447.19668140396,2706.3568694339274,8989.133316130043,9154.337936114756
MAIN,2025-09-29,1,0:00-4:00,1589.7447546462154,70.25418789377977,9154.337936114756,9139.967447998986
MAIN,2025-09-29,2,4:00-8:00,577.2428631461414,5376.707170114424,9154.337936114756,9139.967447998986
MAIN,2025-09-29,3,8:00-12:00,6712.68336849338,2411.2514333333334,9154.337936114756,9139.967447998986
MAIN,2025-09-29,4,12:00-16:00,2850.5934567244585,205.84603273901573,9154.337936114756,9139.967447998986
MAIN,2025-09-29,5,16:00-20:00,59.827839087843486,5578.882022759645,9154.337936114756,9139.967447998986
MAIN,2025-09-29,6,20:00-24:00,8608.522286271409,2892.870392843248,9154.337936114756,9139.967447998986
MAIN,2025-09-30,1,0:00-4:00,1356.1265202164357,17.376447890604936,9139.967447998986,9426.166212837908
MAIN,2025-09-30,2,4:00-8:00,623.4290934486183,5625.324623570442,9139.967447998986,9426.166212837908
MAIN,2025-09-30,3,8:00-12:00,6197.7464,2892.59425,9139.967447998986,9426.166212837908
MAIN,2025-09-30,4,12:00-16:00,4602.929246597675,755.8158762382023,9139.967447998986,9426.166212837908
MAIN,2025-09-30,5,16:00-20:00,539.5407230493307,5474.014612220526,9139.967447998986,9426.166212837908
MAIN,2025-09-30,6,20:00-24:00,8646.704410101951,2770.1411803905494,9139.967447998986,9426.166212837908
MAIN,2025-10-01,1,0:00-4:00,1219.5361922587313,13.612708804055728,9426.166212837908,10443.907081935116
MAIN,2025-10-01,2,4:00-8:00,912.8287719462191,4769.408821823905,9426.166212837908,10443.907081935116
MAIN,2025-10-01,3,8:00-12:00,6687.761421482917,1124.8304333333335,9426.166212837908,10443.907081935116
MAIN,2025-10-01,4,12:00-16:00,77.88111111111195,63.08369999999968,9426.166212837908,10443.907081935116
MAIN,2025-10-01,5,16:00-20:00,0.0,4995.133180615949,9426.166212837908,10443.907081935116
MAIN,2025-10-01,6,20:00-24:00,9004.94063702708,2619.3523616343828,9426.166212837908,10443.907081935116
MAIN,2025-10-02,1,0:00-4:00,394.9701373293896,78.41881338631072,10443.907081935116,7774.309157862
MAIN,2025-10-02,2,4:00-8:00,299.2529268930655,6602.4623220830335,10443.907081935116,7774.309157862
MAIN,2025-10-02,3,8:00-12:00,7281.4748,1702.9469833333328,10443.907081935116,7774.309157862
MAIN,2025-10-02,4,12:00-16:00,2770.366018568994,0.0,10443.907081935116,7774.309157862
MAIN,2025-10-02,5,16:00-20:00,0.0,4941.981879796842,10443.907081935116,7774.309157862
MAIN,2025-10-02,6,20:00-24:00,5896.074673932541,2556.960364012717,10443.907081935116,7774.309157862
MAIN,2025-10-03,1,0:00-4:00,658.1339154144523,24.231391389957253,7774.309157862,8051.082629881404
MAIN,2025-10-03,2,4:00-8:00,250.0564272510294,5438.706092731343,7774.309157862,8051.082629881404
MAIN,2025-10-03,3,8:00-12:00,9198.05563516847,0.0,7774.309157862,8051.082629881404
MAIN,2025-10-03,4,12:00-16:00,0.0,0.0,7774.309157862,8051.082629881404
MAIN,2025-10-03,5,16:00-20:00,0.0,5426.379625310256,7774.309157862,8051.082629881404
MAIN,2025-10-03,6,20:00-24:00,5910.399681732739,1835.06975,7774.309157862,8051.082629881404
MAIN,2025-10-04,1,0:00-4:00,689.2364648258709,0.0,8051.082629881404,10761.918362161006
MAIN,2025-10-04,2,4:00-8:00,119.09638580646032,6302.212940657933,8051.082629881404,10761.918362161006
MAIN,2025-10-04,3,8:00-12:00,10026.529586114171,0.0,8051.082629881404,10761.918362161006
MAIN,2025-10-04,4,12:00-16:00,0.0,0.0,8051.082629881404,10761.918362161006
MAIN,2025-10-04,5,16:00-20:00,0.0,5363.236605081551,8051.082629881404,10761.918362161006
MAIN,2025-10-04,6,20:00-24:00,8858.52335106147,1846.4407833333328,8051.082629881404,10761.918362161006
MAIN,2025-10-05,1,0:00-4:00,135.0148869820962,75.08858440040467,10761.918362161006,10764.008584536234
MAIN,2025-10-05,2,4:00-8:00,281.2038328208885,5525.443347754172,10761.918362161006,10764.008584536234
MAIN,2025-10-05,3,8:00-12:00,7165.353728882208,1585.279566666666,10761.918362161006,10764.008584536234
MAIN,2025-10-05,4,12:00-16:00,1332.1127030139846,0.0,10761.918362161006,10764.008584536234
MAIN,2025-10-05,5,16:00-20:00,0.0,4864.3469193620895,10761.918362161006,10764.008584536234
MAIN,2025-10-05,6,20:00-24:00,9112.417545505608,2549.1035664148426,10761.918362161006,10764.008584536234
MAIN,2025-10-06,1,0:00-4:00,49.03656053921807,7.32734011937589,10764.008584536234,10414.806840679134
MAIN,2025-10-06,2,4:00-8:00,118.46844493692794,6305.920659562962,10764.008584536234,10414.806840679134
MAIN,2025-10-06,3,8:00-12:00,6746.015704174344,1866.925266666667,10764.008584536234,10414.806840679134
MAIN,2025-10-06,4,12:00-16:00,3291.5090931475306,53.5086,10764.008584536234,10414.806840679134
MAIN,2025-10-06,5,16:00-20:00,0.0,5105.634589729898,10764.008584536234,10414.806840679134
MAIN,2025-10-06,6,20:00-24:00,9014.706896343465,2542.9518396970893,10764.008584536234,10414.806840679134
MAIN,2025-10-07,1,0:00-4:00,467.7517024995162,32.20503563583111,10414.806840679134,10509.594880170494
MAIN,2025-10-07,2,4:00-8:00,50.2527875223863,5915.169749854143,10414.806840679134,10509.594880170494
MAIN,2025-10-07,3,8:00-12:00,6103.949587159928,2540.468533333333,10414.806840679134,10509.594880170494
MAIN,2025-10-07,4,12:00-16:00,4340.919538717866,45.41046666666659,10414.806840679134,10509.594880170494
MAIN,2025-10-07,5,16:00-20:00,0.0,4984.2873500000005,10414.806840679134,10509.594880170494
MAIN,2025-10-07,6,20:00-24:00,8905.96716686736,2490.9106630091155,10414.806840679134,10509.594880170494
MAIN,2025-10-08,1,0:00-4:00,373.2781032543717,45.92660067785312,10509.594880170494,9006.784852957731
MAIN,2025-10-08,2,4:00-8:00,17.941520988715638,5932.825904293311,10509.594880170494,9006.784852957731
MAIN,2025-10-08,3,8:00-12:00,6295.346389876999,1836.5571,10509.594880170494,9006.784852957731
MAIN,2025-10-08,4,12:00-16:00,3284.636717753646,0.0,10509.594880170494,9006.784852957731
MAIN,2025-10-08,5,16:00-20:00,55.94574407026757,5585.2171751257465,10509.594880170494,9006.784852957731
MAIN,2025-10-08,6,20:00-24:00,8453.03799188163,2920.9532833333333,10509.594880170494,9006.784852957731
MAIN,2025-10-09,1,0:00-4:00,1527.4525830941966,16.324394292024067,9006.784852957731,5415.195804594632
MAIN,2025-10-09,2,4:00-8:00,621.1463060547246,6085.768133256762,9006.784852957731,5415.195804594632
MAIN,2025-10-09,3,8:00-12:00,5625.276648483116,2000.441483333333,9006.784852957731,5415.195804594632
MAIN,2025-10-09,4,12:00-16:00,4271.03200898111,39.94746953648951,9006.784852957731,5415.195804594632
MAIN,2025-10-09,5,16:00-20:00,80.08466654679506,5688.168070384654,9006.784852957731,5415.195804594632
MAIN,2025-10-09,6,20:00-24:00,4619.366807447366,2964.711399415448,9006.784852957731,5415.195804594632
MAIN,2025-10-10,1,0:00-4:00,380.560370626008,56.45640215995138,5415.195804594632,6251.524722795465
MAIN,2025-10-10,2,4:00-8:00,959.9194910793424,4069.101787128116,5415.195804594632,6251.524722795465
MAIN,2025-10-10,3,8:00-12:00,9735.917626137729,0.0,5415.195804594632,6251.524722795465
MAIN,2025-10-10,4,12:00-16:00,0.0,25.79489718597722,5415.195804594632,6251.524722795465
MAIN,2025-10-10,5,16:00-20:00,32.72027673432984,5961.587987225723,5415.195804594632,6251.524722795465
MAIN,2025-10-10,6,20:00-24:00,5272.972021045316,2403.855626273893,5415.195804594632,6251.524722795465
MAIN,2025-10-11,1,0:00-4:00,428.9080915660805,17.770885988405382,6251.524722795465,8863.10838039848
MAIN,2025-10-11,2,4:00-8:00,299.86428915941127,4180.642610409517,6251.524722795465,8863.10838039848
MAIN,2025-10-11,3,8:00-12:00,9508.315577153524,0.0,6251.524722795465,8863.10838039848
MAIN,2025-10-11,4,12:00-16:00,0.0,0.0,6251.524722795465,8863.10838039848
MAIN,2025-10-11,5,16:00-20:00,0.0,6220.8116174796905,6251.524722795465,8863.10838039848
MAIN,2025-10-11,6,20:00-24:00,8441.41891452092,2359.940160923624,6251.524722795465,8863.10838039848
MAIN,2025-10-12,1,0:00-4:00,2012.1383592952384,34.149923564807295,8863.10838039848,8876.065625524307
MAIN,2025-10-12,2,4:00-8:00,566.5673888088961,5103.01060584695,8863.10838039848,8876.065625524307
MAIN,2025-10-12,3,8:00-12:00,6333.548773553669,2088.2217500000006,8863.10838039848,8876.065625524307
MAIN,2025-10-12,4,12:00-16:00,2226.811594045644,54.05881666666676,8863.10838039848,8876.065625524307
MAIN,2025-10-12,5,16:00-20:00,40.32038276319161,5663.3831891658,8863.10838039848,8876.065625524307
MAIN,2025-10-12,6,20:00-24:00,8362.327749364711,2874.302734885925,8863.10838039848,8876.065625524307
MAIN,2025-10-13,1,0:00-4:00,1870.6949410387244,14.68353078435905,8876.065625524307,8947.216157602386
MAIN,2025-10-13,2,4:00-8:00,575.6638576544897,5937.539928904745,8876.065625524307,8947.216157602386
MAIN,2025-10-13,3,8:00-12:00,6720.743963951256,2267.0011166666677,8876.065625524307,8947.216157602386
MAIN,2025-10-13,4,12:00-16:00,3293.950299146346,209.94489439402264,8876.065625524307,8947.216157602386
MAIN,2025-10-13,5,16:00-20:00,108.82279121286334,5574.833751939086,8876.065625524307,8947.216157602386
MAIN,2025-10-13,6,20:00-24:00,8437.959227395757,2948.307713564395,8876.065625524307,8947.216157602386
MAIN,2025-10-14,1,0:00-4:00,1720.2735534324956,33.51010495362834,8947.216157602386,8910.869741266839
MAIN,2025-10-14,2,4:00-8:00,414.432577054465,6218.417704680232,8947.216157602386,8910.869741266839
MAIN,2025-10-14,3,8:00-12:00,5746.746786066651,2449.678697902727,8947.216157602386,8910.869741266839
MAIN,2025-10-14,4,12:00-16:00,5000.357740682321,142.14186154910237,8947.216157602386,8910.869741266839
MAIN,2025-10-14,5,16:00-20:00,129.11516780309532,5593.272519958867,8947.216157602386,8910.869741266839
MAIN,2025-10-14,6,20:00-24:00,8359.02133492525,2905.3480852285047,8947.216157602386,8910.869741266839
MAIN,2025-10-15,1,0:00-4:00,1594.089092583696,61.38975929337494,8910.869741266839,8902.07822824943
MAIN,2025-10-15,2,4:00-8:00,863.2134522567065,5357.796873062794,8910.869741266839,8902.07822824943
MAIN,2025-10-15,3,8:00-12:00,5611.260442808866,2510.09035,8910.869741266839,8902.07822824943
MAIN,2025-10-15,4,12:00-16:00,4245.410488589985,344.8243005377791,8910.869741266839,8902.07822824943
MAIN,2025-10-15,5,16:00-20:00,14.022140574413218,5570.54518893589,8910.869741266839,8902.07822824943
MAIN,2025-10-15,6,20:00-24:00,8319.923384732567,2888.08028113828,8910.869741266839,8902.07822824943
MAIN,2025-10-16,1,0:00-4:00,1443.409375521604,73.65007328158458,8902.07822824943,5932.613471271993
MAIN,2025-10-16,2,4:00-8:00,915.3877304726468,5675.889400147702,8902.07822824943,5932.613471271993
MAIN,2025-10-16,3,8:00-12:00,6738.936316572072,2880.25085,8902.07822824943,5932.613471271993
MAIN,2025-10-16,4,12:00-16:00,4249.3724107905255,1247.8262811812751,8902.07822824943,5932.613471271993
MAIN,2025-10-16,5,16:00-20:00,203.14178959904064,5901.142961737867,8902.07822824943,5932.613471271993
MAIN,2025-10-16,6,20:00-24:00,5275.054668344874,2142.2535708848877,8902.07822824943,5932.613471271993
MAIN,2025-10-17,1,0:00-4:00,638.2586820166797,13.771625539687877,5932.613471271993,6646.262413810745
MAIN,2025-10-17,2,4:00-8:00,857.5829895861349,4137.556566666667,5932.613471271993,6646.262413810745
MAIN,2025-10-17,3,8:00-12:00,9037.462116127504,0.0,5932.613471271993,6646.262413810745
MAIN,2025-10-17,4,12:00-16:00,0.0,0.0,5932.613471271993,6646.262413810745
MAIN,2025-10-17,5,16:00-20:00,0.0,5922.973021834188,5932.613471271993,6646.262413810745
MAIN,2025-10-17,6,20:00-24:00,5560.126875864611,2319.093575186477,5932.613471271993,6646.262413810745
MAIN,2025-10-18,1,0:00-4:00,394.3128249331053,129.00677771912126,6646.262413810745,9322.95105277751
MAIN,2025-10-18,2,4:00-8:00,106.66021711335492,4523.321957524662,6646.262413810745,9322.95105277751
MAIN,2025-10-18,3,8:00-12:00,9857.906665131452,0.0,6646.262413810745,9322.95105277751
MAIN,2025-10-18,4,12:00-16:00,0.0,0.0,6646.262413810745,9322.95105277751
MAIN,2025-10-18,5,16:00-20:00,111.9007609480148,5952.838731435189,6646.262413810745,9322.95105277751
MAIN,2025-10-18,6,20:00-24:00,8345.448274749999,2226.958039980444,6646.262413810745,9322.95105277751
MAIN,2025-10-19,1,0:00-4:00,1108.3880892489162,105.45963965973294,9322.95105277751,8666.982801344951
MAIN,2025-10-19,2,4:00-8:00,736.0332689563223,6153.19907118835,9322.95105277751,8666.982801344951
MAIN,2025-10-19,3,8:00-12:00,6511.284260606186,2545.97853679792,9322.95105277751,8666.982801344951
MAIN,2025-10-19,4,12:00-16:00,5012.534418722906,1108.6980349755522,9322.95105277751,8666.982801344951
MAIN,2025-10-19,5,16:00-20:00,114.43136141884828,5751.831868814007,9322.95105277751,8666.982801344951
MAIN,2025-10-19,6,20:00-24:00,8312.169787775803,2579.0256361042143,9322.95105277751,8666.982801344951
MAIN,2025-10-20,1,0:00-4:00,1925.8645179959544,32.42220906084185,8666.982801344951,8804.418108278398
MAIN,2025-10-20,2,4:00-8:00,586.3043544375464,5416.328942711671,8666.982801344951,8804.418108278398
MAIN,2025-10-20,3,8:00-12:00,6176.6449934729735,3306.390156109084,8666.982801344951,8804.418108278398
MAIN,2025-10-20,4,12:00-16:00,4838.550767843896,282.3085666666667,8666.982801344951,8804.418108278398
MAIN,2025-10-20,5,16:00-20:00,0.0,5572.786263516435,8666.982801344951,8804.418108278398
MAIN,2025-10-20,6,20:00-24:00,8361.270472980163,2995.86652214694,8666.982801344951,8804.418108278398
MAIN,2025-10-21,1,0:00-4:00,1908.63732520527,7.924730003092122,8804.418108278398,9102.668849510645
MAIN,2025-10-21,2,4:00-8:00,1242.6749763335524,4804.295955836886,8804.418108278398,9102.668849510645
MAIN,2025-10-21,3,8:00-12:00,5789.513845941303,3533.4709,8804.418108278398,9102.668849510645
MAIN,2025-10-21,4,12:00-16:00,4431.452459584999,689.8303833333337,8804.418108278398,9102.668849510645
MAIN,2025-10-21,5,16:00-20:00,10.881638674844416,5452.721644083427,8804.418108278398,9102.668849510645
MAIN,2025-10-21,6,20:00-24:00,8405.261975922891,2891.9527191811594,8804.418108278398,9102.668849510645
MAIN,2025-10-22,1,0:00-4:00,1522.6129162988218,73.10581459271975,9102.668849510645,8885.990401139548
MAIN,2025-10-22,2,4:00-8:00,1428.7699317083757,5030.59304080374,9102.668849510645,8885.990401139548
MAIN,2025-10-22,3,8:00-12:00,6200.40575,4399.323216048944,9102.668849510645,8885.990401139548
MAIN,2025-10-22,4,12:00-16:00,4633.708152439045,188.10537266658525,9102.668849510645,8885.990401139548
MAIN,2025-10-22,5,16:00-20:00,112.86195870760614,5685.740102548379,9102.668849510645,8885.990401139548
MAIN,2025-10-22,6,20:00-24:00,8354.9841759093,2843.350793774759,9102.668849510645,8885.990401139548
MAIN,2025-10-23,1,0:00-4:00,1646.6420257801688,92.70906870022122,8885.990401139548,6253.282508926073
MAIN,2025-10-23,2,4:00-8:00,1662.977827747341,4389.558488385814,8885.990401139548,6253.282508926073
MAIN,2025-10-23,3,8:00-12:00,7131.021533333334,3468.968216666667,8885.990401139548,6253.282508926073
MAIN,2025-10-23,4,12:00-16:00,2081.6867995743933,469.2414182854377,8885.990401139548,6253.282508926073
MAIN,2025-10-23,5,16:00-20:00,95.67248487056568,5661.494817431041,8885.990401139548,6253.282508926073
MAIN,2025-10-23,6,20:00-24:00,5507.22463955062,2968.8975953166528,8885.990401139548,6253.282508926073
MAIN,2025-10-24,1,0:00-4:00,993.2290006220576,0.0,6253.282508926073,7057.364211345636
MAIN,2025-10-24,2,4:00-8:00,1065.749617128438,4859.234066666668,6253.282508926073,7057.364211345636
MAIN,2025-10-24,3,8:00-12:00,9017.178080150576,20.40711666666664,6253.282508926073,7057.364211345636
MAIN,2025-10-24,4,12:00-16:00,10.856670829536824,20.833076926948934,6253.282508926073,7057.364211345636
MAIN,2025-10-24,5,16:00-20:00,69.28357031788104,5995.802835069128,6253.282508926073,7057.364211345636
MAIN,2025-10-24,6,20:00-24:00,5754.426794847487,2077.735596948724,6253.282508926073,7057.364211345636
MAIN,2025-10-25,1,0:00-4:00,572.0400808829522,73.24206649010199,7057.364211345636,8798.77949873329
MAIN,2025-10-25,2,4:00-8:00,171.70677484955985,4725.03367387503,7057.364211345636,8798.77949873329
MAIN,2025-10-25,3,8:00-12:00,9338.53456421077,0.0,7057.364211345636,8798.77949873329
MAIN,2025-10-25,4,12:00-16:00,0.0,0.0,7057.364211345636,8798.77949873329
MAIN,2025-10-25,5,16:00-20:00,7.9220435568721665,6137.847328638033,7057.364211345636,8798.77949873329
MAIN,2025-10-25,6,20:00-24:00,8314.687559150121,2404.5649006946733,7057.364211345636,8798.77949873329
MAIN,2025-10-26,1,0:00-4:00,1656.726463928629,30.391097652341383,8798.77949873329,9198.713843121335
MAIN,2025-10-26,2,4:00-8:00,1387.2693631898474,5119.217155933447,8798.77949873329,9198.713843121335
MAIN,2025-10-26,3,8:00-12:00,6349.707467721766,3071.0337333333337,8798.77949873329,9198.713843121335
MAIN,2025-10-26,4,12:00-16:00,3546.03862457436,459.45051666666666,8798.77949873329,9198.713843121335
MAIN,2025-10-26,5,16:00-20:00,87.80055121761828,5445.866020858505,8798.77949873329,9198.713843121335
MAIN,2025-10-26,6,20:00-24:00,8428.029570461807,2893.1139188926245,8798.77949873329,9198.713843121335
MAIN,2025-10-27,1,0:00-4:00,1352.6931474406724,59.979516384105295,9198.713843121335,8696.489457661257
MAIN,2025-10-27,2,4:00-8:00,818.2908166028151,5188.259244533299,9198.713843121335,8696.489457661257
MAIN,2025-10-27,3,8:00-12:00,6835.592216666667,2923.017233333333,9198.713843121335,8696.489457661257
MAIN,2025-10-27,4,12:00-16:00,3673.294007077754,905.438013826688,9198.713843121335,8696.489457661257
MAIN,2025-10-27,5,16:00-20:00,174.35502315931285,5775.561355417047,9198.713843121335,8696.489457661257
MAIN,2025-10-27,6,20:00-24:00,8329.43273073473,2758.5095161819736,9198.713843121335,8696.489457661257
MAIN,2025-10-28,1,0:00-4:00,1757.5046848286777,64.96185811821795,8696.489457661257,8895.743165006224
MAIN,2025-10-28,2,4:00-8:00,808.8430864176785,5185.0839422369445,8696.489457661257,8895.743165006224
MAIN,2025-10-28,3,8:00-12:00,6517.523112075047,3554.1060666666663,8696.489457661257,8895.743165006224
MAIN,2025-10-28,4,12:00-16:00,4738.658588028422,498.9375166666666,8696.489457661257,8895.743165006224
MAIN,2025-10-28,5,16:00-20:00,1.4283980515614934,5568.654781274147,8696.489457661257,8895.743165006224
MAIN,2025-10-28,6,20:00-24:00,8348.791309495453,2908.8543333333337,8696.489457661257,8895.743165006224
MAIN,2025-10-29,1,0:00-4:00,1783.2046992705464,27.511310300306832,8895.743165006224,8686.528448702022
MAIN,2025-10-29,2,4:00-8:00,1532.1976952048472,5075.79908921796,8895.743165006224,8686.528448702022
MAIN,2025-10-29,3,8:00-12:00,5069.558903004434,4508.334388512405,8895.743165006224,8686.528448702022
MAIN,2025-10-29,4,12:00-16:00,5410.179581289396,863.8585333333335,8895.743165006224,8686.528448702022
MAIN,2025-10-29,5,16:00-20:00,327.7362045513279,5650.844683417128,8895.743165006224,8686.528448702022
MAIN,2025-10-29,6,20:00-24:00,8339.194238707389,2256.22301073528,8895.743165006224,8686.528448702022
MAIN,2025-10-30,1,0:00-4:00,1921.0976336912051,141.53863953000155,8686.528448702022,7072.162774269331
MAIN,2025-10-30,2,4:00-8:00,1480.7087517718885,4057.793304111685,8686.528448702022,7072.162774269331
MAIN,2025-10-30,3,8:00-12:00,6673.579616666666,3239.0714,8686.528448702022,7072.162774269331
MAIN,2025-10-30,4,12:00-16:00,2175.129561421511,582.3898666666664,8686.528448702022,7072.162774269331
MAIN,2025-10-30,5,16:00-20:00,136.78632851964824,5730.456988882996,8686.528448702022,7072.162774269331
MAIN,2025-10-30,6,20:00-24:00,6442.900695392591,2954.14300364352,8686.528448702022,7072.162774269331
MAIN,2025-10-31,1,0:00-4:00,2188.083245479569,0.0,7072.162774269331,8568.125278365926
MAIN,2025-10-31,2,4:00-8:00,1367.4588627763883,4989.991816666667,7072.162774269331,8568.125278365926
MAIN,2025-10-31,3,8:00-12:00,6804.681270127915,46.735616666666544,7072.162774269331,8568.125278365926
MAIN,2025-10-31,4,12:00-16:00,0.0,0.0,7072.162774269331,8568.125278365926
MAIN,2025-10-31,5,16:00-20:00,0.0,5700.938881800768,7072.162774269331,8568.125278365926
MAIN,2025-10-31,6,20:00-24:00,6761.780965839631,1784.79095,7072.162774269331,8568.125278365926
MAIN,2025-11-01,1,0:00-4:00,501.1549903173452,135.4331419425792,8568.125278365926,9518.534557171542
MAIN,2025-11-01,2,4:00-8:00,112.28953876140224,6094.524926869703,8568.125278365926,9518.534557171542
MAIN,2025-11-01,3,8:00-12:00,9496.129033333333,18.27256666666659,8568.125278365926,9518.534557171542
MAIN,2025-11-01,4,12:00-16:00,84.15222147633257,0.0,8568.125278365926,9518.534557171542
MAIN,2025-11-01,5,16:00-20:00,9.155393761906858,5686.614718634226,8568.125278365926,9518.534557171542
MAIN,2025-11-01,6,20:00-24:00,8421.812741635451,2295.788369583248,8568.125278365926,9518.534557171542
MAIN,2025-11-02,1,0:00-4:00,899.6228249403754,40.56486579235775,9518.534557171542,8745.969264118772
MAIN,2025-11-02,2,4:00-8:00,1544.3614594423611,4692.489173557764,9518.534557171542,8745.969264118772
MAIN,2025-11-02,3,8:00-12:00,6104.173981982929,4167.2029,9518.534557171542,8745.969264118772
MAIN,2025-11-02,4,12:00-16:00,4972.036977477173,897.7823096169665,9518.534557171542,8745.969264118772
MAIN,2025-11-02,5,16:00-20:00,0.0,5798.345543359463,9518.534557171542,8745.969264118772
MAIN,2025-11-02,6,20:00-24:00,8386.15919255788,2843.0710649055263,9518.534557171542,8745.969264118772
MAIN,2025-11-03,1,0:00-4:00,1729.713708161586,44.511351967382325,8745.969264118772,9038.296372842076
MAIN,2025-11-03,2,4:00-8:00,1681.9009694227443,3865.32316876864,8745.969264118772,9038.296372842076
MAIN,2025-11-03,3,8:00-12:00,5530.452698890691,3963.882033333333,8745.969264118772,9038.296372842076
MAIN,2025-11-03,4,12:00-16:00,3826.289516153528,746.1211303330455,8745.969264118772,9038.296372842076
MAIN,2025-11-03,5,16:00-20:00,169.15115483629506,5549.09692000793,8745.969264118772,9038.296372842076
MAIN,2025-11-03,6,20:00-24:00,8388.413473982468,2841.9674301110226,8745.969264118772,9038.296372842076
MAIN,2025-11-04,1,0:00-4:00,1584.3004262644004,96.94257327062384,9038.296372842076,8683.465506039905
MAIN,2025-11-04,2,4:00-8:00,1434.226722961962,4906.941710184804,9038.296372842076,8683.465506039905
MAIN,2025-11-04,3,8:00-12:00,5980.736081820093,3735.708616666668,9038.296372842076,8683.465506039905
MAIN,2025-11-04,4,12:00-16:00,4490.865346604851,601.8779833333331,9038.296372842076,8683.465506039905
MAIN,2025-11-04,5,16:00-20:00,19.840826278300028,5800.168666748921,9038.296372842076,8683.465506039905
MAIN,2025-11-04,6,20:00-24:00,8364.47923189196,2896.011624933074,9038.296372842076,8683.465506039905
MAIN,2025-11-05,1,0:00-4:00,1765.9233049328582,67.25027702217517,8683.465506039905,9144.938211393835
MAIN,2025-11-05,2,4:00-8:00,1615.7506810767454,4781.3941133513545,8683.465506039905,9144.938211393835
MAIN,2025-11-05,3,8:00-12:00,6166.505379707451,4274.979166666667,8683.465506039905,9144.938211393835
MAIN,2025-11-05,4,12:00-16:00,5070.874623795322,863.6156156456619,8683.465506039905,9144.938211393835
MAIN,2025-11-05,5,16:00-20:00,95.18449220271847,5546.392575023496,8683.465506039905,9144.938211393835
MAIN,2025-11-05,6,20:00-24:00,8476.07944853008,2835.2003409707004,8683.465506039905,9144.938211393835
MAIN,2025-11-06,1,0:00-4:00,1277.6591845283428,144.48086175929177,9144.938211393835,7302.330890688263
MAIN,2025-11-06,2,4:00-8:00,1636.8300384239487,4964.846707052511,9144.938211393835,7302.330890688263
MAIN,2025-11-06,3,8:00-12:00,5682.922960422488,4401.853092034006,9144.938211393835,7302.330890688263
MAIN,2025-11-06,4,12:00-16:00,5596.675311182452,496.4745999999998,9144.938211393835,7302.330890688263
MAIN,2025-11-06,5,16:00-20:00,28.38350197704051,5600.691071877975,9144.938211393835,7302.330890688263
MAIN,2025-11-06,6,20:00-24:00,6695.862134444957,2993.850092004407,9144.938211393835,7302.330890688263
MAIN,2025-11-07,1,0:00-4:00,313.64671672701746,47.57590130321273,7302.330890688263,7584.956196979099
MAIN,2025-11-07,2,4:00-8:00,951.7113123336858,5566.693150000001,7302.330890688263,7584.956196979099
MAIN,2025-11-07,3,8:00-12:00,7522.295816666667,325.6137333333333,7302.330890688263,7584.956196979099
MAIN,2025-11-07,4,12:00-16:00,2431.833787627082,0.0,7302.330890688263,7584.956196979099
MAIN,2025-11-07,5,16:00-20:00,2.562683767547469,5999.331083168211,7302.330890688263,7584.956196979099
MAIN,2025-11-07,6,20:00-24:00,6743.076733795002,2358.1762677762663,7302.330890688263,7584.956196979099
MAIN,2025-11-08,1,0:00-4:00,577.0240906778369,81.30354908526459,7584.956196979099,9133.91936378243
MAIN,2025-11-08,2,4:00-8:00,712.2758892279087,5219.97365,7584.956196979099,9133.91936378243
MAIN,2025-11-08,3,8:00-12:00,8001.972316666667,49.7587666666667,7584.956196979099,9133.91936378243
MAIN,2025-11-08,4,12:00-16:00,887.2158373420884,31.101631821089768,7584.956196979099,9133.91936378243
MAIN,2025-11-08,5,16:00-20:00,113.5303746351042,6058.176444256249,7584.956196979099,9133.91936378243
MAIN,2025-11-08,6,20:00-24:00,8350.254107749086,2265.859927249669,7584.956196979099,9133.91936378243
MAIN,2025-11-09,1,0:00-4:00,1412.526485403249,60.48925133028956,9133.91936378243,8825.648740606926
MAIN,2025-11-09,2,4:00-8:00,1371.7339225775715,4120.544870099703,9133.91936378243,8825.648740606926
MAIN,2025-11-09,3,8:00-12:00,6017.089843139038,4545.3632333333335,9133.91936378243,8825.648740606926
MAIN,2025-11-09,4,12:00-16:00,5298.496808759607,1398.5242502361286,9133.91936378243,8825.648740606926
MAIN,2025-11-09,5,16:00-20:00,193.73958410242915,5511.728844451841,9133.91936378243,8825.648740606926
MAIN,2025-11-09,6,20:00-24:00,8309.137634510053,2948.999776985134,9133.91936378243,8825.648740606926
MAIN,2025-11-10,1,0:00-4:00,1858.2975700302663,52.495963721628414,8825.648740606926,8692.001719268646
MAIN,2025-11-10,2,4:00-8:00,1317.3493375547189,3730.284362427591,8825.648740606926,8692.001719268646
MAIN,2025-11-10,3,8:00-12:00,5713.847060936321,5193.496933333333,8825.648740606926,8692.001719268646
MAIN,2025-11-10,4,12:00-16:00,5788.527092716954,1216.7691200969807,8825.648740606926,8692.001719268646
MAIN,2025-11-10,5,16:00-20:00,123.62259587225935,5906.758666469559,8825.648740606926,8692.001719268646
MAIN,2025-11-10,6,20:00-24:00,8412.702116667106,2824.0973499152337,8825.648740606926,8692.001719268646
MAIN,2025-11-11,1,0:00-4:00,1936.141175173364,33.807862025608074,8692.001719268646,8929.386190539624
MAIN,2025-11-11,2,4:00-8:00,1412.2421246012766,3227.416654171778,8692.001719268646,8929.386190539624
MAIN,2025-11-11,3,8:00-12:00,5911.812442951761,4966.899633333333,8692.001719268646,8929.386190539624
MAIN,2025-11-11,4,12:00-16:00,4356.442901951298,904.1546999999998,8692.001719268646,8929.386190539624
MAIN,2025-11-11,5,16:00-20:00,5.53979791765111,5498.137637419537,8692.001719268646,8929.386190539624
MAIN,2025-11-11,6,20:00-24:00,8322.483285594288,2931.1134887394705,8692.001719268646,8929.386190539624
MAIN,2025-11-12,1,0:00-4:00,1799.7268046008728,4.065185945774147,8929.386190539624,8859.600851129802
MAIN,2025-11-12,2,4:00-8:00,1415.4270386318285,2902.44332966922,8929.386190539624,8859.600851129802
MAIN,2025-11-12,3,8:00-12:00,5900.310729173213,5221.952966666666,8929.386190539624,8859.600851129802
MAIN,2025-11-12,4,12:00-16:00,4335.600255737298,1083.3486000000005,8929.386190539624,8859.600851129802
MAIN,2025-11-12,5,16:00-20:00,28.85424570735777,5657.617323585771,8929.386190539624,8859.600851129802
MAIN,2025-11-12,6,20:00-24:00,8413.391767452766,2926.961181057108,8929.386190539624,8859.600851129802
MAIN,2025-11-13,1,0:00-4:00,1624.4506162874195,65.08547531633235,8859.600851129802,8242.344532351148
MAIN,2025-11-13,2,4:00-8:00,1654.4039609588665,3002.14650249264,8859.600851129802,8242.344532351148
MAIN,2025-11-13,3,8:00-12:00,5865.029979661419,4163.860566666667,8859.600851129802,8242.344532351148
MAIN,2025-11-13,4,12:00-16:00,3629.511654782439,1456.1643246447047,8859.600851129802,8242.344532351148
MAIN,2025-11-13,5,16:00-20:00,227.8596937921593,5871.089935057501,8859.600851129802,8242.344532351148
MAIN,2025-11-13,6,20:00-24:00,7824.827258167942,2866.311245279636,8859.600851129802,8242.344532351148
MAIN,2025-11-14,1,0:00-4:00,429.0900360123219,20.76175357783069,8242.344532351148,7961.628669895878
MAIN,2025-11-14,2,4:00-8:00,170.97980846462548,5740.411408177496,8242.344532351148,7961.628669895878
MAIN,2025-11-14,3,8:00-12:00,7079.943433333334,132.81046666666657,8242.344532351148,7961.628669895878
MAIN,2025-11-14,4,12:00-16:00,2451.831830205464,10.920988186790282,8242.344532351148,7961.628669895878
MAIN,2025-11-14,5,16:00-20:00,100.11305428410284,6048.109563308391,8242.344532351148,7961.628669895878
MAIN,2025-11-14,6,20:00-24:00,7087.611112732988,2328.481209069163,8242.344532351148,7961.628669895878
MAIN,2025-11-15,1,0:00-4:00,345.94048763007595,50.64865388771386,7961.628669895878,9160.014175822407
MAIN,2025-11-15,2,4:00-8:00,73.07957327005573,5661.50478479605,7961.628669895878,9160.014175822407
MAIN,2025-11-15,3,8:00-12:00,6854.320816666666,291.4173333333334,7961.628669895878,9160.014175822407
MAIN,2025-11-15,4,12:00-16:00,3292.220812693454,8.212150901182213,7961.628669895878,9160.014175822407
MAIN,2025-11-15,5,16:00-20:00,10.138457902693416,5920.759031533883,7961.628669895878,9160.014175822407
MAIN,2025-11-15,6,20:00-24:00,8398.898597566711,2358.336074254983,7961.628669895878,9160.014175822407
MAIN,2025-11-16,1,0:00-4:00,1546.757688232267,71.23379386793306,9160.014175822407,8944.516251040512
MAIN,2025-11-16,2,4:00-8:00,1431.5811099023026,2457.0244973910703,9160.014175822407,8944.516251040512
MAIN,2025-11-16,3,8:00-12:00,5638.975756135971,5923.049521932717,9160.014175822407,8944.516251040512
MAIN,2025-11-16,4,12:00-16:00,5169.174649373348,1248.7065621913623,9160.014175822407,8944.516251040512
MAIN,2025-11-16,5,16:00-20:00,101.73291200641516,5570.489206447833,9160.014175822407,8944.516251040512
MAIN,2025-11-16,6,20:00-24:00,8382.231733992165,2962.5121686831944,9160.014175822407,8944.516251040512
MAIN,2025-11-17,1,0:00-4:00,1688.73448175775,109.35326130146166,8944.516251040512,9128.58484935056
MAIN,2025-11-17,2,4:00-8:00,1527.2296442403283,2377.2876946481488,8944.516251040512,9128.58484935056
MAIN,2025-11-17,3,8:00-12:00,5990.434589595724,5611.237000000001,8944.516251040512,9128.58484935056
MAIN,2025-11-17,4,12:00-16:00,4056.744819401853,975.3329333333332,8944.516251040512,9128.58484935056
MAIN,2025-11-17,5,16:00-20:00,75.57513332615721,5600.774061200654,8944.516251040512,9128.58484935056
MAIN,2025-11-17,6,20:00-24:00,8505.315941570232,2854.0213450499195,8944.516251040512,9128.58484935056
MAIN,2025-11-18,1,0:00-4:00,1447.2115516235044,26.97242663502425,9128.58484935056,8899.816797398595
MAIN,2025-11-18,2,4:00-8:00,1654.539322570522,2390.089513392916,9128.58484935056,8899.816797398595
MAIN,2025-11-18,3,8:00-12:00,5771.714789828922,5042.021683333333,9128.58484935056,8899.816797398595
MAIN,2025-11-18,4,12:00-16:00,4018.215957715079,1749.8760971125591,9128.58484935056,8899.816797398595
MAIN,2025-11-18,5,16:00-20:00,361.4608783729562,5614.108473271552,9128.58484935056,8899.816797398595
MAIN,2025-11-18,6,20:00-24:00,8386.982949501078,2911.324667197152,9128.58484935056,8899.816797398595
MAIN,2025-11-19,1,0:00-4:00,1494.985361278193,121.5412823859707,8899.816797398595,8678.451669837681
MAIN,2025-11-19,2,4:00-8:00,1712.98024501481,3321.4469942104347,8899.816797398595,8678.451669837681
MAIN,2025-11-19,3,8:00-12:00,5834.423817003184,6085.298982159664,8899.816797398595,8678.451669837681
MAIN,2025-11-19,4,12:00-16:00,6517.279125383645,1364.8793833333332,8899.816797398595,8678.451669837681
MAIN,2025-11-19,5,16:00-20:00,82.45886205428036,5623.42624580667,8899.816797398595,8678.451669837681
MAIN,2025-11-19,6,20:00-24:00,8283.394425984505,3062.308414650835,8899.816797398595,8678.451669837681
MAIN,2025-11-20,1,0:00-4:00,1912.5038529190988,65.28338936441185,8678.451669837681,8293.583357681997
MAIN,2025-11-20,2,4:00-8:00,1786.5948959966972,2335.0628953187334,8678.451669837681,8293.583357681997
MAIN,2025-11-20,3,8:00-12:00,5987.671471740054,5078.232216666667,8678.451669837681,8293.583357681997
MAIN,2025-11-20,4,12:00-16:00,4288.213876638559,1931.7651203125613,8678.451669837681,8293.583357681997
MAIN,2025-11-20,5,16:00-20:00,81.00623740053268,5538.408985071673,8678.451669837681,8293.583357681997
MAIN,2025-11-20,6,20:00-24:00,7621.810260553205,2956.6473563570576,8678.451669837681,8293.583357681997
MAIN,2025-11-21,1,0:00-4:00,329.3574683259064,200.5887339118996,8293.583357681997,8711.299471437862
MAIN,2025-11-21,2,4:00-8:00,149.00628320512618,6137.8072456347545,8293.583357681997,8711.299471437862
MAIN,2025-11-21,3,8:00-12:00,6907.003083333333,267.8821166666666,8293.583357681997,8711.299471437862
MAIN,2025-11-21,4,12:00-16:00,3555.439429702951,46.942913508890456,8293.583357681997,8711.299471437862
MAIN,2025-11-21,5,16:00-20:00,63.54916958545464,5873.11792359789,8293.583357681997,8711.299471437862
MAIN,2025-11-21,6,20:00-24:00,7661.932482531624,2217.4097768139786,8293.583357681997,8711.299471437862
MAIN,2025-11-22,1,0:00-4:00,495.3961800642717,104.47195365877116,8711.299471437862,9076.513294166634
MAIN,2025-11-22,2,4:00-8:00,74.91793176956276,6074.7091258698,8711.299471437862,9076.513294166634
MAIN,2025-11-22,3,8:00-12:00,5785.320083333333,406.1342,8711.299471437862,9076.513294166634
MAIN,2025-11-22,4,12:00-16:00,4095.163033517395,0.0,8711.299471437862,9076.513294166634
MAIN,2025-11-22,5,16:00-20:00,85.2478803445834,6041.944084551378,8711.299471437862,9076.513294166634
MAIN,2025-11-22,6,20:00-24:00,8314.720699039797,2313.1685,8711.299471437862,9076.513294166634
MAIN,2025-11-23,1,0:00-4:00,1509.84400657274,102.68481822660532,9076.513294166634,8875.657852546921
MAIN,2025-11-23,2,4:00-8:00,1578.7995367830215,2341.890242415126,9076.513294166634,8875.657852546921
MAIN,2025-11-23,3,8:00-12:00,5812.990466393342,6678.725191114925,9076.513294166634,8875.657852546921
MAIN,2025-11-23,4,12:00-16:00,5639.50628285174,1103.88535,9076.513294166634,8875.657852546921
MAIN,2025-11-23,5,16:00-20:00,40.27104232761076,5555.529055758114,9076.513294166634,8875.657852546921
MAIN,2025-11-23,6,20:00-24:00,8322.666582190974,2950.358352809709,9076.513294166634,8875.657852546921
MAIN,2025-11-24,1,0:00-4:00,1665.8413256885308,11.306192436066112,8875.657852546921,8631.18627927141
MAIN,2025-11-24,2,4:00-8:00,1585.899906202582,1942.4352653602853,8875.657852546921,8631.18627927141
MAIN,2025-11-24,3,8:00-12:00,6158.540226412079,5033.445966666666,8875.657852546921,8631.18627927141
MAIN,2025-11-24,4,12:00-16:00,3349.0547012130974,1790.1902658112522,8875.657852546921,8631.18627927141
MAIN,2025-11-24,5,16:00-20:00,286.09330386170654,5703.76469154969,8875.657852546921,8631.18627927141
MAIN,2025-11-24,6,20:00-24:00,8267.768562368292,3002.5724349784923,8875.657852546921,8631.18627927141
MAIN,2025-11-25,1,0:00-4:00,1949.3238420113396,82.67345735542335,8631.18627927141,8832.641190640765
MAIN,2025-11-25,2,4:00-8:00,1577.303588008393,2948.536070518845,8631.18627927141,8832.641190640765
MAIN,2025-11-25,3,8:00-12:00,5551.86337048411,6250.898,8631.18627927141,8832.641190640765
MAIN,2025-11-25,4,12:00-16:00,6409.451961957537,1311.1937610637178,8631.18627927141,8832.641190640765
MAIN,2025-11-25,5,16:00-20:00,34.42149021592892,5606.515650204149,8631.18627927141,8832.641190640765
MAIN,2025-11-25,6,20:00-24:00,8362.2993943238,2965.451194696344,8631.18627927141,8832.641190640765
MAIN,2025-11-26,1,0:00-4:00,2147.9308582612325,16.52299879550708,8832.641190640765,9332.679515859672
MAIN,2025-11-26,2,4:00-8:00,1240.037099143358,2198.95828052308,8832.641190640765,9332.679515859672
MAIN,2025-11-26,3,8:00-12:00,5819.008766971663,6278.1499,8832.641190640765,9332.679515859672
MAIN,2025-11-26,4,12:00-16:00,5525.3386555520165,1682.8565836953871,8832.641190640765,9332.679515859672
MAIN,2025-11-26,5,16:00-20:00,46.38055931285213,5386.552225762422,8832.641190640765,9332.679515859672
MAIN,2025-11-26,6,20:00-24:00,8571.524161343337,2900.6038,8832.641190640765,9332.679515859672
MAIN,2025-11-27,1,0:00-4:00,1244.5863969256943,24.900632985686343,9332.679515859672,8351.847185068616
MAIN,2025-11-27,2,4:00-8:00,1366.324689987573,2487.863078848429,9332.679515859672,8351.847185068616
MAIN,2025-11-27,3,8:00-12:00,5950.421931249555,5465.95,9332.679515859672,8351.847185068616
MAIN,2025-11-27,4,12:00-16:00,5096.4562792368615,1867.507794512877,9332.679515859672,8351.847185068616
MAIN,2025-11-27,5,16:00-20:00,274.5426662058102,5674.775100493222,9332.679515859672,8351.847185068616
MAIN,2025-11-27,6,20:00-24:00,7801.225027468563,2965.933653641717,9332.679515859672,8351.847185068616
MAIN,2025-11-28,1,0:00-4:00,649.3270634401338,19.42829940063928,8351.847185068616,9039.812856421866
MAIN,2025-11-28,2,4:00-8:00,185.22433838853152,6081.379844365734,8351.847185068616,9039.812856421866
MAIN,2025-11-28,3,8:00-12:00,5413.280500000001,487.2436333333333,8351.847185068616,9039.812856421866
MAIN,2025-11-28,4,12:00-16:00,4605.735148218192,0.0,8351.847185068616,9039.812856421866
MAIN,2025-11-28,5,16:00-20:00,0.0,6167.225502736132,8351.847185068616,9039.812856421866
MAIN,2025-11-28,6,20:00-24:00,8533.62833507518,2329.1818778950874,8351.847185068616,9039.812856421866
MAIN,2025-11-29,1,0:00-4:00,646.9352303648466,15.961449551550118,9039.812856421866,8950.485366953175
MAIN,2025-11-29,2,4:00-8:00,817.9172456350882,6112.0091254709405,9039.812856421866,8950.485366953175
MAIN,2025-11-29,3,8:00-12:00,4275.401433333333,493.2887999999999,9039.812856421866,8950.485366953175
MAIN,2025-11-29,4,12:00-16:00,3953.07403177664,195.1139196013287,9039.812856421866,8950.485366953175
MAIN,2025-11-29,5,16:00-20:00,473.2380262331421,5865.549996267109,9039.812856421866,8950.485366953175
MAIN,2025-11-29,6,20:00-24:00,8338.609699700413,2387.663739936105,9039.812856421866,8950.485366953175
MAIN,2025-11-30,1,0:00-4:00,1698.6484847289255,91.819005044723,8950.485366953175,8826.96770910452
MAIN,2025-11-30,2,4:00-8:00,1577.07538115463,2154.701762357572,8950.485366953175,8826.96770910452
MAIN,2025-11-30,3,8:00-12:00,5908.0514574460885,6868.958016666667,8950.485366953175,8826.96770910452
MAIN,2025-11-30,4,12:00-16:00,6509.765983912973,1931.7265050554156,8950.485366953175,8826.96770910452
MAIN,2025-11-30,5,16:00-20:00,14.043335169578906,5658.835203769734,8950.485366953175,8826.96770910452
MAIN,2025-11-30,6,20:00-24:00,8413.91414186167,2943.53941443151,8950.485366953175,8826.96770910452
MAIN,2025-12-01,1,0:00-4:00,1280.800393020872,826.7021374312136,8826.96770910452,8619.187675406793
MAIN,2025-12-01,2,4:00-8:00,1542.3556983756046,3707.550634732349,8826.96770910452,8619.187675406793
MAIN,2025-12-01,3,8:00-12:00,5833.333333333334,4616.774600061652,8826.96770910452,8619.187675406793
MAIN,2025-12-01,4,12:00-16:00,7486.5532803659935,2626.84550325223,8826.96770910452,8619.187675406793
MAIN,2025-12-01,5,16:00-20:00,196.3809357368592,5616.904160286616,8826.96770910452,8619.187675406793
MAIN,2025-12-01,6,20:00-24:00,8322.218149246823,2768.154844528276,8826.96770910452,8619.187675406793
MAIN,2025-12-02,1,0:00-4:00,1569.873785621152,669.2098125058044,8619.187675406793,8671.620602940879
MAIN,2025-12-02,2,4:00-8:00,1538.8139525062038,3503.888142629105,8619.187675406793,8671.620602940879
MAIN,2025-12-02,3,8:00-12:00,5076.432430443667,5022.208020614359,8619.187675406793,8671.620602940879
MAIN,2025-12-02,4,12:00-16:00,7445.223397779636,2285.679756767085,8619.187675406793,8671.620602940879
MAIN,2025-12-02,5,16:00-20:00,188.3620636551568,5822.190121319675,8619.187675406793,8671.620602940879
MAIN,2025-12-02,6,20:00-24:00,8319.966821867405,2201.959197400606,8619.187675406793,8671.620602940879
MAIN,2025-12-03,1,0:00-4:00,1595.2802603697528,312.78521958589727,8671.620602940879,8638.279652287585
MAIN,2025-12-03,2,4:00-8:00,1531.3838961442395,2557.4805491244733,8671.620602940879,8638.279652287585
MAIN,2025-12-03,3,8:00-12:00,5893.669148965773,6548.388844603186,8671.620602940879,8638.279652287585
MAIN,2025-12-03,4,12:00-16:00,7342.758399652555,2640.956411608485,8671.620602940879,8638.279652287585
MAIN,2025-12-03,5,16:00-20:00,419.503341858893,5340.756687181892,8671.620602940879,8638.279652287585
MAIN,2025-12-03,6,20:00-24:00,8307.543510683383,2952.6513752004566,8671.620602940879,8638.279652287585
MAIN,2025-12-04,1,0:00-4:00,1707.8167810967689,594.181957844508,8638.279652287585,8971.428749710527
MAIN,2025-12-04,2,4:00-8:00,1625.3846945720184,2930.204106310653,8638.279652287585,8971.428749710527
MAIN,2025-12-04,3,8:00-12:00,5667.164496864034,5869.95881819538,8638.279652287585,8971.428749710527
MAIN,2025-12-04,4,12:00-16:00,7561.211984617445,2089.767816432015,8638.279652287585,8971.428749710527
MAIN,2025-12-04,5,16:00-20:00,141.32906852429448,5536.027100751487,8638.279652287585,8971.428749710527
MAIN,2025-12-04,6,20:00-24:00,8398.84757986005,3012.447243268341,8638.279652287585,8971.428749710527
MAIN,2025-12-05,1,0:00-4:00,1559.841596238237,314.3707643232587,8971.428749710527,8662.916094641667
MAIN,2025-12-05,2,4:00-8:00,776.7380207009113,7790.952828002635,8971.428749710527,8662.916094641667
MAIN,2025-12-05,3,8:00-12:00,3968.229316570989,781.5917721342901,8971.428749710527,8662.916094641667
MAIN,2025-12-05,4,12:00-16:00,4482.125342833363,86.6806271607121,8971.428749710527,8662.916094641667
MAIN,2025-12-05,5,16:00-20:00,288.67571698776817,6044.911470233271,8971.428749710527,8662.916094641667
MAIN,2025-12-05,6,20:00-24:00,8327.271496437077,975.4879344201644,8971.428749710527,8662.916094641667
MAIN,2025-12-06,1,0:00-4:00,1598.7130968920087,403.8992043098244,8662.916094641667,8709.264720949875
MAIN,2025-12-06,2,4:00-8:00,789.9792022853491,7758.112006418851,8662.916094641667,8709.264720949875
MAIN,2025-12-06,3,8:00-12:00,2293.461615115205,489.454036782492,8662.916094641667,8709.264720949875
MAIN,2025-12-06,4,12:00-16:00,5542.71855366099,50.35558162677728,8662.916094641667,8709.264720949875
MAIN,2025-12-06,5,16:00-20:00,227.7693983850733,6310.475064383091,8662.916094641667,8709.264720949875
MAIN,2025-12-06,6,20:00-24:00,8361.229444043816,185.2261042113637,8662.916094641667,8709.264720949875
MAIN,2025-12-07,1,0:00-4:00,1556.6439425593867,544.3297442914646,8709.264720949875,8729.422107657409
MAIN,2025-12-07,2,4:00-8:00,1597.6118008907251,2650.8323233306314,8709.264720949875,8729.422107657409
MAIN,2025-12-07,3,8:00-12:00,5862.556564468281,6140.286584529044,8709.264720949875,8729.422107657409
MAIN,2025-12-07,4,12:00-16:00,7514.238012084988,2571.8243043086422,8709.264720949875,8729.422107657409
MAIN,2025-12-07,5,16:00-20:00,143.43768151843062,5693.634523185431,8709.264720949875,8729.422107657409
MAIN,2025-12-07,6,20:00-24:00,8382.638954199565,2677.223706452318,8709.264720949875,8729.422107657409
MAIN,2025-12-08,1,0:00-4:00,2300.873999722219,0.1878366666667261,8729.422107657409,9104.696108777782
MAIN,2025-12-08,2,4:00-8:00,718.2688559670801,1332.863023333333,8729.422107657409,9104.696108777782
MAIN,2025-12-08,3,8:00-12:00,6279.712463333332,6548.769666666667,8729.422107657409,9104.696108777782
MAIN,2025-12-08,4,12:00-16:00,5804.435137489711,2488.32464,8729.422107657409,9104.696108777782
MAIN,2025-12-08,5,16:00-20:00,12.042106995885458,5505.570586666665,8729.422107657409,9104.696108777782
MAIN,2025-12-08,6,20:00-24:00,8564.268256666666,2967.01431,8729.422107657409,9104.696108777782
MAIN,2025-12-09,1,0:00-4:00,1937.9527517963425,43.96822685503992,9104.696108777782,9247.678044746594
MAIN,2025-12-09,2,4:00-8:00,789.3910153192254,1472.7400557419066,9104.696108777782,9247.678044746594
MAIN,2025-12-09,3,8:00-12:00,6160.192017740837,7261.418520090365,9104.696108777782,9247.678044746594
MAIN,2025-12-09,4,12:00-16:00,6955.06420031573,2528.6056832021213,9104.696108777782,9247.678044746594
MAIN,2025-12-09,5,16:00-20:00,51.98362790355212,5471.860705028215,9104.696108777782,9247.678044746594
MAIN,2025-12-09,6,20:00-24:00,8596.494000039022,2930.4959333333336,9104.696108777782,9247.678044746594
MAIN,2025-12-10,1,0:00-4:00,1736.094636970341,9.146896217909898,9247.678044746594,9242.255419137857
MAIN,2025-12-10,2,4:00-8:00,888.7250209052481,1468.9935985743807,9247.678044746594,9242.255419137857
MAIN,2025-12-10,3,8:00-12:00,5902.014602568364,6745.485482299065,9247.678044746594,9242.255419137857
MAIN,2025-12-10,4,12:00-16:00,6253.079448820549,2404.2687871656403,9247.678044746594,9242.255419137857
MAIN,2025-12-10,5,16:00-20:00,65.74619688989728,5518.927798965686,9247.678044746594,9242.255419137857
MAIN,2025-12-10,6,20:00-24:00,8505.66770723015,2772.6331666666665,9247.678044746594,9242.255419137857
MAIN,2025-12-11,1,0:00-4:00,1730.8273120690556,0.0,9242.255419137857,9363.407723244538
MAIN,2025-12-11,2,4:00-8:00,812.7046202274885,1479.3094117490746,9242.255419137857,9363.407723244538
MAIN,2025-12-11,3,8:00-12:00,6053.7921054712015,7080.574880849876,9242.255419137857,9363.407723244538
MAIN,2025-12-11,4,12:00-16:00,6129.523586838483,1966.8921605561584,9242.255419137857,9363.407723244538
MAIN,2025-12-11,5,16:00-20:00,0.6692994163151726,5265.916575255791,9242.255419137857,9363.407723244538
MAIN,2025-12-11,6,20:00-24:00,8500.235918084763,2912.7497,9242.255419137857,9363.407723244538
MAIN,2025-12-12,1,0:00-4:00,1510.3514996502186,71.74854912631713,9363.407723244538,9258.861964366924
MAIN,2025-12-12,2,4:00-8:00,265.044748954542,6294.080234689225,9363.407723244538,9258.861964366924
MAIN,2025-12-12,3,8:00-12:00,5380.785858122595,1598.6587999999997,9363.407723244538,9258.861964366924
MAIN,2025-12-12,4,12:00-16:00,4302.249281646323,23.908791687220518,9363.407723244538,9258.861964366924
MAIN,2025-12-12,5,16:00-20:00,29.420612167957543,5888.993595856046,9363.407723244538,9258.861964366924
MAIN,2025-12-12,6,20:00-24:00,8402.127173450997,2327.584342565077,9363.407723244538,9258.861964366924
MAIN,2025-12-13,1,0:00-4:00,1680.1356922234745,20.51750561792176,9258.861964366924,9528.90987696282
MAIN,2025-12-13,2,4:00-8:00,107.35552543611666,5972.535300193231,9258.861964366924,9528.90987696282
MAIN,2025-12-13,3,8:00-12:00,6338.109075352358,1675.5021666666669,9258.861964366924,9528.90987696282
MAIN,2025-12-13,4,12:00-16:00,3150.8213806683248,78.32235113342938,9258.861964366924,9528.90987696282
MAIN,2025-12-13,5,16:00-20:00,0.0,5865.718066666666,9258.861964366924,9528.90987696282
MAIN,2025-12-13,6,20:00-24:00,8486.316430421455,2152.1793527081727,9258.861964366924,9528.90987696282
MAIN,2025-12-14,1,0:00-4:00,1415.266950094646,2.385118843200189,9528.90987696282,9100.417469708094
MAIN,2025-12-14,2,4:00-8:00,812.5241585966673,1386.0046910964893,9528.90987696282,9100.417469708094
MAIN,2025-12-14,3,8:00-12:00,5937.282655239898,7316.258466484944,9528.90987696282,9100.417469708094
MAIN,2025-12-14,4,12:00-16:00,6861.199889558662,2382.781995238447,9528.90987696282,9100.417469708094
MAIN,2025-12-14,5,16:00-20:00,82.3909636085667,5403.939590690899,9528.90987696282,9100.417469708094
MAIN,2025-12-14,6,20:00-24:00,8387.86803206789,2926.46475,9528.90987696282,9100.417469708094
MAIN,2025-12-15,1,0:00-4:00,1888.4250336576688,0.0,9100.417469708094,9574.626826083944
MAIN,2025-12-15,2,4:00-8:00,782.2771789636348,1454.9381032986073,9100.417469708094,9574.626826083944
MAIN,2025-12-15,3,8:00-12:00,5754.694520682413,7705.969819958183,9100.417469708094,9574.626826083944
MAIN,2025-12-15,4,12:00-16:00,7587.204543057815,2279.674833333333,9100.417469708094,9574.626826083944
MAIN,2025-12-15,5,16:00-20:00,8.677054605913225,5267.25202037178,9100.417469708094,9574.626826083944
MAIN,2025-12-15,6,20:00-24:00,8751.658950143876,2931.456,9100.417469708094,9574.626826083944
MAIN,2025-12-16,1,0:00-4:00,1361.5257487956153,0.0,9574.626826083944,9260.720824127233
MAIN,2025-12-16,2,4:00-8:00,810.005251271941,1425.915062953657,9574.626826083944,9260.720824127233
MAIN,2025-12-16,3,8:00-12:00,6190.30894389208,7398.656053019966,9574.626826083944,9260.720824127233
MAIN,2025-12-16,4,12:00-16:00,6547.347470647038,2153.912098175988,9574.626826083944,9260.720824127233
MAIN,2025-12-16,5,16:00-20:00,6.021314620560992,5311.693757128365,9574.626826083944,9260.720824127233
MAIN,2025-12-16,6,20:00-24:00,8401.139998571447,2878.5809,9574.626826083944,9260.720824127233
MAIN,2025-12-17,1,0:00-4:00,1501.9578742601116,5.807116520063801,9260.720824127233,9031.801836093196
MAIN,2025-12-17,2,4:00-8:00,1134.1217454567734,1512.4174247669632,9260.720824127233,9031.801836093196
MAIN,2025-12-17,3,8:00-12:00,6402.012566018018,6772.455095510032,9260.720824127233,9031.801836093196
MAIN,2025-12-17,4,12:00-16:00,5636.341923420506,2219.969508893968,9260.720824127233,9031.801836093196
MAIN,2025-12-17,5,16:00-20:00,11.986142667451023,5452.03260326261,9260.720824127233,9031.801836093196
MAIN,2025-12-17,6,20:00-24:00,8409.116814264962,2950.730363808133,9260.720824127233,9031.801836093196
MAIN,2025-12-18,1,0:00-4:00,1550.6645649869624,263.70986328593165,9031.801836093196,8880.623959977524
MAIN,2025-12-18,2,4:00-8:00,1747.8006813819125,1622.4014694814705,9031.801836093196,8880.623959977524
MAIN,2025-12-18,3,8:00-12:00,5872.874661749638,7837.347466028439,9031.801836093196,8880.623959977524
MAIN,2025-12-18,4,12:00-16:00,7593.869284859224,2264.9823000000006,9031.801836093196,8880.623959977524
MAIN,2025-12-18,5,16:00-20:00,66.99734970348376,5597.781378784779,9031.801836093196,8880.623959977524
MAIN,2025-12-18,6,20:00-24:00,8333.425259124091,2933.999370385788,9031.801836093196,8880.623959977524
MAIN,2025-12-19,1,0:00-4:00,2126.389839589798,13.05999784730733,8880.623959977524,9262.90093465084
MAIN,2025-12-19,2,4:00-8:00,74.97322596826817,5552.320448066883,8880.623959977524,9262.90093465084
MAIN,2025-12-19,3,8:00-12:00,6947.050229804763,1621.1751166666666,8880.623959977524,9262.90093465084
MAIN,2025-12-19,4,12:00-16:00,1967.8584230534584,90.18609331610833,8880.623959977524,9262.90093465084
MAIN,2025-12-19,5,16:00-20:00,0.0,5932.593066666666,8880.623959977524,9262.90093465084
MAIN,2025-12-19,6,20:00-24:00,8407.34932096653,2260.749042130465,8880.623959977524,9262.90093465084
MAIN,2025-12-20,1,0:00-4:00,1492.473626350475,30.85003691284402,9262.90093465084,9241.371080836763
MAIN,2025-12-20,2,4:00-8:00,287.90973085672306,6085.092004209809,9262.90093465084,9241.371080836763
MAIN,2025-12-20,3,8:00-12:00,6448.699753103984,2062.894616666667,9262.90093465084,9241.371080836763
MAIN,2025-12-20,4,12:00-16:00,3658.2656756191423,66.52669999999989,9262.90093465084,9241.371080836763
MAIN,2025-12-20,5,16:00-20:00,1.243398798081519,5892.303903026446,9262.90093465084,9241.371080836763
MAIN,2025-12-20,6,20:00-24:00,8341.840718093063,2268.360258902293,9262.90093465084,9241.371080836763
MAIN,2025-12-21,1,0:00-4:00,1553.2463565016033,147.93481677213038,9241.371080836763,9113.243008806665
MAIN,2025-12-21,2,4:00-8:00,1196.6609465515317,1510.0574047873258,9241.371080836763,9113.243008806665
MAIN,2025-12-21,3,8:00-12:00,5559.8424722407535,7137.757964861796,9241.371080836763,9113.243008806665
MAIN,2025-12-21,4,12:00-16:00,7033.411409604202,2230.006978217494,9241.371080836763,9113.243008806665
MAIN,2025-12-21,5,16:00-20:00,0.6946075533435052,5582.862827138796,9241.371080836763,9113.243008806665
MAIN,2025-12-21,6,20:00-24:00,8527.539878680815,2842.525766666666,9241.371080836763,9113.243008806665
MAIN,2025-12-22,1,0:00-4:00,1428.2809066614616,181.2202836620397,9113.243008806665,8664.889185949885
MAIN,2025-12-22,2,4:00-8:00,1507.1028470284025,1474.046107799741,9113.243008806665,8664.889185949885
MAIN,2025-12-22,3,8:00-12:00,6033.217326436747,7437.008653698611,9113.243008806665,8664.889185949885
MAIN,2025-12-22,4,12:00-16:00,7120.413492590751,2421.745466666667,9113.243008806665,8664.889185949885
MAIN,2025-12-22,5,16:00-20:00,25.051662858314216,5662.278389679237,9113.243008806665,8664.889185949885
MAIN,2025-12-22,6,20:00-24:00,8301.662445758207,3003.959770945248,9113.243008806665,8664.889185949885
MAIN,2025-12-23,1,0:00-4:00,2372.3453489445683,0.0,8664.889185949885,9423.525979559638
MAIN,2025-12-23,2,4:00-8:00,768.0514767196829,1361.4370711442743,8664.889185949885,9423.525979559638
MAIN,2025-12-23,3,8:00-12:00,6165.521281629247,6761.672954569176,8664.889185949885,9423.525979559638
MAIN,2025-12-23,4,12:00-16:00,6039.235298087425,2384.8645000000006,8664.889185949885,9423.525979559638
MAIN,2025-12-23,5,16:00-20:00,0.0,5321.154550729962,8664.889185949885,9423.525979559638
MAIN,2025-12-23,6,20:00-24:00,8643.32785884811,2918.767633333333,8664.889185949885,9423.525979559638
MAIN,2025-12-24,1,0:00-4:00,1334.850968892577,24.96556812920869,9423.525979559638,8898.616332376085
MAIN,2025-12-24,2,4:00-8:00,1021.9806992126928,1480.7406911399362,9423.525979559638,8898.616332376085
MAIN,2025-12-24,3,8:00-12:00,6017.443210749754,7388.385837613485,9423.525979559638,8898.616332376085
MAIN,2025-12-24,4,12:00-16:00,7210.282881627383,2490.5730707117937,9423.525979559638,8898.616332376085
MAIN,2025-12-24,5,16:00-20:00,51.50236176632525,5677.952094682356,9423.525979559638,8898.616332376085
MAIN,2025-12-24,6,20:00-24:00,8466.6704876224,2933.0132141840345,9423.525979559638,8898.616332376085
MAIN,2025-12-25,1,0:00-4:00,2190.259243802787,62.86468661873312,8898.616332376085,8870.294070104246
MAIN,2025-12-25,2,4:00-8:00,887.6302385258806,1508.975340463655,8898.616332376085,8870.294070104246
MAIN,2025-12-25,3,8:00-12:00,6047.848745508656,6744.244648374135,8898.616332376085,8870.294070104246
MAIN,2025-12-25,4,12:00-16:00,5962.870467205532,2215.604639639794,8898.616332376085,8870.294070104246
MAIN,2025-12-25,5,16:00-20:00,70.49405246088591,5678.787206248692,8898.616332376085,8870.294070104246
MAIN,2025-12-25,6,20:00-24:00,8404.633885200154,2901.640187189799,8898.616332376085,8870.294070104246
MAIN,2025-12-26,1,0:00-4:00,1850.78992384838,62.03506453590222,8870.294070104246,9637.580667921164
MAIN,2025-12-26,2,4:00-8:00,394.1419998634834,6586.68943565816,8870.294070104246,9637.580667921164
MAIN,2025-12-26,3,8:00-12:00,6641.38572913431,1738.878866666667,8870.294070104246,9637.580667921164
MAIN,2025-12-26,4,12:00-16:00,3727.332037190832,199.132797595414,8870.294070104246,9637.580667921164
MAIN,2025-12-26,5,16:00-20:00,143.7940615748833,5805.561037443311,8870.294070104246,9637.580667921164
MAIN,2025-12-26,6,20:00-24:00,8487.266390725432,2125.360075358554,8870.294070104246,9637.580667921164
MAIN,2025-12-27,1,0:00-4:00,1276.9772056410436,107.9041220857793,9637.580667921164,9297.95346695438
MAIN,2025-12-27,2,4:00-8:00,155.8859270166503,5731.882947902455,9637.580667921164,9297.95346695438
MAIN,2025-12-27,3,8:00-12:00,6296.983530151274,1699.5235666666667,9637.580667921164,9297.95346695438
MAIN,2025-12-27,4,12:00-16:00,2915.125085551512,36.93908064613038,9637.580667921164,9297.95346695438
MAIN,2025-12-27,5,16:00-20:00,2.4016371355699246,5872.32318386006,9637.580667921164,9297.95346695438
MAIN,2025-12-27,6,20:00-24:00,8518.579396756199,2381.5133333333333,9637.580667921164,9297.95346695438
MAIN,2025-12-28,1,0:00-4:00,1272.7080191901862,101.51468651500409,9297.95346695438,9107.208116119513
MAIN,2025-12-28,2,4:00-8:00,1326.6274528781253,1485.438499452609,9297.95346695438,9107.208116119513
MAIN,2025-12-28,3,8:00-12:00,6287.4819460052095,7090.713238952289,9297.95346695438,9107.208116119513
MAIN,2025-12-28,4,12:00-16:00,5645.190319997734,1741.4179631767608,9297.95346695438,9107.208116119513
MAIN,2025-12-28,5,16:00-20:00,60.87946527461578,5426.91049153811,9297.95346695438,9107.208116119513
MAIN,2025-12-28,6,20:00-24:00,8407.379877953512,2955.892271969109,9297.95346695438,9107.208116119513
MAIN,2025-12-29,1,0:00-4:00,1895.2755259247635,28.0064429455839,9107.208116119513,9121.605304361312
MAIN,2025-12-29,2,4:00-8:00,786.2089628015434,1357.942139799495,9107.208116119513,9121.605304361312
MAIN,2025-12-29,3,8:00-12:00,6199.791809490296,6503.526042863341,9107.208116119513,9121.605304361312
MAIN,2025-12-29,4,12:00-16:00,5648.902538909411,2356.4575369712143,9107.208116119513,9121.605304361312
MAIN,2025-12-29,5,16:00-20:00,89.11622132197272,5472.491593448517,9107.208116119513,9121.605304361312
MAIN,2025-12-29,6,20:00-24:00,8431.029859554634,2939.3819581363523,9107.208116119513,9121.605304361312
MAIN,2025-12-30,1,0:00-4:00,1703.0723482675385,12.27760873617092,9121.605304361312,9009.569884579823
MAIN,2025-12-30,2,4:00-8:00,1141.6848723998298,1615.1138996498769,9121.605304361312,9009.569884579823
MAIN,2025-12-30,3,8:00-12:00,5871.2004492078495,7806.306614279701,9121.605304361312,9009.569884579823
MAIN,2025-12-30,4,12:00-16:00,6998.10599112137,1784.1382166666667,9121.605304361312,9009.569884579823
MAIN,2025-12-30,5,16:00-20:00,0.0,5504.389007238325,9121.605304361312,9009.569884579823
MAIN,2025-12-30,6,20:00-24:00,8361.715525898055,2879.987672617256,9121.605304361312,9009.569884579823
MAIN,2025-12-31,1,0:00-4:00,1775.8204305565762,87.37330410290394,9009.569884579823,8752.815297807336
MAIN,2025-12-31,2,4:00-8:00,1183.032338235388,1468.9438031702657,9009.569884579823,8752.815297807336
MAIN,2025-12-31,3,8:00-12:00,5765.075326383537,7479.65851914412,9009.569884579823,8752.815297807336
MAIN,2025-12-31,4,12:00-16:00,7545.948093750125,2531.236982734312,9009.569884579823,8752.815297807336
MAIN,2025-12-31,5,16:00-20:00,12.30121286550991,5499.612918970331,9009.569884579823,8752.815297807336
MAIN,2025-12-31,6,20:00-24:00,8240.006635105605,3027.2226698596714,9009.569884579823,8752.815297807336
