issue_date,issue_datetime,issue_hour,target_interval_start,target_interval_end,lead_slot,horizon_class,load_forecast_kw,pv_forecast_kw,load_actual_kw,pv_actual_kw,net_load_forecast_kw,net_load_actual_kw
2025-03-20,2025-03-20T00:00:00,0,2025-03-20T00:00:00,2025-03-20T00:10:00,1,当日剩余,3617.1514000000002,0,3299.0689000000002,0,3617.1514,3299.0689
2025-03-20,2025-03-20T00:00:00,0,2025-03-20T00:10:00,2025-03-20T00:20:00,2,当日剩余,3585.3143,0,3421.8809999999999,0,3585.3143,3421.881
2025-03-20,2025-03-20T00:00:00,0,2025-03-20T00:20:00,2025-03-20T00:30:00,3,当日剩余,3514.21,0,3683.1100000000001,0,3514.21,3683.11
2025-03-20,2025-03-20T00:00:00,0,2025-03-20T00:30:00,2025-03-20T00:40:00,4,当日剩余,3566.7633000000001,0,3476.7370000000001,0,3566.7633,3476.737
2025-03-20,2025-03-20T00:00:00,0,2025-03-20T00:40:00,2025-03-20T00:50:00,5,当日剩余,3529.7640000000001,0,3302.6695,0,3529.764,3302.6695
2025-03-20,2025-03-20T00:00:00,0,2025-03-20T00:50:00,2025-03-20T01:00:00,6,当日剩余,3390.5999999999999,0,3426.9400000000001,0,3390.6,3426.94
2025-03-20,2025-03-20T00:00:00,0,2025-03-20T01:00:00,2025-03-20T01:10:00,7,当日剩余,3352.8782999999999,0,3609.5342999999998,0,3352.8783,3609.5343
2025-03-20,2025-03-20T00:00:00,0,2025-03-20T01:10:00,2025-03-20T01:20:00,8,当日剩余,3308.9054999999998,0,3668.9025000000001,0,3308.9055,3668.9025
2025-03-20,2025-03-20T00:00:00,0,2025-03-20T01:20:00,2025-03-20T01:30:00,9,当日剩余,3260.0799999999999,0,3589.3000000000002,0,3260.08,3589.3
2025-03-20,2025-03-20T00:00:00,0,2025-03-20T01:30:00,2025-03-20T01:40:00,10,当日剩余,3353.4584,0,3503.6156999999998,0,3353.4584,3503.6157
2025-03-20,2025-03-20T00:00:00,0,2025-03-20T01:40:00,2025-03-20T01:50:00,11,当日剩余,3552.8391999999999,0,3545.9703,0,3552.8392,3545.9703
2025-03-20,2025-03-20T00:00:00,0,2025-03-20T01:50:00,2025-03-20T02:00:00,12,当日剩余,3655.73,0,3590.6599999999999,0,3655.73,3590.66
2025-03-20,2025-03-20T00:00:00,0,2025-03-20T02:00:00,2025-03-20T02:10:00,13,当日剩余,3484.6496000000002,0,3395.9016999999999,0,3484.6496,3395.9017
2025-03-20,2025-03-20T00:00:00,0,2025-03-20T02:10:00,2025-03-20T02:20:00,14,当日剩余,3416.4268999999999,0,3276.7246,0,3416.4269,3276.7246
2025-03-20,2025-03-20T00:00:00,0,2025-03-20T02:20:00,2025-03-20T02:30:00,15,当日剩余,3529.1900000000001,0,3394.2800000000002,0,3529.19,3394.28
2025-03-20,2025-03-20T00:00:00,0,2025-03-20T02:30:00,2025-03-20T02:40:00,16,当日剩余,3565.0967000000001,0,3587.5594000000001,0,3565.0967,3587.5594
2025-03-20,2025-03-20T00:00:00,0,2025-03-20T02:40:00,2025-03-20T02:50:00,17,当日剩余,3662.8512000000001,0,3605.7267999999999,0,3662.8512,3605.7268
2025-03-20,2025-03-20T00:00:00,0,2025-03-20T02:50:00,2025-03-20T03:00:00,18,当日剩余,3749.1399999999999,0,3522.79,0,3749.14,3522.79
2025-03-20,2025-03-20T00:00:00,0,2025-03-20T03:00:00,2025-03-20T03:10:00,19,当日剩余,3576.3344000000002,0,3631.2618000000002,0,3576.3344,3631.2618
2025-03-20,2025-03-20T00:00:00,0,2025-03-20T03:10:00,2025-03-20T03:20:00,20,当日剩余,3450.3953000000001,0,3731.3543,0,3450.3953,3731.3543
2025-03-20,2025-03-20T00:00:00,0,2025-03-20T03:20:00,2025-03-20T03:30:00,21,当日剩余,3522.3699999999999,0,3721.0100000000002,0,3522.37,3721.01
2025-03-20,2025-03-20T00:00:00,0,2025-03-20T03:30:00,2025-03-20T03:40:00,22,当日剩余,3631.2280000000001,0,3699.7384999999999,0,3631.228,3699.7385
2025-03-20,2025-03-20T00:00:00,0,2025-03-20T03:40:00,2025-03-20T03:50:00,23,当日剩余,3569.4386,0,3674.7824999999998,0,3569.4386,3674.7825
2025-03-20,2025-03-20T00:00:00,0,2025-03-20T03:50:00,2025-03-20T04:00:00,24,当日剩余,3455.04,0,3623.5799999999999,0,3455.04,3623.58
2025-03-20,2025-03-20T00:00:00,0,2025-03-20T04:00:00,2025-03-20T04:10:00,25,当日剩余,3583.9838,0,3538.7696999999998,0.0019,3583.9838,3538.7677999999996
2025-03-20,2025-03-20T00:00:00,0,2025-03-20T04:10:00,2025-03-20T04:20:00,26,当日剩余,3645.8233,0,3488.7842999999998,0,3645.8233,3488.7843
2025-03-20,2025-03-20T00:00:00,0,2025-03-20T04:20:00,2025-03-20T04:30:00,27,当日剩余,3577.0700000000002,0,3513.5100000000002,0,3577.07,3513.51
2025-03-20,2025-03-20T00:00:00,0,2025-03-20T04:30:00,2025-03-20T04:40:00,28,当日剩余,3630.4400999999998,0,3598.3779,0.027099999999999999,3630.4401,3598.3508
2025-03-20,2025-03-20T00:00:00,0,2025-03-20T04:40:00,2025-03-20T04:50:00,29,当日剩余,3717.5034000000001,0,3700.4358999999999,0,3717.5034,3700.4359
2025-03-20,2025-03-20T00:00:00,0,2025-03-20T04:50:00,2025-03-20T05:00:00,30,当日剩余,3727.0700000000002,0,3753.5700000000002,0,3727.07,3753.57
2025-03-20,2025-03-20T00:00:00,0,2025-03-20T05:00:00,2025-03-20T05:10:00,31,当日剩余,3652.3285999999998,0,3716.9811,0.37759999999999999,3652.3286,3716.6035
2025-03-20,2025-03-20T00:00:00,0,2025-03-20T05:10:00,2025-03-20T05:20:00,32,当日剩余,3627.5868999999998,0,3707.0664000000002,0,3627.5869,3707.0664
2025-03-20,2025-03-20T00:00:00,0,2025-03-20T05:20:00,2025-03-20T05:30:00,33,当日剩余,3625.8699999999999,0,3642.6900000000001,0,3625.87,3642.69
2025-03-20,2025-03-20T00:00:00,0,2025-03-20T05:30:00,2025-03-20T05:40:00,34,当日剩余,3603.0837999999999,0,3457.8398000000002,5.2594000000000003,3603.0838,3452.5804000000003
2025-03-20,2025-03-20T00:00:00,0,2025-03-20T05:40:00,2025-03-20T05:50:00,35,当日剩余,4178.7819,0,4028.7786999999998,0,4178.7819,4028.7787
2025-03-20,2025-03-20T00:00:00,0,2025-03-20T05:50:00,2025-03-20T06:00:00,36,当日剩余,4976.2600000000002,0,4962.0900000000001,0,4976.26,4962.09
2025-03-20,2025-03-20T00:00:00,0,2025-03-20T06:00:00,2025-03-20T06:10:00,37,当日剩余,4927.8193000000001,145.37160833333331,4905.1198000000004,153.42019999999999,4782.447691666667,4751.699600000001
2025-03-20,2025-03-20T00:00:00,0,2025-03-20T06:10:00,2025-03-20T06:20:00,38,当日剩余,4816.9758000000002,436.114825,4660.8239000000003,401.04399999999998,4380.8609750000005,4259.7799
2025-03-20,2025-03-20T00:00:00,0,2025-03-20T06:20:00,2025-03-20T06:30:00,39,当日剩余,4945.1999999999998,726.85804166666674,4703.75,675.52499999999998,4218.341958333333,4028.225
2025-03-20,2025-03-20T00:00:00,0,2025-03-20T06:30:00,2025-03-20T06:40:00,40,当日剩余,4841.0708000000004,1017.6012583333334,4726.9008000000003,952.63160000000005,3823.4695416666673,3774.2692
2025-03-20,2025-03-20T00:00:00,0,2025-03-20T06:40:00,2025-03-20T06:50:00,41,当日剩余,4756.7741999999998,1308.3444749999999,4819.4732999999997,1302.5378000000001,3448.429725,3516.9354999999996
2025-03-20,2025-03-20T00:00:00,0,2025-03-20T06:50:00,2025-03-20T07:00:00,42,当日剩余,4785.54,1599.0876916666666,4880.3299999999999,1693.2375,3186.4523083333333,3187.0924999999997
2025-03-20,2025-03-20T00:00:00,0,2025-03-20T07:00:00,2025-03-20T07:10:00,43,当日剩余,4770.8891000000003,1915.7332666666666,4689.3761000000004,2009.9231,2855.1558333333337,2679.4530000000004
2025-03-20,2025-03-20T00:00:00,0,2025-03-20T07:10:00,2025-03-20T07:20:00,44,当日剩余,4933.7109,2258.2811999999999,4713.3645999999999,2305.9149000000002,2675.4297,2407.4496999999997
2025-03-20,2025-03-20T00:00:00,0,2025-03-20T07:20:00,2025-03-20T07:30:00,45,当日剩余,5017.0699999999997,2600.8291333333332,4827.1999999999998,2609.7375000000002,2416.2408666666665,2217.4624999999996
2025-03-20,2025-03-20T00:00:00,0,2025-03-20T07:30:00,2025-03-20T07:40:00,46,当日剩余,4678.8593000000001,2943.3770666666669,4578.1559999999999,2894.0147999999999,1735.4822333333332,1684.1412
2025-03-20,2025-03-20T00:00:00,0,2025-03-20T07:40:00,2025-03-20T07:50:00,47,当日剩余,5430.5740999999998,3285.9250000000002,5187.0367999999999,3179.5684000000001,2144.6490999999996,2007.4683999999997
2025-03-20,2025-03-20T00:00:00,0,2025-03-20T07:50:00,2025-03-20T08:00:00,48,当日剩余,6755.9700000000003,3628.4729333333335,6405.5900000000001,3476.5124999999998,3127.497066666667,2929.0775000000003
2025-03-20,2025-03-20T00:00:00,0,2025-03-20T08:00:00,2025-03-20T08:10:00,49,当日剩余,6545.8122000000003,3945.0162833333334,6658.0486000000001,3761.2255,2600.795916666667,2896.8231
2025-03-20,2025-03-20T00:00:00,0,2025-03-20T08:10:00,2025-03-20T08:20:00,50,当日剩余,6234.5497999999998,4235.5550499999999,6606.6000999999997,3976.3717000000001,1998.9947499999998,2630.2283999999995
2025-03-20,2025-03-20T00:00:00,0,2025-03-20T08:20:00,2025-03-20T08:30:00,51,当日剩余,6481.0900000000001,4526.0938166666665,6687.2700000000004,4220.3249999999998,1954.9961833333336,2466.9450000000006
2025-03-20,2025-03-20T00:00:00,0,2025-03-20T08:30:00,2025-03-20T08:40:00,52,当日剩余,6510.8473999999997,4816.632583333334,6649.7759999999998,4653.7429000000002,1694.2148166666657,1996.0330999999996
2025-03-20,2025-03-20T00:00:00,0,2025-03-20T08:40:00,2025-03-20T08:50:00,53,当日剩余,6551.7772999999997,5107.1713500000005,6705.5334999999995,5037.5027,1444.6059499999992,1668.0307999999995
2025-03-20,2025-03-20T00:00:00,0,2025-03-20T08:50:00,2025-03-20T09:00:00,54,当日剩余,6666.0600000000004,5397.7101166666671,6757.8100000000004,5180.8874999999998,1268.3498833333333,1576.9225000000006
2025-03-20,2025-03-20T00:00:00,0,2025-03-20T09:00:00,2025-03-20T09:10:00,55,当日剩余,6601.3222999999998,5692.4216249999999,6494.2003999999997,5166.4978000000001,908.9006749999999,1327.7025999999996
2025-03-20,2025-03-20T00:00:00,0,2025-03-20T09:10:00,2025-03-20T09:20:00,56,当日剩余,6573.4360999999999,5991.305875,6436.4391999999998,5533.3289999999997,582.1302249999999,903.1102000000001
2025-03-20,2025-03-20T00:00:00,0,2025-03-20T09:20:00,2025-03-20T09:30:00,57,当日剩余,6614.79,6290.1901249999992,6570.8500000000004,6107.7375000000002,324.5998750000008,463.1125000000002
2025-03-20,2025-03-20T00:00:00,0,2025-03-20T09:30:00,2025-03-20T09:40:00,58,当日剩余,6548.6468000000004,6589.0743750000001,6399.3635000000004,6182.7950000000001,-40.427574999999706,216.5685000000003
2025-03-20,2025-03-20T00:00:00,0,2025-03-20T09:40:00,2025-03-20T09:50:00,59,当日剩余,6569.7745000000004,6887.9586250000002,6445.9300999999996,6198.3860000000004,-318.18412499999977,247.54409999999916
2025-03-20,2025-03-20T00:00:00,0,2025-03-20T09:50:00,2025-03-20T10:00:00,60,当日剩余,6666.8100000000004,7186.8428750000003,6697.4300000000003,6426.1875,-520.0328749999999,271.2425000000003
2025-03-20,2025-03-20T00:00:00,0,2025-03-20T10:00:00,2025-03-20T10:10:00,61,当日剩余,6615.2016999999996,7412.4271166666667,6577.9956000000002,6675.2480999999998,-797.2254166666671,-97.2524999999996
2025-03-20,2025-03-20T00:00:00,0,2025-03-20T10:10:00,2025-03-20T10:20:00,62,当日剩余,6539.3464000000004,7564.7113499999996,6445.2772000000004,6774.0039999999999,-1025.3649499999992,-328.72679999999946
2025-03-20,2025-03-20T00:00:00,0,2025-03-20T10:20:00,2025-03-20T10:30:00,63,当日剩余,6477.96,7716.9955833333333,6473.6099999999997,6879.0749999999998,-1239.0355833333333,-405.46500000000015
2025-03-20,2025-03-20T00:00:00,0,2025-03-20T10:30:00,2025-03-20T10:40:00,64,当日剩余,6366.0056999999997,7869.2798166666671,6454.2353000000003,7268.5137000000004,-1503.2741166666674,-814.2784000000001
2025-03-20,2025-03-20T00:00:00,0,2025-03-20T10:40:00,2025-03-20T10:50:00,65,当日剩余,6413.9504999999999,8021.56405,6352.3360000000002,7455.3554000000004,-1607.61355,-1103.0194000000001
2025-03-20,2025-03-20T00:00:00,0,2025-03-20T10:50:00,2025-03-20T11:00:00,66,当日剩余,6574.3800000000001,8173.8482833333337,6279.8999999999996,7263,-1599.4682833333336,-983.1000000000004
2025-03-20,2025-03-20T00:00:00,0,2025-03-20T11:00:00,2025-03-20T11:10:00,67,当日剩余,6549.5231999999996,8216.4028500000004,6362.0436,7021.6679000000004,-1666.8796500000008,-659.6243000000004
2025-03-20,2025-03-20T00:00:00,0,2025-03-20T11:10:00,2025-03-20T11:20:00,68,当日剩余,6360.3077999999996,8149.22775,6393.8373000000001,7052.8842000000004,-1788.9199500000004,-659.0469000000003
2025-03-20,2025-03-20T00:00:00,0,2025-03-20T11:20:00,2025-03-20T11:30:00,69,当日剩余,6232.5600000000004,8082.0526499999996,6360.1000000000004,7317.5625,-1849.4926499999992,-957.4624999999996
2025-03-20,2025-03-20T00:00:00,0,2025-03-20T11:30:00,2025-03-20T11:40:00,70,当日剩余,6357.7493999999997,8014.8775500000002,6424.0276000000003,7505.6333000000004,-1657.1281500000005,-1081.6057
2025-03-20,2025-03-20T00:00:00,0,2025-03-20T11:40:00,2025-03-20T11:50:00,71,当日剩余,6325.6392999999998,7947.7024500000007,6379.6216000000004,7635.0322999999999,-1622.0631500000009,-1255.4106999999995
2025-03-20,2025-03-20T00:00:00,0,2025-03-20T11:50:00,2025-03-20T12:00:00,72,当日剩余,6078.6000000000004,7880.5273500000003,6168.3199999999997,7818.4499999999998,-1801.92735,-1650.13
2025-03-20,2025-03-20T00:00:00,0,2025-03-20T12:00:00,2025-03-20T12:10:00,73,当日剩余,5973.1170000000002,7721.5842583333333,5958.8116,8082.9395000000004,-1748.4672583333331,-2124.1279000000004
2025-03-20,2025-03-20T00:00:00,0,2025-03-20T12:10:00,2025-03-20T12:20:00,74,当日剩余,6003.5668999999998,7470.8731750000006,5855.2299000000003,8090.5707000000002,-1467.3062750000008,-2235.3408
2025-03-20,2025-03-20T00:00:00,0,2025-03-20T12:20:00,2025-03-20T12:30:00,75,当日剩余,6043.4399999999996,7220.1620916666661,5883.6599999999999,7709.3625000000002,-1176.7220916666665,-1825.7025000000003
2025-03-20,2025-03-20T00:00:00,0,2025-03-20T12:30:00,2025-03-20T12:40:00,76,当日剩余,6007.2070999999996,6969.4510083333334,6006.2794000000004,7205.2560000000003,-962.2439083333338,-1198.9766
2025-03-20,2025-03-20T00:00:00,0,2025-03-20T12:40:00,2025-03-20T12:50:00,77,当日剩余,6064.0725000000002,6718.7399249999999,6168.3548000000001,7206.9441999999999,-654.6674249999996,-1038.5893999999998
2025-03-20,2025-03-20T00:00:00,0,2025-03-20T12:50:00,2025-03-20T13:00:00,78,当日剩余,6254.8500000000004,6468.0288416666672,6351.3800000000001,7525.8000000000002,-213.1788416666668,-1174.42
2025-03-20,2025-03-20T00:00:00,0,2025-03-20T13:00:00,2025-03-20T13:10:00,79,当日剩余,6422.8540000000003,6304.7198666666673,6510.6216000000004,7339.0749999999998,118.13413333333301,-828.4533999999994
2025-03-20,2025-03-20T00:00:00,0,2025-03-20T13:10:00,2025-03-20T13:20:00,80,当日剩余,6403.1925000000001,6228.8130000000001,6358.8315000000002,6900.6337999999996,174.3795,-541.8022999999994
2025-03-20,2025-03-20T00:00:00,0,2025-03-20T13:20:00,2025-03-20T13:30:00,81,当日剩余,6313.29,6152.9061333333329,6039.3000000000002,6610.0124999999998,160.38386666666702,-570.7124999999996
2025-03-20,2025-03-20T00:00:00,0,2025-03-20T13:30:00,2025-03-20T13:40:00,82,当日剩余,6396.8915999999999,6076.9992666666667,6028.9848000000002,6642.1795000000002,319.8923333333332,-613.1947
2025-03-20,2025-03-20T00:00:00,0,2025-03-20T13:40:00,2025-03-20T13:50:00,83,当日剩余,6299.9772999999996,6001.0923999999995,6177.7812999999996,6806.5376999999999,298.8849,-628.7564000000002
2025-03-20,2025-03-20T00:00:00,0,2025-03-20T13:50:00,2025-03-20T14:00:00,84,当日剩余,6106.75,5925.1855333333333,6280.0200000000004,6799.9499999999998,181.5644666666667,-519.9299999999994
2025-03-20,2025-03-20T00:00:00,0,2025-03-20T14:00:00,2025-03-20T14:10:00,85,当日剩余,6255.1319999999996,5721.6423000000004,6283.4822999999997,6453.6136999999999,533.4896999999992,-170.1314000000002
2025-03-20,2025-03-20T00:00:00,0,2025-03-20T14:10:00,2025-03-20T14:20:00,86,当日剩余,6265.1370999999999,5390.4627,6314.9120000000003,6203.5886,874.6743999999999,111.32340000000022
2025-03-20,2025-03-20T00:00:00,0,2025-03-20T14:20:00,2025-03-20T14:30:00,87,当日剩余,6109.6400000000003,5059.2830999999996,6352.79,6115.6875,1050.3569000000007,237.10249999999996
2025-03-20,2025-03-20T00:00:00,0,2025-03-20T14:30:00,2025-03-20T14:40:00,88,当日剩余,6254.7096000000001,4728.1035000000002,6259.4213,5837.6616000000004,1526.6061,421.7596999999996
2025-03-20,2025-03-20T00:00:00,0,2025-03-20T14:40:00,2025-03-20T14:50:00,89,当日剩余,6398.0052999999998,4396.9238999999998,6190.1145999999999,5431.9634999999998,2001.0814,758.1511
2025-03-20,2025-03-20T00:00:00,0,2025-03-20T14:50:00,2025-03-20T15:00:00,90,当日剩余,6358.9799999999996,4065.7442999999998,6156.6400000000003,5072.7749999999996,2293.2356999999997,1083.8650000000007
2025-03-20,2025-03-20T00:00:00,0,2025-03-20T15:00:00,2025-03-20T15:10:00,91,当日剩余,6262.9225999999999,3771.2575999999999,6039.3658999999998,4855.4544999999998,2491.665,1183.9114
2025-03-20,2025-03-20T00:00:00,0,2025-03-20T15:10:00,2025-03-20T15:20:00,92,当日剩余,6174.0028000000002,3513.4638,6054.6788999999999,4561.8383000000003,2660.539,1492.8405999999995
2025-03-20,2025-03-20T00:00:00,0,2025-03-20T15:20:00,2025-03-20T15:30:00,93,当日剩余,6169.4300000000003,3255.6700000000001,6187.6800000000003,4146.8249999999998,2913.76,2040.8550000000005
2025-03-20,2025-03-20T00:00:00,0,2025-03-20T15:30:00,2025-03-20T15:40:00,94,当日剩余,6264.8243000000002,2997.8762000000002,6195.3720999999996,3778.6785,3266.9481,2416.6935999999996
2025-03-20,2025-03-20T00:00:00,0,2025-03-20T15:40:00,2025-03-20T15:50:00,95,当日剩余,6126.1485000000002,2740.0824000000002,6186.1376,3471.4229,3386.0661,2714.7147
2025-03-20,2025-03-20T00:00:00,0,2025-03-20T15:50:00,2025-03-20T16:00:00,96,当日剩余,5880.1099999999997,2482.2886000000003,6200.1700000000001,3156.2249999999999,3397.8213999999994,3043.945
2025-03-20,2025-03-20T00:00:00,0,2025-03-20T16:00:00,2025-03-20T16:10:00,97,当日剩余,5993.8657000000003,2261.4038583333331,6153.3743000000004,2779.8049999999998,3732.461841666667,3373.5693000000006
2025-03-20,2025-03-20T00:00:00,0,2025-03-20T16:10:00,2025-03-20T16:20:00,98,当日剩余,6119.1518999999998,2077.428175,6101.7592000000004,2507.3559,4041.723725,3594.4033000000004
2025-03-20,2025-03-20T00:00:00,0,2025-03-20T16:20:00,2025-03-20T16:30:00,99,当日剩余,6080.3400000000001,1893.4524916666669,6118.9499999999998,2334.4124999999999,4186.887508333333,3784.5375
2025-03-20,2025-03-20T00:00:00,0,2025-03-20T16:30:00,2025-03-20T16:40:00,100,当日剩余,6051.7025000000003,1709.4768083333333,6209.4948999999997,2077.0816,4342.2256916666665,4132.4133
2025-03-20,2025-03-20T00:00:00,0,2025-03-20T16:40:00,2025-03-20T16:50:00,101,当日剩余,6078.2732999999998,1525.5011250000002,6190.1989999999996,1733.8533,4552.772175,4456.3457
2025-03-20,2025-03-20T00:00:00,0,2025-03-20T16:50:00,2025-03-20T17:00:00,102,当日剩余,6196.4899999999998,1341.5254416666669,6102.1899999999996,1377.7125000000001,4854.964558333333,4724.477499999999
2025-03-20,2025-03-20T00:00:00,0,2025-03-20T17:00:00,2025-03-20T17:10:00,103,当日剩余,6367.7307000000001,1145.4094666666667,6143.2969000000003,1083.9022,5222.321233333333,5059.394700000001
2025-03-20,2025-03-20T00:00:00,0,2025-03-20T17:10:00,2025-03-20T17:20:00,104,当日剩余,6177.7385999999997,937.15320000000008,6075.0133999999998,831.88229999999999,5240.5854,5243.1311
2025-03-20,2025-03-20T00:00:00,0,2025-03-20T17:20:00,2025-03-20T17:30:00,105,当日剩余,5943.2299999999996,728.89693333333332,6025.6800000000003,597.33749999999998,5214.333066666666,5428.342500000001
2025-03-20,2025-03-20T00:00:00,0,2025-03-20T17:30:00,2025-03-20T17:40:00,106,当日剩余,6260.5833000000002,520.64066666666668,6213.4416000000001,374.89710000000002,5739.942633333334,5838.5445
2025-03-20,2025-03-20T00:00:00,0,2025-03-20T17:40:00,2025-03-20T17:50:00,107,当日剩余,5643.5604999999996,312.38440000000003,5394.1467000000002,156.1276,5331.1761,5238.0191
2025-03-20,2025-03-20T00:00:00,0,2025-03-20T17:50:00,2025-03-20T18:00:00,108,当日剩余,4339.6199999999999,104.12813333333339,4094.1199999999999,0,4235.491866666666,4094.12
2025-03-20,2025-03-20T00:00:00,0,2025-03-20T18:00:00,2025-03-20T18:10:00,109,当日剩余,4184.4013000000004,0,4187.9836999999998,0,4184.4013,4187.9837
2025-03-20,2025-03-20T00:00:00,0,2025-03-20T18:10:00,2025-03-20T18:20:00,110,当日剩余,4355.2004999999999,0,4441.4267,5.5773999999999999,4355.2005,4435.8493
2025-03-20,2025-03-20T00:00:00,0,2025-03-20T18:20:00,2025-03-20T18:30:00,111,当日剩余,4309.1499999999996,0,4255.4499999999998,0,4309.15,4255.45
2025-03-20,2025-03-20T00:00:00,0,2025-03-20T18:30:00,2025-03-20T18:40:00,112,当日剩余,4354.2602999999999,0,4286.5369000000001,0,4354.2603,4286.5369
2025-03-20,2025-03-20T00:00:00,0,2025-03-20T18:40:00,2025-03-20T18:50:00,113,当日剩余,4338.3067000000001,0,4470.2464,0.40039999999999998,4338.3067,4469.846
2025-03-20,2025-03-20T00:00:00,0,2025-03-20T18:50:00,2025-03-20T19:00:00,114,当日剩余,4288.9200000000001,0,4579.2399999999998,0,4288.92,4579.24
2025-03-20,2025-03-20T00:00:00,0,2025-03-20T19:00:00,2025-03-20T19:10:00,115,当日剩余,4415.0451000000003,0,4480.3082000000004,0,4415.0451,4480.3082
2025-03-20,2025-03-20T00:00:00,0,2025-03-20T19:10:00,2025-03-20T19:20:00,116,当日剩余,4447.7655000000004,0,4285.5618000000004,0.028799999999999999,4447.7655,4285.533
2025-03-20,2025-03-20T00:00:00,0,2025-03-20T19:20:00,2025-03-20T19:30:00,117,当日剩余,4430.96,0,4196.7799999999997,0,4430.96,4196.78
2025-03-20,2025-03-20T00:00:00,0,2025-03-20T19:30:00,2025-03-20T19:40:00,118,当日剩余,4648.3361999999997,0,4330.8684000000003,0,4648.3362,4330.8684
2025-03-20,2025-03-20T00:00:00,0,2025-03-20T19:40:00,2025-03-20T19:50:00,119,当日剩余,4630.7510000000002,0,4370.9480999999996,0.0020999999999999999,4630.751,4370.946
2025-03-20,2025-03-20T00:00:00,0,2025-03-20T19:50:00,2025-03-20T20:00:00,120,当日剩余,4405.5699999999997,0,4358.21,0,4405.57,4358.21
2025-03-20,2025-03-20T00:00:00,0,2025-03-20T20:00:00,2025-03-20T20:10:00,121,当日剩余,4459.9096,0,4586.0191000000004,0,4459.9096,4586.0191
2025-03-20,2025-03-20T00:00:00,0,2025-03-20T20:10:00,2025-03-20T20:20:00,122,当日剩余,4389.7527,0,4523.6629000000003,0,4389.7527,4523.6629
2025-03-20,2025-03-20T00:00:00,0,2025-03-20T20:20:00,2025-03-20T20:30:00,123,当日剩余,4195.3699999999999,0,4215.3699999999999,0,4195.37,4215.37
2025-03-20,2025-03-20T00:00:00,0,2025-03-20T20:30:00,2025-03-20T20:40:00,124,当日剩余,4327.8810999999996,0,4256.2469000000001,0,4327.8811,4256.2469
2025-03-20,2025-03-20T00:00:00,0,2025-03-20T20:40:00,2025-03-20T20:50:00,125,当日剩余,4512.0343999999996,0,4319.0159000000003,0,4512.0344,4319.0159
2025-03-20,2025-03-20T00:00:00,0,2025-03-20T20:50:00,2025-03-20T21:00:00,126,当日剩余,4484.8699999999999,0,4257.25,0,4484.87,4257.25
2025-03-20,2025-03-20T00:00:00,0,2025-03-20T21:00:00,2025-03-20T21:10:00,127,当日剩余,4273.0645999999997,0,4290.2681000000002,0,4273.0646,4290.2681
2025-03-20,2025-03-20T00:00:00,0,2025-03-20T21:10:00,2025-03-20T21:20:00,128,当日剩余,4239.7897000000003,0,4418.7035999999998,0,4239.7897,4418.7036
2025-03-20,2025-03-20T00:00:00,0,2025-03-20T21:20:00,2025-03-20T21:30:00,129,当日剩余,4406.5799999999999,0,4553.6000000000004,0,4406.58,4553.6
2025-03-20,2025-03-20T00:00:00,0,2025-03-20T21:30:00,2025-03-20T21:40:00,130,当日剩余,4390.6494000000002,0,4526.2528000000002,0,4390.6494,4526.2528
2025-03-20,2025-03-20T00:00:00,0,2025-03-20T21:40:00,2025-03-20T21:50:00,131,当日剩余,3913.3811000000001,0,4001.6251999999999,0,3913.3811,4001.6252
2025-03-20,2025-03-20T00:00:00,0,2025-03-20T21:50:00,2025-03-20T22:00:00,132,当日剩余,3346.6100000000001,0,3318.9400000000001,0,3346.61,3318.94
2025-03-20,2025-03-20T00:00:00,0,2025-03-20T22:00:00,2025-03-20T22:10:00,133,当日剩余,3373.0005000000001,0,3233.4088000000002,0,3373.0005,3233.4088
2025-03-20,2025-03-20T00:00:00,0,2025-03-20T22:10:00,2025-03-20T22:20:00,134,当日剩余,3465.5965999999999,0,3319.971,0,3465.5966,3319.971
2025-03-20,2025-03-20T00:00:00,0,2025-03-20T22:20:00,2025-03-20T22:30:00,135,当日剩余,3381.6300000000001,0,3255.8400000000001,0,3381.63,3255.84
2025-03-20,2025-03-20T00:00:00,0,2025-03-20T22:30:00,2025-03-20T22:40:00,136,当日剩余,3375.1529999999998,0,3144.1325999999999,0,3375.153,3144.1326
2025-03-20,2025-03-20T00:00:00,0,2025-03-20T22:40:00,2025-03-20T22:50:00,137,当日剩余,3326.3207000000002,0,3161.8173999999999,0,3326.3207,3161.8174
2025-03-20,2025-03-20T00:00:00,0,2025-03-20T22:50:00,2025-03-20T23:00:00,138,当日剩余,3298.1599999999999,0,3296.4000000000001,0,3298.16,3296.4
2025-03-20,2025-03-20T00:00:00,0,2025-03-20T23:00:00,2025-03-20T23:10:00,139,当日剩余,3488.4212000000002,0,3356.4081000000001,0,3488.4212,3356.4081
2025-03-20,2025-03-20T00:00:00,0,2025-03-20T23:10:00,2025-03-20T23:20:00,140,当日剩余,3525.4193,0,3261.7676000000001,0,3525.4193,3261.7676
2025-03-20,2025-03-20T00:00:00,0,2025-03-20T23:20:00,2025-03-20T23:30:00,141,当日剩余,3418.4699999999998,0,3267.73,0,3418.47,3267.73
2025-03-20,2025-03-20T00:00:00,0,2025-03-20T23:30:00,2025-03-20T23:40:00,142,当日剩余,3469.7557000000002,0,3604.076,0,3469.7557,3604.076
2025-03-20,2025-03-20T00:00:00,0,2025-03-20T23:40:00,2025-03-20T23:50:00,143,当日剩余,3090.0776999999998,0,3245.8690999999999,0,3090.0777,3245.8691
2025-03-20,2025-03-20T00:00:00,0,2025-03-20T23:50:00,2025-03-21T00:00:00,144,当日剩余,2440.3099999999999,0,2401,0,2440.31,2401.0
2025-03-20,2025-03-20T06:00:00,6,2025-03-20T06:00:00,2025-03-20T06:10:00,1,当日剩余,4925.7869323047971,143.95734166666665,4905.1198000000004,153.42019999999999,4781.829590638131,4751.699600000001
2025-03-20,2025-03-20T06:00:00,6,2025-03-20T06:10:00,2025-03-20T06:20:00,2,当日剩余,4814.9434323047972,431.87202500000001,4660.8239000000003,401.04399999999998,4383.0714073047975,4259.7799
2025-03-20,2025-03-20T06:00:00,6,2025-03-20T06:20:00,2025-03-20T06:30:00,3,当日剩余,4943.1676323047968,719.78670833333342,4703.75,675.52499999999998,4223.380923971464,4028.225
2025-03-20,2025-03-20T06:00:00,6,2025-03-20T06:30:00,2025-03-20T06:40:00,4,当日剩余,4839.0384323047974,1007.7013916666667,4726.9008000000003,952.63160000000005,3831.337040638131,3774.2692
2025-03-20,2025-03-20T06:00:00,6,2025-03-20T06:40:00,2025-03-20T06:50:00,5,当日剩余,4754.7418323047968,1295.6160749999999,4819.4732999999997,1302.5378000000001,3459.125757304797,3516.9354999999996
2025-03-20,2025-03-20T06:00:00,6,2025-03-20T06:50:00,2025-03-20T07:00:00,6,当日剩余,4783.507632304797,1583.5307583333333,4880.3299999999999,1693.2375,3199.9768739714636,3187.0924999999997
2025-03-20,2025-03-20T06:00:00,6,2025-03-20T07:00:00,2025-03-20T07:10:00,7,当日剩余,4768.8567323047973,1880.5740666666666,4689.3761000000004,2009.9231,2888.2826656381308,2679.4530000000004
2025-03-20,2025-03-20T06:00:00,6,2025-03-20T07:10:00,2025-03-20T07:20:00,8,当日剩余,4931.678532304797,2186.7460000000001,4713.3645999999999,2305.9149000000002,2744.932532304797,2407.4496999999997
2025-03-20,2025-03-20T06:00:00,6,2025-03-20T07:20:00,2025-03-20T07:30:00,9,当日剩余,5015.0376323047967,2492.9179333333332,4827.1999999999998,2609.7375000000002,2522.1196989714635,2217.4624999999996
2025-03-20,2025-03-20T06:00:00,6,2025-03-20T07:30:00,2025-03-20T07:40:00,10,当日剩余,4676.8269323047971,2799.0898666666662,4578.1559999999999,2894.0147999999999,1877.7370656381308,1684.1412
2025-03-20,2025-03-20T06:00:00,6,2025-03-20T07:40:00,2025-03-20T07:50:00,11,当日剩余,5428.5417323047968,3105.2617999999998,5187.0367999999999,3179.5684000000001,2323.279932304797,2007.4683999999997
2025-03-20,2025-03-20T06:00:00,6,2025-03-20T07:50:00,2025-03-20T08:00:00,12,当日剩余,6753.9376323047973,3411.4337333333333,6405.5900000000001,3476.5124999999998,3342.503898971464,2929.0775000000003
2025-03-20,2025-03-20T06:00:00,6,2025-03-20T08:00:00,2025-03-20T08:10:00,13,当日剩余,6543.7798323047973,3722.8197083333334,6658.0486000000001,3761.2255,2820.960123971464,2896.8231
2025-03-20,2025-03-20T06:00:00,6,2025-03-20T08:10:00,2025-03-20T08:20:00,14,当日剩余,6232.5174323047968,4039.4197249999997,6606.6000999999997,3976.3717000000001,2193.097707304797,2630.2283999999995
2025-03-20,2025-03-20T06:00:00,6,2025-03-20T08:20:00,2025-03-20T08:30:00,15,当日剩余,6479.0576323047972,4356.019741666667,6687.2700000000004,4220.3249999999998,2123.03789063813,2466.9450000000006
2025-03-20,2025-03-20T06:00:00,6,2025-03-20T08:30:00,2025-03-20T08:40:00,16,当日剩余,6508.8150323047967,4672.6197583333333,6649.7759999999998,4653.7429000000002,1836.1952739714634,1996.0330999999996
2025-03-20,2025-03-20T06:00:00,6,2025-03-20T08:40:00,2025-03-20T08:50:00,17,当日剩余,6549.7449323047967,4989.2197750000005,6705.5334999999995,5037.5027,1560.5251573047963,1668.0307999999995
2025-03-20,2025-03-20T06:00:00,6,2025-03-20T08:50:00,2025-03-20T09:00:00,18,当日剩余,6664.0276323047974,5305.8197916666668,6757.8100000000004,5180.8874999999998,1358.2078406381306,1576.9225000000006
2025-03-20,2025-03-20T06:00:00,6,2025-03-20T09:00:00,2025-03-20T09:10:00,19,当日剩余,6599.2899323047968,5573.6285333333326,6494.2003999999997,5166.4978000000001,1025.6613989714642,1327.7025999999996
2025-03-20,2025-03-20T06:00:00,6,2025-03-20T09:10:00,2025-03-20T09:20:00,20,当日剩余,6571.4037323047969,5792.6460000000006,6436.4391999999998,5533.3289999999997,778.7577323047963,903.1102000000001
2025-03-20,2025-03-20T06:00:00,6,2025-03-20T09:20:00,2025-03-20T09:30:00,21,当日剩余,6612.757632304797,6011.6634666666669,6570.8500000000004,6107.7375000000002,601.0941656381301,463.1125000000002
2025-03-20,2025-03-20T06:00:00,6,2025-03-20T09:30:00,2025-03-20T09:40:00,22,当日剩余,6546.6144323047974,6230.6809333333331,6399.3635000000004,6182.7950000000001,315.93349897146436,216.5685000000003
2025-03-20,2025-03-20T06:00:00,6,2025-03-20T09:40:00,2025-03-20T09:50:00,23,当日剩余,6567.7421323047975,6449.6983999999993,6445.9300999999996,6198.3860000000004,118.04373230479814,247.54409999999916
2025-03-20,2025-03-20T06:00:00,6,2025-03-20T09:50:00,2025-03-20T10:00:00,24,当日剩余,6664.7776323047974,6668.7158666666664,6697.4300000000003,6426.1875,-3.9382343618690356,271.2425000000003
2025-03-20,2025-03-20T06:00:00,6,2025-03-20T10:00:00,2025-03-20T10:10:00,25,当日剩余,6613.1693323047966,6862.2905249999994,6577.9956000000002,6675.2480999999998,-249.1211926952028,-97.2524999999996
2025-03-20,2025-03-20T06:00:00,6,2025-03-20T10:10:00,2025-03-20T10:20:00,26,当日剩余,6537.3140323047974,7030.4223749999992,6445.2772000000004,6774.0039999999999,-493.1083426952018,-328.72679999999946
2025-03-20,2025-03-20T06:00:00,6,2025-03-20T10:20:00,2025-03-20T10:30:00,27,当日剩余,6475.927632304797,7198.5542249999999,6473.6099999999997,6879.0749999999998,-722.6265926952028,-405.46500000000015
2025-03-20,2025-03-20T06:00:00,6,2025-03-20T10:30:00,2025-03-20T10:40:00,28,当日剩余,6363.9733323047967,7366.6860749999996,6454.2353000000003,7268.5137000000004,-1002.7127426952029,-814.2784000000001
2025-03-20,2025-03-20T06:00:00,6,2025-03-20T10:40:00,2025-03-20T10:50:00,29,当日剩余,6411.9181323047969,7534.8179249999994,6352.3360000000002,7455.3554000000004,-1122.8997926952024,-1103.0194000000001
2025-03-20,2025-03-20T06:00:00,6,2025-03-20T10:50:00,2025-03-20T11:00:00,30,当日剩余,6572.3476323047971,7702.949775,6279.8999999999996,7263,-1130.602142695203,-983.1000000000004
2025-03-20,2025-03-20T06:00:00,6,2025-03-20T11:00:00,2025-03-20T11:10:00,31,当日剩余,6547.4908323047966,7840.5271416666665,6362.0436,7021.6679000000004,-1293.0363093618698,-659.6243000000004
2025-03-20,2025-03-20T06:00:00,6,2025-03-20T11:10:00,2025-03-20T11:20:00,32,当日剩余,6358.2754323047966,7947.5500250000005,6393.8373000000001,7052.8842000000004,-1589.2745926952039,-659.0469000000003
2025-03-20,2025-03-20T06:00:00,6,2025-03-20T11:20:00,2025-03-20T11:30:00,33,当日剩余,6230.5276323047974,8054.5729083333335,6360.1000000000004,7317.5625,-1824.0452760285361,-957.4624999999996
2025-03-20,2025-03-20T06:00:00,6,2025-03-20T11:30:00,2025-03-20T11:40:00,34,当日剩余,6355.7170323047967,8161.5957916666666,6424.0276000000003,7505.6333000000004,-1805.87875936187,-1081.6057
2025-03-20,2025-03-20T06:00:00,6,2025-03-20T11:40:00,2025-03-20T11:50:00,35,当日剩余,6323.6069323047968,8268.6186750000015,6379.6216000000004,7635.0322999999999,-1945.0117426952047,-1255.4106999999995
2025-03-20,2025-03-20T06:00:00,6,2025-03-20T11:50:00,2025-03-20T12:00:00,36,当日剩余,6076.5676323047974,8375.6415583333328,6168.3199999999997,7818.4499999999998,-2299.0739260285354,-1650.13
2025-03-20,2025-03-20T06:00:00,6,2025-03-20T12:00:00,2025-03-20T12:10:00,37,当日剩余,5971.0846323047972,8447.6376833333343,5958.8116,8082.9395000000004,-2476.553051028537,-2124.1279000000004
2025-03-20,2025-03-20T06:00:00,6,2025-03-20T12:10:00,2025-03-20T12:20:00,38,当日剩余,6001.5345323047968,8484.6070500000005,5855.2299000000003,8090.5707000000002,-2483.0725176952037,-2235.3408
2025-03-20,2025-03-20T06:00:00,6,2025-03-20T12:20:00,2025-03-20T12:30:00,39,当日剩余,6041.4076323047966,8521.5764166666668,5883.6599999999999,7709.3625000000002,-2480.16878436187,-1825.7025000000003
2025-03-20,2025-03-20T06:00:00,6,2025-03-20T12:30:00,2025-03-20T12:40:00,40,当日剩余,6005.1747323047966,8558.545783333333,6006.2794000000004,7205.2560000000003,-2553.3710510285364,-1198.9766
2025-03-20,2025-03-20T06:00:00,6,2025-03-20T12:40:00,2025-03-20T12:50:00,41,当日剩余,6062.0401323047972,8595.5151499999993,6168.3548000000001,7206.9441999999999,-2533.475017695202,-1038.5893999999998
2025-03-20,2025-03-20T06:00:00,6,2025-03-20T12:50:00,2025-03-20T13:00:00,42,当日剩余,6252.8176323047974,8632.4845166666673,6351.3800000000001,7525.8000000000002,-2379.66688436187,-1174.42
2025-03-20,2025-03-20T06:00:00,6,2025-03-20T13:00:00,2025-03-20T13:10:00,43,当日剩余,6420.8216323047973,8571.1029583333329,6510.6216000000004,7339.0749999999998,-2150.2813260285357,-828.4533999999994
2025-03-20,2025-03-20T06:00:00,6,2025-03-20T13:10:00,2025-03-20T13:20:00,44,当日剩余,6401.1601323047971,8411.3704749999997,6358.8315000000002,6900.6337999999996,-2010.2103426952026,-541.8022999999994
2025-03-20,2025-03-20T06:00:00,6,2025-03-20T13:20:00,2025-03-20T13:30:00,45,当日剩余,6311.257632304797,8251.6379916666665,6039.3000000000002,6610.0124999999998,-1940.3803593618695,-570.7124999999996
2025-03-20,2025-03-20T06:00:00,6,2025-03-20T13:30:00,2025-03-20T13:40:00,46,当日剩余,6394.8592323047969,8091.9055083333333,6028.9848000000002,6642.1795000000002,-1697.0462760285363,-613.1947
2025-03-20,2025-03-20T06:00:00,6,2025-03-20T13:40:00,2025-03-20T13:50:00,47,当日剩余,6297.9449323047966,7932.1730250000001,6177.7812999999996,6806.5376999999999,-1634.2280926952035,-628.7564000000002
2025-03-20,2025-03-20T06:00:00,6,2025-03-20T13:50:00,2025-03-20T14:00:00,48,当日剩余,6104.717632304797,7772.4405416666668,6280.0200000000004,6799.9499999999998,-1667.7229093618698,-519.9299999999994
2025-03-20,2025-03-20T06:00:00,6,2025-03-20T14:00:00,2025-03-20T14:10:00,49,当日剩余,6253.0996323047966,7522.2174249999998,6283.4822999999997,6453.6136999999999,-1269.1177926952032,-170.1314000000002
2025-03-20,2025-03-20T06:00:00,6,2025-03-20T14:10:00,2025-03-20T14:20:00,50,当日剩余,6263.1047323047969,7181.5036749999999,6314.9120000000003,6203.5886,-918.398942695203,111.32340000000022
2025-03-20,2025-03-20T06:00:00,6,2025-03-20T14:20:00,2025-03-20T14:30:00,51,当日剩余,6107.6076323047973,6840.7899249999991,6352.79,6115.6875,-733.1822926952018,237.10249999999996
2025-03-20,2025-03-20T06:00:00,6,2025-03-20T14:30:00,2025-03-20T14:40:00,52,当日剩余,6252.6772323047971,6500.0761750000001,6259.4213,5837.6616000000004,-247.398942695203,421.7596999999996
2025-03-20,2025-03-20T06:00:00,6,2025-03-20T14:40:00,2025-03-20T14:50:00,53,当日剩余,6395.9729323047968,6159.3624250000003,6190.1145999999999,5431.9634999999998,236.61050730479656,758.1511
2025-03-20,2025-03-20T06:00:00,6,2025-03-20T14:50:00,2025-03-20T15:00:00,54,当日剩余,6356.9476323047966,5818.6486749999995,6156.6400000000003,5072.7749999999996,538.2989573047971,1083.8650000000007
2025-03-20,2025-03-20T06:00:00,6,2025-03-20T15:00:00,2025-03-20T15:10:00,55,当日剩余,6260.8902323047969,5466.9341333333323,6039.3658999999998,4855.4544999999998,793.9560989714646,1183.9114
2025-03-20,2025-03-20T06:00:00,6,2025-03-20T15:10:00,2025-03-20T15:20:00,56,当日剩余,6171.9704323047972,5104.2188000000006,6054.6788999999999,4561.8383000000003,1067.7516323047967,1492.8405999999995
2025-03-20,2025-03-20T06:00:00,6,2025-03-20T15:20:00,2025-03-20T15:30:00,57,当日剩余,6167.3976323047973,4741.5034666666661,6187.6800000000003,4146.8249999999998,1425.8941656381312,2040.8550000000005
2025-03-20,2025-03-20T06:00:00,6,2025-03-20T15:30:00,2025-03-20T15:40:00,58,当日剩余,6262.7919323047972,4378.7881333333335,6195.3720999999996,3778.6785,1884.0037989714638,2416.6935999999996
2025-03-20,2025-03-20T06:00:00,6,2025-03-20T15:40:00,2025-03-20T15:50:00,59,当日剩余,6124.1161323047972,4016.0727999999999,6186.1376,3471.4229,2108.0433323047973,2714.7147
2025-03-20,2025-03-20T06:00:00,6,2025-03-20T15:50:00,2025-03-20T16:00:00,60,当日剩余,5878.0776323047967,3653.3574666666668,6200.1700000000001,3156.2249999999999,2224.72016563813,3043.945
2025-03-20,2025-03-20T06:00:00,6,2025-03-20T16:00:00,2025-03-20T16:10:00,61,当日剩余,5991.8333323047973,3311.8341416666667,6153.3743000000004,2779.8049999999998,2679.9991906381306,3373.5693000000006
2025-03-20,2025-03-20T06:00:00,6,2025-03-20T16:10:00,2025-03-20T16:20:00,62,当日剩余,6117.1195323047968,2991.502825,6101.7592000000004,2507.3559,3125.616707304797,3594.4033000000004
2025-03-20,2025-03-20T06:00:00,6,2025-03-20T16:20:00,2025-03-20T16:30:00,63,当日剩余,6078.3076323047972,2671.1715083333329,6118.9499999999998,2334.4124999999999,3407.1361239714643,3784.5375
2025-03-20,2025-03-20T06:00:00,6,2025-03-20T16:30:00,2025-03-20T16:40:00,64,当日剩余,6049.6701323047973,2350.8401916666667,6209.4948999999997,2077.0816,3698.8299406381307,4132.4133
2025-03-20,2025-03-20T06:00:00,6,2025-03-20T16:40:00,2025-03-20T16:50:00,65,当日剩余,6076.2409323047968,2030.508875,6190.1989999999996,1733.8533,4045.732057304797,4456.3457
2025-03-20,2025-03-20T06:00:00,6,2025-03-20T16:50:00,2025-03-20T17:00:00,66,当日剩余,6194.4576323047968,1710.1775583333335,6102.1899999999996,1377.7125000000001,4484.280073971463,4724.477499999999
2025-03-20,2025-03-20T06:00:00,6,2025-03-20T17:00:00,2025-03-20T17:10:00,67,当日剩余,6365.6983323047971,1420.8442416666667,6143.2969000000003,1083.9022,4944.85409063813,5059.394700000001
2025-03-20,2025-03-20T06:00:00,6,2025-03-20T17:10:00,2025-03-20T17:20:00,68,当日剩余,6175.7062323047967,1162.5089250000001,6075.0133999999998,831.88229999999999,5013.197307304797,5243.1311
2025-03-20,2025-03-20T06:00:00,6,2025-03-20T17:20:00,2025-03-20T17:30:00,69,当日剩余,5941.1976323047966,904.17360833333316,6025.6800000000003,597.33749999999998,5037.024023971463,5428.342500000001
2025-03-20,2025-03-20T06:00:00,6,2025-03-20T17:30:00,2025-03-20T17:40:00,70,当日剩余,6258.5509323047972,645.83829166666658,6213.4416000000001,374.89710000000002,5612.71264063813,5838.5445
2025-03-20,2025-03-20T06:00:00,6,2025-03-20T17:40:00,2025-03-20T17:50:00,71,当日剩余,5641.5281323047966,387.50297499999999,5394.1467000000002,156.1276,5254.025157304796,5238.0191
2025-03-20,2025-03-20T06:00:00,6,2025-03-20T17:50:00,2025-03-20T18:00:00,72,当日剩余,4337.5876323047969,129.16765833333338,4094.1199999999999,0,4208.419973971463,4094.12
2025-03-20,2025-03-20T06:00:00,6,2025-03-20T18:00:00,2025-03-20T18:10:00,73,当日剩余,4182.3689323047975,0,4187.9836999999998,0,4182.368932304797,4187.9837
2025-03-20,2025-03-20T06:00:00,6,2025-03-20T18:10:00,2025-03-20T18:20:00,74,当日剩余,4353.1681323047969,0,4441.4267,5.5773999999999999,4353.168132304797,4435.8493
2025-03-20,2025-03-20T06:00:00,6,2025-03-20T18:20:00,2025-03-20T18:30:00,75,当日剩余,4307.1176323047966,0,4255.4499999999998,0,4307.117632304797,4255.45
2025-03-20,2025-03-20T06:00:00,6,2025-03-20T18:30:00,2025-03-20T18:40:00,76,当日剩余,4352.2279323047969,0,4286.5369000000001,0,4352.227932304797,4286.5369
2025-03-20,2025-03-20T06:00:00,6,2025-03-20T18:40:00,2025-03-20T18:50:00,77,当日剩余,4336.2743323047971,0,4470.2464,0.40039999999999998,4336.274332304797,4469.846
2025-03-20,2025-03-20T06:00:00,6,2025-03-20T18:50:00,2025-03-20T19:00:00,78,当日剩余,4286.8876323047971,0,4579.2399999999998,0,4286.887632304797,4579.24
2025-03-20,2025-03-20T06:00:00,6,2025-03-20T19:00:00,2025-03-20T19:10:00,79,当日剩余,4413.0127323047973,0,4480.3082000000004,0,4413.012732304797,4480.3082
2025-03-20,2025-03-20T06:00:00,6,2025-03-20T19:10:00,2025-03-20T19:20:00,80,当日剩余,4445.7331323047974,0,4285.5618000000004,0.028799999999999999,4445.733132304797,4285.533
2025-03-20,2025-03-20T06:00:00,6,2025-03-20T19:20:00,2025-03-20T19:30:00,81,当日剩余,4428.927632304797,0,4196.7799999999997,0,4428.927632304797,4196.78
2025-03-20,2025-03-20T06:00:00,6,2025-03-20T19:30:00,2025-03-20T19:40:00,82,当日剩余,4646.3038323047967,0,4330.8684000000003,0,4646.303832304797,4330.8684
2025-03-20,2025-03-20T06:00:00,6,2025-03-20T19:40:00,2025-03-20T19:50:00,83,当日剩余,4628.7186323047972,0,4370.9480999999996,0.0020999999999999999,4628.718632304797,4370.946
2025-03-20,2025-03-20T06:00:00,6,2025-03-20T19:50:00,2025-03-20T20:00:00,84,当日剩余,4403.5376323047967,0,4358.21,0,4403.537632304797,4358.21
2025-03-20,2025-03-20T06:00:00,6,2025-03-20T20:00:00,2025-03-20T20:10:00,85,当日剩余,4457.877232304797,0,4586.0191000000004,0,4457.877232304797,4586.0191
2025-03-20,2025-03-20T06:00:00,6,2025-03-20T20:10:00,2025-03-20T20:20:00,86,当日剩余,4387.720332304797,0,4523.6629000000003,0,4387.720332304797,4523.6629
2025-03-20,2025-03-20T06:00:00,6,2025-03-20T20:20:00,2025-03-20T20:30:00,87,当日剩余,4193.3376323047969,0,4215.3699999999999,0,4193.337632304797,4215.37
2025-03-20,2025-03-20T06:00:00,6,2025-03-20T20:30:00,2025-03-20T20:40:00,88,当日剩余,4325.8487323047966,0,4256.2469000000001,0,4325.848732304797,4256.2469
2025-03-20,2025-03-20T06:00:00,6,2025-03-20T20:40:00,2025-03-20T20:50:00,89,当日剩余,4510.0020323047966,0,4319.0159000000003,0,4510.002032304797,4319.0159
2025-03-20,2025-03-20T06:00:00,6,2025-03-20T20:50:00,2025-03-20T21:00:00,90,当日剩余,4482.8376323047969,0,4257.25,0,4482.837632304797,4257.25
2025-03-20,2025-03-20T06:00:00,6,2025-03-20T21:00:00,2025-03-20T21:10:00,91,当日剩余,4271.0322323047967,0,4290.2681000000002,0,4271.032232304797,4290.2681
2025-03-20,2025-03-20T06:00:00,6,2025-03-20T21:10:00,2025-03-20T21:20:00,92,当日剩余,4237.7573323047973,0,4418.7035999999998,0,4237.757332304797,4418.7036
2025-03-20,2025-03-20T06:00:00,6,2025-03-20T21:20:00,2025-03-20T21:30:00,93,当日剩余,4404.5476323047969,0,4553.6000000000004,0,4404.547632304797,4553.6
2025-03-20,2025-03-20T06:00:00,6,2025-03-20T21:30:00,2025-03-20T21:40:00,94,当日剩余,4388.6170323047972,0,4526.2528000000002,0,4388.617032304797,4526.2528
2025-03-20,2025-03-20T06:00:00,6,2025-03-20T21:40:00,2025-03-20T21:50:00,95,当日剩余,3911.3487323047971,0,4001.6251999999999,0,3911.348732304797,4001.6252
2025-03-20,2025-03-20T06:00:00,6,2025-03-20T21:50:00,2025-03-20T22:00:00,96,当日剩余,3344.5776323047971,0,3318.9400000000001,0,3344.577632304797,3318.94
2025-03-20,2025-03-20T06:00:00,6,2025-03-20T22:00:00,2025-03-20T22:10:00,97,当日剩余,3370.9681323047971,0,3233.4088000000002,0,3370.968132304797,3233.4088
2025-03-20,2025-03-20T06:00:00,6,2025-03-20T22:10:00,2025-03-20T22:20:00,98,当日剩余,3463.5642323047969,0,3319.971,0,3463.564232304797,3319.971
2025-03-20,2025-03-20T06:00:00,6,2025-03-20T22:20:00,2025-03-20T22:30:00,99,当日剩余,3379.5976323047971,0,3255.8400000000001,0,3379.597632304797,3255.84
2025-03-20,2025-03-20T06:00:00,6,2025-03-20T22:30:00,2025-03-20T22:40:00,100,当日剩余,3373.1206323047968,0,3144.1325999999999,0,3373.120632304797,3144.1326
2025-03-20,2025-03-20T06:00:00,6,2025-03-20T22:40:00,2025-03-20T22:50:00,101,当日剩余,3324.2883323047972,0,3161.8173999999999,0,3324.288332304797,3161.8174
2025-03-20,2025-03-20T06:00:00,6,2025-03-20T22:50:00,2025-03-20T23:00:00,102,当日剩余,3296.1276323047969,0,3296.4000000000001,0,3296.127632304797,3296.4
2025-03-20,2025-03-20T06:00:00,6,2025-03-20T23:00:00,2025-03-20T23:10:00,103,当日剩余,3486.3888323047972,0,3356.4081000000001,0,3486.3888323047972,3356.4081
2025-03-20,2025-03-20T06:00:00,6,2025-03-20T23:10:00,2025-03-20T23:20:00,104,当日剩余,3523.386932304797,0,3261.7676000000001,0,3523.386932304797,3261.7676
2025-03-20,2025-03-20T06:00:00,6,2025-03-20T23:20:00,2025-03-20T23:30:00,105,当日剩余,3416.4376323047968,0,3267.73,0,3416.437632304797,3267.73
2025-03-20,2025-03-20T06:00:00,6,2025-03-20T23:30:00,2025-03-20T23:40:00,106,当日剩余,3467.7233323047972,0,3604.076,0,3467.723332304797,3604.076
2025-03-20,2025-03-20T06:00:00,6,2025-03-20T23:40:00,2025-03-20T23:50:00,107,当日剩余,3088.0453323047968,0,3245.8690999999999,0,3088.045332304797,3245.8691
2025-03-20,2025-03-20T06:00:00,6,2025-03-20T23:50:00,2025-03-21T00:00:00,108,当日剩余,2438.277632304797,0,2401,0,2438.277632304797,2401.0
2025-03-20,2025-03-20T06:00:00,6,2025-03-21T00:00:00,2025-03-21T00:10:00,109,次日延续,2355.0261,0,2359.4277000000002,0,2355.0261,2359.4277
2025-03-20,2025-03-20T06:00:00,6,2025-03-21T00:10:00,2025-03-21T00:20:00,110,次日延续,2463.5880000000002,0,2565.8193000000001,0,2463.588,2565.8193
2025-03-20,2025-03-20T06:00:00,6,2025-03-21T00:20:00,2025-03-21T00:30:00,111,次日延续,2420.0799999999999,0,2575.2800000000002,0,2420.08,2575.28
2025-03-20,2025-03-20T06:00:00,6,2025-03-21T00:30:00,2025-03-21T00:40:00,112,次日延续,2293.8600999999999,0,2518.1559000000002,0,2293.8601,2518.1559
2025-03-20,2025-03-20T06:00:00,6,2025-03-21T00:40:00,2025-03-21T00:50:00,113,次日延续,2441.1752000000001,0,2469.2345,0,2441.1752,2469.2345
2025-03-20,2025-03-20T06:00:00,6,2025-03-21T00:50:00,2025-03-21T01:00:00,114,次日延续,2670.0999999999999,0,2452.1500000000001,0,2670.1,2452.15
2025-03-20,2025-03-20T06:00:00,6,2025-03-21T01:00:00,2025-03-21T01:10:00,115,次日延续,2440.6514000000002,0,2467.8811999999998,0,2440.6514,2467.8812
2025-03-20,2025-03-20T06:00:00,6,2025-03-21T01:10:00,2025-03-21T01:20:00,116,次日延续,2262.2015000000001,0,2545.8703999999998,0,2262.2015,2545.8704
2025-03-20,2025-03-20T06:00:00,6,2025-03-21T01:20:00,2025-03-21T01:30:00,117,次日延续,2385.7399999999998,0,2630.0999999999999,0,2385.74,2630.1
2025-03-20,2025-03-20T06:00:00,6,2025-03-21T01:30:00,2025-03-21T01:40:00,118,次日延续,2568.7867000000001,0,2613.0059999999999,0,2568.7867,2613.006
2025-03-20,2025-03-20T06:00:00,6,2025-03-21T01:40:00,2025-03-21T01:50:00,119,次日延续,2705.4254999999998,0,2552.2316000000001,0,2705.4255,2552.2316
2025-03-20,2025-03-20T06:00:00,6,2025-03-21T01:50:00,2025-03-21T02:00:00,120,次日延续,2740.46,0,2541.6900000000001,0,2740.46,2541.69
2025-03-20,2025-03-20T06:00:00,6,2025-03-21T02:00:00,2025-03-21T02:10:00,121,次日延续,2650.4787999999999,0,2619.4506000000001,0,2650.4788,2619.4506
2025-03-20,2025-03-20T06:00:00,6,2025-03-21T02:10:00,2025-03-21T02:20:00,122,次日延续,2497.5556999999999,0,2634.2617,0,2497.5557,2634.2617
2025-03-20,2025-03-20T06:00:00,6,2025-03-21T02:20:00,2025-03-21T02:30:00,123,次日延续,2398.5100000000002,0,2611.5300000000002,0,2398.51,2611.53
2025-03-20,2025-03-20T06:00:00,6,2025-03-21T02:30:00,2025-03-21T02:40:00,124,次日延续,2461.8607000000002,0,2720.1248999999998,0,2461.8607,2720.1249
2025-03-20,2025-03-20T06:00:00,6,2025-03-21T02:40:00,2025-03-21T02:50:00,125,次日延续,2628.4965999999999,0,2811.4735999999998,0,2628.4966,2811.4736
2025-03-20,2025-03-20T06:00:00,6,2025-03-21T02:50:00,2025-03-21T03:00:00,126,次日延续,2786.6599999999999,0,2755.1599999999999,0,2786.66,2755.16
2025-03-20,2025-03-20T06:00:00,6,2025-03-21T03:00:00,2025-03-21T03:10:00,127,次日延续,2826.0189999999998,0,2585.9171000000001,0,2826.019,2585.9171
2025-03-20,2025-03-20T06:00:00,6,2025-03-21T03:10:00,2025-03-21T03:20:00,128,次日延续,2690.3323999999998,0,2583.1026000000002,0,2690.3324,2583.1026
2025-03-20,2025-03-20T06:00:00,6,2025-03-21T03:20:00,2025-03-21T03:30:00,129,次日延续,2494.0300000000002,0,2720.8200000000002,0,2494.03,2720.82
2025-03-20,2025-03-20T06:00:00,6,2025-03-21T03:30:00,2025-03-21T03:40:00,130,次日延续,2451.2289000000001,0,2717.5963000000002,0,2451.2289,2717.5963
2025-03-20,2025-03-20T06:00:00,6,2025-03-21T03:40:00,2025-03-21T03:50:00,131,次日延续,2546.5796999999998,0,2719.3215,0,2546.5797,2719.3215
2025-03-20,2025-03-20T06:00:00,6,2025-03-21T03:50:00,2025-03-21T04:00:00,132,次日延续,2703.9499999999998,0,2719.4099999999999,0,2703.95,2719.41
2025-03-20,2025-03-20T06:00:00,6,2025-03-21T04:00:00,2025-03-21T04:10:00,133,次日延续,2822.8701999999998,0,2572.9256,0.0023,2822.8702,2572.9233
2025-03-20,2025-03-20T06:00:00,6,2025-03-21T04:10:00,2025-03-21T04:20:00,134,次日延续,2729.0151000000001,0,2612.2860000000001,0,2729.0151,2612.286
2025-03-20,2025-03-20T06:00:00,6,2025-03-21T04:20:00,2025-03-21T04:30:00,135,次日延续,2610.3000000000002,0,2778.6799999999998,0,2610.3,2778.68
2025-03-20,2025-03-20T06:00:00,6,2025-03-21T04:30:00,2025-03-21T04:40:00,136,次日延续,2825.5243999999998,0,2677.0324000000001,0.031800000000000002,2825.5244,2677.0006
2025-03-20,2025-03-20T06:00:00,6,2025-03-21T04:40:00,2025-03-21T04:50:00,137,次日延续,2917.3490999999999,0,2605.9780000000001,0,2917.3491,2605.978
2025-03-20,2025-03-20T06:00:00,6,2025-03-21T04:50:00,2025-03-21T05:00:00,138,次日延续,2745.0700000000002,0,2700.2600000000002,0,2745.07,2700.26
2025-03-20,2025-03-20T06:00:00,6,2025-03-21T05:00:00,2025-03-21T05:10:00,139,次日延续,2626.9212000000002,0,2777.9367999999999,0.44259999999999999,2626.9212,2777.4942
2025-03-20,2025-03-20T06:00:00,6,2025-03-21T05:10:00,2025-03-21T05:20:00,140,次日延续,2616.0362,0,2766.8966,0,2616.0362,2766.8966
2025-03-20,2025-03-20T06:00:00,6,2025-03-21T05:20:00,2025-03-21T05:30:00,141,次日延续,2660.75,0,2733.6700000000001,0,2660.75,2733.67
2025-03-20,2025-03-20T06:00:00,6,2025-03-21T05:30:00,2025-03-21T05:40:00,142,次日延续,2713.5169999999998,0,2794.5259999999998,6.1653000000000002,2713.517,2788.3606999999997
2025-03-20,2025-03-20T06:00:00,6,2025-03-21T05:40:00,2025-03-21T05:50:00,143,次日延续,2863.1842000000001,0,2839.1230999999998,0,2863.1842,2839.1231
2025-03-20,2025-03-20T06:00:00,6,2025-03-21T05:50:00,2025-03-21T06:00:00,144,次日延续,2980.29,0,2792.6100000000001,0,2980.29,2792.61
2025-03-20,2025-03-20T12:00:00,12,2025-03-20T12:00:00,2025-03-20T12:10:00,1,当日剩余,5961.625961536889,7802.0660583333329,5958.8116,8082.9395000000004,-1840.4400967964439,-2124.1279000000004
2025-03-20,2025-03-20T12:00:00,12,2025-03-20T12:10:00,2025-03-20T12:20:00,2,当日剩余,5992.0758615368886,7769.2981749999999,5855.2299000000003,8090.5707000000002,-1777.2223134631113,-2235.3408
2025-03-20,2025-03-20T12:00:00,12,2025-03-20T12:20:00,2025-03-20T12:30:00,3,当日剩余,6031.9489615368884,7736.530291666666,5883.6599999999999,7709.3625000000002,-1704.5813301297776,-1825.7025000000003
2025-03-20,2025-03-20T12:00:00,12,2025-03-20T12:30:00,2025-03-20T12:40:00,4,当日剩余,5995.7160615368884,7703.762408333334,6006.2794000000004,7205.2560000000003,-1708.0463467964455,-1198.9766
2025-03-20,2025-03-20T12:00:00,12,2025-03-20T12:40:00,2025-03-20T12:50:00,5,当日剩余,6052.581461536889,7670.9945250000001,6168.3548000000001,7206.9441999999999,-1618.413063463111,-1038.5893999999998
2025-03-20,2025-03-20T12:00:00,12,2025-03-20T12:50:00,2025-03-20T13:00:00,6,当日剩余,6243.3589615368892,7638.2266416666671,6351.3800000000001,7525.8000000000002,-1394.867680129778,-1174.42
2025-03-20,2025-03-20T12:00:00,12,2025-03-20T13:00:00,2025-03-20T13:10:00,7,当日剩余,6411.3629615368891,7560.7039500000001,6510.6216000000004,7339.0749999999998,-1149.340988463111,-828.4533999999994
2025-03-20,2025-03-20T12:00:00,12,2025-03-20T13:10:00,2025-03-20T13:20:00,8,当日剩余,6391.7014615368889,7438.4264499999999,6358.8315000000002,6900.6337999999996,-1046.724988463111,-541.8022999999994
2025-03-20,2025-03-20T12:00:00,12,2025-03-20T13:20:00,2025-03-20T13:30:00,9,当日剩余,6301.7989615368888,7316.1489499999998,6039.3000000000002,6610.0124999999998,-1014.349988463111,-570.7124999999996
2025-03-20,2025-03-20T12:00:00,12,2025-03-20T13:30:00,2025-03-20T13:40:00,10,当日剩余,6385.4005615368887,7193.8714500000006,6028.9848000000002,6642.1795000000002,-808.4708884631118,-613.1947
2025-03-20,2025-03-20T12:00:00,12,2025-03-20T13:40:00,2025-03-20T13:50:00,11,当日剩余,6288.4862615368884,7071.5939500000004,6177.7812999999996,6806.5376999999999,-783.107688463112,-628.7564000000002
2025-03-20,2025-03-20T12:00:00,12,2025-03-20T13:50:00,2025-03-20T14:00:00,12,当日剩余,6095.2589615368888,6949.3164500000003,6280.0200000000004,6799.9499999999998,-854.0574884631114,-519.9299999999994
2025-03-20,2025-03-20T12:00:00,12,2025-03-20T14:00:00,2025-03-20T14:10:00,13,当日剩余,6243.6409615368884,6747.9229750000004,6283.4822999999997,6453.6136999999999,-504.282013463112,-170.1314000000002
2025-03-20,2025-03-20T12:00:00,12,2025-03-20T14:10:00,2025-03-20T14:20:00,14,当日剩余,6253.6460615368887,6467.4135249999999,6314.9120000000003,6203.5886,-213.7674634631112,111.32340000000022
2025-03-20,2025-03-20T12:00:00,12,2025-03-20T14:20:00,2025-03-20T14:30:00,15,当日剩余,6098.1489615368891,6186.9040750000004,6352.79,6115.6875,-88.75511346311123,237.10249999999996
2025-03-20,2025-03-20T12:00:00,12,2025-03-20T14:30:00,2025-03-20T14:40:00,16,当日剩余,6243.218561536889,5906.3946249999999,6259.4213,5837.6616000000004,336.82393653688905,421.7596999999996
2025-03-20,2025-03-20T12:00:00,12,2025-03-20T14:40:00,2025-03-20T14:50:00,17,当日剩余,6386.5142615368886,5625.8851750000003,6190.1145999999999,5431.9634999999998,760.6290865368883,758.1511
2025-03-20,2025-03-20T12:00:00,12,2025-03-20T14:50:00,2025-03-20T15:00:00,18,当日剩余,6347.4889615368884,5345.3757249999999,6156.6400000000003,5072.7749999999996,1002.1132365368885,1083.8650000000007
2025-03-20,2025-03-20T12:00:00,12,2025-03-20T15:00:00,2025-03-20T15:10:00,19,当日剩余,6251.4315615368887,5042.7730833333335,6039.3658999999998,4855.4544999999998,1208.6584782035552,1183.9114
2025-03-20,2025-03-20T12:00:00,12,2025-03-20T15:10:00,2025-03-20T15:20:00,20,当日剩余,6162.511761536889,4718.0772500000003,6054.6788999999999,4561.8383000000003,1444.4345115368887,1492.8405999999995
2025-03-20,2025-03-20T12:00:00,12,2025-03-20T15:20:00,2025-03-20T15:30:00,21,当日剩余,6157.9389615368891,4393.3814166666671,6187.6800000000003,4146.8249999999998,1764.557544870222,2040.8550000000005
2025-03-20,2025-03-20T12:00:00,12,2025-03-20T15:30:00,2025-03-20T15:40:00,22,当日剩余,6253.333261536889,4068.6855833333329,6195.3720999999996,3778.6785,2184.647678203556,2416.6935999999996
2025-03-20,2025-03-20T12:00:00,12,2025-03-20T15:40:00,2025-03-20T15:50:00,23,当日剩余,6114.6574615368891,3743.9897499999997,6186.1376,3471.4229,2370.6677115368893,2714.7147
2025-03-20,2025-03-20T12:00:00,12,2025-03-20T15:50:00,2025-03-20T16:00:00,24,当日剩余,5868.6189615368885,3419.2939166666665,6200.1700000000001,3156.2249999999999,2449.325044870222,3043.945
2025-03-20,2025-03-20T12:00:00,12,2025-03-20T16:00:00,2025-03-20T16:10:00,25,当日剩余,5982.3746615368891,3101.8361333333328,6153.3743000000004,2779.8049999999998,2880.5385282035563,3373.5693000000006
2025-03-20,2025-03-20T12:00:00,12,2025-03-20T16:10:00,2025-03-20T16:20:00,26,当日剩余,6107.6608615368887,2791.6163999999999,6101.7592000000004,2507.3559,3316.044461536889,3594.4033000000004
2025-03-20,2025-03-20T12:00:00,12,2025-03-20T16:20:00,2025-03-20T16:30:00,27,当日剩余,6068.848961536889,2481.3966666666665,6118.9499999999998,2334.4124999999999,3587.4522948702224,3784.5375
2025-03-20,2025-03-20T12:00:00,12,2025-03-20T16:30:00,2025-03-20T16:40:00,28,当日剩余,6040.2114615368891,2171.1769333333332,6209.4948999999997,2077.0816,3869.034528203556,4132.4133
2025-03-20,2025-03-20T12:00:00,12,2025-03-20T16:40:00,2025-03-20T16:50:00,29,当日剩余,6066.7822615368887,1860.9572000000001,6190.1989999999996,1733.8533,4205.825061536889,4456.3457
2025-03-20,2025-03-20T12:00:00,12,2025-03-20T16:50:00,2025-03-20T17:00:00,30,当日剩余,6184.9989615368886,1550.7374666666667,6102.1899999999996,1377.7125000000001,4634.261494870222,4724.477499999999
2025-03-20,2025-03-20T12:00:00,12,2025-03-20T17:00:00,2025-03-20T17:10:00,31,当日剩余,6356.2396615368889,1279.3253,6143.2969000000003,1083.9022,5076.9143615368885,5059.394700000001
2025-03-20,2025-03-20T12:00:00,12,2025-03-20T17:10:00,2025-03-20T17:20:00,32,当日剩余,6166.2475615368885,1046.7207000000001,6075.0133999999998,831.88229999999999,5119.526861536889,5243.1311
2025-03-20,2025-03-20T12:00:00,12,2025-03-20T17:20:00,2025-03-20T17:30:00,33,当日剩余,5931.7389615368884,814.11609999999996,6025.6800000000003,597.33749999999998,5117.622861536888,5428.342500000001
2025-03-20,2025-03-20T12:00:00,12,2025-03-20T17:30:00,2025-03-20T17:40:00,34,当日剩余,6249.0922615368891,581.51149999999996,6213.4416000000001,374.89710000000002,5667.580761536889,5838.5445
2025-03-20,2025-03-20T12:00:00,12,2025-03-20T17:40:00,2025-03-20T17:50:00,35,当日剩余,5632.0694615368884,348.90690000000001,5394.1467000000002,156.1276,5283.1625615368885,5238.0191
2025-03-20,2025-03-20T12:00:00,12,2025-03-20T17:50:00,2025-03-20T18:00:00,36,当日剩余,4328.1289615368887,116.30230000000006,4094.1199999999999,0,4211.826661536888,4094.12
2025-03-20,2025-03-20T12:00:00,12,2025-03-20T18:00:00,2025-03-20T18:10:00,37,当日剩余,4172.9102615368893,0,4187.9836999999998,0,4172.910261536889,4187.9837
2025-03-20,2025-03-20T12:00:00,12,2025-03-20T18:10:00,2025-03-20T18:20:00,38,当日剩余,4343.7094615368887,0,4441.4267,5.5773999999999999,4343.709461536889,4435.8493
2025-03-20,2025-03-20T12:00:00,12,2025-03-20T18:20:00,2025-03-20T18:30:00,39,当日剩余,4297.6589615368885,0,4255.4499999999998,0,4297.6589615368885,4255.45
2025-03-20,2025-03-20T12:00:00,12,2025-03-20T18:30:00,2025-03-20T18:40:00,40,当日剩余,4342.7692615368887,0,4286.5369000000001,0,4342.769261536889,4286.5369
2025-03-20,2025-03-20T12:00:00,12,2025-03-20T18:40:00,2025-03-20T18:50:00,41,当日剩余,4326.8156615368889,0,4470.2464,0.40039999999999998,4326.815661536889,4469.846
2025-03-20,2025-03-20T12:00:00,12,2025-03-20T18:50:00,2025-03-20T19:00:00,42,当日剩余,4277.4289615368889,0,4579.2399999999998,0,4277.428961536889,4579.24
2025-03-20,2025-03-20T12:00:00,12,2025-03-20T19:00:00,2025-03-20T19:10:00,43,当日剩余,4403.5540615368891,0,4480.3082000000004,0,4403.554061536889,4480.3082
2025-03-20,2025-03-20T12:00:00,12,2025-03-20T19:10:00,2025-03-20T19:20:00,44,当日剩余,4436.2744615368892,0,4285.5618000000004,0.028799999999999999,4436.274461536889,4285.533
2025-03-20,2025-03-20T12:00:00,12,2025-03-20T19:20:00,2025-03-20T19:30:00,45,当日剩余,4419.4689615368889,0,4196.7799999999997,0,4419.468961536889,4196.78
2025-03-20,2025-03-20T12:00:00,12,2025-03-20T19:30:00,2025-03-20T19:40:00,46,当日剩余,4636.8451615368886,0,4330.8684000000003,0,4636.845161536889,4330.8684
2025-03-20,2025-03-20T12:00:00,12,2025-03-20T19:40:00,2025-03-20T19:50:00,47,当日剩余,4619.259961536889,0,4370.9480999999996,0.0020999999999999999,4619.259961536889,4370.946
2025-03-20,2025-03-20T12:00:00,12,2025-03-20T19:50:00,2025-03-20T20:00:00,48,当日剩余,4394.0789615368885,0,4358.21,0,4394.0789615368885,4358.21
2025-03-20,2025-03-20T12:00:00,12,2025-03-20T20:00:00,2025-03-20T20:10:00,49,当日剩余,4448.4185615368888,0,4586.0191000000004,0,4448.418561536889,4586.0191
2025-03-20,2025-03-20T12:00:00,12,2025-03-20T20:10:00,2025-03-20T20:20:00,50,当日剩余,4378.2616615368888,0,4523.6629000000003,0,4378.261661536889,4523.6629
2025-03-20,2025-03-20T12:00:00,12,2025-03-20T20:20:00,2025-03-20T20:30:00,51,当日剩余,4183.8789615368887,0,4215.3699999999999,0,4183.878961536889,4215.37
2025-03-20,2025-03-20T12:00:00,12,2025-03-20T20:30:00,2025-03-20T20:40:00,52,当日剩余,4316.3900615368884,0,4256.2469000000001,0,4316.390061536888,4256.2469
2025-03-20,2025-03-20T12:00:00,12,2025-03-20T20:40:00,2025-03-20T20:50:00,53,当日剩余,4500.5433615368884,0,4319.0159000000003,0,4500.543361536888,4319.0159
2025-03-20,2025-03-20T12:00:00,12,2025-03-20T20:50:00,2025-03-20T21:00:00,54,当日剩余,4473.3789615368887,0,4257.25,0,4473.378961536889,4257.25
2025-03-20,2025-03-20T12:00:00,12,2025-03-20T21:00:00,2025-03-20T21:10:00,55,当日剩余,4261.5735615368885,0,4290.2681000000002,0,4261.5735615368885,4290.2681
2025-03-20,2025-03-20T12:00:00,12,2025-03-20T21:10:00,2025-03-20T21:20:00,56,当日剩余,4228.2986615368891,0,4418.7035999999998,0,4228.298661536889,4418.7036
2025-03-20,2025-03-20T12:00:00,12,2025-03-20T21:20:00,2025-03-20T21:30:00,57,当日剩余,4395.0889615368887,0,4553.6000000000004,0,4395.088961536889,4553.6
2025-03-20,2025-03-20T12:00:00,12,2025-03-20T21:30:00,2025-03-20T21:40:00,58,当日剩余,4379.1583615368891,0,4526.2528000000002,0,4379.158361536889,4526.2528
2025-03-20,2025-03-20T12:00:00,12,2025-03-20T21:40:00,2025-03-20T21:50:00,59,当日剩余,3901.8900615368884,0,4001.6251999999999,0,3901.8900615368884,4001.6252
2025-03-20,2025-03-20T12:00:00,12,2025-03-20T21:50:00,2025-03-20T22:00:00,60,当日剩余,3335.1189615368885,0,3318.9400000000001,0,3335.1189615368885,3318.94
2025-03-20,2025-03-20T12:00:00,12,2025-03-20T22:00:00,2025-03-20T22:10:00,61,当日剩余,3361.5094615368885,0,3233.4088000000002,0,3361.5094615368885,3233.4088
2025-03-20,2025-03-20T12:00:00,12,2025-03-20T22:10:00,2025-03-20T22:20:00,62,当日剩余,3454.1055615368882,0,3319.971,0,3454.105561536888,3319.971
2025-03-20,2025-03-20T12:00:00,12,2025-03-20T22:20:00,2025-03-20T22:30:00,63,当日剩余,3370.1389615368885,0,3255.8400000000001,0,3370.1389615368885,3255.84
2025-03-20,2025-03-20T12:00:00,12,2025-03-20T22:30:00,2025-03-20T22:40:00,64,当日剩余,3363.6619615368882,0,3144.1325999999999,0,3363.661961536888,3144.1326
2025-03-20,2025-03-20T12:00:00,12,2025-03-20T22:40:00,2025-03-20T22:50:00,65,当日剩余,3314.8296615368886,0,3161.8173999999999,0,3314.8296615368886,3161.8174
2025-03-20,2025-03-20T12:00:00,12,2025-03-20T22:50:00,2025-03-20T23:00:00,66,当日剩余,3286.6689615368882,0,3296.4000000000001,0,3286.668961536888,3296.4
2025-03-20,2025-03-20T12:00:00,12,2025-03-20T23:00:00,2025-03-20T23:10:00,67,当日剩余,3476.9301615368886,0,3356.4081000000001,0,3476.9301615368886,3356.4081
2025-03-20,2025-03-20T12:00:00,12,2025-03-20T23:10:00,2025-03-20T23:20:00,68,当日剩余,3513.9282615368884,0,3261.7676000000001,0,3513.9282615368884,3261.7676
2025-03-20,2025-03-20T12:00:00,12,2025-03-20T23:20:00,2025-03-20T23:30:00,69,当日剩余,3406.9789615368882,0,3267.73,0,3406.978961536888,3267.73
2025-03-20,2025-03-20T12:00:00,12,2025-03-20T23:30:00,2025-03-20T23:40:00,70,当日剩余,3458.2646615368885,0,3604.076,0,3458.2646615368885,3604.076
2025-03-20,2025-03-20T12:00:00,12,2025-03-20T23:40:00,2025-03-20T23:50:00,71,当日剩余,3078.5866615368882,0,3245.8690999999999,0,3078.586661536888,3245.8691
2025-03-20,2025-03-20T12:00:00,12,2025-03-20T23:50:00,2025-03-21T00:00:00,72,当日剩余,2428.8189615368883,0,2401,0,2428.8189615368883,2401.0
2025-03-20,2025-03-20T12:00:00,12,2025-03-21T00:00:00,2025-03-21T00:10:00,73,次日延续,2355.0261,0,2359.4277000000002,0,2355.0261,2359.4277
2025-03-20,2025-03-20T12:00:00,12,2025-03-21T00:10:00,2025-03-21T00:20:00,74,次日延续,2463.5880000000002,0,2565.8193000000001,0,2463.588,2565.8193
2025-03-20,2025-03-20T12:00:00,12,2025-03-21T00:20:00,2025-03-21T00:30:00,75,次日延续,2420.0799999999999,0,2575.2800000000002,0,2420.08,2575.28
2025-03-20,2025-03-20T12:00:00,12,2025-03-21T00:30:00,2025-03-21T00:40:00,76,次日延续,2293.8600999999999,0,2518.1559000000002,0,2293.8601,2518.1559
2025-03-20,2025-03-20T12:00:00,12,2025-03-21T00:40:00,2025-03-21T00:50:00,77,次日延续,2441.1752000000001,0,2469.2345,0,2441.1752,2469.2345
2025-03-20,2025-03-20T12:00:00,12,2025-03-21T00:50:00,2025-03-21T01:00:00,78,次日延续,2670.0999999999999,0,2452.1500000000001,0,2670.1,2452.15
2025-03-20,2025-03-20T12:00:00,12,2025-03-21T01:00:00,2025-03-21T01:10:00,79,次日延续,2440.6514000000002,0,2467.8811999999998,0,2440.6514,2467.8812
2025-03-20,2025-03-20T12:00:00,12,2025-03-21T01:10:00,2025-03-21T01:20:00,80,次日延续,2262.2015000000001,0,2545.8703999999998,0,2262.2015,2545.8704
2025-03-20,2025-03-20T12:00:00,12,2025-03-21T01:20:00,2025-03-21T01:30:00,81,次日延续,2385.7399999999998,0,2630.0999999999999,0,2385.74,2630.1
2025-03-20,2025-03-20T12:00:00,12,2025-03-21T01:30:00,2025-03-21T01:40:00,82,次日延续,2568.7867000000001,0,2613.0059999999999,0,2568.7867,2613.006
2025-03-20,2025-03-20T12:00:00,12,2025-03-21T01:40:00,2025-03-21T01:50:00,83,次日延续,2705.4254999999998,0,2552.2316000000001,0,2705.4255,2552.2316
2025-03-20,2025-03-20T12:00:00,12,2025-03-21T01:50:00,2025-03-21T02:00:00,84,次日延续,2740.46,0,2541.6900000000001,0,2740.46,2541.69
2025-03-20,2025-03-20T12:00:00,12,2025-03-21T02:00:00,2025-03-21T02:10:00,85,次日延续,2650.4787999999999,0,2619.4506000000001,0,2650.4788,2619.4506
2025-03-20,2025-03-20T12:00:00,12,2025-03-21T02:10:00,2025-03-21T02:20:00,86,次日延续,2497.5556999999999,0,2634.2617,0,2497.5557,2634.2617
2025-03-20,2025-03-20T12:00:00,12,2025-03-21T02:20:00,2025-03-21T02:30:00,87,次日延续,2398.5100000000002,0,2611.5300000000002,0,2398.51,2611.53
2025-03-20,2025-03-20T12:00:00,12,2025-03-21T02:30:00,2025-03-21T02:40:00,88,次日延续,2461.8607000000002,0,2720.1248999999998,0,2461.8607,2720.1249
2025-03-20,2025-03-20T12:00:00,12,2025-03-21T02:40:00,2025-03-21T02:50:00,89,次日延续,2628.4965999999999,0,2811.4735999999998,0,2628.4966,2811.4736
2025-03-20,2025-03-20T12:00:00,12,2025-03-21T02:50:00,2025-03-21T03:00:00,90,次日延续,2786.6599999999999,0,2755.1599999999999,0,2786.66,2755.16
2025-03-20,2025-03-20T12:00:00,12,2025-03-21T03:00:00,2025-03-21T03:10:00,91,次日延续,2826.0189999999998,0,2585.9171000000001,0,2826.019,2585.9171
2025-03-20,2025-03-20T12:00:00,12,2025-03-21T03:10:00,2025-03-21T03:20:00,92,次日延续,2690.3323999999998,0,2583.1026000000002,0,2690.3324,2583.1026
2025-03-20,2025-03-20T12:00:00,12,2025-03-21T03:20:00,2025-03-21T03:30:00,93,次日延续,2494.0300000000002,0,2720.8200000000002,0,2494.03,2720.82
2025-03-20,2025-03-20T12:00:00,12,2025-03-21T03:30:00,2025-03-21T03:40:00,94,次日延续,2451.2289000000001,0,2717.5963000000002,0,2451.2289,2717.5963
2025-03-20,2025-03-20T12:00:00,12,2025-03-21T03:40:00,2025-03-21T03:50:00,95,次日延续,2546.5796999999998,0,2719.3215,0,2546.5797,2719.3215
2025-03-20,2025-03-20T12:00:00,12,2025-03-21T03:50:00,2025-03-21T04:00:00,96,次日延续,2703.9499999999998,0,2719.4099999999999,0,2703.95,2719.41
2025-03-20,2025-03-20T12:00:00,12,2025-03-21T04:00:00,2025-03-21T04:10:00,97,次日延续,2822.8701999999998,0,2572.9256,0.0023,2822.8702,2572.9233
2025-03-20,2025-03-20T12:00:00,12,2025-03-21T04:10:00,2025-03-21T04:20:00,98,次日延续,2729.0151000000001,0,2612.2860000000001,0,2729.0151,2612.286
2025-03-20,2025-03-20T12:00:00,12,2025-03-21T04:20:00,2025-03-21T04:30:00,99,次日延续,2610.3000000000002,0,2778.6799999999998,0,2610.3,2778.68
2025-03-20,2025-03-20T12:00:00,12,2025-03-21T04:30:00,2025-03-21T04:40:00,100,次日延续,2825.5243999999998,0,2677.0324000000001,0.031800000000000002,2825.5244,2677.0006
2025-03-20,2025-03-20T12:00:00,12,2025-03-21T04:40:00,2025-03-21T04:50:00,101,次日延续,2917.3490999999999,0,2605.9780000000001,0,2917.3491,2605.978
2025-03-20,2025-03-20T12:00:00,12,2025-03-21T04:50:00,2025-03-21T05:00:00,102,次日延续,2745.0700000000002,0,2700.2600000000002,0,2745.07,2700.26
2025-03-20,2025-03-20T12:00:00,12,2025-03-21T05:00:00,2025-03-21T05:10:00,103,次日延续,2626.9212000000002,0,2777.9367999999999,0.44259999999999999,2626.9212,2777.4942
2025-03-20,2025-03-20T12:00:00,12,2025-03-21T05:10:00,2025-03-21T05:20:00,104,次日延续,2616.0362,0,2766.8966,0,2616.0362,2766.8966
2025-03-20,2025-03-20T12:00:00,12,2025-03-21T05:20:00,2025-03-21T05:30:00,105,次日延续,2660.75,0,2733.6700000000001,0,2660.75,2733.67
2025-03-20,2025-03-20T12:00:00,12,2025-03-21T05:30:00,2025-03-21T05:40:00,106,次日延续,2713.5169999999998,0,2794.5259999999998,6.1653000000000002,2713.517,2788.3606999999997
2025-03-20,2025-03-20T12:00:00,12,2025-03-21T05:40:00,2025-03-21T05:50:00,107,次日延续,2863.1842000000001,0,2839.1230999999998,0,2863.1842,2839.1231
2025-03-20,2025-03-20T12:00:00,12,2025-03-21T05:50:00,2025-03-21T06:00:00,108,次日延续,2980.29,0,2792.6100000000001,0,2980.29,2792.61
2025-03-20,2025-03-20T12:00:00,12,2025-03-21T06:00:00,2025-03-21T06:10:00,109,次日延续,2821.0214999999998,119.80301666666665,2696.9196000000002,171.8382,2701.218483333333,2525.0814
2025-03-20,2025-03-20T12:00:00,12,2025-03-21T06:10:00,2025-03-21T06:20:00,110,次日延续,2680.4994999999999,359.40904999999998,2681.3328000000001,409.23910000000001,2321.0904499999997,2272.0937000000004
2025-03-20,2025-03-20T12:00:00,12,2025-03-21T06:20:00,2025-03-21T06:30:00,111,次日延续,2656.3000000000002,599.01508333333334,2748.23,661.64999999999998,2057.284916666667,2086.58
2025-03-20,2025-03-20T12:00:00,12,2025-03-21T06:30:00,2025-03-21T06:40:00,112,次日延续,2617.9598000000001,838.62111666666669,2815.9656,951.97550000000001,1779.3386833333334,1863.9901
2025-03-20,2025-03-20T12:00:00,12,2025-03-21T06:40:00,2025-03-21T06:50:00,113,次日延续,2841.8723,1078.2271499999999,3041.6208000000001,1226.6013,1763.64515,1815.0195
2025-03-20,2025-03-20T12:00:00,12,2025-03-21T06:50:00,2025-03-21T07:00:00,114,次日延续,3227.25,1317.8331833333332,3279.1300000000001,1515.1500000000001,1909.4168166666668,1763.98
2025-03-20,2025-03-20T12:00:00,12,2025-03-21T07:00:00,2025-03-21T07:10:00,115,次日延续,3328.2449999999999,1658.9524416666663,3206.7424000000001,1898.9358,1669.2925583333335,1307.8066000000001
2025-03-20,2025-03-20T12:00:00,12,2025-03-21T07:10:00,2025-03-21T07:20:00,116,次日延续,3245.6064999999999,2101.5849250000001,3231.8696,2260.5976999999998,1144.0215749999998,971.2719000000002
2025-03-20,2025-03-20T12:00:00,12,2025-03-21T07:20:00,2025-03-21T07:30:00,117,次日延续,3143.1900000000001,2544.217408333333,3358.9200000000001,2617.2375000000002,598.9725916666671,741.6824999999999
2025-03-20,2025-03-20T12:00:00,12,2025-03-21T07:30:00,2025-03-21T07:40:00,118,次日延续,3101.7813999999998,2986.8498916666667,3200.0880999999999,3103.8497000000002,114.93150833333311,96.23839999999973
2025-03-20,2025-03-20T12:00:00,12,2025-03-21T07:40:00,2025-03-21T07:50:00,119,次日延续,3177.0228999999999,3429.4823749999996,3133.1293000000001,3588.4582,-252.45947499999966,-455.3289
2025-03-20,2025-03-20T12:00:00,12,2025-03-21T07:50:00,2025-03-21T08:00:00,120,次日延续,3231.54,3872.1148583333329,3215.5,3927.9000000000001,-640.5748583333329,-712.4000000000001
2025-03-20,2025-03-20T12:00:00,12,2025-03-21T08:00:00,2025-03-21T08:10:00,121,次日延续,3075.1332000000002,4145.1464499999993,3147.9488000000001,4106.8510999999999,-1070.013249999999,-958.9022999999997
2025-03-20,2025-03-20T12:00:00,12,2025-03-21T08:10:00,2025-03-21T08:20:00,122,次日延续,3038.7440000000001,4248.5771500000001,3249.8114999999998,4377.1544000000004,-1209.83315,-1127.3429000000006
2025-03-20,2025-03-20T12:00:00,12,2025-03-21T08:20:00,2025-03-21T08:30:00,123,次日延续,3177.2800000000002,4352.00785,3381.0900000000001,4742.3249999999998,-1174.7278499999998,-1361.2349999999997
2025-03-20,2025-03-20T12:00:00,12,2025-03-21T08:30:00,2025-03-21T08:40:00,124,次日延续,3263.3667999999998,4455.4385499999999,3110.6884,4984.6423999999997,-1192.07175,-1873.9539999999997
2025-03-20,2025-03-20T12:00:00,12,2025-03-21T08:40:00,2025-03-21T08:50:00,125,次日延续,3553.7361999999998,4558.8692499999997,3266.6514999999999,5246.2460000000001,-1005.1330499999999,-1979.5945000000002
2025-03-20,2025-03-20T12:00:00,12,2025-03-21T08:50:00,2025-03-21T09:00:00,126,次日延续,3968.9899999999998,4662.2999499999996,3743.54,5463.7124999999996,-693.3099499999998,-1720.1724999999997
2025-03-20,2025-03-20T12:00:00,12,2025-03-21T09:00:00,2025-03-21T09:10:00,127,次日延续,4085.7179999999998,4762.6983499999997,3624.7818000000002,5427.3137999999999,-676.9803499999998,-1802.5319999999997
2025-03-20,2025-03-20T12:00:00,12,2025-03-21T09:10:00,2025-03-21T09:20:00,128,次日延续,3952.3964999999998,4860.0644499999999,3715.4944999999998,5520.1117000000004,-907.66795,-1804.6172000000006
2025-03-20,2025-03-20T12:00:00,12,2025-03-21T09:20:00,2025-03-21T09:30:00,129,次日延续,3771.46,4957.43055,4034.3899999999999,5868.8999999999996,-1185.97055,-1834.5099999999998
2025-03-20,2025-03-20T12:00:00,12,2025-03-21T09:30:00,2025-03-21T09:40:00,130,次日延续,3702.3110000000001,5054.7966500000002,3748.4692,6229.5056999999997,-1352.48565,-2481.0364999999997
2025-03-20,2025-03-20T12:00:00,12,2025-03-21T09:40:00,2025-03-21T09:50:00,131,次日延续,3620.0681,5152.1627500000004,3509.4391999999998,6507.1409999999996,-1532.0946500000005,-2997.7018
2025-03-20,2025-03-20T12:00:00,12,2025-03-21T09:50:00,2025-03-21T10:00:00,132,次日延续,3590.0999999999999,5249.5288500000006,3650.0300000000002,6699.9750000000004,-1659.4288500000007,-3049.945
2025-03-20,2025-03-20T12:00:00,12,2025-03-21T10:00:00,2025-03-21T10:10:00,133,次日延续,3794.8523,5347.9807666666675,3833.0174000000002,6866.1957000000002,-1553.1284666666675,-3033.1783
2025-03-20,2025-03-20T12:00:00,12,2025-03-21T10:10:00,2025-03-21T10:20:00,134,次日延续,3860.0682000000002,5447.5185000000001,3863.5355,7096.4314000000004,-1587.4503,-3232.8959000000004
2025-03-20,2025-03-20T12:00:00,12,2025-03-21T10:20:00,2025-03-21T10:30:00,135,次日延续,3761.5300000000002,5547.0562333333328,3759.9000000000001,7418.0249999999996,-1785.5262333333326,-3658.1249999999995
2025-03-20,2025-03-20T12:00:00,12,2025-03-21T10:30:00,2025-03-21T10:40:00,136,次日延续,3812.5493999999999,5646.5939666666663,3703.6641,7773.0483000000004,-1834.0445666666665,-4069.3842000000004
2025-03-20,2025-03-20T12:00:00,12,2025-03-21T10:40:00,2025-03-21T10:50:00,137,次日延续,3729.6298999999999,5746.1316999999999,3835.8184999999999,8046.8652000000002,-2016.5018,-4211.046700000001
2025-03-20,2025-03-20T12:00:00,12,2025-03-21T10:50:00,2025-03-21T11:00:00,138,次日延续,3562.3200000000002,5845.6694333333326,3965.1100000000001,8135.1750000000002,-2283.3494333333324,-4170.0650000000005
2025-03-20,2025-03-20T12:00:00,12,2025-03-21T11:00:00,2025-03-21T11:10:00,139,次日延续,3683.6567,5829.5612833333325,3774.8146000000002,8070.6472000000003,-2145.9045833333325,-4295.8326
2025-03-20,2025-03-20T12:00:00,12,2025-03-21T11:10:00,2025-03-21T11:20:00,140,次日延续,3821.2863000000002,5697.8072499999998,3704.2487000000001,8308.2366000000002,-1876.5209499999996,-4603.9879
2025-03-20,2025-03-20T12:00:00,12,2025-03-21T11:20:00,2025-03-21T11:30:00,141,次日延续,3792.5700000000002,5566.0532166666662,3861.4899999999998,8710.7250000000004,-1773.483216666666,-4849.235000000001
2025-03-20,2025-03-20T12:00:00,12,2025-03-21T11:30:00,2025-03-21T11:40:00,142,次日延续,3687.9297000000001,5434.2991833333335,3906.7627000000002,8710.8243000000002,-1746.3694833333334,-4804.0616
2025-03-20,2025-03-20T12:00:00,12,2025-03-21T11:40:00,2025-03-21T11:50:00,143,次日延续,3657.3204000000001,5302.5451499999999,3809.3094999999998,8778.2381000000005,-1645.2247499999999,-4968.928600000001
2025-03-20,2025-03-20T12:00:00,12,2025-03-21T11:50:00,2025-03-21T12:00:00,144,次日延续,3702.98,5170.7911166666672,3743.3099999999999,8906.5125000000007,-1467.8111166666672,-5163.202500000001
2025-03-20,2025-03-20T18:00:00,18,2025-03-20T18:00:00,2025-03-20T18:10:00,1,当日剩余,4175.3928976969783,0,4187.9836999999998,0,4175.392897696978,4187.9837
2025-03-20,2025-03-20T18:00:00,18,2025-03-20T18:10:00,2025-03-20T18:20:00,2,当日剩余,4346.1920976969777,0,4441.4267,5.5773999999999999,4346.192097696978,4435.8493
2025-03-20,2025-03-20T18:00:00,18,2025-03-20T18:20:00,2025-03-20T18:30:00,3,当日剩余,4300.1415976969774,0,4255.4499999999998,0,4300.141597696977,4255.45
2025-03-20,2025-03-20T18:00:00,18,2025-03-20T18:30:00,2025-03-20T18:40:00,4,当日剩余,4345.2518976969777,0,4286.5369000000001,0,4345.251897696978,4286.5369
2025-03-20,2025-03-20T18:00:00,18,2025-03-20T18:40:00,2025-03-20T18:50:00,5,当日剩余,4329.2982976969779,0,4470.2464,0.40039999999999998,4329.298297696978,4469.846
2025-03-20,2025-03-20T18:00:00,18,2025-03-20T18:50:00,2025-03-20T19:00:00,6,当日剩余,4279.9115976969779,0,4579.2399999999998,0,4279.911597696978,4579.24
2025-03-20,2025-03-20T18:00:00,18,2025-03-20T19:00:00,2025-03-20T19:10:00,7,当日剩余,4406.0366976969781,0,4480.3082000000004,0,4406.036697696978,4480.3082
2025-03-20,2025-03-20T18:00:00,18,2025-03-20T19:10:00,2025-03-20T19:20:00,8,当日剩余,4438.7570976969782,0,4285.5618000000004,0.028799999999999999,4438.757097696978,4285.533
2025-03-20,2025-03-20T18:00:00,18,2025-03-20T19:20:00,2025-03-20T19:30:00,9,当日剩余,4421.9515976969778,0,4196.7799999999997,0,4421.951597696978,4196.78
2025-03-20,2025-03-20T18:00:00,18,2025-03-20T19:30:00,2025-03-20T19:40:00,10,当日剩余,4639.3277976969775,0,4330.8684000000003,0,4639.3277976969775,4330.8684
2025-03-20,2025-03-20T18:00:00,18,2025-03-20T19:40:00,2025-03-20T19:50:00,11,当日剩余,4621.742597696978,0,4370.9480999999996,0.0020999999999999999,4621.742597696978,4370.946
2025-03-20,2025-03-20T18:00:00,18,2025-03-20T19:50:00,2025-03-20T20:00:00,12,当日剩余,4396.5615976969775,0,4358.21,0,4396.5615976969775,4358.21
2025-03-20,2025-03-20T18:00:00,18,2025-03-20T20:00:00,2025-03-20T20:10:00,13,当日剩余,4450.9011976969778,0,4586.0191000000004,0,4450.901197696978,4586.0191
2025-03-20,2025-03-20T18:00:00,18,2025-03-20T20:10:00,2025-03-20T20:20:00,14,当日剩余,4380.7442976969778,0,4523.6629000000003,0,4380.744297696978,4523.6629
2025-03-20,2025-03-20T18:00:00,18,2025-03-20T20:20:00,2025-03-20T20:30:00,15,当日剩余,4186.3615976969777,0,4215.3699999999999,0,4186.361597696978,4215.37
2025-03-20,2025-03-20T18:00:00,18,2025-03-20T20:30:00,2025-03-20T20:40:00,16,当日剩余,4318.8726976969774,0,4256.2469000000001,0,4318.872697696977,4256.2469
2025-03-20,2025-03-20T18:00:00,18,2025-03-20T20:40:00,2025-03-20T20:50:00,17,当日剩余,4503.0259976969774,0,4319.0159000000003,0,4503.025997696977,4319.0159
2025-03-20,2025-03-20T18:00:00,18,2025-03-20T20:50:00,2025-03-20T21:00:00,18,当日剩余,4475.8615976969777,0,4257.25,0,4475.861597696978,4257.25
2025-03-20,2025-03-20T18:00:00,18,2025-03-20T21:00:00,2025-03-20T21:10:00,19,当日剩余,4264.0561976969775,0,4290.2681000000002,0,4264.0561976969775,4290.2681
2025-03-20,2025-03-20T18:00:00,18,2025-03-20T21:10:00,2025-03-20T21:20:00,20,当日剩余,4230.7812976969781,0,4418.7035999999998,0,4230.781297696978,4418.7036
2025-03-20,2025-03-20T18:00:00,18,2025-03-20T21:20:00,2025-03-20T21:30:00,21,当日剩余,4397.5715976969777,0,4553.6000000000004,0,4397.571597696978,4553.6
2025-03-20,2025-03-20T18:00:00,18,2025-03-20T21:30:00,2025-03-20T21:40:00,22,当日剩余,4381.640997696978,0,4526.2528000000002,0,4381.640997696978,4526.2528
2025-03-20,2025-03-20T18:00:00,18,2025-03-20T21:40:00,2025-03-20T21:50:00,23,当日剩余,3904.3726976969779,0,4001.6251999999999,0,3904.372697696978,4001.6252
2025-03-20,2025-03-20T18:00:00,18,2025-03-20T21:50:00,2025-03-20T22:00:00,24,当日剩余,3337.6015976969779,0,3318.9400000000001,0,3337.601597696978,3318.94
2025-03-20,2025-03-20T18:00:00,18,2025-03-20T22:00:00,2025-03-20T22:10:00,25,当日剩余,3363.9920976969779,0,3233.4088000000002,0,3363.992097696978,3233.4088
2025-03-20,2025-03-20T18:00:00,18,2025-03-20T22:10:00,2025-03-20T22:20:00,26,当日剩余,3456.5881976969777,0,3319.971,0,3456.5881976969777,3319.971
2025-03-20,2025-03-20T18:00:00,18,2025-03-20T22:20:00,2025-03-20T22:30:00,27,当日剩余,3372.6215976969779,0,3255.8400000000001,0,3372.621597696978,3255.84
2025-03-20,2025-03-20T18:00:00,18,2025-03-20T22:30:00,2025-03-20T22:40:00,28,当日剩余,3366.1445976969776,0,3144.1325999999999,0,3366.1445976969776,3144.1326
2025-03-20,2025-03-20T18:00:00,18,2025-03-20T22:40:00,2025-03-20T22:50:00,29,当日剩余,3317.312297696978,0,3161.8173999999999,0,3317.312297696978,3161.8174
2025-03-20,2025-03-20T18:00:00,18,2025-03-20T22:50:00,2025-03-20T23:00:00,30,当日剩余,3289.1515976969777,0,3296.4000000000001,0,3289.1515976969777,3296.4
2025-03-20,2025-03-20T18:00:00,18,2025-03-20T23:00:00,2025-03-20T23:10:00,31,当日剩余,3479.412797696978,0,3356.4081000000001,0,3479.412797696978,3356.4081
2025-03-20,2025-03-20T18:00:00,18,2025-03-20T23:10:00,2025-03-20T23:20:00,32,当日剩余,3516.4108976969778,0,3261.7676000000001,0,3516.410897696978,3261.7676
2025-03-20,2025-03-20T18:00:00,18,2025-03-20T23:20:00,2025-03-20T23:30:00,33,当日剩余,3409.4615976969776,0,3267.73,0,3409.4615976969776,3267.73
2025-03-20,2025-03-20T18:00:00,18,2025-03-20T23:30:00,2025-03-20T23:40:00,34,当日剩余,3460.747297696978,0,3604.076,0,3460.747297696978,3604.076
2025-03-20,2025-03-20T18:00:00,18,2025-03-20T23:40:00,2025-03-20T23:50:00,35,当日剩余,3081.0692976969776,0,3245.8690999999999,0,3081.0692976969776,3245.8691
2025-03-20,2025-03-20T18:00:00,18,2025-03-20T23:50:00,2025-03-21T00:00:00,36,当日剩余,2431.3015976969778,0,2401,0,2431.3015976969778,2401.0
2025-03-20,2025-03-20T18:00:00,18,2025-03-21T00:00:00,2025-03-21T00:10:00,37,次日延续,2355.0261,0,2359.4277000000002,0,2355.0261,2359.4277
2025-03-20,2025-03-20T18:00:00,18,2025-03-21T00:10:00,2025-03-21T00:20:00,38,次日延续,2463.5880000000002,0,2565.8193000000001,0,2463.588,2565.8193
2025-03-20,2025-03-20T18:00:00,18,2025-03-21T00:20:00,2025-03-21T00:30:00,39,次日延续,2420.0799999999999,0,2575.2800000000002,0,2420.08,2575.28
2025-03-20,2025-03-20T18:00:00,18,2025-03-21T00:30:00,2025-03-21T00:40:00,40,次日延续,2293.8600999999999,0,2518.1559000000002,0,2293.8601,2518.1559
2025-03-20,2025-03-20T18:00:00,18,2025-03-21T00:40:00,2025-03-21T00:50:00,41,次日延续,2441.1752000000001,0,2469.2345,0,2441.1752,2469.2345
2025-03-20,2025-03-20T18:00:00,18,2025-03-21T00:50:00,2025-03-21T01:00:00,42,次日延续,2670.0999999999999,0,2452.1500000000001,0,2670.1,2452.15
2025-03-20,2025-03-20T18:00:00,18,2025-03-21T01:00:00,2025-03-21T01:10:00,43,次日延续,2440.6514000000002,0,2467.8811999999998,0,2440.6514,2467.8812
2025-03-20,2025-03-20T18:00:00,18,2025-03-21T01:10:00,2025-03-21T01:20:00,44,次日延续,2262.2015000000001,0,2545.8703999999998,0,2262.2015,2545.8704
2025-03-20,2025-03-20T18:00:00,18,2025-03-21T01:20:00,2025-03-21T01:30:00,45,次日延续,2385.7399999999998,0,2630.0999999999999,0,2385.74,2630.1
2025-03-20,2025-03-20T18:00:00,18,2025-03-21T01:30:00,2025-03-21T01:40:00,46,次日延续,2568.7867000000001,0,2613.0059999999999,0,2568.7867,2613.006
2025-03-20,2025-03-20T18:00:00,18,2025-03-21T01:40:00,2025-03-21T01:50:00,47,次日延续,2705.4254999999998,0,2552.2316000000001,0,2705.4255,2552.2316
2025-03-20,2025-03-20T18:00:00,18,2025-03-21T01:50:00,2025-03-21T02:00:00,48,次日延续,2740.46,0,2541.6900000000001,0,2740.46,2541.69
2025-03-20,2025-03-20T18:00:00,18,2025-03-21T02:00:00,2025-03-21T02:10:00,49,次日延续,2650.4787999999999,0,2619.4506000000001,0,2650.4788,2619.4506
2025-03-20,2025-03-20T18:00:00,18,2025-03-21T02:10:00,2025-03-21T02:20:00,50,次日延续,2497.5556999999999,0,2634.2617,0,2497.5557,2634.2617
2025-03-20,2025-03-20T18:00:00,18,2025-03-21T02:20:00,2025-03-21T02:30:00,51,次日延续,2398.5100000000002,0,2611.5300000000002,0,2398.51,2611.53
2025-03-20,2025-03-20T18:00:00,18,2025-03-21T02:30:00,2025-03-21T02:40:00,52,次日延续,2461.8607000000002,0,2720.1248999999998,0,2461.8607,2720.1249
2025-03-20,2025-03-20T18:00:00,18,2025-03-21T02:40:00,2025-03-21T02:50:00,53,次日延续,2628.4965999999999,0,2811.4735999999998,0,2628.4966,2811.4736
2025-03-20,2025-03-20T18:00:00,18,2025-03-21T02:50:00,2025-03-21T03:00:00,54,次日延续,2786.6599999999999,0,2755.1599999999999,0,2786.66,2755.16
2025-03-20,2025-03-20T18:00:00,18,2025-03-21T03:00:00,2025-03-21T03:10:00,55,次日延续,2826.0189999999998,0,2585.9171000000001,0,2826.019,2585.9171
2025-03-20,2025-03-20T18:00:00,18,2025-03-21T03:10:00,2025-03-21T03:20:00,56,次日延续,2690.3323999999998,0,2583.1026000000002,0,2690.3324,2583.1026
2025-03-20,2025-03-20T18:00:00,18,2025-03-21T03:20:00,2025-03-21T03:30:00,57,次日延续,2494.0300000000002,0,2720.8200000000002,0,2494.03,2720.82
2025-03-20,2025-03-20T18:00:00,18,2025-03-21T03:30:00,2025-03-21T03:40:00,58,次日延续,2451.2289000000001,0,2717.5963000000002,0,2451.2289,2717.5963
2025-03-20,2025-03-20T18:00:00,18,2025-03-21T03:40:00,2025-03-21T03:50:00,59,次日延续,2546.5796999999998,0,2719.3215,0,2546.5797,2719.3215
2025-03-20,2025-03-20T18:00:00,18,2025-03-21T03:50:00,2025-03-21T04:00:00,60,次日延续,2703.9499999999998,0,2719.4099999999999,0,2703.95,2719.41
2025-03-20,2025-03-20T18:00:00,18,2025-03-21T04:00:00,2025-03-21T04:10:00,61,次日延续,2822.8701999999998,0,2572.9256,0.0023,2822.8702,2572.9233
2025-03-20,2025-03-20T18:00:00,18,2025-03-21T04:10:00,2025-03-21T04:20:00,62,次日延续,2729.0151000000001,0,2612.2860000000001,0,2729.0151,2612.286
2025-03-20,2025-03-20T18:00:00,18,2025-03-21T04:20:00,2025-03-21T04:30:00,63,次日延续,2610.3000000000002,0,2778.6799999999998,0,2610.3,2778.68
2025-03-20,2025-03-20T18:00:00,18,2025-03-21T04:30:00,2025-03-21T04:40:00,64,次日延续,2825.5243999999998,0,2677.0324000000001,0.031800000000000002,2825.5244,2677.0006
2025-03-20,2025-03-20T18:00:00,18,2025-03-21T04:40:00,2025-03-21T04:50:00,65,次日延续,2917.3490999999999,0,2605.9780000000001,0,2917.3491,2605.978
2025-03-20,2025-03-20T18:00:00,18,2025-03-21T04:50:00,2025-03-21T05:00:00,66,次日延续,2745.0700000000002,0,2700.2600000000002,0,2745.07,2700.26
2025-03-20,2025-03-20T18:00:00,18,2025-03-21T05:00:00,2025-03-21T05:10:00,67,次日延续,2626.9212000000002,0,2777.9367999999999,0.44259999999999999,2626.9212,2777.4942
2025-03-20,2025-03-20T18:00:00,18,2025-03-21T05:10:00,2025-03-21T05:20:00,68,次日延续,2616.0362,0,2766.8966,0,2616.0362,2766.8966
2025-03-20,2025-03-20T18:00:00,18,2025-03-21T05:20:00,2025-03-21T05:30:00,69,次日延续,2660.75,0,2733.6700000000001,0,2660.75,2733.67
2025-03-20,2025-03-20T18:00:00,18,2025-03-21T05:30:00,2025-03-21T05:40:00,70,次日延续,2713.5169999999998,0,2794.5259999999998,6.1653000000000002,2713.517,2788.3606999999997
2025-03-20,2025-03-20T18:00:00,18,2025-03-21T05:40:00,2025-03-21T05:50:00,71,次日延续,2863.1842000000001,0,2839.1230999999998,0,2863.1842,2839.1231
2025-03-20,2025-03-20T18:00:00,18,2025-03-21T05:50:00,2025-03-21T06:00:00,72,次日延续,2980.29,0,2792.6100000000001,0,2980.29,2792.61
2025-03-20,2025-03-20T18:00:00,18,2025-03-21T06:00:00,2025-03-21T06:10:00,73,次日延续,2821.0214999999998,112.86768333333333,2696.9196000000002,171.8382,2708.1538166666664,2525.0814
2025-03-20,2025-03-20T18:00:00,18,2025-03-21T06:10:00,2025-03-21T06:20:00,74,次日延续,2680.4994999999999,338.60305,2681.3328000000001,409.23910000000001,2341.8964499999997,2272.0937000000004
2025-03-20,2025-03-20T18:00:00,18,2025-03-21T06:20:00,2025-03-21T06:30:00,75,次日延续,2656.3000000000002,564.33841666666672,2748.23,661.64999999999998,2091.9615833333337,2086.58
2025-03-20,2025-03-20T18:00:00,18,2025-03-21T06:30:00,2025-03-21T06:40:00,76,次日延续,2617.9598000000001,790.07378333333338,2815.9656,951.97550000000001,1827.8860166666668,1863.9901
2025-03-20,2025-03-20T18:00:00,18,2025-03-21T06:40:00,2025-03-21T06:50:00,77,次日延续,2841.8723,1015.80915,3041.6208000000001,1226.6013,1826.06315,1815.0195
2025-03-20,2025-03-20T18:00:00,18,2025-03-21T06:50:00,2025-03-21T07:00:00,78,次日延续,3227.25,1241.5445166666666,3279.1300000000001,1515.1500000000001,1985.7054833333334,1763.98
2025-03-20,2025-03-20T18:00:00,18,2025-03-21T07:00:00,2025-03-21T07:10:00,79,次日延续,3328.2449999999999,1558.8919999999998,3206.7424000000001,1898.9358,1769.353,1307.8066000000001
2025-03-20,2025-03-20T18:00:00,18,2025-03-21T07:10:00,2025-03-21T07:20:00,80,次日延续,3245.6064999999999,1967.8516,3231.8696,2260.5976999999998,1277.7549,971.2719000000002
2025-03-20,2025-03-20T18:00:00,18,2025-03-21T07:20:00,2025-03-21T07:30:00,81,次日延续,3143.1900000000001,2376.8112000000001,3358.9200000000001,2617.2375000000002,766.3788,741.6824999999999
2025-03-20,2025-03-20T18:00:00,18,2025-03-21T07:30:00,2025-03-21T07:40:00,82,次日延续,3101.7813999999998,2785.7708000000002,3200.0880999999999,3103.8497000000002,316.0105999999996,96.23839999999973
2025-03-20,2025-03-20T18:00:00,18,2025-03-21T07:40:00,2025-03-21T07:50:00,83,次日延续,3177.0228999999999,3194.7304000000004,3133.1293000000001,3588.4582,-17.707500000000437,-455.3289
2025-03-20,2025-03-20T18:00:00,18,2025-03-21T07:50:00,2025-03-21T08:00:00,84,次日延续,3231.54,3603.6900000000001,3215.5,3927.9000000000001,-372.1500000000001,-712.4000000000001
2025-03-20,2025-03-20T18:00:00,18,2025-03-21T08:00:00,2025-03-21T08:10:00,85,次日延续,3075.1332000000002,3939.739,3147.9488000000001,4106.8510999999999,-864.6057999999998,-958.9022999999997
2025-03-20,2025-03-20T18:00:00,18,2025-03-21T08:10:00,2025-03-21T08:20:00,86,次日延续,3038.7440000000001,4202.8774000000003,3249.8114999999998,4377.1544000000004,-1164.1334000000002,-1127.3429000000006
2025-03-20,2025-03-20T18:00:00,18,2025-03-21T08:20:00,2025-03-21T08:30:00,87,次日延续,3177.2800000000002,4466.0158000000001,3381.0900000000001,4742.3249999999998,-1288.7358,-1361.2349999999997
2025-03-20,2025-03-20T18:00:00,18,2025-03-21T08:30:00,2025-03-21T08:40:00,88,次日延续,3263.3667999999998,4729.1541999999999,3110.6884,4984.6423999999997,-1465.7874000000002,-1873.9539999999997
2025-03-20,2025-03-20T18:00:00,18,2025-03-21T08:40:00,2025-03-21T08:50:00,89,次日延续,3553.7361999999998,4992.2926000000007,3266.6514999999999,5246.2460000000001,-1438.5564000000008,-1979.5945000000002
2025-03-20,2025-03-20T18:00:00,18,2025-03-21T08:50:00,2025-03-21T09:00:00,90,次日延续,3968.9899999999998,5255.4310000000005,3743.54,5463.7124999999996,-1286.4410000000007,-1720.1724999999997
2025-03-20,2025-03-20T18:00:00,18,2025-03-21T09:00:00,2025-03-21T09:10:00,91,次日延续,4085.7179999999998,5474.4322916666661,3624.7818000000002,5427.3137999999999,-1388.7142916666662,-1802.5319999999997
2025-03-20,2025-03-20T18:00:00,18,2025-03-21T09:10:00,2025-03-21T09:20:00,92,次日延续,3952.3964999999998,5649.2964750000001,3715.4944999999998,5520.1117000000004,-1696.8999750000003,-1804.6172000000006
2025-03-20,2025-03-20T18:00:00,18,2025-03-21T09:20:00,2025-03-21T09:30:00,93,次日延续,3771.46,5824.1606583333332,4034.3899999999999,5868.8999999999996,-2052.700658333333,-1834.5099999999998
2025-03-20,2025-03-20T18:00:00,18,2025-03-21T09:30:00,2025-03-21T09:40:00,94,次日延续,3702.3110000000001,5999.0248416666673,3748.4692,6229.5056999999997,-2296.713841666667,-2481.0364999999997
2025-03-20,2025-03-20T18:00:00,18,2025-03-21T09:40:00,2025-03-21T09:50:00,95,次日延续,3620.0681,6173.8890250000004,3509.4391999999998,6507.1409999999996,-2553.8209250000004,-2997.7018
2025-03-20,2025-03-20T18:00:00,18,2025-03-21T09:50:00,2025-03-21T10:00:00,96,次日延续,3590.0999999999999,6348.7532083333335,3650.0300000000002,6699.9750000000004,-2758.6532083333336,-3049.945
2025-03-20,2025-03-20T18:00:00,18,2025-03-21T10:00:00,2025-03-21T10:10:00,97,次日延续,3794.8523,6531.335,3833.0174000000002,6866.1957000000002,-2736.4827,-3033.1783
2025-03-20,2025-03-20T18:00:00,18,2025-03-21T10:10:00,2025-03-21T10:20:00,98,次日延续,3860.0682000000002,6721.6343999999999,3863.5355,7096.4314000000004,-2861.5661999999998,-3232.8959000000004
2025-03-20,2025-03-20T18:00:00,18,2025-03-21T10:20:00,2025-03-21T10:30:00,99,次日延续,3761.5300000000002,6911.9337999999998,3759.9000000000001,7418.0249999999996,-3150.4037999999996,-3658.1249999999995
2025-03-20,2025-03-20T18:00:00,18,2025-03-21T10:30:00,2025-03-21T10:40:00,100,次日延续,3812.5493999999999,7102.2332000000006,3703.6641,7773.0483000000004,-3289.6838000000007,-4069.3842000000004
2025-03-20,2025-03-20T18:00:00,18,2025-03-21T10:40:00,2025-03-21T10:50:00,101,次日延续,3729.6298999999999,7292.5326000000005,3835.8184999999999,8046.8652000000002,-3562.9027000000006,-4211.046700000001
2025-03-20,2025-03-20T18:00:00,18,2025-03-21T10:50:00,2025-03-21T11:00:00,102,次日延续,3562.3200000000002,7482.8320000000003,3965.1100000000001,8135.1750000000002,-3920.512,-4170.0650000000005
2025-03-20,2025-03-20T18:00:00,18,2025-03-21T11:00:00,2025-03-21T11:10:00,103,次日延续,3683.6567,7682.0909666666666,3774.8146000000002,8070.6472000000003,-3998.4342666666666,-4295.8326
2025-03-20,2025-03-20T18:00:00,18,2025-03-21T11:10:00,2025-03-21T11:20:00,104,次日延续,3821.2863000000002,7890.3095000000003,3704.2487000000001,8308.2366000000002,-4069.0232,-4603.9879
2025-03-20,2025-03-20T18:00:00,18,2025-03-21T11:20:00,2025-03-21T11:30:00,105,次日延续,3792.5700000000002,8098.528033333333,3861.4899999999998,8710.7250000000004,-4305.958033333332,-4849.235000000001
2025-03-20,2025-03-20T18:00:00,18,2025-03-21T11:30:00,2025-03-21T11:40:00,106,次日延续,3687.9297000000001,8306.7465666666667,3906.7627000000002,8710.8243000000002,-4618.816866666666,-4804.0616
2025-03-20,2025-03-20T18:00:00,18,2025-03-21T11:40:00,2025-03-21T11:50:00,107,次日延续,3657.3204000000001,8514.9651000000013,3809.3094999999998,8778.2381000000005,-4857.644700000001,-4968.928600000001
2025-03-20,2025-03-20T18:00:00,18,2025-03-21T11:50:00,2025-03-21T12:00:00,108,次日延续,3702.98,8723.183633333334,3743.3099999999999,8906.5125000000007,-5020.203633333334,-5163.202500000001
2025-03-20,2025-03-20T18:00:00,18,2025-03-21T12:00:00,2025-03-21T12:10:00,109,次日延续,3705.884,8829.4289083333333,3855.7024000000001,8617.1882000000005,-5123.544908333333,-4761.4858
2025-03-20,2025-03-20T18:00:00,18,2025-03-21T12:10:00,2025-03-21T12:20:00,110,次日延续,3698.5378000000001,8833.700925000001,3726.8411000000001,8483.5218000000004,-5135.163125000001,-4756.680700000001
2025-03-20,2025-03-20T18:00:00,18,2025-03-21T12:20:00,2025-03-21T12:30:00,111,次日延续,3695.0900000000001,8837.9729416666669,3478.6399999999999,8609.4750000000004,-5142.882941666667,-5130.835000000001
2025-03-20,2025-03-20T18:00:00,18,2025-03-21T12:30:00,2025-03-21T12:40:00,112,次日延续,3649.3761,8842.2449583333328,3661.1831999999999,8502.4022000000004,-5192.868858333333,-4841.219000000001
2025-03-20,2025-03-20T18:00:00,18,2025-03-21T12:40:00,2025-03-21T12:50:00,113,次日延续,3513.2442999999998,8846.5169749999986,3820.4558000000002,8241.9992999999995,-5333.272674999998,-4421.5435
2025-03-20,2025-03-20T18:00:00,18,2025-03-21T12:50:00,2025-03-21T13:00:00,114,次日延续,3404.4499999999998,8850.7889916666663,3730.77,7995.75,-5446.3389916666665,-4264.98
2025-03-20,2025-03-20T18:00:00,18,2025-03-21T13:00:00,2025-03-21T13:10:00,115,次日延续,3496.5434,8786.6562499999982,3616.5940000000001,7840.3694999999998,-5290.112849999998,-4223.7755
2025-03-20,2025-03-20T18:00:00,18,2025-03-21T13:10:00,2025-03-21T13:20:00,116,次日延续,3539.1671000000001,8654.1187499999996,3552.0978,7743.4813999999997,-5114.951649999999,-4191.383599999999
2025-03-20,2025-03-20T18:00:00,18,2025-03-21T13:20:00,2025-03-21T13:30:00,117,次日延续,3537.6799999999998,8521.5812499999993,3490.5999999999999,7651.7624999999998,-4983.901249999999,-4161.1625
2025-03-20,2025-03-20T18:00:00,18,2025-03-21T13:30:00,2025-03-21T13:40:00,118,次日延续,3725.6514000000002,8389.0437499999989,3383.8888999999999,7537.0226000000002,-4663.392349999998,-4153.1337
2025-03-20,2025-03-20T18:00:00,18,2025-03-21T13:40:00,2025-03-21T13:50:00,119,次日延续,3811.1061,8256.5062499999985,3472.4549000000002,7441.2947999999997,-4445.400149999999,-3968.8398999999995
2025-03-20,2025-03-20T18:00:00,18,2025-03-21T13:50:00,2025-03-21T14:00:00,120,次日延续,3723.2600000000002,8123.96875,3685.6799999999998,7246.8374999999996,-4400.70875,-3561.1575
2025-03-20,2025-03-20T18:00:00,18,2025-03-21T14:00:00,2025-03-21T14:10:00,121,次日延续,3684.1887000000002,7904.9851999999992,3688.7835,6771.2286999999997,-4220.796499999999,-3082.4451999999997
2025-03-20,2025-03-20T18:00:00,18,2025-03-21T14:10:00,2025-03-21T14:20:00,122,次日延续,3663.1694000000002,7599.5555999999997,3620.0331000000001,6272.7653,-3936.3861999999995,-2652.7322
2025-03-20,2025-03-20T18:00:00,18,2025-03-21T14:20:00,2025-03-21T14:30:00,123,次日延续,3608.9200000000001,7294.1259999999993,3584.0900000000001,5902.6875,-3685.205999999999,-2318.5975
2025-03-20,2025-03-20T18:00:00,18,2025-03-21T14:30:00,2025-03-21T14:40:00,124,次日延续,3542.9041000000002,6988.6963999999998,3547.3175000000001,5622.0982999999997,-3445.7922999999996,-2074.7807999999995
2025-03-20,2025-03-20T18:00:00,18,2025-03-21T14:40:00,2025-03-21T14:50:00,125,次日延续,3580.0839999999998,6683.2668000000003,3543.0798,5500.8166000000001,-3103.1828000000005,-1957.7368000000001
2025-03-20,2025-03-20T18:00:00,18,2025-03-21T14:50:00,2025-03-21T15:00:00,126,次日延续,3602.3699999999999,6377.8371999999999,3528.3699999999999,5468.2124999999996,-2775.4672,-1939.8424999999997
2025-03-20,2025-03-20T18:00:00,18,2025-03-21T15:00:00,2025-03-21T15:10:00,127,次日延续,3389.502,6041.1739583333328,3429.2521000000002,5345.6112999999996,-2651.671958333333,-1916.3591999999994
2025-03-20,2025-03-20T18:00:00,18,2025-03-21T15:10:00,2025-03-21T15:20:00,128,次日延续,3315.7732999999998,5673.277075,3418.0605999999998,5195.0843999999997,-2357.503775,-1777.0238
2025-03-20,2025-03-20T18:00:00,18,2025-03-21T15:20:00,2025-03-21T15:30:00,129,次日延续,3442.25,5305.3801916666671,3516.8200000000002,4976.4375,-1863.130191666667,-1459.6174999999998
2025-03-20,2025-03-20T18:00:00,18,2025-03-21T15:30:00,2025-03-21T15:40:00,130,次日延续,3469.9274,4937.4833083333333,3554.1053000000002,4580.3104000000003,-1467.5559083333333,-1026.2051000000001
2025-03-20,2025-03-20T18:00:00,18,2025-03-21T15:40:00,2025-03-21T15:50:00,131,次日延续,3507.4893000000002,4569.5864250000004,3445.6468,4263.4598999999998,-1062.0971250000002,-817.8130999999998
2025-03-20,2025-03-20T18:00:00,18,2025-03-21T15:50:00,2025-03-21T16:00:00,132,次日延续,3526.25,4201.6895416666675,3342.2600000000002,4046.0625,-675.4395416666675,-703.8024999999998
2025-03-20,2025-03-20T18:00:00,18,2025-03-21T16:00:00,2025-03-21T16:10:00,133,次日延续,3382.5032000000001,3801.1109750000001,3454.2620999999999,3684.8058999999998,-418.60777499999995,-230.54379999999992
2025-03-20,2025-03-20T18:00:00,18,2025-03-21T16:10:00,2025-03-21T16:20:00,134,次日延续,3427.8072999999999,3367.8507250000002,3412.5590999999999,3203.3591000000001,59.9565749999997,209.19999999999982
2025-03-20,2025-03-20T18:00:00,18,2025-03-21T16:20:00,2025-03-21T16:30:00,135,次日延续,3634.0799999999999,2934.590475,3301.6999999999998,2724.7874999999999,699.489525,576.9124999999999
2025-03-20,2025-03-20T18:00:00,18,2025-03-21T16:30:00,2025-03-21T16:40:00,136,次日延续,3553.9645,2501.3302249999997,3514.9418999999998,2351.5888,1052.6342750000003,1163.3530999999998
2025-03-20,2025-03-20T18:00:00,18,2025-03-21T16:40:00,2025-03-21T16:50:00,137,次日延续,3102.8786,2068.0699750000003,3321.9457000000002,1992.5101999999999,1034.8086249999997,1329.4355000000003
2025-03-20,2025-03-20T18:00:00,18,2025-03-21T16:50:00,2025-03-21T17:00:00,138,次日延续,2640.6500000000001,1634.8097250000001,2724.73,1612.7249999999999,1005.840275,1112.005
2025-03-20,2025-03-20T18:00:00,18,2025-03-21T17:00:00,2025-03-21T17:10:00,139,次日延续,2665.0725000000002,1299.9979666666666,2514.9969000000001,1271.8529000000001,1365.0745333333336,1243.144
2025-03-20,2025-03-20T18:00:00,18,2025-03-21T17:10:00,2025-03-21T17:20:00,140,次日延续,2844.1255000000001,1063.6347000000001,2569.2819,985.12329999999997,1780.4908,1584.1586
2025-03-20,2025-03-20T18:00:00,18,2025-03-21T17:20:00,2025-03-21T17:30:00,141,次日延续,2883.29,827.27143333333322,2650.0700000000002,722.70000000000005,2056.0185666666666,1927.3700000000001
2025-03-20,2025-03-20T18:00:00,18,2025-03-21T17:30:00,2025-03-21T17:40:00,142,次日延续,2786.4886999999999,590.9081666666666,2673.2404999999999,440.86470000000003,2195.5805333333333,2232.3758
2025-03-20,2025-03-20T18:00:00,18,2025-03-21T17:40:00,2025-03-21T17:50:00,143,次日延续,2745.7791999999999,354.54489999999998,2664.3189000000002,172.869,2391.2343,2491.4499
2025-03-20,2025-03-20T18:00:00,18,2025-03-21T17:50:00,2025-03-21T18:00:00,144,次日延续,2758.4400000000001,118.18163333333338,2671.73,0,2640.2583666666665,2671.73
2025-06-21,2025-06-21T00:00:00,0,2025-06-21T00:00:00,2025-06-21T00:10:00,1,当日剩余,3292.2206999999999,0,3087.9838,0,3292.2207,3087.9838
2025-06-21,2025-06-21T00:00:00,0,2025-06-21T00:10:00,2025-06-21T00:20:00,2,当日剩余,3247.7620000000002,0,3200.0918999999999,0,3247.762,3200.0919
2025-06-21,2025-06-21T00:00:00,0,2025-06-21T00:20:00,2025-06-21T00:30:00,3,当日剩余,3135.4200000000001,0,3401.46,0,3135.42,3401.46
2025-06-21,2025-06-21T00:00:00,0,2025-06-21T00:30:00,2025-06-21T00:40:00,4,当日剩余,3144.8942999999999,0,3063.5261,0,3144.8943,3063.5261
2025-06-21,2025-06-21T00:00:00,0,2025-06-21T00:40:00,2025-06-21T00:50:00,5,当日剩余,3189.3566000000001,0,2820.2572,0,3189.3566,2820.2572
2025-06-21,2025-06-21T00:00:00,0,2025-06-21T00:50:00,2025-06-21T01:00:00,6,当日剩余,3191.8600000000001,0,2883.3800000000001,0,3191.86,2883.38
2025-06-21,2025-06-21T00:00:00,0,2025-06-21T01:00:00,2025-06-21T01:10:00,7,当日剩余,3141.3128999999999,0,2869.9796000000001,0,3141.3129,2869.9796
2025-06-21,2025-06-21T00:00:00,0,2025-06-21T01:10:00,2025-06-21T01:20:00,8,当日剩余,2978.2905999999998,0,2985.8287,0,2978.2906,2985.8287
2025-06-21,2025-06-21T00:00:00,0,2025-06-21T01:20:00,2025-06-21T01:30:00,9,当日剩余,2859.96,0,3164.1799999999998,0,2859.96,3164.18
2025-06-21,2025-06-21T00:00:00,0,2025-06-21T01:30:00,2025-06-21T01:40:00,10,当日剩余,2991.4169000000002,0,3064.8456999999999,0,2991.4169,3064.8457
2025-06-21,2025-06-21T00:00:00,0,2025-06-21T01:40:00,2025-06-21T01:50:00,11,当日剩余,2886.4490000000001,0,2954.0459000000001,0,2886.449,2954.0459
2025-06-21,2025-06-21T00:00:00,0,2025-06-21T01:50:00,2025-06-21T02:00:00,12,当日剩余,2684.5799999999999,0,2994.6199999999999,0,2684.58,2994.62
2025-06-21,2025-06-21T00:00:00,0,2025-06-21T02:00:00,2025-06-21T02:10:00,13,当日剩余,2981.8739999999998,0,3072.4014000000002,0,2981.874,3072.4014
2025-06-21,2025-06-21T00:00:00,0,2025-06-21T02:10:00,2025-06-21T02:20:00,14,当日剩余,3040.3060999999998,0,3013.1015000000002,0,3040.3061,3013.1015
2025-06-21,2025-06-21T00:00:00,0,2025-06-21T02:20:00,2025-06-21T02:30:00,15,当日剩余,2782.6100000000001,0,2838.75,0,2782.61,2838.75
2025-06-21,2025-06-21T00:00:00,0,2025-06-21T02:30:00,2025-06-21T02:40:00,16,当日剩余,2861.4034000000001,0,2749.9198999999999,0,2861.4034,2749.9199
2025-06-21,2025-06-21T00:00:00,0,2025-06-21T02:40:00,2025-06-21T02:50:00,17,当日剩余,2863.2887999999998,0,2820.5846999999999,0,2863.2888,2820.5847
2025-06-21,2025-06-21T00:00:00,0,2025-06-21T02:50:00,2025-06-21T03:00:00,18,当日剩余,2706.7399999999998,0,2936.2399999999998,0,2706.74,2936.24
2025-06-21,2025-06-21T00:00:00,0,2025-06-21T03:00:00,2025-06-21T03:10:00,19,当日剩余,2767.5101,0,2920.1894000000002,0.0011999999999999999,2767.5101,2920.1882
2025-06-21,2025-06-21T00:00:00,0,2025-06-21T03:10:00,2025-06-21T03:20:00,20,当日剩余,2826.5835000000002,0,2951.0328,0,2826.5835,2951.0328
2025-06-21,2025-06-21T00:00:00,0,2025-06-21T03:20:00,2025-06-21T03:30:00,21,当日剩余,2821.3800000000001,0,2977.5100000000002,0,2821.38,2977.51
2025-06-21,2025-06-21T00:00:00,0,2025-06-21T03:30:00,2025-06-21T03:40:00,22,当日剩余,2923.502,0,2780.2979999999998,0.016199999999999999,2923.502,2780.2817999999997
2025-06-21,2025-06-21T00:00:00,0,2025-06-21T03:40:00,2025-06-21T03:50:00,23,当日剩余,2996.6876999999999,0,2728.3058999999998,0,2996.6877,2728.3059
2025-06-21,2025-06-21T00:00:00,0,2025-06-21T03:50:00,2025-06-21T04:00:00,24,当日剩余,2885.8000000000002,0,2862.1900000000001,0,2885.8,2862.19
2025-06-21,2025-06-21T00:00:00,0,2025-06-21T04:00:00,2025-06-21T04:10:00,25,当日剩余,2608.6736999999998,0.5804583333333333,2845.9182000000001,0.2263,2608.0932416666665,2845.6919000000003
2025-06-21,2025-06-21T00:00:00,0,2025-06-21T04:10:00,2025-06-21T04:20:00,26,当日剩余,2602.2534000000001,1.7413749999999999,2748.951,0,2600.512025,2748.951
2025-06-21,2025-06-21T00:00:00,0,2025-06-21T04:20:00,2025-06-21T04:30:00,27,当日剩余,2799.8899999999999,2.9022916666666667,2677.3099999999999,0,2796.987708333333,2677.31
2025-06-21,2025-06-21T00:00:00,0,2025-06-21T04:30:00,2025-06-21T04:40:00,28,当日剩余,2720.8463000000002,4.0632083333333338,2660.8712999999998,3.1516000000000002,2716.7830916666667,2657.7196999999996
2025-06-21,2025-06-21T00:00:00,0,2025-06-21T04:40:00,2025-06-21T04:50:00,29,当日剩余,2641.2197999999999,5.2241249999999999,2702.3204999999998,0,2635.9956749999997,2702.3205
2025-06-21,2025-06-21T00:00:00,0,2025-06-21T04:50:00,2025-06-21T05:00:00,30,当日剩余,2632.7399999999998,6.3850416666666661,2732.3200000000002,7.2750000000000004,2626.3549583333333,2725.045
2025-06-21,2025-06-21T00:00:00,0,2025-06-21T05:00:00,2025-06-21T05:10:00,31,当日剩余,2502.5390000000002,78.005191666666661,2664.7177999999999,116.7655,2424.5338083333336,2547.9523
2025-06-21,2025-06-21T00:00:00,0,2025-06-21T05:10:00,2025-06-21T05:20:00,32,当日剩余,2578.8036000000002,220.08457499999997,2606.8710000000001,263.97030000000001,2358.7190250000003,2342.9007
2025-06-21,2025-06-21T00:00:00,0,2025-06-21T05:20:00,2025-06-21T05:30:00,33,当日剩余,2833.5599999999999,362.16395833333331,2642.1500000000001,417.07499999999999,2471.396041666667,2225.0750000000003
2025-06-21,2025-06-21T00:00:00,0,2025-06-21T05:30:00,2025-06-21T05:40:00,34,当日剩余,2871.5102000000002,504.24334166666665,2745.0641000000001,587.59609999999998,2367.2668583333334,2157.468
2025-06-21,2025-06-21T00:00:00,0,2025-06-21T05:40:00,2025-06-21T05:50:00,35,当日剩余,2789.4328,646.32272499999988,2758.0419999999999,735.83249999999998,2143.110075,2022.2095
2025-06-21,2025-06-21T00:00:00,0,2025-06-21T05:50:00,2025-06-21T06:00:00,36,当日剩余,2768.8800000000001,788.40210833333322,2741.6399999999999,890.70000000000005,1980.477891666667,1850.9399999999998
2025-06-21,2025-06-21T00:00:00,0,2025-06-21T06:00:00,2025-06-21T06:10:00,37,当日剩余,2863.8436999999999,998.8779916666665,2888.7303999999999,1136.9554000000001,1864.9657083333334,1751.7749999999999
2025-06-21,2025-06-21T00:00:00,0,2025-06-21T06:10:00,2025-06-21T06:20:00,38,当日剩余,2808.6145999999999,1277.7503750000001,2932.2310000000002,1453.4028000000001,1530.8642249999998,1478.8282000000002
2025-06-21,2025-06-21T00:00:00,0,2025-06-21T06:20:00,2025-06-21T06:30:00,39,当日剩余,2621.6900000000001,1556.6227583333334,2764.02,1765.9124999999999,1065.0672416666666,998.1075000000001
2025-06-21,2025-06-21T00:00:00,0,2025-06-21T06:30:00,2025-06-21T06:40:00,40,当日剩余,2617.4369999999999,1835.4951416666668,2606.6136999999999,2022.3026,781.9418583333331,584.3110999999999
2025-06-21,2025-06-21T00:00:00,0,2025-06-21T06:40:00,2025-06-21T06:50:00,41,当日剩余,2834.3885,2114.3675250000001,2867.7649000000001,2350.4922999999999,720.0209749999999,517.2726000000002
2025-06-21,2025-06-21T00:00:00,0,2025-06-21T06:50:00,2025-06-21T07:00:00,42,当日剩余,3131.1100000000001,2393.2399083333335,3304.27,2699.25,737.8700916666667,605.02
2025-06-21,2025-06-21T00:00:00,0,2025-06-21T07:00:00,2025-06-21T07:10:00,43,当日剩余,3294.7013000000002,2649.4023833333331,3254.3168999999998,2874.6230999999998,645.2989166666671,379.6938
2025-06-21,2025-06-21T00:00:00,0,2025-06-21T07:10:00,2025-06-21T07:20:00,44,当日剩余,3261.0929000000001,2882.8549499999999,3137.5947999999999,3006.0286999999998,378.2379500000002,131.5661
2025-06-21,2025-06-21T00:00:00,0,2025-06-21T07:20:00,2025-06-21T07:30:00,45,当日剩余,3155.75,3116.3075166666667,3174.8499999999999,3224.8874999999998,39.44248333333326,-50.03749999999991
2025-06-21,2025-06-21T00:00:00,0,2025-06-21T07:30:00,2025-06-21T07:40:00,46,当日剩余,3173.0118000000002,3349.7600833333336,3159.7262999999998,3537.527,-176.74828333333335,-377.80070000000023
2025-06-21,2025-06-21T00:00:00,0,2025-06-21T07:40:00,2025-06-21T07:50:00,47,当日剩余,3186.3298,3583.2126500000004,3087.5763000000002,3785.3986,-396.8828500000004,-697.8222999999998
2025-06-21,2025-06-21T00:00:00,0,2025-06-21T07:50:00,2025-06-21T08:00:00,48,当日剩余,3174.3099999999999,3816.6652166666668,3062.3600000000001,4003.4250000000002,-642.3552166666668,-941.065
2025-06-21,2025-06-21T00:00:00,0,2025-06-21T08:00:00,2025-06-21T08:10:00,49,当日剩余,3235.6404000000002,3982.1817416666663,3162.0196999999998,4334.7323999999999,-746.5413416666661,-1172.7127
2025-06-21,2025-06-21T00:00:00,0,2025-06-21T08:10:00,2025-06-21T08:20:00,50,当日剩余,3211.7118999999998,4079.7622250000004,3160.9922000000001,4441.8035,-868.0503250000006,-1280.8112999999998
2025-06-21,2025-06-21T00:00:00,0,2025-06-21T08:20:00,2025-06-21T08:30:00,51,当日剩余,3117.0300000000002,4177.3427083333327,3037.5900000000001,4358.6999999999998,-1060.3127083333325,-1321.1099999999997
2025-06-21,2025-06-21T00:00:00,0,2025-06-21T08:30:00,2025-06-21T08:40:00,52,当日剩余,3160.4110000000001,4274.9231916666668,3030.9974000000002,4479.8950000000004,-1114.5121916666667,-1448.8976000000002
2025-06-21,2025-06-21T00:00:00,0,2025-06-21T08:40:00,2025-06-21T08:50:00,53,当日剩余,3366.9128999999998,4372.5036749999999,3289.9389999999999,4668.5165999999999,-1005.5907750000001,-1378.5776
2025-06-21,2025-06-21T00:00:00,0,2025-06-21T08:50:00,2025-06-21T09:00:00,54,当日剩余,3644.1599999999999,4470.0841583333331,3650.6199999999999,4746.0749999999998,-825.9241583333333,-1095.455
2025-06-21,2025-06-21T00:00:00,0,2025-06-21T09:00:00,2025-06-21T09:10:00,55,当日剩余,3852.5106999999998,4704.2266083333334,3785.9011,4746.9534000000003,-851.7159083333336,-961.0523000000003
2025-06-21,2025-06-21T00:00:00,0,2025-06-21T09:10:00,2025-06-21T09:20:00,56,当日剩余,3939.4047,5074.9310249999999,3849.6183000000001,5139.4381000000003,-1135.5263249999998,-1289.8198000000002
2025-06-21,2025-06-21T00:00:00,0,2025-06-21T09:20:00,2025-06-21T09:30:00,57,当日剩余,3890.6599999999999,5445.6354416666663,3824.5999999999999,5794.3125,-1554.9754416666665,-1969.7125
2025-06-21,2025-06-21T00:00:00,0,2025-06-21T09:30:00,2025-06-21T09:40:00,58,当日剩余,3743.0587999999998,5816.3398583333328,3582.3586,6109.0680000000002,-2073.281058333333,-2526.7094
2025-06-21,2025-06-21T00:00:00,0,2025-06-21T09:40:00,2025-06-21T09:50:00,59,当日剩余,3668.9742999999999,6187.0442750000002,3687.9447,6385.1018000000004,-2518.0699750000003,-2697.1571000000004
2025-06-21,2025-06-21T00:00:00,0,2025-06-21T09:50:00,2025-06-21T10:00:00,60,当日剩余,3763.8400000000001,6557.7486916666667,4000.1399999999999,6643.5375000000004,-2793.9086916666665,-2643.3975000000005
2025-06-21,2025-06-21T00:00:00,0,2025-06-21T10:00:00,2025-06-21T10:10:00,61,当日剩余,3940.9272000000001,6803.5549833333334,3826.1041,6589.8892999999998,-2862.6277833333334,-2763.7852
2025-06-21,2025-06-21T00:00:00,0,2025-06-21T10:10:00,2025-06-21T10:20:00,62,当日剩余,3851.4805000000001,6924.4631499999996,3761.4976000000001,6695.6004000000003,-3072.9826499999995,-2934.1028
2025-06-21,2025-06-21T00:00:00,0,2025-06-21T10:20:00,2025-06-21T10:30:00,63,当日剩余,3627.7600000000002,7045.3713166666666,3901.9099999999999,7000.9875000000002,-3417.6113166666664,-3099.0775000000003
2025-06-21,2025-06-21T00:00:00,0,2025-06-21T10:30:00,2025-06-21T10:40:00,64,当日剩余,3731.9047999999998,7166.2794833333337,3726.7534999999998,7093.8409000000001,-3434.374683333334,-3367.0874000000003
2025-06-21,2025-06-21T00:00:00,0,2025-06-21T10:40:00,2025-06-21T10:50:00,65,当日剩余,3783.4133000000002,7287.1876500000008,3565.5608999999999,7243.1188000000002,-3503.7743500000006,-3677.5579000000002
2025-06-21,2025-06-21T00:00:00,0,2025-06-21T10:50:00,2025-06-21T11:00:00,66,当日剩余,3618.9200000000001,7408.0958166666669,3679.21,7400.1000000000004,-3789.175816666667,-3720.8900000000003
2025-06-21,2025-06-21T00:00:00,0,2025-06-21T11:00:00,2025-06-21T11:10:00,67,当日剩余,3481.8240000000001,7526.2762833333336,3945.6165999999998,7306.5816000000004,-4044.4522833333335,-3360.9650000000006
2025-06-21,2025-06-21T00:00:00,0,2025-06-21T11:10:00,2025-06-21T11:20:00,68,当日剩余,3500.7818000000002,7641.7290499999999,3900.6403,7782.8954000000003,-4140.947249999999,-3882.2551000000003
2025-06-21,2025-06-21T00:00:00,0,2025-06-21T11:20:00,2025-06-21T11:30:00,69,当日剩余,3619.7199999999998,7757.1818166666671,3645.7600000000002,8490.2250000000004,-4137.461816666668,-4844.465
2025-06-21,2025-06-21T00:00:00,0,2025-06-21T11:30:00,2025-06-21T11:40:00,70,当日剩余,3676.5508,7872.6345833333326,3705.1426999999999,8180.7164000000002,-4196.083783333333,-4475.573700000001
2025-06-21,2025-06-21T00:00:00,0,2025-06-21T11:40:00,2025-06-21T11:50:00,71,当日剩余,3689.0127000000002,7988.0873499999998,3724.3132999999998,7677.6706000000004,-4299.07465,-3953.3573000000006
2025-06-21,2025-06-21T00:00:00,0,2025-06-21T11:50:00,2025-06-21T12:00:00,72,当日剩余,3693.5300000000002,8103.540116666667,3631.0799999999999,7665.1125000000002,-4410.010116666666,-4034.0325000000003
2025-06-21,2025-06-21T00:00:00,0,2025-06-21T12:00:00,2025-06-21T12:10:00,73,当日剩余,3700.2899000000002,8156.121016666666,3735.5414999999998,8044.2631000000001,-4455.831116666666,-4308.721600000001
2025-06-21,2025-06-21T00:00:00,0,2025-06-21T12:10:00,2025-06-21T12:20:00,74,当日剩余,3725.1954999999998,8145.8300500000005,3852.2352000000001,8300.9755000000005,-4420.634550000001,-4448.7403
2025-06-21,2025-06-21T00:00:00,0,2025-06-21T12:20:00,2025-06-21T12:30:00,75,当日剩余,3761.52,8135.5390833333331,3928.5599999999999,8383.0125000000007,-4374.019083333333,-4454.452500000001
2025-06-21,2025-06-21T00:00:00,0,2025-06-21T12:30:00,2025-06-21T12:40:00,76,当日剩余,3780.9427000000001,8125.2481166666666,4059.9043999999999,8605.7877000000008,-4344.305416666666,-4545.883300000001
2025-06-21,2025-06-21T00:00:00,0,2025-06-21T12:40:00,2025-06-21T12:50:00,77,当日剩余,3768.4578000000001,8114.9571500000002,3912.5927999999999,8542.7209000000003,-4346.49935,-4630.1281
2025-06-21,2025-06-21T00:00:00,0,2025-06-21T12:50:00,2025-06-21T13:00:00,78,当日剩余,3763.3699999999999,8104.6661833333328,3688.0100000000002,8049.6000000000004,-4341.296183333333,-4361.59
2025-06-21,2025-06-21T00:00:00,0,2025-06-21T13:00:00,2025-06-21T13:10:00,79,当日剩余,3817.3427999999999,7926.3147333333327,3910.4683,7493.4161999999997,-4108.971933333332,-3582.9478999999997
2025-06-21,2025-06-21T00:00:00,0,2025-06-21T13:10:00,2025-06-21T13:20:00,80,当日剩余,3834.9580999999998,7579.9027999999998,3862.6154000000001,7354.9231,-3744.9447,-3492.3077
2025-06-21,2025-06-21T00:00:00,0,2025-06-21T13:20:00,2025-06-21T13:30:00,81,当日剩余,3827.6700000000001,7233.4908666666661,3589.29,7340.8874999999998,-3405.820866666666,-3751.5975
2025-06-21,2025-06-21T00:00:00,0,2025-06-21T13:30:00,2025-06-21T13:40:00,82,当日剩余,3893.2638999999999,6887.0789333333332,3849.2221,6714.7448999999997,-2993.8150333333333,-2865.5227999999997
2025-06-21,2025-06-21T00:00:00,0,2025-06-21T13:40:00,2025-06-21T13:50:00,83,当日剩余,3906.2984999999999,6540.6670000000004,3978.2381999999998,6127.7550000000001,-2634.3685000000005,-2149.5168000000003
2025-06-21,2025-06-21T00:00:00,0,2025-06-21T13:50:00,2025-06-21T14:00:00,84,当日剩余,3871.5500000000002,6194.2550666666675,3861.8499999999999,5956.1999999999998,-2322.7050666666673,-2094.35
2025-06-21,2025-06-21T00:00:00,0,2025-06-21T14:00:00,2025-06-21T14:10:00,85,当日剩余,3911.3368,6038.0924083333339,4047.8905,5941.7978000000003,-2126.755608333334,-1893.9073000000003
2025-06-21,2025-06-21T00:00:00,0,2025-06-21T14:10:00,2025-06-21T14:20:00,86,当日剩余,3878.1365000000001,6072.1790250000004,4095.2280999999998,5827.2939999999999,-2194.0425250000003,-1732.0659
2025-06-21,2025-06-21T00:00:00,0,2025-06-21T14:20:00,2025-06-21T14:30:00,87,当日剩余,3792.0999999999999,6106.2656416666669,4007.3899999999999,5738.1374999999998,-2314.165641666667,-1730.7475
2025-06-21,2025-06-21T00:00:00,0,2025-06-21T14:30:00,2025-06-21T14:40:00,88,当日剩余,3849.9288000000001,6140.3522583333342,4227.0513000000001,5964.2606999999998,-2290.423458333334,-1737.2093999999997
2025-06-21,2025-06-21T00:00:00,0,2025-06-21T14:40:00,2025-06-21T14:50:00,89,当日剩余,4004.3225000000002,6174.4388749999998,4182.4485999999997,5979.2451000000001,-2170.1163749999996,-1796.7965000000004
2025-06-21,2025-06-21T00:00:00,0,2025-06-21T14:50:00,2025-06-21T15:00:00,90,当日剩余,4111.9399999999996,6208.5254916666663,3879.6799999999998,5680.4624999999996,-2096.5854916666667,-1800.7824999999998
2025-06-21,2025-06-21T00:00:00,0,2025-06-21T15:00:00,2025-06-21T15:10:00,91,当日剩余,4048.5320000000002,6001.7625333333326,3916.2334999999998,5457.1539000000002,-1953.2305333333325,-1540.9204000000004
2025-06-21,2025-06-21T00:00:00,0,2025-06-21T15:10:00,2025-06-21T15:20:00,92,当日剩余,3899.0664999999999,5554.1499999999996,3924.3398000000002,5153.0688,-1655.0834999999997,-1228.7289999999998
2025-06-21,2025-06-21T00:00:00,0,2025-06-21T15:20:00,2025-06-21T15:30:00,93,当日剩余,3872.0300000000002,5106.5374666666667,3875.5,4811.1000000000004,-1234.5074666666665,-935.6000000000004
2025-06-21,2025-06-21T00:00:00,0,2025-06-21T15:30:00,2025-06-21T15:40:00,94,当日剩余,4110.3626000000004,4658.9249333333337,4137.0155000000004,4680.9531999999999,-548.5623333333333,-543.9376999999995
2025-06-21,2025-06-21T00:00:00,0,2025-06-21T15:40:00,2025-06-21T15:50:00,95,当日剩余,4232.8239999999996,4211.3123999999998,4317.2601999999997,4481.2340999999997,21.511599999999817,-163.97389999999996
2025-06-21,2025-06-21T00:00:00,0,2025-06-21T15:50:00,2025-06-21T16:00:00,96,当日剩余,4214.0100000000002,3763.6998666666668,4217.4300000000003,4055.4000000000001,450.3101333333334,162.0300000000002
2025-06-21,2025-06-21T00:00:00,0,2025-06-21T16:00:00,2025-06-21T16:10:00,97,当日剩余,4333.1905999999999,3453.4802333333332,4034.2858000000001,3562.8564999999999,879.7103666666667,471.42930000000024
2025-06-21,2025-06-21T00:00:00,0,2025-06-21T16:10:00,2025-06-21T16:20:00,98,当日剩余,4174.9277000000002,3280.6534999999999,3980.7145999999998,3361.4888000000001,894.2742000000003,619.2257999999997
2025-06-21,2025-06-21T00:00:00,0,2025-06-21T16:20:00,2025-06-21T16:30:00,99,当日剩余,3991.8499999999999,3107.8267666666666,4042.02,3406.5749999999998,884.0232333333333,635.4450000000002
2025-06-21,2025-06-21T00:00:00,0,2025-06-21T16:30:00,2025-06-21T16:40:00,100,当日剩余,4411.5054,2935.0000333333332,3983.7739999999999,3291.2298000000001,1476.5053666666668,692.5441999999998
2025-06-21,2025-06-21T00:00:00,0,2025-06-21T16:40:00,2025-06-21T16:50:00,101,当日剩余,4246.9867000000004,2762.1732999999999,3621.8930999999998,2964.1750000000002,1484.8134000000005,657.7180999999996
2025-06-21,2025-06-21T00:00:00,0,2025-06-21T16:50:00,2025-06-21T17:00:00,102,当日剩余,3538.3600000000001,2589.3465666666666,3240.3000000000002,2623.6125000000002,949.0134333333335,616.6875
2025-06-21,2025-06-21T00:00:00,0,2025-06-21T17:00:00,2025-06-21T17:10:00,103,当日剩余,3542.8764000000001,2377.2967916666666,3335.0072,2479.2426,1165.5796083333335,855.7646
2025-06-21,2025-06-21T00:00:00,0,2025-06-21T17:10:00,2025-06-21T17:20:00,104,当日剩余,3659.3145,2126.0239750000001,3462.6248000000001,2185.8548000000001,1533.290525,1276.77
2025-06-21,2025-06-21T00:00:00,0,2025-06-21T17:20:00,2025-06-21T17:30:00,105,当日剩余,3539.7600000000002,1874.7511583333333,3484.27,1750.4625000000001,1665.008841666667,1733.8075
2025-06-21,2025-06-21T00:00:00,0,2025-06-21T17:30:00,2025-06-21T17:40:00,106,当日剩余,3489.1585,1623.4783416666664,3649.2080999999998,1528.3870999999999,1865.6801583333336,2120.821
2025-06-21,2025-06-21T00:00:00,0,2025-06-21T17:40:00,2025-06-21T17:50:00,107,当日剩余,3482.0898999999999,1372.2055249999999,3604.3528999999999,1310.4274,2109.884375,2293.9255
2025-06-21,2025-06-21T00:00:00,0,2025-06-21T17:50:00,2025-06-21T18:00:00,108,当日剩余,3497.4099999999999,1120.9327083333333,3349.5100000000002,1034.0999999999999,2376.4772916666666,2315.4100000000003
2025-06-21,2025-06-21T00:00:00,0,2025-06-21T18:00:00,2025-06-21T18:10:00,109,当日剩余,3573.5938000000001,912.96950833333324,3274.4828000000002,860.32860000000005,2660.624291666667,2414.1542
2025-06-21,2025-06-21T00:00:00,0,2025-06-21T18:10:00,2025-06-21T18:20:00,110,当日剩余,3613.6869000000002,748.31592499999999,3297.0032000000001,677.25469999999996,2865.3709750000003,2619.7485
2025-06-21,2025-06-21T00:00:00,0,2025-06-21T18:20:00,2025-06-21T18:30:00,111,当日剩余,3620.9099999999999,583.66234166666652,3342.79,452.69999999999999,3037.247658333333,2890.09
2025-06-21,2025-06-21T00:00:00,0,2025-06-21T18:30:00,2025-06-21T18:40:00,112,当日剩余,3681.3966999999998,419.00875833333328,3456.8314,276.0564,3262.3879416666664,3180.775
2025-06-21,2025-06-21T00:00:00,0,2025-06-21T18:40:00,2025-06-21T18:50:00,113,当日剩余,3682.0144,254.355175,3634.5648000000001,121.83669999999999,3427.659225,3512.7281000000003
2025-06-21,2025-06-21T00:00:00,0,2025-06-21T18:50:00,2025-06-21T19:00:00,114,当日剩余,3671.8499999999999,89.701591666666701,3852.7199999999998,7.7625000000000002,3582.148408333333,3844.9575
2025-06-21,2025-06-21T00:00:00,0,2025-06-21T19:00:00,2025-06-21T19:10:00,115,当日剩余,3806.9784,6.7602333333333329,4004.9441999999999,0,3800.2181666666665,4004.9442
2025-06-21,2025-06-21T00:00:00,0,2025-06-21T19:10:00,2025-06-21T19:20:00,116,当日剩余,3830.7687000000001,5.5310999999999995,3706.7433999999998,3.2618999999999998,3825.2376,3703.4815
2025-06-21,2025-06-21T00:00:00,0,2025-06-21T19:20:00,2025-06-21T19:30:00,117,当日剩余,3686.48,4.3019666666666661,3293.48,0,3682.178033333333,3293.48
2025-06-21,2025-06-21T00:00:00,0,2025-06-21T19:30:00,2025-06-21T19:40:00,118,当日剩余,3569.6441,3.0728333333333331,3492.5254,0,3566.571266666667,3492.5254
2025-06-21,2025-06-21T00:00:00,0,2025-06-21T19:40:00,2025-06-21T19:50:00,119,当日剩余,3471.1280000000002,1.8436999999999999,3490.6667000000002,0.23419999999999999,3469.2843000000003,3490.4325000000003
2025-06-21,2025-06-21T00:00:00,0,2025-06-21T19:50:00,2025-06-21T20:00:00,120,当日剩余,3506.9400000000001,0.61456666666666693,3189.6199999999999,0,3506.3254333333334,3189.62
2025-06-21,2025-06-21T00:00:00,0,2025-06-21T20:00:00,2025-06-21T20:10:00,121,当日剩余,3809.9315000000001,0,3348.2366000000002,0,3809.9315,3348.2366
2025-06-21,2025-06-21T00:00:00,0,2025-06-21T20:10:00,2025-06-21T20:20:00,122,当日剩余,3890.9938000000002,0,3725.2051999999999,0.016799999999999999,3890.9938,3725.1884
2025-06-21,2025-06-21T00:00:00,0,2025-06-21T20:20:00,2025-06-21T20:30:00,123,当日剩余,3770.5999999999999,0,3960.1300000000001,0,3770.6,3960.13
2025-06-21,2025-06-21T00:00:00,0,2025-06-21T20:30:00,2025-06-21T20:40:00,124,当日剩余,3932.4897999999998,0,3881.8245000000002,0,3932.4898,3881.8245
2025-06-21,2025-06-21T00:00:00,0,2025-06-21T20:40:00,2025-06-21T20:50:00,125,当日剩余,4058.3330000000001,0,3513.6729,0.0011999999999999999,4058.333,3513.6717
2025-06-21,2025-06-21T00:00:00,0,2025-06-21T20:50:00,2025-06-21T21:00:00,126,当日剩余,3918.77,0,3160.3200000000002,0,3918.77,3160.32
2025-06-21,2025-06-21T00:00:00,0,2025-06-21T21:00:00,2025-06-21T21:10:00,127,当日剩余,3614.0095999999999,0,3214.7105999999999,0,3614.0096,3214.7106
2025-06-21,2025-06-21T00:00:00,0,2025-06-21T21:10:00,2025-06-21T21:20:00,128,当日剩余,3370.7921000000001,0,3489.1028999999999,0,3370.7921,3489.1029
2025-06-21,2025-06-21T00:00:00,0,2025-06-21T21:20:00,2025-06-21T21:30:00,129,当日剩余,3342.5799999999999,0,3713.4899999999998,0,3342.58,3713.49
2025-06-21,2025-06-21T00:00:00,0,2025-06-21T21:30:00,2025-06-21T21:40:00,130,当日剩余,3493.8805000000002,0,3715.4477000000002,0,3493.8805,3715.4477
2025-06-21,2025-06-21T00:00:00,0,2025-06-21T21:40:00,2025-06-21T21:50:00,131,当日剩余,3460.6217999999999,0,3460.6768000000002,0,3460.6218,3460.6768
2025-06-21,2025-06-21T00:00:00,0,2025-06-21T21:50:00,2025-06-21T22:00:00,132,当日剩余,3267.4400000000001,0,3169.6799999999998,0,3267.44,3169.68
2025-06-21,2025-06-21T00:00:00,0,2025-06-21T22:00:00,2025-06-21T22:10:00,133,当日剩余,3261.2988,0,3161.2424000000001,0,3261.2988,3161.2424
2025-06-21,2025-06-21T00:00:00,0,2025-06-21T22:10:00,2025-06-21T22:20:00,134,当日剩余,3218.1698999999999,0,3268.4465,0,3218.1699,3268.4465
2025-06-21,2025-06-21T00:00:00,0,2025-06-21T22:20:00,2025-06-21T22:30:00,135,当日剩余,3190.1900000000001,0,3317.1900000000001,0,3190.19,3317.19
2025-06-21,2025-06-21T00:00:00,0,2025-06-21T22:30:00,2025-06-21T22:40:00,136,当日剩余,3472.9639000000002,0,3281.0391,0,3472.9639,3281.0391
2025-06-21,2025-06-21T00:00:00,0,2025-06-21T22:40:00,2025-06-21T22:50:00,137,当日剩余,3653.9268999999999,0,3250.7574,0,3653.9269,3250.7574
2025-06-21,2025-06-21T00:00:00,0,2025-06-21T22:50:00,2025-06-21T23:00:00,138,当日剩余,3463.23,0,3190.3899999999999,0,3463.23,3190.39
2025-06-21,2025-06-21T00:00:00,0,2025-06-21T23:00:00,2025-06-21T23:10:00,139,当日剩余,3048.4780000000001,0,2998.9362999999998,0,3048.478,2998.9363
2025-06-21,2025-06-21T00:00:00,0,2025-06-21T23:10:00,2025-06-21T23:20:00,140,当日剩余,2905.5898999999999,0,2920.9742999999999,0,2905.5899,2920.9743
2025-06-21,2025-06-21T00:00:00,0,2025-06-21T23:20:00,2025-06-21T23:30:00,141,当日剩余,3071.9400000000001,0,2989.3000000000002,0,3071.94,2989.3
2025-06-21,2025-06-21T00:00:00,0,2025-06-21T23:30:00,2025-06-21T23:40:00,142,当日剩余,3193.2655,0,3024.5709999999999,0,3193.2655,3024.571
2025-06-21,2025-06-21T00:00:00,0,2025-06-21T23:40:00,2025-06-21T23:50:00,143,当日剩余,3497.8213000000001,0,3193.3141000000001,0,3497.8213,3193.3141
2025-06-21,2025-06-21T00:00:00,0,2025-06-21T23:50:00,2025-06-22T00:00:00,144,当日剩余,3929.3800000000001,0,3636.1399999999999,0,3929.38,3636.14
2025-06-21,2025-06-21T06:00:00,6,2025-06-21T06:00:00,2025-06-21T06:10:00,1,当日剩余,2898.0429054437641,1042.2212916666667,2888.7303999999999,1136.9554000000001,1855.8216137770974,1751.7749999999999
2025-06-21,2025-06-21T06:00:00,6,2025-06-21T06:10:00,2025-06-21T06:20:00,2,当日剩余,2842.8138054437641,1345.2638750000001,2932.2310000000002,1453.4028000000001,1497.549930443764,1478.8282000000002
2025-06-21,2025-06-21T06:00:00,6,2025-06-21T06:20:00,2025-06-21T06:30:00,3,当日剩余,2655.8892054437642,1648.3064583333335,2764.02,1765.9124999999999,1007.5827471104308,998.1075000000001
2025-06-21,2025-06-21T06:00:00,6,2025-06-21T06:30:00,2025-06-21T06:40:00,4,当日剩余,2651.6362054437641,1951.3490416666668,2606.6136999999999,2022.3026,700.2871637770972,584.3110999999999
2025-06-21,2025-06-21T06:00:00,6,2025-06-21T06:40:00,2025-06-21T06:50:00,5,当日剩余,2868.5877054437642,2254.3916250000002,2867.7649000000001,2350.4922999999999,614.196080443764,517.2726000000002
2025-06-21,2025-06-21T06:00:00,6,2025-06-21T06:50:00,2025-06-21T07:00:00,6,当日剩余,3165.3092054437643,2557.4342083333331,3304.27,2699.25,607.8749971104312,605.02
2025-06-21,2025-06-21T06:00:00,6,2025-06-21T07:00:00,2025-06-21T07:10:00,7,当日剩余,3328.9005054437644,2813.969458333333,3254.3168999999998,2874.6230999999998,514.9310471104313,379.6938
2025-06-21,2025-06-21T06:00:00,6,2025-06-21T07:10:00,2025-06-21T07:20:00,8,当日剩余,3295.2921054437643,3023.9973749999999,3137.5947999999999,3006.0286999999998,271.29473044376437,131.5661
2025-06-21,2025-06-21T06:00:00,6,2025-06-21T07:20:00,2025-06-21T07:30:00,9,当日剩余,3189.9492054437642,3234.0252916666664,3174.8499999999999,3224.8874999999998,-44.07608622290218,-50.03749999999991
2025-06-21,2025-06-21T06:00:00,6,2025-06-21T07:30:00,2025-06-21T07:40:00,10,当日剩余,3207.2110054437644,3444.0532083333333,3159.7262999999998,3537.527,-236.84220288956885,-377.80070000000023
2025-06-21,2025-06-21T06:00:00,6,2025-06-21T07:40:00,2025-06-21T07:50:00,11,当日剩余,3220.5290054437642,3654.0811250000002,3087.5763000000002,3785.3986,-433.552119556236,-697.8222999999998
2025-06-21,2025-06-21T06:00:00,6,2025-06-21T07:50:00,2025-06-21T08:00:00,12,当日剩余,3208.5092054437641,3864.1090416666666,3062.3600000000001,4003.4250000000002,-655.5998362229025,-941.065
2025-06-21,2025-06-21T06:00:00,6,2025-06-21T08:00:00,2025-06-21T08:10:00,13,当日剩余,3269.8396054437644,4033.4803999999999,3162.0196999999998,4334.7323999999999,-763.6407945562355,-1172.7127
2025-06-21,2025-06-21T06:00:00,6,2025-06-21T08:10:00,2025-06-21T08:20:00,14,当日剩余,3245.911105443764,4162.1952000000001,3160.9922000000001,4441.8035,-916.2840945562361,-1280.8112999999998
2025-06-21,2025-06-21T06:00:00,6,2025-06-21T08:20:00,2025-06-21T08:30:00,15,当日剩余,3151.2292054437644,4290.9099999999999,3037.5900000000001,4358.6999999999998,-1139.6807945562355,-1321.1099999999997
2025-06-21,2025-06-21T06:00:00,6,2025-06-21T08:30:00,2025-06-21T08:40:00,16,当日剩余,3194.6102054437642,4419.6247999999996,3030.9974000000002,4479.8950000000004,-1225.0145945562354,-1448.8976000000002
2025-06-21,2025-06-21T06:00:00,6,2025-06-21T08:40:00,2025-06-21T08:50:00,17,当日剩余,3401.112105443764,4548.3396000000002,3289.9389999999999,4668.5165999999999,-1147.2274945562363,-1378.5776
2025-06-21,2025-06-21T06:00:00,6,2025-06-21T08:50:00,2025-06-21T09:00:00,18,当日剩余,3678.359205443764,4677.0544,3650.6199999999999,4746.0749999999998,-998.695194556236,-1095.455
2025-06-21,2025-06-21T06:00:00,6,2025-06-21T09:00:00,2025-06-21T09:10:00,19,当日剩余,3886.709905443764,4890.216316666666,3785.9011,4746.9534000000003,-1003.506411222902,-961.0523000000003
2025-06-21,2025-06-21T06:00:00,6,2025-06-21T09:10:00,2025-06-21T09:20:00,20,当日剩余,3973.6039054437642,5187.8253500000001,3849.6183000000001,5139.4381000000003,-1214.2214445562358,-1289.8198000000002
2025-06-21,2025-06-21T06:00:00,6,2025-06-21T09:20:00,2025-06-21T09:30:00,21,当日剩余,3924.859205443764,5485.4343833333332,3824.5999999999999,5794.3125,-1560.5751778895692,-1969.7125
2025-06-21,2025-06-21T06:00:00,6,2025-06-21T09:30:00,2025-06-21T09:40:00,22,当日剩余,3777.258005443764,5783.0434166666664,3582.3586,6109.0680000000002,-2005.7854112229024,-2526.7094
2025-06-21,2025-06-21T06:00:00,6,2025-06-21T09:40:00,2025-06-21T09:50:00,23,当日剩余,3703.173505443764,6080.6524499999996,3687.9447,6385.1018000000004,-2377.4789445562355,-2697.1571000000004
2025-06-21,2025-06-21T06:00:00,6,2025-06-21T09:50:00,2025-06-21T10:00:00,24,当日剩余,3798.0392054437643,6378.2614833333328,4000.1399999999999,6643.5375000000004,-2580.2222778895684,-2643.3975000000005
2025-06-21,2025-06-21T06:00:00,6,2025-06-21T10:00:00,2025-06-21T10:10:00,25,当日剩余,3975.1264054437643,6575.6761666666662,3826.1041,6589.8892999999998,-2600.549761222902,-2763.7852
2025-06-21,2025-06-21T06:00:00,6,2025-06-21T10:10:00,2025-06-21T10:20:00,26,当日剩余,3885.6797054437643,6672.8964999999998,3761.4976000000001,6695.6004000000003,-2787.2167945562355,-2934.1028
2025-06-21,2025-06-21T06:00:00,6,2025-06-21T10:20:00,2025-06-21T10:30:00,27,当日剩余,3661.9592054437644,6770.1168333333335,3901.9099999999999,7000.9875000000002,-3108.157627889569,-3099.0775000000003
2025-06-21,2025-06-21T06:00:00,6,2025-06-21T10:30:00,2025-06-21T10:40:00,28,当日剩余,3766.104005443764,6867.3371666666671,3726.7534999999998,7093.8409000000001,-3101.233161222903,-3367.0874000000003
2025-06-21,2025-06-21T06:00:00,6,2025-06-21T10:40:00,2025-06-21T10:50:00,29,当日剩余,3817.6125054437643,6964.5574999999999,3565.5608999999999,7243.1188000000002,-3146.9449945562355,-3677.5579000000002
2025-06-21,2025-06-21T06:00:00,6,2025-06-21T10:50:00,2025-06-21T11:00:00,30,当日剩余,3653.1192054437643,7061.7778333333335,3679.21,7400.1000000000004,-3408.6586278895693,-3720.8900000000003
2025-06-21,2025-06-21T06:00:00,6,2025-06-21T11:00:00,2025-06-21T11:10:00,31,当日剩余,3516.0232054437643,7134.5349583333327,3945.6165999999998,7306.5816000000004,-3618.5117528895685,-3360.9650000000006
2025-06-21,2025-06-21T06:00:00,6,2025-06-21T11:10:00,2025-06-21T11:20:00,32,当日剩余,3534.9810054437644,7182.8288750000002,3900.6403,7782.8954000000003,-3647.8478695562358,-3882.2551000000003
2025-06-21,2025-06-21T06:00:00,6,2025-06-21T11:20:00,2025-06-21T11:30:00,33,当日剩余,3653.919205443764,7231.1227916666667,3645.7600000000002,8490.2250000000004,-3577.2035862229027,-4844.465
2025-06-21,2025-06-21T06:00:00,6,2025-06-21T11:30:00,2025-06-21T11:40:00,34,当日剩余,3710.7500054437642,7279.4167083333341,3705.1426999999999,8180.7164000000002,-3568.66670288957,-4475.573700000001
2025-06-21,2025-06-21T06:00:00,6,2025-06-21T11:40:00,2025-06-21T11:50:00,35,当日剩余,3723.2119054437644,7327.7106249999997,3724.3132999999998,7677.6706000000004,-3604.4987195562353,-3953.3573000000006
2025-06-21,2025-06-21T06:00:00,6,2025-06-21T11:50:00,2025-06-21T12:00:00,36,当日剩余,3727.7292054437644,7376.0045416666662,3631.0799999999999,7665.1125000000002,-3648.275336222902,-4034.0325000000003
2025-06-21,2025-06-21T06:00:00,6,2025-06-21T12:00:00,2025-06-21T12:10:00,37,当日剩余,3734.4891054437644,7454.2845249999991,3735.5414999999998,8044.2631000000001,-3719.7954195562347,-4308.721600000001
2025-06-21,2025-06-21T06:00:00,6,2025-06-21T12:10:00,2025-06-21T12:20:00,38,当日剩余,3759.394705443764,7562.5505750000002,3852.2352000000001,8300.9755000000005,-3803.155869556236,-4448.7403
2025-06-21,2025-06-21T06:00:00,6,2025-06-21T12:20:00,2025-06-21T12:30:00,39,当日剩余,3795.7192054437642,7670.8166249999995,3928.5599999999999,8383.0125000000007,-3875.0974195562353,-4454.452500000001
2025-06-21,2025-06-21T06:00:00,6,2025-06-21T12:30:00,2025-06-21T12:40:00,40,当日剩余,3815.1419054437642,7779.0826749999997,4059.9043999999999,8605.7877000000008,-3963.9407695562354,-4545.883300000001
2025-06-21,2025-06-21T06:00:00,6,2025-06-21T12:40:00,2025-06-21T12:50:00,41,当日剩余,3802.6570054437643,7887.3487249999998,3912.5927999999999,8542.7209000000003,-4084.6917195562355,-4630.1281
2025-06-21,2025-06-21T06:00:00,6,2025-06-21T12:50:00,2025-06-21T13:00:00,42,当日剩余,3797.5692054437641,7995.614775,3688.0100000000002,8049.6000000000004,-4198.045569556236,-4361.59
2025-06-21,2025-06-21T06:00:00,6,2025-06-21T13:00:00,2025-06-21T13:10:00,43,当日剩余,3851.5420054437641,7860.0978583333326,3910.4683,7493.4161999999997,-4008.5558528895685,-3582.9478999999997
2025-06-21,2025-06-21T06:00:00,6,2025-06-21T13:10:00,2025-06-21T13:20:00,44,当日剩余,3869.157305443764,7480.7979749999995,3862.6154000000001,7354.9231,-3611.6406695562355,-3492.3077
2025-06-21,2025-06-21T06:00:00,6,2025-06-21T13:20:00,2025-06-21T13:30:00,45,当日剩余,3861.8692054437643,7101.4980916666664,3589.29,7340.8874999999998,-3239.628886222902,-3751.5975
2025-06-21,2025-06-21T06:00:00,6,2025-06-21T13:30:00,2025-06-21T13:40:00,46,当日剩余,3927.4631054437641,6722.1982083333332,3849.2221,6714.7448999999997,-2794.735102889569,-2865.5227999999997
2025-06-21,2025-06-21T06:00:00,6,2025-06-21T13:40:00,2025-06-21T13:50:00,47,当日剩余,3940.4977054437641,6342.898325000001,3978.2381999999998,6127.7550000000001,-2402.400619556237,-2149.5168000000003
2025-06-21,2025-06-21T06:00:00,6,2025-06-21T13:50:00,2025-06-21T14:00:00,48,当日剩余,3905.7492054437644,5963.5984416666679,3861.8499999999999,5956.1999999999998,-2057.8492362229035,-2094.35
2025-06-21,2025-06-21T06:00:00,6,2025-06-21T14:00:00,2025-06-21T14:10:00,49,当日剩余,3945.5360054437642,5743.1552250000004,4047.8905,5941.7978000000003,-1797.6192195562362,-1893.9073000000003
2025-06-21,2025-06-21T06:00:00,6,2025-06-21T14:10:00,2025-06-21T14:20:00,50,当日剩余,3912.3357054437643,5681.5686750000004,4095.2280999999998,5827.2939999999999,-1769.2329695562362,-1732.0659
2025-06-21,2025-06-21T06:00:00,6,2025-06-21T14:20:00,2025-06-21T14:30:00,51,当日剩余,3826.2992054437641,5619.9821249999995,4007.3899999999999,5738.1374999999998,-1793.6829195562354,-1730.7475
2025-06-21,2025-06-21T06:00:00,6,2025-06-21T14:30:00,2025-06-21T14:40:00,52,当日剩余,3884.1280054437643,5558.3955750000005,4227.0513000000001,5964.2606999999998,-1674.2675695562361,-1737.2093999999997
2025-06-21,2025-06-21T06:00:00,6,2025-06-21T14:40:00,2025-06-21T14:50:00,53,当日剩余,4038.5217054437644,5496.8090250000005,4182.4485999999997,5979.2451000000001,-1458.287319556236,-1796.7965000000004
2025-06-21,2025-06-21T06:00:00,6,2025-06-21T14:50:00,2025-06-21T15:00:00,54,当日剩余,4146.1392054437638,5435.2224749999996,3879.6799999999998,5680.4624999999996,-1289.0832695562358,-1800.7824999999998
2025-06-21,2025-06-21T06:00:00,6,2025-06-21T15:00:00,2025-06-21T15:10:00,55,当日剩余,4082.7312054437643,5287.9276583333331,3916.2334999999998,5457.1539000000002,-1205.1964528895687,-1540.9204000000004
2025-06-21,2025-06-21T06:00:00,6,2025-06-21T15:10:00,2025-06-21T15:20:00,56,当日剩余,3933.2657054437641,5054.924575,3924.3398000000002,5153.0688,-1121.658869556236,-1228.7289999999998
2025-06-21,2025-06-21T06:00:00,6,2025-06-21T15:20:00,2025-06-21T15:30:00,57,当日剩余,3906.2292054437644,4821.921491666666,3875.5,4811.1000000000004,-915.6922862229017,-935.6000000000004
2025-06-21,2025-06-21T06:00:00,6,2025-06-21T15:30:00,2025-06-21T15:40:00,58,当日剩余,4144.5618054437646,4588.918408333333,4137.0155000000004,4680.9531999999999,-444.3566028895684,-543.9376999999995
2025-06-21,2025-06-21T06:00:00,6,2025-06-21T15:40:00,2025-06-21T15:50:00,59,当日剩余,4267.0232054437638,4355.9153249999999,4317.2601999999997,4481.2340999999997,-88.89211955623614,-163.97389999999996
2025-06-21,2025-06-21T06:00:00,6,2025-06-21T15:50:00,2025-06-21T16:00:00,60,当日剩余,4248.2092054437644,4122.9122416666669,4217.4300000000003,4055.4000000000001,125.29696377709752,162.0300000000002
2025-06-21,2025-06-21T06:00:00,6,2025-06-21T16:00:00,2025-06-21T16:10:00,61,当日剩余,4367.3898054437641,3889.5631083333333,4034.2858000000001,3562.8564999999999,477.8266971104308,471.42930000000024
2025-06-21,2025-06-21T06:00:00,6,2025-06-21T16:10:00,2025-06-21T16:20:00,62,当日剩余,4209.1269054437644,3655.8679249999996,3980.7145999999998,3361.4888000000001,553.2589804437648,619.2257999999997
2025-06-21,2025-06-21T06:00:00,6,2025-06-21T16:20:00,2025-06-21T16:30:00,63,当日剩余,4026.0492054437641,3422.1727416666663,4042.02,3406.5749999999998,603.8764637770978,635.4450000000002
2025-06-21,2025-06-21T06:00:00,6,2025-06-21T16:30:00,2025-06-21T16:40:00,64,当日剩余,4445.7046054437642,3188.477558333333,3983.7739999999999,3291.2298000000001,1257.2270471104312,692.5441999999998
2025-06-21,2025-06-21T06:00:00,6,2025-06-21T16:40:00,2025-06-21T16:50:00,65,当日剩余,4281.1859054437646,2954.7823749999998,3621.8930999999998,2964.1750000000002,1326.4035304437648,657.7180999999996
2025-06-21,2025-06-21T06:00:00,6,2025-06-21T16:50:00,2025-06-21T17:00:00,66,当日剩余,3572.5592054437643,2721.0871916666665,3240.3000000000002,2623.6125000000002,851.4720137770978,616.6875
2025-06-21,2025-06-21T06:00:00,6,2025-06-21T17:00:00,2025-06-21T17:10:00,67,当日剩余,3577.0756054437643,2462.7229166666666,3335.0072,2479.2426,1114.3526887770977,855.7646
2025-06-21,2025-06-21T06:00:00,6,2025-06-21T17:10:00,2025-06-21T17:20:00,68,当日剩余,3693.5137054437641,2179.6895500000001,3462.6248000000001,2185.8548000000001,1513.824155443764,1276.77
2025-06-21,2025-06-21T06:00:00,6,2025-06-21T17:20:00,2025-06-21T17:30:00,69,当日剩余,3573.9592054437644,1896.656183333333,3484.27,1750.4625000000001,1677.3030221104314,1733.8075
2025-06-21,2025-06-21T06:00:00,6,2025-06-21T17:30:00,2025-06-21T17:40:00,70,当日剩余,3523.3577054437642,1613.6228166666665,3649.2080999999998,1528.3870999999999,1909.7348887770977,2120.821
2025-06-21,2025-06-21T06:00:00,6,2025-06-21T17:40:00,2025-06-21T17:50:00,71,当日剩余,3516.2891054437641,1330.5894499999999,3604.3528999999999,1310.4274,2185.699655443764,2293.9255
2025-06-21,2025-06-21T06:00:00,6,2025-06-21T17:50:00,2025-06-21T18:00:00,72,当日剩余,3531.609205443764,1047.5560833333334,3349.5100000000002,1034.0999999999999,2484.0531221104306,2315.4100000000003
2025-06-21,2025-06-21T06:00:00,6,2025-06-21T18:00:00,2025-06-21T18:10:00,73,当日剩余,3607.7930054437643,831.12592499999994,3274.4828000000002,860.32860000000005,2776.6670804437645,2414.1542
2025-06-21,2025-06-21T06:00:00,6,2025-06-21T18:10:00,2025-06-21T18:20:00,74,当日剩余,3647.8861054437643,681.29897499999993,3297.0032000000001,677.25469999999996,2966.587130443764,2619.7485
2025-06-21,2025-06-21T06:00:00,6,2025-06-21T18:20:00,2025-06-21T18:30:00,75,当日剩余,3655.109205443764,531.47202499999992,3342.79,452.69999999999999,3123.637180443764,2890.09
2025-06-21,2025-06-21T06:00:00,6,2025-06-21T18:30:00,2025-06-21T18:40:00,76,当日剩余,3715.595905443764,381.64507500000002,3456.8314,276.0564,3333.950830443764,3180.775
2025-06-21,2025-06-21T06:00:00,6,2025-06-21T18:40:00,2025-06-21T18:50:00,77,当日剩余,3716.2136054437642,231.81812500000001,3634.5648000000001,121.83669999999999,3484.3954804437644,3512.7281000000003
2025-06-21,2025-06-21T06:00:00,6,2025-06-21T18:50:00,2025-06-21T19:00:00,78,当日剩余,3706.0492054437641,81.991175000000041,3852.7199999999998,7.7625000000000002,3624.058030443764,3844.9575
2025-06-21,2025-06-21T06:00:00,6,2025-06-21T19:00:00,2025-06-21T19:10:00,79,当日剩余,3841.1776054437642,6.4878916666666662,4004.9441999999999,0,3834.6897137770975,4004.9442
2025-06-21,2025-06-21T06:00:00,6,2025-06-21T19:10:00,2025-06-21T19:20:00,80,当日剩余,3864.9679054437643,5.3082750000000001,3706.7433999999998,3.2618999999999998,3859.6596304437644,3703.4815
2025-06-21,2025-06-21T06:00:00,6,2025-06-21T19:20:00,2025-06-21T19:30:00,81,当日剩余,3720.6792054437642,4.1286583333333331,3293.48,0,3716.5505471104307,3293.48
2025-06-21,2025-06-21T06:00:00,6,2025-06-21T19:30:00,2025-06-21T19:40:00,82,当日剩余,3603.8433054437642,2.9490416666666666,3492.5254,0,3600.8942637770974,3492.5254
2025-06-21,2025-06-21T06:00:00,6,2025-06-21T19:40:00,2025-06-21T19:50:00,83,当日剩余,3505.3272054437643,1.769425,3490.6667000000002,0.23419999999999999,3503.5577804437644,3490.4325000000003
2025-06-21,2025-06-21T06:00:00,6,2025-06-21T19:50:00,2025-06-21T20:00:00,84,当日剩余,3541.1392054437642,0.5898083333333336,3189.6199999999999,0,3540.549397110431,3189.62
2025-06-21,2025-06-21T06:00:00,6,2025-06-21T20:00:00,2025-06-21T20:10:00,85,当日剩余,3844.1307054437643,0,3348.2366000000002,0,3844.1307054437643,3348.2366
2025-06-21,2025-06-21T06:00:00,6,2025-06-21T20:10:00,2025-06-21T20:20:00,86,当日剩余,3925.1930054437644,0,3725.2051999999999,0.016799999999999999,3925.1930054437644,3725.1884
2025-06-21,2025-06-21T06:00:00,6,2025-06-21T20:20:00,2025-06-21T20:30:00,87,当日剩余,3804.7992054437641,0,3960.1300000000001,0,3804.799205443764,3960.13
2025-06-21,2025-06-21T06:00:00,6,2025-06-21T20:30:00,2025-06-21T20:40:00,88,当日剩余,3966.689005443764,0,3881.8245000000002,0,3966.689005443764,3881.8245
2025-06-21,2025-06-21T06:00:00,6,2025-06-21T20:40:00,2025-06-21T20:50:00,89,当日剩余,4092.5322054437643,0,3513.6729,0.0011999999999999999,4092.5322054437643,3513.6717
2025-06-21,2025-06-21T06:00:00,6,2025-06-21T20:50:00,2025-06-21T21:00:00,90,当日剩余,3952.9692054437642,0,3160.3200000000002,0,3952.969205443764,3160.32
2025-06-21,2025-06-21T06:00:00,6,2025-06-21T21:00:00,2025-06-21T21:10:00,91,当日剩余,3648.208805443764,0,3214.7105999999999,0,3648.208805443764,3214.7106
2025-06-21,2025-06-21T06:00:00,6,2025-06-21T21:10:00,2025-06-21T21:20:00,92,当日剩余,3404.9913054437643,0,3489.1028999999999,0,3404.9913054437643,3489.1029
2025-06-21,2025-06-21T06:00:00,6,2025-06-21T21:20:00,2025-06-21T21:30:00,93,当日剩余,3376.7792054437641,0,3713.4899999999998,0,3376.779205443764,3713.49
2025-06-21,2025-06-21T06:00:00,6,2025-06-21T21:30:00,2025-06-21T21:40:00,94,当日剩余,3528.0797054437644,0,3715.4477000000002,0,3528.0797054437644,3715.4477
2025-06-21,2025-06-21T06:00:00,6,2025-06-21T21:40:00,2025-06-21T21:50:00,95,当日剩余,3494.8210054437641,0,3460.6768000000002,0,3494.821005443764,3460.6768
2025-06-21,2025-06-21T06:00:00,6,2025-06-21T21:50:00,2025-06-21T22:00:00,96,当日剩余,3301.6392054437642,0,3169.6799999999998,0,3301.6392054437642,3169.68
2025-06-21,2025-06-21T06:00:00,6,2025-06-21T22:00:00,2025-06-21T22:10:00,97,当日剩余,3295.4980054437642,0,3161.2424000000001,0,3295.498005443764,3161.2424
2025-06-21,2025-06-21T06:00:00,6,2025-06-21T22:10:00,2025-06-21T22:20:00,98,当日剩余,3252.3691054437641,0,3268.4465,0,3252.369105443764,3268.4465
2025-06-21,2025-06-21T06:00:00,6,2025-06-21T22:20:00,2025-06-21T22:30:00,99,当日剩余,3224.3892054437642,0,3317.1900000000001,0,3224.3892054437642,3317.19
2025-06-21,2025-06-21T06:00:00,6,2025-06-21T22:30:00,2025-06-21T22:40:00,100,当日剩余,3507.1631054437644,0,3281.0391,0,3507.1631054437644,3281.0391
2025-06-21,2025-06-21T06:00:00,6,2025-06-21T22:40:00,2025-06-21T22:50:00,101,当日剩余,3688.1261054437641,0,3250.7574,0,3688.126105443764,3250.7574
2025-06-21,2025-06-21T06:00:00,6,2025-06-21T22:50:00,2025-06-21T23:00:00,102,当日剩余,3497.4292054437642,0,3190.3899999999999,0,3497.429205443764,3190.39
2025-06-21,2025-06-21T06:00:00,6,2025-06-21T23:00:00,2025-06-21T23:10:00,103,当日剩余,3082.6772054437643,0,2998.9362999999998,0,3082.6772054437643,2998.9363
2025-06-21,2025-06-21T06:00:00,6,2025-06-21T23:10:00,2025-06-21T23:20:00,104,当日剩余,2939.7891054437641,0,2920.9742999999999,0,2939.789105443764,2920.9743
2025-06-21,2025-06-21T06:00:00,6,2025-06-21T23:20:00,2025-06-21T23:30:00,105,当日剩余,3106.1392054437642,0,2989.3000000000002,0,3106.1392054437642,2989.3
2025-06-21,2025-06-21T06:00:00,6,2025-06-21T23:30:00,2025-06-21T23:40:00,106,当日剩余,3227.4647054437642,0,3024.5709999999999,0,3227.464705443764,3024.571
2025-06-21,2025-06-21T06:00:00,6,2025-06-21T23:40:00,2025-06-21T23:50:00,107,当日剩余,3532.0205054437643,0,3193.3141000000001,0,3532.0205054437643,3193.3141
2025-06-21,2025-06-21T06:00:00,6,2025-06-21T23:50:00,2025-06-22T00:00:00,108,当日剩余,3963.5792054437643,0,3636.1399999999999,0,3963.5792054437643,3636.14
2025-06-21,2025-06-21T06:00:00,6,2025-06-22T00:00:00,2025-06-22T00:10:00,109,次日延续,4104.4483,0,4241.9529000000002,0,4104.4483,4241.9529
2025-06-21,2025-06-21T06:00:00,6,2025-06-22T00:10:00,2025-06-22T00:20:00,110,次日延续,4073.2932000000001,0,4388.4534999999996,0,4073.2932,4388.4535
2025-06-21,2025-06-21T06:00:00,6,2025-06-22T00:20:00,2025-06-22T00:30:00,111,次日延续,3966.46,0,4075.4299999999998,0,3966.46,4075.43
2025-06-21,2025-06-21T06:00:00,6,2025-06-22T00:30:00,2025-06-22T00:40:00,112,次日延续,3873.2134999999998,0,3916.6662999999999,0,3873.2135,3916.6663
2025-06-21,2025-06-21T06:00:00,6,2025-06-22T00:40:00,2025-06-22T00:50:00,113,次日延续,3844.8132000000001,0,3984.7584999999999,0,3844.8132,3984.7585
2025-06-21,2025-06-21T06:00:00,6,2025-06-22T00:50:00,2025-06-22T01:00:00,114,次日延续,3816.48,0,4147.3500000000004,0,3816.48,4147.35
2025-06-21,2025-06-21T06:00:00,6,2025-06-22T01:00:00,2025-06-22T01:10:00,115,次日延续,3690.4241000000002,0,4225.5694000000003,0,3690.4241,4225.5694
2025-06-21,2025-06-21T06:00:00,6,2025-06-22T01:10:00,2025-06-22T01:20:00,116,次日延续,3656.0583999999999,0,4109.5613000000003,0,3656.0584,4109.5613
2025-06-21,2025-06-21T06:00:00,6,2025-06-22T01:20:00,2025-06-22T01:30:00,117,次日延续,3785.7800000000002,0,3920.3699999999999,0,3785.78,3920.37
2025-06-21,2025-06-21T06:00:00,6,2025-06-22T01:30:00,2025-06-22T01:40:00,118,次日延续,3947.7195000000002,0,3887.9694,0,3947.7195,3887.9694
2025-06-21,2025-06-21T06:00:00,6,2025-06-22T01:40:00,2025-06-22T01:50:00,119,次日延续,3960.7671999999998,0,3838.098,0,3960.7672,3838.098
2025-06-21,2025-06-21T06:00:00,6,2025-06-22T01:50:00,2025-06-22T02:00:00,120,次日延续,3812.3800000000001,0,3764.4699999999998,0,3812.38,3764.47
2025-06-21,2025-06-21T06:00:00,6,2025-06-22T02:00:00,2025-06-22T02:10:00,121,次日延续,3687.4872,0,3821.1601999999998,0,3687.4872,3821.1602
2025-06-21,2025-06-21T06:00:00,6,2025-06-22T02:10:00,2025-06-22T02:20:00,122,次日延续,3825.0954999999999,0,3740.7575000000002,0,3825.0955,3740.7575
2025-06-21,2025-06-21T06:00:00,6,2025-06-22T02:20:00,2025-06-22T02:30:00,123,次日延续,4005.9099999999999,0,3660.9899999999998,0,4005.91,3660.99
2025-06-21,2025-06-21T06:00:00,6,2025-06-22T02:30:00,2025-06-22T02:40:00,124,次日延续,3763.3063999999999,0,3973.9117999999999,0,3763.3064,3973.9118
2025-06-21,2025-06-21T06:00:00,6,2025-06-22T02:40:00,2025-06-22T02:50:00,125,次日延续,3505.1831000000002,0,4067.2406000000001,0,3505.1831,4067.2406
2025-06-21,2025-06-21T06:00:00,6,2025-06-22T02:50:00,2025-06-22T03:00:00,126,次日延续,3508.73,0,3807.5100000000002,0,3508.73,3807.51
2025-06-21,2025-06-21T06:00:00,6,2025-06-22T03:00:00,2025-06-22T03:10:00,127,次日延续,3668.6768999999999,0,3668.1163000000001,0.0016000000000000001,3668.6769,3668.1147
2025-06-21,2025-06-21T06:00:00,6,2025-06-22T03:10:00,2025-06-22T03:20:00,128,次日延续,3776.5117,0,3614.9247999999998,0,3776.5117,3614.9248
2025-06-21,2025-06-21T06:00:00,6,2025-06-22T03:20:00,2025-06-22T03:30:00,129,次日延续,3797.2199999999998,0,3642.3699999999999,0,3797.22,3642.37
2025-06-21,2025-06-21T06:00:00,6,2025-06-22T03:30:00,2025-06-22T03:40:00,130,次日延续,3832.5407,0,3787.4609,0.022100000000000002,3832.5407,3787.4388
2025-06-21,2025-06-21T06:00:00,6,2025-06-22T03:40:00,2025-06-22T03:50:00,131,次日延续,3760.5047,0,3636.4612000000002,0,3760.5047,3636.4612
2025-06-21,2025-06-21T06:00:00,6,2025-06-22T03:50:00,2025-06-22T04:00:00,132,次日延续,3649.7399999999998,0,3414.1399999999999,0,3649.74,3414.14
2025-06-21,2025-06-21T06:00:00,6,2025-06-22T04:00:00,2025-06-22T04:10:00,133,次日延续,3718.0974000000001,0.83437499999999987,3727.9016999999999,0.30830000000000002,3717.263025,3727.5933999999997
2025-06-21,2025-06-21T06:00:00,6,2025-06-22T04:10:00,2025-06-22T04:20:00,134,次日延续,3791.0457000000001,2.5031249999999998,3751.7031000000002,0,3788.542575,3751.7031
2025-06-21,2025-06-21T06:00:00,6,2025-06-22T04:20:00,2025-06-22T04:30:00,135,次日延续,3716.4200000000001,4.171875,3384.0900000000001,0,3712.248125,3384.09
2025-06-21,2025-06-21T06:00:00,6,2025-06-22T04:30:00,2025-06-22T04:40:00,136,次日延续,3531.2489,5.8406250000000002,3374.4387000000002,4.2942999999999998,3525.4082750000002,3370.1444
2025-06-21,2025-06-21T06:00:00,6,2025-06-22T04:40:00,2025-06-22T04:50:00,137,次日延续,3520.0974999999999,7.5093749999999995,3520.1260000000002,0,3512.5881249999998,3520.126
2025-06-21,2025-06-21T06:00:00,6,2025-06-22T04:50:00,2025-06-22T05:00:00,138,次日延续,3653.5100000000002,9.1781249999999996,3586.4299999999998,10.012499999999999,3644.3318750000003,3576.4175
2025-06-21,2025-06-21T06:00:00,6,2025-06-22T05:00:00,2025-06-22T05:10:00,139,次日延续,3637.6446000000001,118.92187499999999,3585.9117000000001,157.25470000000001,3518.722725,3428.657
2025-06-21,2025-06-21T06:00:00,6,2025-06-22T05:10:00,2025-06-22T05:20:00,140,次日延续,3609.2444999999998,336.74062499999997,3639.2521000000002,343.28800000000001,3272.503875,3295.9641
2025-06-21,2025-06-21T06:00:00,6,2025-06-22T05:20:00,2025-06-22T05:30:00,141,次日延续,3587.6700000000001,554.55937500000005,3676.9899999999998,530.58749999999998,3033.1106250000003,3146.4024999999997
2025-06-21,2025-06-21T06:00:00,6,2025-06-22T05:30:00,2025-06-22T05:40:00,142,次日延续,3536.5214000000001,772.37812500000007,3605.2737999999999,761.24249999999995,2764.143275,2844.0313
2025-06-21,2025-06-21T06:00:00,6,2025-06-22T05:40:00,2025-06-22T05:50:00,143,次日延续,4063.9070000000002,990.19687499999986,4046.5057999999999,1012.3718,3073.7101250000005,3034.134
2025-06-21,2025-06-21T06:00:00,6,2025-06-22T05:50:00,2025-06-22T06:00:00,144,次日延续,4826.04,1208.0156249999998,4773.9799999999996,1275.1500000000001,3618.024375,3498.8299999999995
2025-06-21,2025-06-21T12:00:00,12,2025-06-21T12:00:00,2025-06-21T12:10:00,1,当日剩余,3779.4854932415678,7682.3680499999991,3735.5414999999998,8044.2631000000001,-3902.8825567584313,-4308.721600000001
2025-06-21,2025-06-21T12:00:00,12,2025-06-21T12:10:00,2025-06-21T12:20:00,2,当日剩余,3804.3910932415674,7716.8791500000007,3852.2352000000001,8300.9755000000005,-3912.4880567584332,-4448.7403
2025-06-21,2025-06-21T12:00:00,12,2025-06-21T12:20:00,2025-06-21T12:30:00,3,当日剩余,3840.7155932415676,7751.3902499999995,3928.5599999999999,8383.0125000000007,-3910.674656758432,-4454.452500000001
2025-06-21,2025-06-21T12:00:00,12,2025-06-21T12:30:00,2025-06-21T12:40:00,4,当日剩余,3860.1382932415677,7785.9013500000001,4059.9043999999999,8605.7877000000008,-3925.7630567584324,-4545.883300000001
2025-06-21,2025-06-21T12:00:00,12,2025-06-21T12:40:00,2025-06-21T12:50:00,5,当日剩余,3847.6533932415678,7820.4124499999998,3912.5927999999999,8542.7209000000003,-3972.759056758432,-4630.1281
2025-06-21,2025-06-21T12:00:00,12,2025-06-21T12:50:00,2025-06-21T13:00:00,6,当日剩余,3842.5655932415675,7854.9235500000004,3688.0100000000002,8049.6000000000004,-4012.357956758433,-4361.59
2025-06-21,2025-06-21T12:00:00,12,2025-06-21T13:00:00,2025-06-21T13:10:00,7,当日剩余,3896.5383932415675,7687.2507999999998,3910.4683,7493.4161999999997,-3790.7124067584323,-3582.9478999999997
2025-06-21,2025-06-21T12:00:00,12,2025-06-21T13:10:00,2025-06-21T13:20:00,8,当日剩余,3914.1536932415675,7317.3941999999997,3862.6154000000001,7354.9231,-3403.2405067584323,-3492.3077
2025-06-21,2025-06-21T12:00:00,12,2025-06-21T13:20:00,2025-06-21T13:30:00,9,当日剩余,3906.8655932415677,6947.5375999999997,3589.29,7340.8874999999998,-3040.672006758432,-3751.5975
2025-06-21,2025-06-21T12:00:00,12,2025-06-21T13:30:00,2025-06-21T13:40:00,10,当日剩余,3972.4594932415675,6577.6810000000005,3849.2221,6714.7448999999997,-2605.221506758433,-2865.5227999999997
2025-06-21,2025-06-21T12:00:00,12,2025-06-21T13:40:00,2025-06-21T13:50:00,11,当日剩余,3985.4940932415675,6207.8244000000004,3978.2381999999998,6127.7550000000001,-2222.330306758433,-2149.5168000000003
2025-06-21,2025-06-21T12:00:00,12,2025-06-21T13:50:00,2025-06-21T14:00:00,12,当日剩余,3950.7455932415678,5837.9678000000004,3861.8499999999999,5956.1999999999998,-1887.2222067584325,-2094.35
2025-06-21,2025-06-21T12:00:00,12,2025-06-21T14:00:00,2025-06-21T14:10:00,13,当日剩余,3990.5323932415677,5623.4217749999998,4047.8905,5941.7978000000003,-1632.8893817584321,-1893.9073000000003
2025-06-21,2025-06-21T12:00:00,12,2025-06-21T14:10:00,2025-06-21T14:20:00,14,当日剩余,3957.3320932415677,5564.1863250000006,4095.2280999999998,5827.2939999999999,-1606.854231758433,-1732.0659
2025-06-21,2025-06-21T12:00:00,12,2025-06-21T14:20:00,2025-06-21T14:30:00,15,当日剩余,3871.2955932415675,5504.9508749999995,4007.3899999999999,5738.1374999999998,-1633.655281758432,-1730.7475
2025-06-21,2025-06-21T12:00:00,12,2025-06-21T14:30:00,2025-06-21T14:40:00,16,当日剩余,3929.1243932415678,5445.7154250000003,4227.0513000000001,5964.2606999999998,-1516.5910317584326,-1737.2093999999997
2025-06-21,2025-06-21T12:00:00,12,2025-06-21T14:40:00,2025-06-21T14:50:00,17,当日剩余,4083.5180932415678,5386.4799750000002,4182.4485999999997,5979.2451000000001,-1302.9618817584324,-1796.7965000000004
2025-06-21,2025-06-21T12:00:00,12,2025-06-21T14:50:00,2025-06-21T15:00:00,18,当日剩余,4191.1355932415672,5327.2445250000001,3879.6799999999998,5680.4624999999996,-1136.1089317584328,-1800.7824999999998
2025-06-21,2025-06-21T12:00:00,12,2025-06-21T15:00:00,2025-06-21T15:10:00,19,当日剩余,4127.7275932415678,5172.3698000000004,3916.2334999999998,5457.1539000000002,-1044.6422067584326,-1540.9204000000004
2025-06-21,2025-06-21T12:00:00,12,2025-06-21T15:10:00,2025-06-21T15:20:00,20,当日剩余,3978.2620932415675,4921.8558000000003,3924.3398000000002,5153.0688,-943.5937067584327,-1228.7289999999998
2025-06-21,2025-06-21T12:00:00,12,2025-06-21T15:20:00,2025-06-21T15:30:00,21,当日剩余,3951.2255932415678,4671.3417999999992,3875.5,4811.1000000000004,-720.1162067584314,-935.6000000000004
2025-06-21,2025-06-21T12:00:00,12,2025-06-21T15:30:00,2025-06-21T15:40:00,22,当日剩余,4189.558193241568,4420.8278,4137.0155000000004,4680.9531999999999,-231.26960675843202,-543.9376999999995
2025-06-21,2025-06-21T12:00:00,12,2025-06-21T15:40:00,2025-06-21T15:50:00,23,当日剩余,4312.0195932415672,4170.3137999999999,4317.2601999999997,4481.2340999999997,141.70579324156733,-163.97389999999996
2025-06-21,2025-06-21T12:00:00,12,2025-06-21T15:50:00,2025-06-21T16:00:00,24,当日剩余,4293.2055932415678,3919.7998000000002,4217.4300000000003,4055.4000000000001,373.4057932415676,162.0300000000002
2025-06-21,2025-06-21T12:00:00,12,2025-06-21T16:00:00,2025-06-21T16:10:00,25,当日剩余,4412.3861932415675,3689.5326249999998,4034.2858000000001,3562.8564999999999,722.8535682415677,471.42930000000024
2025-06-21,2025-06-21T12:00:00,12,2025-06-21T16:10:00,2025-06-21T16:20:00,26,当日剩余,4254.1232932415678,3479.5122750000005,3980.7145999999998,3361.4888000000001,774.6110182415673,619.2257999999997
2025-06-21,2025-06-21T12:00:00,12,2025-06-21T16:20:00,2025-06-21T16:30:00,27,当日剩余,4071.0455932415675,3269.4919250000003,4042.02,3406.5749999999998,801.5536682415673,635.4450000000002
2025-06-21,2025-06-21T12:00:00,12,2025-06-21T16:30:00,2025-06-21T16:40:00,28,当日剩余,4490.7009932415676,3059.471575,3983.7739999999999,3291.2298000000001,1431.2294182415676,692.5441999999998
2025-06-21,2025-06-21T12:00:00,12,2025-06-21T16:40:00,2025-06-21T16:50:00,29,当日剩余,4326.182293241568,2849.4512249999998,3621.8930999999998,2964.1750000000002,1476.7310682415682,657.7180999999996
2025-06-21,2025-06-21T12:00:00,12,2025-06-21T16:50:00,2025-06-21T17:00:00,30,当日剩余,3617.5555932415677,2639.4308750000005,3240.3000000000002,2623.6125000000002,978.1247182415673,616.6875
2025-06-21,2025-06-21T12:00:00,12,2025-06-21T17:00:00,2025-06-21T17:10:00,31,当日剩余,3622.0719932415677,2404.2655750000004,3335.0072,2479.2426,1217.8064182415674,855.7646
2025-06-21,2025-06-21T12:00:00,12,2025-06-21T17:10:00,2025-06-21T17:20:00,32,当日剩余,3738.5100932415676,2143.9553249999999,3462.6248000000001,2185.8548000000001,1594.5547682415677,1276.77
2025-06-21,2025-06-21T12:00:00,12,2025-06-21T17:20:00,2025-06-21T17:30:00,33,当日剩余,3618.9555932415678,1883.6450749999999,3484.27,1750.4625000000001,1735.310518241568,1733.8075
2025-06-21,2025-06-21T12:00:00,12,2025-06-21T17:30:00,2025-06-21T17:40:00,34,当日剩余,3568.3540932415676,1623.3348249999999,3649.2080999999998,1528.3870999999999,1945.0192682415677,2120.821
2025-06-21,2025-06-21T12:00:00,12,2025-06-21T17:40:00,2025-06-21T17:50:00,35,当日剩余,3561.2854932415676,1363.0245749999999,3604.3528999999999,1310.4274,2198.2609182415677,2293.9255
2025-06-21,2025-06-21T12:00:00,12,2025-06-21T17:50:00,2025-06-21T18:00:00,36,当日剩余,3576.6055932415675,1102.7143250000001,3349.5100000000002,1034.0999999999999,2473.8912682415676,2315.4100000000003
2025-06-21,2025-06-21T12:00:00,12,2025-06-21T18:00:00,2025-06-21T18:10:00,37,当日剩余,3652.7893932415677,892.11340000000007,3274.4828000000002,860.32860000000005,2760.6759932415675,2414.1542
2025-06-21,2025-06-21T12:00:00,12,2025-06-21T18:10:00,2025-06-21T18:20:00,38,当日剩余,3692.8824932415678,731.22180000000003,3297.0032000000001,677.25469999999996,2961.660693241568,2619.7485
2025-06-21,2025-06-21T12:00:00,12,2025-06-21T18:20:00,2025-06-21T18:30:00,39,当日剩余,3700.1055932415675,570.33019999999999,3342.79,452.69999999999999,3129.7753932415676,2890.09
2025-06-21,2025-06-21T12:00:00,12,2025-06-21T18:30:00,2025-06-21T18:40:00,40,当日剩余,3760.5922932415674,409.43860000000001,3456.8314,276.0564,3351.1536932415675,3180.775
2025-06-21,2025-06-21T12:00:00,12,2025-06-21T18:40:00,2025-06-21T18:50:00,41,当日剩余,3761.2099932415676,248.547,3634.5648000000001,121.83669999999999,3512.6629932415676,3512.7281000000003
2025-06-21,2025-06-21T12:00:00,12,2025-06-21T18:50:00,2025-06-21T19:00:00,42,当日剩余,3751.0455932415675,87.655400000000043,3852.7199999999998,7.7625000000000002,3663.3901932415674,3844.9575
2025-06-21,2025-06-21T12:00:00,12,2025-06-21T19:00:00,2025-06-21T19:10:00,43,当日剩余,3886.1739932415676,6.6087999999999996,4004.9441999999999,0,3879.5651932415676,4004.9442
2025-06-21,2025-06-21T12:00:00,12,2025-06-21T19:10:00,2025-06-21T19:20:00,44,当日剩余,3909.9642932415677,5.4071999999999996,3706.7433999999998,3.2618999999999998,3904.5570932415676,3703.4815
2025-06-21,2025-06-21T12:00:00,12,2025-06-21T19:20:00,2025-06-21T19:30:00,45,当日剩余,3765.6755932415676,4.2055999999999996,3293.48,0,3761.469993241568,3293.48
2025-06-21,2025-06-21T12:00:00,12,2025-06-21T19:30:00,2025-06-21T19:40:00,46,当日剩余,3648.8396932415676,3.0039999999999996,3492.5254,0,3645.8356932415677,3492.5254
2025-06-21,2025-06-21T12:00:00,12,2025-06-21T19:40:00,2025-06-21T19:50:00,47,当日剩余,3550.3235932415678,1.8024,3490.6667000000002,0.23419999999999999,3548.5211932415677,3490.4325000000003
2025-06-21,2025-06-21T12:00:00,12,2025-06-21T19:50:00,2025-06-21T20:00:00,48,当日剩余,3586.1355932415677,0.60080000000000022,3189.6199999999999,0,3585.5347932415675,3189.62
2025-06-21,2025-06-21T12:00:00,12,2025-06-21T20:00:00,2025-06-21T20:10:00,49,当日剩余,3889.1270932415678,0,3348.2366000000002,0,3889.1270932415678,3348.2366
2025-06-21,2025-06-21T12:00:00,12,2025-06-21T20:10:00,2025-06-21T20:20:00,50,当日剩余,3970.1893932415678,0,3725.2051999999999,0.016799999999999999,3970.189393241568,3725.1884
2025-06-21,2025-06-21T12:00:00,12,2025-06-21T20:20:00,2025-06-21T20:30:00,51,当日剩余,3849.7955932415675,0,3960.1300000000001,0,3849.7955932415675,3960.13
2025-06-21,2025-06-21T12:00:00,12,2025-06-21T20:30:00,2025-06-21T20:40:00,52,当日剩余,4011.6853932415675,0,3881.8245000000002,0,4011.6853932415675,3881.8245
2025-06-21,2025-06-21T12:00:00,12,2025-06-21T20:40:00,2025-06-21T20:50:00,53,当日剩余,4137.5285932415673,0,3513.6729,0.0011999999999999999,4137.528593241567,3513.6717
2025-06-21,2025-06-21T12:00:00,12,2025-06-21T20:50:00,2025-06-21T21:00:00,54,当日剩余,3997.9655932415676,0,3160.3200000000002,0,3997.9655932415676,3160.32
2025-06-21,2025-06-21T12:00:00,12,2025-06-21T21:00:00,2025-06-21T21:10:00,55,当日剩余,3693.2051932415675,0,3214.7105999999999,0,3693.2051932415675,3214.7106
2025-06-21,2025-06-21T12:00:00,12,2025-06-21T21:10:00,2025-06-21T21:20:00,56,当日剩余,3449.9876932415677,0,3489.1028999999999,0,3449.9876932415677,3489.1029
2025-06-21,2025-06-21T12:00:00,12,2025-06-21T21:20:00,2025-06-21T21:30:00,57,当日剩余,3421.7755932415675,0,3713.4899999999998,0,3421.7755932415675,3713.49
2025-06-21,2025-06-21T12:00:00,12,2025-06-21T21:30:00,2025-06-21T21:40:00,58,当日剩余,3573.0760932415678,0,3715.4477000000002,0,3573.076093241568,3715.4477
2025-06-21,2025-06-21T12:00:00,12,2025-06-21T21:40:00,2025-06-21T21:50:00,59,当日剩余,3539.8173932415675,0,3460.6768000000002,0,3539.8173932415675,3460.6768
2025-06-21,2025-06-21T12:00:00,12,2025-06-21T21:50:00,2025-06-21T22:00:00,60,当日剩余,3346.6355932415677,0,3169.6799999999998,0,3346.6355932415677,3169.68
2025-06-21,2025-06-21T12:00:00,12,2025-06-21T22:00:00,2025-06-21T22:10:00,61,当日剩余,3340.4943932415676,0,3161.2424000000001,0,3340.4943932415676,3161.2424
2025-06-21,2025-06-21T12:00:00,12,2025-06-21T22:10:00,2025-06-21T22:20:00,62,当日剩余,3297.3654932415675,0,3268.4465,0,3297.3654932415675,3268.4465
2025-06-21,2025-06-21T12:00:00,12,2025-06-21T22:20:00,2025-06-21T22:30:00,63,当日剩余,3269.3855932415677,0,3317.1900000000001,0,3269.3855932415677,3317.19
2025-06-21,2025-06-21T12:00:00,12,2025-06-21T22:30:00,2025-06-21T22:40:00,64,当日剩余,3552.1594932415678,0,3281.0391,0,3552.159493241568,3281.0391
2025-06-21,2025-06-21T12:00:00,12,2025-06-21T22:40:00,2025-06-21T22:50:00,65,当日剩余,3733.1224932415676,0,3250.7574,0,3733.1224932415676,3250.7574
2025-06-21,2025-06-21T12:00:00,12,2025-06-21T22:50:00,2025-06-21T23:00:00,66,当日剩余,3542.4255932415676,0,3190.3899999999999,0,3542.4255932415676,3190.39
2025-06-21,2025-06-21T12:00:00,12,2025-06-21T23:00:00,2025-06-21T23:10:00,67,当日剩余,3127.6735932415677,0,2998.9362999999998,0,3127.6735932415677,2998.9363
2025-06-21,2025-06-21T12:00:00,12,2025-06-21T23:10:00,2025-06-21T23:20:00,68,当日剩余,2984.7854932415676,0,2920.9742999999999,0,2984.7854932415676,2920.9743
2025-06-21,2025-06-21T12:00:00,12,2025-06-21T23:20:00,2025-06-21T23:30:00,69,当日剩余,3151.1355932415677,0,2989.3000000000002,0,3151.1355932415677,2989.3
2025-06-21,2025-06-21T12:00:00,12,2025-06-21T23:30:00,2025-06-21T23:40:00,70,当日剩余,3272.4610932415676,0,3024.5709999999999,0,3272.4610932415676,3024.571
2025-06-21,2025-06-21T12:00:00,12,2025-06-21T23:40:00,2025-06-21T23:50:00,71,当日剩余,3577.0168932415677,0,3193.3141000000001,0,3577.0168932415677,3193.3141
2025-06-21,2025-06-21T12:00:00,12,2025-06-21T23:50:00,2025-06-22T00:00:00,72,当日剩余,4008.5755932415677,0,3636.1399999999999,0,4008.5755932415677,3636.14
2025-06-21,2025-06-21T12:00:00,12,2025-06-22T00:00:00,2025-06-22T00:10:00,73,次日延续,4104.4483,0,4241.9529000000002,0,4104.4483,4241.9529
2025-06-21,2025-06-21T12:00:00,12,2025-06-22T00:10:00,2025-06-22T00:20:00,74,次日延续,4073.2932000000001,0,4388.4534999999996,0,4073.2932,4388.4535
2025-06-21,2025-06-21T12:00:00,12,2025-06-22T00:20:00,2025-06-22T00:30:00,75,次日延续,3966.46,0,4075.4299999999998,0,3966.46,4075.43
2025-06-21,2025-06-21T12:00:00,12,2025-06-22T00:30:00,2025-06-22T00:40:00,76,次日延续,3873.2134999999998,0,3916.6662999999999,0,3873.2135,3916.6663
2025-06-21,2025-06-21T12:00:00,12,2025-06-22T00:40:00,2025-06-22T00:50:00,77,次日延续,3844.8132000000001,0,3984.7584999999999,0,3844.8132,3984.7585
2025-06-21,2025-06-21T12:00:00,12,2025-06-22T00:50:00,2025-06-22T01:00:00,78,次日延续,3816.48,0,4147.3500000000004,0,3816.48,4147.35
2025-06-21,2025-06-21T12:00:00,12,2025-06-22T01:00:00,2025-06-22T01:10:00,79,次日延续,3690.4241000000002,0,4225.5694000000003,0,3690.4241,4225.5694
2025-06-21,2025-06-21T12:00:00,12,2025-06-22T01:10:00,2025-06-22T01:20:00,80,次日延续,3656.0583999999999,0,4109.5613000000003,0,3656.0584,4109.5613
2025-06-21,2025-06-21T12:00:00,12,2025-06-22T01:20:00,2025-06-22T01:30:00,81,次日延续,3785.7800000000002,0,3920.3699999999999,0,3785.78,3920.37
2025-06-21,2025-06-21T12:00:00,12,2025-06-22T01:30:00,2025-06-22T01:40:00,82,次日延续,3947.7195000000002,0,3887.9694,0,3947.7195,3887.9694
2025-06-21,2025-06-21T12:00:00,12,2025-06-22T01:40:00,2025-06-22T01:50:00,83,次日延续,3960.7671999999998,0,3838.098,0,3960.7672,3838.098
2025-06-21,2025-06-21T12:00:00,12,2025-06-22T01:50:00,2025-06-22T02:00:00,84,次日延续,3812.3800000000001,0,3764.4699999999998,0,3812.38,3764.47
2025-06-21,2025-06-21T12:00:00,12,2025-06-22T02:00:00,2025-06-22T02:10:00,85,次日延续,3687.4872,0,3821.1601999999998,0,3687.4872,3821.1602
2025-06-21,2025-06-21T12:00:00,12,2025-06-22T02:10:00,2025-06-22T02:20:00,86,次日延续,3825.0954999999999,0,3740.7575000000002,0,3825.0955,3740.7575
2025-06-21,2025-06-21T12:00:00,12,2025-06-22T02:20:00,2025-06-22T02:30:00,87,次日延续,4005.9099999999999,0,3660.9899999999998,0,4005.91,3660.99
2025-06-21,2025-06-21T12:00:00,12,2025-06-22T02:30:00,2025-06-22T02:40:00,88,次日延续,3763.3063999999999,0,3973.9117999999999,0,3763.3064,3973.9118
2025-06-21,2025-06-21T12:00:00,12,2025-06-22T02:40:00,2025-06-22T02:50:00,89,次日延续,3505.1831000000002,0,4067.2406000000001,0,3505.1831,4067.2406
2025-06-21,2025-06-21T12:00:00,12,2025-06-22T02:50:00,2025-06-22T03:00:00,90,次日延续,3508.73,0,3807.5100000000002,0,3508.73,3807.51
2025-06-21,2025-06-21T12:00:00,12,2025-06-22T03:00:00,2025-06-22T03:10:00,91,次日延续,3668.6768999999999,0,3668.1163000000001,0.0016000000000000001,3668.6769,3668.1147
2025-06-21,2025-06-21T12:00:00,12,2025-06-22T03:10:00,2025-06-22T03:20:00,92,次日延续,3776.5117,0,3614.9247999999998,0,3776.5117,3614.9248
2025-06-21,2025-06-21T12:00:00,12,2025-06-22T03:20:00,2025-06-22T03:30:00,93,次日延续,3797.2199999999998,0,3642.3699999999999,0,3797.22,3642.37
2025-06-21,2025-06-21T12:00:00,12,2025-06-22T03:30:00,2025-06-22T03:40:00,94,次日延续,3832.5407,0,3787.4609,0.022100000000000002,3832.5407,3787.4388
2025-06-21,2025-06-21T12:00:00,12,2025-06-22T03:40:00,2025-06-22T03:50:00,95,次日延续,3760.5047,0,3636.4612000000002,0,3760.5047,3636.4612
2025-06-21,2025-06-21T12:00:00,12,2025-06-22T03:50:00,2025-06-22T04:00:00,96,次日延续,3649.7399999999998,0,3414.1399999999999,0,3649.74,3414.14
2025-06-21,2025-06-21T12:00:00,12,2025-06-22T04:00:00,2025-06-22T04:10:00,97,次日延续,3718.0974000000001,0.82143333333333335,3727.9016999999999,0.30830000000000002,3717.2759666666666,3727.5933999999997
2025-06-21,2025-06-21T12:00:00,12,2025-06-22T04:10:00,2025-06-22T04:20:00,98,次日延续,3791.0457000000001,2.4643000000000002,3751.7031000000002,0,3788.5814,3751.7031
2025-06-21,2025-06-21T12:00:00,12,2025-06-22T04:20:00,2025-06-22T04:30:00,99,次日延续,3716.4200000000001,4.1071666666666671,3384.0900000000001,0,3712.3128333333334,3384.09
2025-06-21,2025-06-21T12:00:00,12,2025-06-22T04:30:00,2025-06-22T04:40:00,100,次日延续,3531.2489,5.7500333333333344,3374.4387000000002,4.2942999999999998,3525.498866666667,3370.1444
2025-06-21,2025-06-21T12:00:00,12,2025-06-22T04:40:00,2025-06-22T04:50:00,101,次日延续,3520.0974999999999,7.3929000000000009,3520.1260000000002,0,3512.7046,3520.126
2025-06-21,2025-06-21T12:00:00,12,2025-06-22T04:50:00,2025-06-22T05:00:00,102,次日延续,3653.5100000000002,9.0357666666666674,3586.4299999999998,10.012499999999999,3644.4742333333334,3576.4175
2025-06-21,2025-06-21T12:00:00,12,2025-06-22T05:00:00,2025-06-22T05:10:00,103,次日延续,3637.6446000000001,103.41229166666665,3585.9117000000001,157.25470000000001,3534.2323083333335,3428.657
2025-06-21,2025-06-21T12:00:00,12,2025-06-22T05:10:00,2025-06-22T05:20:00,104,次日延续,3609.2444999999998,290.52247499999999,3639.2521000000002,343.28800000000001,3318.722025,3295.9641
2025-06-21,2025-06-21T12:00:00,12,2025-06-22T05:20:00,2025-06-22T05:30:00,105,次日延续,3587.6700000000001,477.63265833333332,3676.9899999999998,530.58749999999998,3110.0373416666666,3146.4024999999997
2025-06-21,2025-06-21T12:00:00,12,2025-06-22T05:30:00,2025-06-22T05:40:00,106,次日延续,3536.5214000000001,664.74284166666666,3605.2737999999999,761.24249999999995,2871.7785583333334,2844.0313
2025-06-21,2025-06-21T12:00:00,12,2025-06-22T05:40:00,2025-06-22T05:50:00,107,次日延续,4063.9070000000002,851.853025,4046.5057999999999,1012.3718,3212.0539750000003,3034.134
2025-06-21,2025-06-21T12:00:00,12,2025-06-22T05:50:00,2025-06-22T06:00:00,108,次日延续,4826.04,1038.9632083333331,4773.9799999999996,1275.1500000000001,3787.076791666667,3498.8299999999995
2025-06-21,2025-06-21T12:00:00,12,2025-06-22T06:00:00,2025-06-22T06:10:00,109,次日延续,4805.3335999999999,1291.6761499999998,4875.2822999999999,1549.0585000000001,3513.65745,3326.2237999999998
2025-06-21,2025-06-21T12:00:00,12,2025-06-22T06:10:00,2025-06-22T06:20:00,110,次日延续,4714.4296000000004,1609.9918499999999,4796.9286000000002,1747.0416,3104.4377500000005,3049.887
2025-06-21,2025-06-21T12:00:00,12,2025-06-22T06:20:00,2025-06-22T06:30:00,111,次日延续,4875.1300000000001,1928.30755,4873.1899999999996,1888.8375000000001,2946.82245,2984.3524999999995
2025-06-21,2025-06-21T12:00:00,12,2025-06-22T06:30:00,2025-06-22T06:40:00,112,次日延续,4897.6432999999997,2246.6232500000001,4964.2143999999998,2118.7130000000002,2651.0200499999996,2845.5013999999996
2025-06-21,2025-06-21T12:00:00,12,2025-06-22T06:40:00,2025-06-22T06:50:00,113,次日延续,4879.5196999999998,2564.9389499999997,4900.1544999999996,2550.8235,2314.58075,2349.3309999999997
2025-06-21,2025-06-21T12:00:00,12,2025-06-22T06:50:00,2025-06-22T07:00:00,114,次日延续,4846.6800000000003,2883.2546499999999,4811.1400000000003,2991.5625,1963.4253500000004,1819.5775000000003
2025-06-21,2025-06-21T12:00:00,12,2025-06-22T07:00:00,2025-06-22T07:10:00,115,次日延续,4710.5577000000003,3158.8761833333328,4967.7975999999999,3130.2188000000001,1551.6815166666674,1837.5787999999998
2025-06-21,2025-06-21T12:00:00,12,2025-06-22T07:10:00,2025-06-22T07:20:00,116,次日延续,4715.1652999999997,3391.8035499999996,5007.2992000000004,3356.8335999999999,1323.36175,1650.4656000000004
2025-06-21,2025-06-21T12:00:00,12,2025-06-22T07:20:00,2025-06-22T07:30:00,117,次日延续,4733.4499999999998,3624.7309166666664,4725.8400000000001,3645.9749999999999,1108.7190833333334,1079.8650000000002
2025-06-21,2025-06-21T12:00:00,12,2025-06-22T07:30:00,2025-06-22T07:40:00,118,次日延续,4541.1562999999996,3857.6582833333332,4453.3561,3619.8242,683.4980166666664,833.5319
2025-06-21,2025-06-21T12:00:00,12,2025-06-22T07:40:00,2025-06-22T07:50:00,119,次日延续,5269.4540999999999,4090.5856500000004,5288.5994000000001,3833.1842000000001,1178.8684499999995,1455.4152
2025-06-21,2025-06-21T12:00:00,12,2025-06-22T07:50:00,2025-06-22T08:00:00,120,次日延续,6538.9899999999998,4323.5130166666668,6623.6999999999998,4315.9499999999998,2215.476983333333,2307.75
2025-06-21,2025-06-21T12:00:00,12,2025-06-22T08:00:00,2025-06-22T08:10:00,121,次日延续,6712.9528,4581.4761916666666,6667.1858000000002,4531.5297,2131.4766083333334,2135.6561
2025-06-21,2025-06-21T12:00:00,12,2025-06-22T08:10:00,2025-06-22T08:20:00,122,次日延续,6509.2330000000002,4864.4751750000005,6423.6656999999996,4721.8175000000001,1644.7578249999997,1701.8481999999995
2025-06-21,2025-06-21T12:00:00,12,2025-06-22T08:20:00,2025-06-22T08:30:00,123,次日延续,6502.96,5147.4741583333325,6463.75,5014.875,1355.4858416666675,1448.875
2025-06-21,2025-06-21T12:00:00,12,2025-06-22T08:30:00,2025-06-22T08:40:00,124,次日延续,6536.1810999999998,5430.4731416666664,6375.1556,5284.7746999999999,1105.7079583333334,1090.3809
2025-06-21,2025-06-21T12:00:00,12,2025-06-22T08:40:00,2025-06-22T08:50:00,125,次日延续,6531.2719999999999,5713.4721249999993,6412.4314999999997,5646.4757,817.7998750000006,765.9557999999997
2025-06-21,2025-06-21T12:00:00,12,2025-06-22T08:50:00,2025-06-22T09:00:00,126,次日延续,6561.7799999999997,5996.4711083333332,6623.1899999999996,6037.9125000000004,565.3088916666666,585.2774999999992
2025-06-21,2025-06-21T12:00:00,12,2025-06-22T09:00:00,2025-06-22T09:10:00,127,次日延续,6724.2330000000002,6196.357058333333,6697.7295000000004,6192.0594000000001,527.8759416666671,505.6701000000003
2025-06-21,2025-06-21T12:00:00,12,2025-06-22T09:10:00,2025-06-22T09:20:00,128,次日延续,6730.7074000000002,6313.1299749999998,6461.4215000000004,6000.6354000000001,417.5774250000004,460.78610000000026
2025-06-21,2025-06-21T12:00:00,12,2025-06-22T09:20:00,2025-06-22T09:30:00,129,次日延续,6535.6099999999997,6429.9028916666666,6210.6099999999997,5754.2624999999998,105.70710833333305,456.34749999999985
2025-06-21,2025-06-21T12:00:00,12,2025-06-22T09:30:00,2025-06-22T09:40:00,130,次日延续,6395.7354999999998,6546.6758083333334,6414.8865999999998,5921.1104999999998,-150.94030833333363,493.77610000000004
2025-06-21,2025-06-21T12:00:00,12,2025-06-22T09:40:00,2025-06-22T09:50:00,131,次日延续,6411.9044999999996,6663.4487250000002,6533.8910999999998,6266.2570999999998,-251.54422500000055,267.634
2025-06-21,2025-06-21T12:00:00,12,2025-06-22T09:50:00,2025-06-22T10:00:00,132,次日延续,6497.6599999999999,6780.221641666667,6427.3800000000001,6670.875,-282.56164166666713,-243.4949999999999
2025-06-21,2025-06-21T12:00:00,12,2025-06-22T10:00:00,2025-06-22T10:10:00,133,次日延续,6490.7947000000004,6972.6022166666671,6471.4852000000001,7160.1974,-481.80751666666674,-688.7121999999999
2025-06-21,2025-06-21T12:00:00,12,2025-06-22T10:10:00,2025-06-22T10:20:00,134,次日延续,6498.6989999999996,7240.5904499999997,6487.6664000000001,7191.8631999999998,-741.8914500000001,-704.1967999999997
2025-06-21,2025-06-21T12:00:00,12,2025-06-22T10:20:00,2025-06-22T10:30:00,135,次日延续,6570.3100000000004,7508.5786833333332,6362.4799999999996,6972.6000000000004,-938.2686833333328,-610.1200000000008
2025-06-21,2025-06-21T12:00:00,12,2025-06-22T10:30:00,2025-06-22T10:40:00,136,次日延续,6639.8636999999999,7776.5669166666667,6226.8010999999997,7258.8132999999998,-1136.7032166666668,-1032.0122000000001
2025-06-21,2025-06-21T12:00:00,12,2025-06-22T10:40:00,2025-06-22T10:50:00,137,次日延续,6688.8957,8044.555150000001,6326.8078999999998,7457.9949999999999,-1355.659450000001,-1131.1871
2025-06-21,2025-06-21T12:00:00,12,2025-06-22T10:50:00,2025-06-22T11:00:00,138,次日延续,6628.8199999999997,8312.5433833333336,6525.2799999999997,7297.7250000000004,-1683.723383333334,-772.4450000000006
2025-06-21,2025-06-21T12:00:00,12,2025-06-22T11:00:00,2025-06-22T11:10:00,139,次日延续,6386.6049999999996,8399.185566666667,6443.2686000000003,7087.9449999999997,-2012.5805666666674,-644.6763999999994
2025-06-21,2025-06-21T12:00:00,12,2025-06-22T11:10:00,2025-06-22T11:20:00,140,次日延续,6271.5730999999996,8304.4817000000003,6361.5088999999998,6809.7417999999998,-2032.9086000000007,-448.2329
2025-06-21,2025-06-21T12:00:00,12,2025-06-22T11:20:00,2025-06-22T11:30:00,141,次日延续,6388.1599999999999,8209.7778333333335,6433.7700000000004,6588.375,-1821.6178333333337,-154.60499999999956
2025-06-21,2025-06-21T12:00:00,12,2025-06-22T11:30:00,2025-06-22T11:40:00,142,次日延续,6505.9827999999998,8115.0739666666668,6503.2098999999998,6655.5910999999996,-1609.091166666667,-152.3811999999998
2025-06-21,2025-06-21T12:00:00,12,2025-06-22T11:40:00,2025-06-22T11:50:00,143,次日延续,6289.1036999999997,8020.3701000000001,6368.3833999999997,6743.6759000000002,-1731.2664000000004,-375.2925000000005
2025-06-21,2025-06-21T12:00:00,12,2025-06-22T11:50:00,2025-06-22T12:00:00,144,次日延续,6019.1000000000004,7925.6662333333334,6099.1700000000001,6672.75,-1906.566233333333,-573.5799999999999
2025-06-21,2025-06-21T18:00:00,18,2025-06-21T18:00:00,2025-06-21T18:10:00,1,当日剩余,3652.2739201678241,948.55844999999988,3274.4828000000002,860.32860000000005,2703.715470167824,2414.1542
2025-06-21,2025-06-21T18:00:00,18,2025-06-21T18:10:00,2025-06-21T18:20:00,2,当日剩余,3692.3670201678242,777.47534999999993,3297.0032000000001,677.25469999999996,2914.8916701678245,2619.7485
2025-06-21,2025-06-21T18:00:00,18,2025-06-21T18:20:00,2025-06-21T18:30:00,3,当日剩余,3699.5901201678239,606.39224999999988,3342.79,452.69999999999999,3093.197870167824,2890.09
2025-06-21,2025-06-21T18:00:00,18,2025-06-21T18:30:00,2025-06-21T18:40:00,4,当日剩余,3760.0768201678238,435.30914999999993,3456.8314,276.0564,3324.767670167824,3180.775
2025-06-21,2025-06-21T18:00:00,18,2025-06-21T18:40:00,2025-06-21T18:50:00,5,当日剩余,3760.6945201678241,264.22604999999999,3634.5648000000001,121.83669999999999,3496.4684701678243,3512.7281000000003
2025-06-21,2025-06-21T18:00:00,18,2025-06-21T18:50:00,2025-06-21T19:00:00,6,当日剩余,3750.530120167824,93.142950000000027,3852.7199999999998,7.7625000000000002,3657.387170167824,3844.9575
2025-06-21,2025-06-21T18:00:00,18,2025-06-21T19:00:00,2025-06-21T19:10:00,7,当日剩余,3885.658520167824,6.9679500000000001,4004.9441999999999,0,3878.690570167824,4004.9442
2025-06-21,2025-06-21T18:00:00,18,2025-06-21T19:10:00,2025-06-21T19:20:00,8,当日剩余,3909.4488201678241,5.7010500000000004,3706.7433999999998,3.2618999999999998,3903.747770167824,3703.4815
2025-06-21,2025-06-21T18:00:00,18,2025-06-21T19:20:00,2025-06-21T19:30:00,9,当日剩余,3765.1601201678241,4.4341499999999998,3293.48,0,3760.725970167824,3293.48
2025-06-21,2025-06-21T18:00:00,18,2025-06-21T19:30:00,2025-06-21T19:40:00,10,当日剩余,3648.324220167824,3.1672499999999997,3492.5254,0,3645.156970167824,3492.5254
2025-06-21,2025-06-21T18:00:00,18,2025-06-21T19:40:00,2025-06-21T19:50:00,11,当日剩余,3549.8081201678242,1.90035,3490.6667000000002,0.23419999999999999,3547.9077701678243,3490.4325000000003
2025-06-21,2025-06-21T18:00:00,18,2025-06-21T19:50:00,2025-06-21T20:00:00,12,当日剩余,3585.6201201678241,0.63345000000000029,3189.6199999999999,0,3584.9866701678243,3189.62
2025-06-21,2025-06-21T18:00:00,18,2025-06-21T20:00:00,2025-06-21T20:10:00,13,当日剩余,3888.6116201678242,0,3348.2366000000002,0,3888.611620167824,3348.2366
2025-06-21,2025-06-21T18:00:00,18,2025-06-21T20:10:00,2025-06-21T20:20:00,14,当日剩余,3969.6739201678242,0,3725.2051999999999,0.016799999999999999,3969.6739201678242,3725.1884
2025-06-21,2025-06-21T18:00:00,18,2025-06-21T20:20:00,2025-06-21T20:30:00,15,当日剩余,3849.280120167824,0,3960.1300000000001,0,3849.280120167824,3960.13
2025-06-21,2025-06-21T18:00:00,18,2025-06-21T20:30:00,2025-06-21T20:40:00,16,当日剩余,4011.1699201678239,0,3881.8245000000002,0,4011.169920167824,3881.8245
2025-06-21,2025-06-21T18:00:00,18,2025-06-21T20:40:00,2025-06-21T20:50:00,17,当日剩余,4137.0131201678241,0,3513.6729,0.0011999999999999999,4137.013120167824,3513.6717
2025-06-21,2025-06-21T18:00:00,18,2025-06-21T20:50:00,2025-06-21T21:00:00,18,当日剩余,3997.450120167824,0,3160.3200000000002,0,3997.450120167824,3160.32
2025-06-21,2025-06-21T18:00:00,18,2025-06-21T21:00:00,2025-06-21T21:10:00,19,当日剩余,3692.6897201678239,0,3214.7105999999999,0,3692.689720167824,3214.7106
2025-06-21,2025-06-21T18:00:00,18,2025-06-21T21:10:00,2025-06-21T21:20:00,20,当日剩余,3449.4722201678242,0,3489.1028999999999,0,3449.472220167824,3489.1029
2025-06-21,2025-06-21T18:00:00,18,2025-06-21T21:20:00,2025-06-21T21:30:00,21,当日剩余,3421.260120167824,0,3713.4899999999998,0,3421.260120167824,3713.49
2025-06-21,2025-06-21T18:00:00,18,2025-06-21T21:30:00,2025-06-21T21:40:00,22,当日剩余,3572.5606201678243,0,3715.4477000000002,0,3572.5606201678243,3715.4477
2025-06-21,2025-06-21T18:00:00,18,2025-06-21T21:40:00,2025-06-21T21:50:00,23,当日剩余,3539.3019201678239,0,3460.6768000000002,0,3539.301920167824,3460.6768
2025-06-21,2025-06-21T18:00:00,18,2025-06-21T21:50:00,2025-06-21T22:00:00,24,当日剩余,3346.1201201678241,0,3169.6799999999998,0,3346.120120167824,3169.68
2025-06-21,2025-06-21T18:00:00,18,2025-06-21T22:00:00,2025-06-21T22:10:00,25,当日剩余,3339.9789201678241,0,3161.2424000000001,0,3339.978920167824,3161.2424
2025-06-21,2025-06-21T18:00:00,18,2025-06-21T22:10:00,2025-06-21T22:20:00,26,当日剩余,3296.8500201678239,0,3268.4465,0,3296.850020167824,3268.4465
2025-06-21,2025-06-21T18:00:00,18,2025-06-21T22:20:00,2025-06-21T22:30:00,27,当日剩余,3268.8701201678241,0,3317.1900000000001,0,3268.870120167824,3317.19
2025-06-21,2025-06-21T18:00:00,18,2025-06-21T22:30:00,2025-06-21T22:40:00,28,当日剩余,3551.6440201678242,0,3281.0391,0,3551.6440201678242,3281.0391
2025-06-21,2025-06-21T18:00:00,18,2025-06-21T22:40:00,2025-06-21T22:50:00,29,当日剩余,3732.607020167824,0,3250.7574,0,3732.607020167824,3250.7574
2025-06-21,2025-06-21T18:00:00,18,2025-06-21T22:50:00,2025-06-21T23:00:00,30,当日剩余,3541.9101201678241,0,3190.3899999999999,0,3541.910120167824,3190.39
2025-06-21,2025-06-21T18:00:00,18,2025-06-21T23:00:00,2025-06-21T23:10:00,31,当日剩余,3127.1581201678241,0,2998.9362999999998,0,3127.158120167824,2998.9363
2025-06-21,2025-06-21T18:00:00,18,2025-06-21T23:10:00,2025-06-21T23:20:00,32,当日剩余,2984.270020167824,0,2920.9742999999999,0,2984.270020167824,2920.9743
2025-06-21,2025-06-21T18:00:00,18,2025-06-21T23:20:00,2025-06-21T23:30:00,33,当日剩余,3150.6201201678241,0,2989.3000000000002,0,3150.620120167824,2989.3
2025-06-21,2025-06-21T18:00:00,18,2025-06-21T23:30:00,2025-06-21T23:40:00,34,当日剩余,3271.945620167824,0,3024.5709999999999,0,3271.945620167824,3024.571
2025-06-21,2025-06-21T18:00:00,18,2025-06-21T23:40:00,2025-06-21T23:50:00,35,当日剩余,3576.5014201678241,0,3193.3141000000001,0,3576.501420167824,3193.3141
2025-06-21,2025-06-21T18:00:00,18,2025-06-21T23:50:00,2025-06-22T00:00:00,36,当日剩余,4008.0601201678242,0,3636.1399999999999,0,4008.060120167824,3636.14
2025-06-21,2025-06-21T18:00:00,18,2025-06-22T00:00:00,2025-06-22T00:10:00,37,次日延续,4104.4483,0,4241.9529000000002,0,4104.4483,4241.9529
2025-06-21,2025-06-21T18:00:00,18,2025-06-22T00:10:00,2025-06-22T00:20:00,38,次日延续,4073.2932000000001,0,4388.4534999999996,0,4073.2932,4388.4535
2025-06-21,2025-06-21T18:00:00,18,2025-06-22T00:20:00,2025-06-22T00:30:00,39,次日延续,3966.46,0,4075.4299999999998,0,3966.46,4075.43
2025-06-21,2025-06-21T18:00:00,18,2025-06-22T00:30:00,2025-06-22T00:40:00,40,次日延续,3873.2134999999998,0,3916.6662999999999,0,3873.2135,3916.6663
2025-06-21,2025-06-21T18:00:00,18,2025-06-22T00:40:00,2025-06-22T00:50:00,41,次日延续,3844.8132000000001,0,3984.7584999999999,0,3844.8132,3984.7585
2025-06-21,2025-06-21T18:00:00,18,2025-06-22T00:50:00,2025-06-22T01:00:00,42,次日延续,3816.48,0,4147.3500000000004,0,3816.48,4147.35
2025-06-21,2025-06-21T18:00:00,18,2025-06-22T01:00:00,2025-06-22T01:10:00,43,次日延续,3690.4241000000002,0,4225.5694000000003,0,3690.4241,4225.5694
2025-06-21,2025-06-21T18:00:00,18,2025-06-22T01:10:00,2025-06-22T01:20:00,44,次日延续,3656.0583999999999,0,4109.5613000000003,0,3656.0584,4109.5613
2025-06-21,2025-06-21T18:00:00,18,2025-06-22T01:20:00,2025-06-22T01:30:00,45,次日延续,3785.7800000000002,0,3920.3699999999999,0,3785.78,3920.37
2025-06-21,2025-06-21T18:00:00,18,2025-06-22T01:30:00,2025-06-22T01:40:00,46,次日延续,3947.7195000000002,0,3887.9694,0,3947.7195,3887.9694
2025-06-21,2025-06-21T18:00:00,18,2025-06-22T01:40:00,2025-06-22T01:50:00,47,次日延续,3960.7671999999998,0,3838.098,0,3960.7672,3838.098
2025-06-21,2025-06-21T18:00:00,18,2025-06-22T01:50:00,2025-06-22T02:00:00,48,次日延续,3812.3800000000001,0,3764.4699999999998,0,3812.38,3764.47
2025-06-21,2025-06-21T18:00:00,18,2025-06-22T02:00:00,2025-06-22T02:10:00,49,次日延续,3687.4872,0,3821.1601999999998,0,3687.4872,3821.1602
2025-06-21,2025-06-21T18:00:00,18,2025-06-22T02:10:00,2025-06-22T02:20:00,50,次日延续,3825.0954999999999,0,3740.7575000000002,0,3825.0955,3740.7575
2025-06-21,2025-06-21T18:00:00,18,2025-06-22T02:20:00,2025-06-22T02:30:00,51,次日延续,4005.9099999999999,0,3660.9899999999998,0,4005.91,3660.99
2025-06-21,2025-06-21T18:00:00,18,2025-06-22T02:30:00,2025-06-22T02:40:00,52,次日延续,3763.3063999999999,0,3973.9117999999999,0,3763.3064,3973.9118
2025-06-21,2025-06-21T18:00:00,18,2025-06-22T02:40:00,2025-06-22T02:50:00,53,次日延续,3505.1831000000002,0,4067.2406000000001,0,3505.1831,4067.2406
2025-06-21,2025-06-21T18:00:00,18,2025-06-22T02:50:00,2025-06-22T03:00:00,54,次日延续,3508.73,0,3807.5100000000002,0,3508.73,3807.51
2025-06-21,2025-06-21T18:00:00,18,2025-06-22T03:00:00,2025-06-22T03:10:00,55,次日延续,3668.6768999999999,0,3668.1163000000001,0.0016000000000000001,3668.6769,3668.1147
2025-06-21,2025-06-21T18:00:00,18,2025-06-22T03:10:00,2025-06-22T03:20:00,56,次日延续,3776.5117,0,3614.9247999999998,0,3776.5117,3614.9248
2025-06-21,2025-06-21T18:00:00,18,2025-06-22T03:20:00,2025-06-22T03:30:00,57,次日延续,3797.2199999999998,0,3642.3699999999999,0,3797.22,3642.37
2025-06-21,2025-06-21T18:00:00,18,2025-06-22T03:30:00,2025-06-22T03:40:00,58,次日延续,3832.5407,0,3787.4609,0.022100000000000002,3832.5407,3787.4388
2025-06-21,2025-06-21T18:00:00,18,2025-06-22T03:40:00,2025-06-22T03:50:00,59,次日延续,3760.5047,0,3636.4612000000002,0,3760.5047,3636.4612
2025-06-21,2025-06-21T18:00:00,18,2025-06-22T03:50:00,2025-06-22T04:00:00,60,次日延续,3649.7399999999998,0,3414.1399999999999,0,3649.74,3414.14
2025-06-21,2025-06-21T18:00:00,18,2025-06-22T04:00:00,2025-06-22T04:10:00,61,次日延续,3718.0974000000001,0.83437499999999987,3727.9016999999999,0.30830000000000002,3717.263025,3727.5933999999997
2025-06-21,2025-06-21T18:00:00,18,2025-06-22T04:10:00,2025-06-22T04:20:00,62,次日延续,3791.0457000000001,2.5031249999999998,3751.7031000000002,0,3788.542575,3751.7031
2025-06-21,2025-06-21T18:00:00,18,2025-06-22T04:20:00,2025-06-22T04:30:00,63,次日延续,3716.4200000000001,4.171875,3384.0900000000001,0,3712.248125,3384.09
2025-06-21,2025-06-21T18:00:00,18,2025-06-22T04:30:00,2025-06-22T04:40:00,64,次日延续,3531.2489,5.8406250000000002,3374.4387000000002,4.2942999999999998,3525.4082750000002,3370.1444
2025-06-21,2025-06-21T18:00:00,18,2025-06-22T04:40:00,2025-06-22T04:50:00,65,次日延续,3520.0974999999999,7.5093749999999995,3520.1260000000002,0,3512.5881249999998,3520.126
2025-06-21,2025-06-21T18:00:00,18,2025-06-22T04:50:00,2025-06-22T05:00:00,66,次日延续,3653.5100000000002,9.1781249999999996,3586.4299999999998,10.012499999999999,3644.3318750000003,3576.4175
2025-06-21,2025-06-21T18:00:00,18,2025-06-22T05:00:00,2025-06-22T05:10:00,67,次日延续,3637.6446000000001,118.92187499999999,3585.9117000000001,157.25470000000001,3518.722725,3428.657
2025-06-21,2025-06-21T18:00:00,18,2025-06-22T05:10:00,2025-06-22T05:20:00,68,次日延续,3609.2444999999998,336.74062499999997,3639.2521000000002,343.28800000000001,3272.503875,3295.9641
2025-06-21,2025-06-21T18:00:00,18,2025-06-22T05:20:00,2025-06-22T05:30:00,69,次日延续,3587.6700000000001,554.55937500000005,3676.9899999999998,530.58749999999998,3033.1106250000003,3146.4024999999997
2025-06-21,2025-06-21T18:00:00,18,2025-06-22T05:30:00,2025-06-22T05:40:00,70,次日延续,3536.5214000000001,772.37812500000007,3605.2737999999999,761.24249999999995,2764.143275,2844.0313
2025-06-21,2025-06-21T18:00:00,18,2025-06-22T05:40:00,2025-06-22T05:50:00,71,次日延续,4063.9070000000002,990.19687499999986,4046.5057999999999,1012.3718,3073.7101250000005,3034.134
2025-06-21,2025-06-21T18:00:00,18,2025-06-22T05:50:00,2025-06-22T06:00:00,72,次日延续,4826.04,1208.0156249999998,4773.9799999999996,1275.1500000000001,3618.024375,3498.8299999999995
2025-06-21,2025-06-21T18:00:00,18,2025-06-22T06:00:00,2025-06-22T06:10:00,73,次日延续,4805.3335999999999,1460.7156249999998,4875.2822999999999,1549.0585000000001,3344.617975,3326.2237999999998
2025-06-21,2025-06-21T18:00:00,18,2025-06-22T06:10:00,2025-06-22T06:20:00,74,次日延续,4714.4296000000004,1748.296875,4796.9286000000002,1747.0416,2966.1327250000004,3049.887
2025-06-21,2025-06-21T18:00:00,18,2025-06-22T06:20:00,2025-06-22T06:30:00,75,次日延续,4875.1300000000001,2035.8781249999997,4873.1899999999996,1888.8375000000001,2839.2518750000004,2984.3524999999995
2025-06-21,2025-06-21T18:00:00,18,2025-06-22T06:30:00,2025-06-22T06:40:00,76,次日延续,4897.6432999999997,2323.4593749999999,4964.2143999999998,2118.7130000000002,2574.183925,2845.5013999999996
2025-06-21,2025-06-21T18:00:00,18,2025-06-22T06:40:00,2025-06-22T06:50:00,77,次日延续,4879.5196999999998,2611.0406249999996,4900.1544999999996,2550.8235,2268.479075,2349.3309999999997
2025-06-21,2025-06-21T18:00:00,18,2025-06-22T06:50:00,2025-06-22T07:00:00,78,次日延续,4846.6800000000003,2898.6218749999998,4811.1400000000003,2991.5625,1948.0581250000005,1819.5775000000003
2025-06-21,2025-06-21T18:00:00,18,2025-06-22T07:00:00,2025-06-22T07:10:00,79,次日延续,4710.5577000000003,3205.1624999999999,4967.7975999999999,3130.2188000000001,1505.3952000000004,1837.5787999999998
2025-06-21,2025-06-21T18:00:00,18,2025-06-22T07:10:00,2025-06-22T07:20:00,80,次日延续,4715.1652999999997,3530.6624999999999,5007.2992000000004,3356.8335999999999,1184.5027999999998,1650.4656000000004
2025-06-21,2025-06-21T18:00:00,18,2025-06-22T07:20:00,2025-06-22T07:30:00,81,次日延续,4733.4499999999998,3856.1625000000004,4725.8400000000001,3645.9749999999999,877.2874999999995,1079.8650000000002
2025-06-21,2025-06-21T18:00:00,18,2025-06-22T07:30:00,2025-06-22T07:40:00,82,次日延续,4541.1562999999996,4181.6625000000004,4453.3561,3619.8242,359.4937999999993,833.5319
2025-06-21,2025-06-21T18:00:00,18,2025-06-22T07:40:00,2025-06-22T07:50:00,83,次日延续,5269.4540999999999,4507.1625000000004,5288.5994000000001,3833.1842000000001,762.2915999999996,1455.4152
2025-06-21,2025-06-21T18:00:00,18,2025-06-22T07:50:00,2025-06-22T08:00:00,84,次日延续,6538.9899999999998,4832.6625000000004,6623.6999999999998,4315.9499999999998,1706.3274999999994,2307.75
2025-06-21,2025-06-21T18:00:00,18,2025-06-22T08:00:00,2025-06-22T08:10:00,85,次日延续,6712.9528,5115.3531249999996,6667.1858000000002,4531.5297,1597.5996750000004,2135.6561
2025-06-21,2025-06-21T18:00:00,18,2025-06-22T08:10:00,2025-06-22T08:20:00,86,次日延续,6509.2330000000002,5355.234375,6423.6656999999996,4721.8175000000001,1153.9986250000002,1701.8481999999995
2025-06-21,2025-06-21T18:00:00,18,2025-06-22T08:20:00,2025-06-22T08:30:00,87,次日延续,6502.96,5595.1156250000004,6463.75,5014.875,907.8443749999997,1448.875
2025-06-21,2025-06-21T18:00:00,18,2025-06-22T08:30:00,2025-06-22T08:40:00,88,次日延续,6536.1810999999998,5834.9968750000007,6375.1556,5284.7746999999999,701.1842249999991,1090.3809
2025-06-21,2025-06-21T18:00:00,18,2025-06-22T08:40:00,2025-06-22T08:50:00,89,次日延续,6531.2719999999999,6074.8781249999993,6412.4314999999997,5646.4757,456.39387500000066,765.9557999999997
2025-06-21,2025-06-21T18:00:00,18,2025-06-22T08:50:00,2025-06-22T09:00:00,90,次日延续,6561.7799999999997,6314.7593749999996,6623.1899999999996,6037.9125000000004,247.0206250000001,585.2774999999992
2025-06-21,2025-06-21T18:00:00,18,2025-06-22T09:00:00,2025-06-22T09:10:00,91,次日延续,6724.2330000000002,6542.2843749999993,6697.7295000000004,6192.0594000000001,181.9486250000009,505.6701000000003
2025-06-21,2025-06-21T18:00:00,18,2025-06-22T09:10:00,2025-06-22T09:20:00,92,次日延续,6730.7074000000002,6757.453125,6461.4215000000004,6000.6354000000001,-26.745724999999766,460.78610000000026
2025-06-21,2025-06-21T18:00:00,18,2025-06-22T09:20:00,2025-06-22T09:30:00,93,次日延续,6535.6099999999997,6972.6218749999989,6210.6099999999997,5754.2624999999998,-437.01187499999924,456.34749999999985
2025-06-21,2025-06-21T18:00:00,18,2025-06-22T09:30:00,2025-06-22T09:40:00,94,次日延续,6395.7354999999998,7187.7906249999996,6414.8865999999998,5921.1104999999998,-792.0551249999999,493.77610000000004
2025-06-21,2025-06-21T18:00:00,18,2025-06-22T09:40:00,2025-06-22T09:50:00,95,次日延续,6411.9044999999996,7402.9593749999995,6533.8910999999998,6266.2570999999998,-991.0548749999998,267.634
2025-06-21,2025-06-21T18:00:00,18,2025-06-22T09:50:00,2025-06-22T10:00:00,96,次日延续,6497.6599999999999,7618.1281250000002,6427.3800000000001,6670.875,-1120.4681250000003,-243.4949999999999
2025-06-21,2025-06-21T18:00:00,18,2025-06-22T10:00:00,2025-06-22T10:10:00,97,次日延续,6490.7947000000004,7785.78125,6471.4852000000001,7160.1974,-1294.9865499999996,-688.7121999999999
2025-06-21,2025-06-21T18:00:00,18,2025-06-22T10:10:00,2025-06-22T10:20:00,98,次日延续,6498.6989999999996,7905.9187499999989,6487.6664000000001,7191.8631999999998,-1407.2197499999993,-704.1967999999997
2025-06-21,2025-06-21T18:00:00,18,2025-06-22T10:20:00,2025-06-22T10:30:00,99,次日延续,6570.3100000000004,8026.0562499999996,6362.4799999999996,6972.6000000000004,-1455.7462499999992,-610.1200000000008
2025-06-21,2025-06-21T18:00:00,18,2025-06-22T10:30:00,2025-06-22T10:40:00,100,次日延续,6639.8636999999999,8146.1937500000004,6226.8010999999997,7258.8132999999998,-1506.3300500000005,-1032.0122000000001
2025-06-21,2025-06-21T18:00:00,18,2025-06-22T10:40:00,2025-06-22T10:50:00,101,次日延续,6688.8957,8266.3312500000011,6326.8078999999998,7457.9949999999999,-1577.435550000001,-1131.1871
2025-06-21,2025-06-21T18:00:00,18,2025-06-22T10:50:00,2025-06-22T11:00:00,102,次日延续,6628.8199999999997,8386.46875,6525.2799999999997,7297.7250000000004,-1757.6487500000003,-772.4450000000006
2025-06-21,2025-06-21T18:00:00,18,2025-06-22T11:00:00,2025-06-22T11:10:00,103,次日延续,6386.6049999999996,8370.1201833333325,6443.2686000000003,7087.9449999999997,-1983.515183333333,-644.6763999999994
2025-06-21,2025-06-21T18:00:00,18,2025-06-22T11:10:00,2025-06-22T11:20:00,104,次日延续,6271.5730999999996,8217.2855500000005,6361.5088999999998,6809.7417999999998,-1945.712450000001,-448.2329
2025-06-21,2025-06-21T18:00:00,18,2025-06-22T11:20:00,2025-06-22T11:30:00,105,次日延续,6388.1599999999999,8064.4509166666667,6433.7700000000004,6588.375,-1676.2909166666668,-154.60499999999956
2025-06-21,2025-06-21T18:00:00,18,2025-06-22T11:30:00,2025-06-22T11:40:00,106,次日延续,6505.9827999999998,7911.6162833333337,6503.2098999999998,6655.5910999999996,-1405.633483333334,-152.3811999999998
2025-06-21,2025-06-21T18:00:00,18,2025-06-22T11:40:00,2025-06-22T11:50:00,107,次日延续,6289.1036999999997,7758.7816500000008,6368.3833999999997,6743.6759000000002,-1469.6779500000011,-375.2925000000005
2025-06-21,2025-06-21T18:00:00,18,2025-06-22T11:50:00,2025-06-22T12:00:00,108,次日延续,6019.1000000000004,7605.947016666667,6099.1700000000001,6672.75,-1586.8470166666666,-573.5799999999999
2025-06-21,2025-06-21T18:00:00,18,2025-06-22T12:00:00,2025-06-22T12:10:00,109,次日延续,6267.5240000000003,7394.0939166666667,6000.4404000000004,6529.8717999999999,-1126.5699166666664,-529.4313999999995
2025-06-21,2025-06-21T18:00:00,18,2025-06-22T12:10:00,2025-06-22T12:20:00,110,次日延续,6253.9907999999996,7123.22235,6183.0784000000003,6594.3699999999999,-869.2315500000004,-411.29159999999956
2025-06-21,2025-06-21T18:00:00,18,2025-06-22T12:20:00,2025-06-22T12:30:00,111,次日延续,6002.5699999999997,6852.3507833333333,6317.96,6863.4375,-849.7807833333336,-545.4775
2025-06-21,2025-06-21T18:00:00,18,2025-06-22T12:30:00,2025-06-22T12:40:00,112,次日延续,6317.0392000000002,6581.4792166666666,6006.3851000000004,7049.5564999999997,-264.44001666666645,-1043.1713999999993
2025-06-21,2025-06-21T18:00:00,18,2025-06-22T12:40:00,2025-06-22T12:50:00,113,次日延续,6556.9632000000001,6310.6076499999999,6074.8568999999998,7036.2485999999999,246.35555000000022,-961.3917000000001
2025-06-21,2025-06-21T18:00:00,18,2025-06-22T12:50:00,2025-06-22T13:00:00,114,次日延续,6501.5,6039.7360833333332,6516.96,6719.9250000000002,461.7639166666668,-202.96500000000015
2025-06-21,2025-06-21T18:00:00,18,2025-06-22T13:00:00,2025-06-22T13:10:00,115,次日延续,6567.1941999999999,5824.9676250000002,6489.8087999999998,6117.0751,742.2265749999997,372.73369999999977
2025-06-21,2025-06-21T18:00:00,18,2025-06-22T13:10:00,2025-06-22T13:20:00,116,次日延续,6562.8041000000003,5666.302275,6360.7461999999996,5824.8471,896.5018250000003,535.8990999999996
2025-06-21,2025-06-21T18:00:00,18,2025-06-22T13:20:00,2025-06-22T13:30:00,117,次日延续,6495.3500000000004,5507.6369249999998,6406.2700000000004,5822.7375000000002,987.7130750000006,583.5325000000003
2025-06-21,2025-06-21T18:00:00,18,2025-06-22T13:30:00,2025-06-22T13:40:00,118,次日延续,6597.0097999999998,5348.9715749999996,6490.2313000000004,5575.0871999999999,1248.0382250000002,915.1441000000004
2025-06-21,2025-06-21T18:00:00,18,2025-06-22T13:40:00,2025-06-22T13:50:00,119,次日延续,6582.8047999999999,5190.3062250000003,6461.9305000000004,5504.5538999999999,1392.4985749999996,957.3766000000005
2025-06-21,2025-06-21T18:00:00,18,2025-06-22T13:50:00,2025-06-22T14:00:00,120,次日延续,6442.1000000000004,5031.6408750000001,6448.1999999999998,5512.9125000000004,1410.4591250000003,935.2874999999995
2025-06-21,2025-06-21T18:00:00,18,2025-06-22T14:00:00,2025-06-22T14:10:00,121,次日延续,6484.6417000000001,4864.5596249999999,6673.2916999999998,5037.2385000000004,1620.0820750000003,1636.0531999999994
2025-06-21,2025-06-21T18:00:00,18,2025-06-22T14:10:00,2025-06-22T14:20:00,122,次日延续,6666.7718000000004,4689.0624750000006,6673.1460999999999,4702.4412000000002,1977.7093249999998,1970.7048999999997
2025-06-21,2025-06-21T18:00:00,18,2025-06-22T14:20:00,2025-06-22T14:30:00,123,次日延续,6746.9200000000001,4513.5653249999996,6464.7200000000003,4784.4375,2233.3546750000005,1680.2825000000003
2025-06-21,2025-06-21T18:00:00,18,2025-06-22T14:30:00,2025-06-22T14:40:00,124,次日延续,6525.4939999999997,4338.0681750000003,6540.3576000000003,4929.9067999999997,2187.4258249999993,1610.4508000000005
2025-06-21,2025-06-21T18:00:00,18,2025-06-22T14:40:00,2025-06-22T14:50:00,125,次日延续,6373.9804999999997,4162.5710250000002,6675.7957999999999,4898.1994999999997,2211.4094749999995,1777.5963000000002
2025-06-21,2025-06-21T18:00:00,18,2025-06-22T14:50:00,2025-06-22T15:00:00,126,次日延续,6417.3500000000004,3987.073875,6605.6800000000003,4757.4750000000004,2430.2761250000003,1848.205
2025-06-21,2025-06-21T18:00:00,18,2025-06-22T15:00:00,2025-06-22T15:10:00,127,次日延续,6455.2593999999999,3869.3683249999999,6333.0706,4742.5052999999998,2585.891075,1590.5653000000002
2025-06-21,2025-06-21T18:00:00,18,2025-06-22T15:10:00,2025-06-22T15:20:00,128,次日延续,6543.5708999999997,3809.4543749999998,6331.3492999999999,4670.5164999999997,2734.116525,1660.8328000000001
2025-06-21,2025-06-21T18:00:00,18,2025-06-22T15:20:00,2025-06-22T15:30:00,129,次日延续,6708.5600000000004,3749.5404249999997,6683.6199999999999,4474.4250000000002,2959.0195750000007,2209.1949999999997
2025-06-21,2025-06-21T18:00:00,18,2025-06-22T15:30:00,2025-06-22T15:40:00,130,次日延续,6866.1007,3689.626475,6971.3335999999999,4295.0047000000004,3176.474225,2676.3288999999995
2025-06-21,2025-06-21T18:00:00,18,2025-06-22T15:40:00,2025-06-22T15:50:00,131,次日延续,6889.3666000000003,3629.7125250000004,6819.9776000000002,4204.6922999999997,3259.654075,2615.2853000000005
2025-06-21,2025-06-21T18:00:00,18,2025-06-22T15:50:00,2025-06-22T16:00:00,132,次日延续,6805.5100000000002,3569.7985750000003,6454.0500000000002,4087.125,3235.711425,2366.925
2025-06-21,2025-06-21T18:00:00,18,2025-06-22T16:00:00,2025-06-22T16:10:00,133,次日延续,6781.2509,3445.3249916666668,6476.8128999999999,3779.3995,3335.925908333333,2697.4134
2025-06-21,2025-06-21T18:00:00,18,2025-06-22T16:10:00,2025-06-22T16:20:00,134,次日延续,6880.8409000000001,3256.2917750000001,6681.4390999999996,3591.5491000000002,3624.549125,3089.8899999999994
2025-06-21,2025-06-21T18:00:00,18,2025-06-22T16:20:00,2025-06-22T16:30:00,135,次日延续,6994.9399999999996,3067.2585583333334,6756.9700000000003,3545.2125000000001,3927.681441666666,3211.7575
2025-06-21,2025-06-21T18:00:00,18,2025-06-22T16:30:00,2025-06-22T16:40:00,136,次日延续,6960.4459999999999,2878.2253416666667,6617.1899000000003,3337.0895999999998,4082.220658333333,3280.1003000000005
2025-06-21,2025-06-21T18:00:00,18,2025-06-22T16:40:00,2025-06-22T16:50:00,137,次日延续,6972.9322000000002,2689.192125,6635.7268000000004,2998.9775,4283.740075,3636.7493000000004
2025-06-21,2025-06-21T18:00:00,18,2025-06-22T16:50:00,2025-06-22T17:00:00,138,次日延续,7069.3199999999997,2500.1589083333333,6845.8900000000003,2671.3125,4569.161091666667,4174.5775
2025-06-21,2025-06-21T18:00:00,18,2025-06-22T17:00:00,2025-06-22T17:10:00,139,次日延续,7090.2911000000004,2308.2066749999999,6942.0069000000003,2451.0529000000001,4782.084425000001,4490.954
2025-06-21,2025-06-21T18:00:00,18,2025-06-22T17:10:00,2025-06-22T17:20:00,140,次日延续,7090.6579000000002,2113.3354250000002,7069.6307999999999,2187.5873000000001,4977.322475,4882.0435
2025-06-21,2025-06-21T18:00:00,18,2025-06-22T17:20:00,2025-06-22T17:30:00,141,次日延续,7167.4700000000003,1918.4641750000001,7279.1599999999999,1846.6500000000001,5249.005825,5432.51
2025-06-21,2025-06-21T18:00:00,18,2025-06-22T17:30:00,2025-06-22T17:40:00,142,次日延续,7216.4039000000002,1723.5929249999999,7269.3346000000001,1547.1748,5492.810975,5722.1598
2025-06-21,2025-06-21T18:00:00,18,2025-06-22T17:40:00,2025-06-22T17:50:00,143,次日延续,6443.4638000000004,1528.721675,6253.5240000000003,1306.7566999999999,4914.742125000001,4946.7673
2025-06-21,2025-06-21T18:00:00,18,2025-06-22T17:50:00,2025-06-22T18:00:00,144,次日延续,5239.4799999999996,1333.8504250000001,4906.1999999999998,1109.175,3905.6295749999995,3797.0249999999996
2025-09-23,2025-09-23T00:00:00,0,2025-09-23T00:00:00,2025-09-23T00:10:00,1,当日剩余,3937.1457999999998,0,3421.1060000000002,0,3937.1458,3421.106
2025-09-23,2025-09-23T00:00:00,0,2025-09-23T00:10:00,2025-09-23T00:20:00,2,当日剩余,4000.4016999999999,0,3361.9090999999999,0,4000.4017,3361.9091
2025-09-23,2025-09-23T00:00:00,0,2025-09-23T00:20:00,2025-09-23T00:30:00,3,当日剩余,3751.3600000000001,0,3388.5999999999999,0,3751.36,3388.6
2025-09-23,2025-09-23T00:00:00,0,2025-09-23T00:30:00,2025-09-23T00:40:00,4,当日剩余,3531.7831000000001,0,3591.0535,0,3531.7831,3591.0535
2025-09-23,2025-09-23T00:00:00,0,2025-09-23T00:40:00,2025-09-23T00:50:00,5,当日剩余,3436.6857,0,3639.0639000000001,0,3436.6857,3639.0639
2025-09-23,2025-09-23T00:00:00,0,2025-09-23T00:50:00,2025-09-23T01:00:00,6,当日剩余,3454.54,0,3538.6199999999999,0,3454.54,3538.62
2025-09-23,2025-09-23T00:00:00,0,2025-09-23T01:00:00,2025-09-23T01:10:00,7,当日剩余,3517.2377999999999,0,3584.1201000000001,0,3517.2378,3584.1201
2025-09-23,2025-09-23T00:00:00,0,2025-09-23T01:10:00,2025-09-23T01:20:00,8,当日剩余,3497.5299,0,3479.8299999999999,0,3497.5299,3479.83
2025-09-23,2025-09-23T00:00:00,0,2025-09-23T01:20:00,2025-09-23T01:30:00,9,当日剩余,3422.7399999999998,0,3316.0799999999999,0,3422.74,3316.08
2025-09-23,2025-09-23T00:00:00,0,2025-09-23T01:30:00,2025-09-23T01:40:00,10,当日剩余,3457.0954000000002,0,3504.3200999999999,0,3457.0954,3504.3201
2025-09-23,2025-09-23T00:00:00,0,2025-09-23T01:40:00,2025-09-23T01:50:00,11,当日剩余,3628.0075000000002,0,3611.1696999999999,0,3628.0075,3611.1697
2025-09-23,2025-09-23T00:00:00,0,2025-09-23T01:50:00,2025-09-23T02:00:00,12,当日剩余,3727.77,0,3543.6399999999999,0,3727.77,3543.64
2025-09-23,2025-09-23T00:00:00,0,2025-09-23T02:00:00,2025-09-23T02:10:00,13,当日剩余,3520.7314000000001,0,3627.3782999999999,0,3520.7314,3627.3783
2025-09-23,2025-09-23T00:00:00,0,2025-09-23T02:10:00,2025-09-23T02:20:00,14,当日剩余,3436.0535,0,3646.7973000000002,0,3436.0535,3646.7973
2025-09-23,2025-09-23T00:00:00,0,2025-09-23T02:20:00,2025-09-23T02:30:00,15,当日剩余,3624.5500000000002,0,3569.9200000000001,0,3624.55,3569.92
2025-09-23,2025-09-23T00:00:00,0,2025-09-23T02:30:00,2025-09-23T02:40:00,16,当日剩余,3799.6840000000002,0,3591.0744,0,3799.684,3591.0744
2025-09-23,2025-09-23T00:00:00,0,2025-09-23T02:40:00,2025-09-23T02:50:00,17,当日剩余,3729.9252999999999,0,3523.6786000000002,0,3729.9253,3523.6786
2025-09-23,2025-09-23T00:00:00,0,2025-09-23T02:50:00,2025-09-23T03:00:00,18,当日剩余,3599.4000000000001,0,3402.0300000000002,0,3599.4,3402.03
2025-09-23,2025-09-23T00:00:00,0,2025-09-23T03:00:00,2025-09-23T03:10:00,19,当日剩余,3766.8380999999999,0,3470.8796000000002,0,3766.8381,3470.8796
2025-09-23,2025-09-23T00:00:00,0,2025-09-23T03:10:00,2025-09-23T03:20:00,20,当日剩余,3732.5778,0,3546.3117999999999,0,3732.5778,3546.3118
2025-09-23,2025-09-23T00:00:00,0,2025-09-23T03:20:00,2025-09-23T03:30:00,21,当日剩余,3487.1599999999999,0,3521.0999999999999,0,3487.16,3521.1
2025-09-23,2025-09-23T00:00:00,0,2025-09-23T03:30:00,2025-09-23T03:40:00,22,当日剩余,3542.3681999999999,0,3493.0414999999998,0,3542.3682,3493.0415
2025-09-23,2025-09-23T00:00:00,0,2025-09-23T03:40:00,2025-09-23T03:50:00,23,当日剩余,3671.4308999999998,0,3616.52,0,3671.4309,3616.52
2025-09-23,2025-09-23T00:00:00,0,2025-09-23T03:50:00,2025-09-23T04:00:00,24,当日剩余,3753.8499999999999,0,3738.77,0,3753.85,3738.77
2025-09-23,2025-09-23T00:00:00,0,2025-09-23T04:00:00,2025-09-23T04:10:00,25,当日剩余,3887.5821999999998,0,3573.1379999999999,0.0019,3887.5822,3573.1360999999997
2025-09-23,2025-09-23T00:00:00,0,2025-09-23T04:10:00,2025-09-23T04:20:00,26,当日剩余,3864.8881000000001,0,3548.8256000000001,0,3864.8881,3548.8256
2025-09-23,2025-09-23T00:00:00,0,2025-09-23T04:20:00,2025-09-23T04:30:00,27,当日剩余,3746.52,0,3696.4299999999998,0,3746.52,3696.43
2025-09-23,2025-09-23T00:00:00,0,2025-09-23T04:30:00,2025-09-23T04:40:00,28,当日剩余,3799.8706999999999,0,3629.4045999999998,0.026800000000000001,3799.8707,3629.3777999999998
2025-09-23,2025-09-23T00:00:00,0,2025-09-23T04:40:00,2025-09-23T04:50:00,29,当日剩余,3743.4045000000001,0,3602.4949000000001,0,3743.4045,3602.4949
2025-09-23,2025-09-23T00:00:00,0,2025-09-23T04:50:00,2025-09-23T05:00:00,30,当日剩余,3548.1700000000001,0,3708.7399999999998,0,3548.17,3708.74
2025-09-23,2025-09-23T00:00:00,0,2025-09-23T05:00:00,2025-09-23T05:10:00,31,当日剩余,3510.4937,0,3751.3647000000001,0.37309999999999999,3510.4937,3750.9916000000003
2025-09-23,2025-09-23T00:00:00,0,2025-09-23T05:10:00,2025-09-23T05:20:00,32,当日剩余,3645.7435,0,3689.4488000000001,0,3645.7435,3689.4488
2025-09-23,2025-09-23T00:00:00,0,2025-09-23T05:20:00,2025-09-23T05:30:00,33,当日剩余,3724.04,0,3557.6799999999998,0,3724.04,3557.68
2025-09-23,2025-09-23T00:00:00,0,2025-09-23T05:30:00,2025-09-23T05:40:00,34,当日剩余,3582.2552999999998,0,3509.0644000000002,5.1961000000000004,3582.2553,3503.8683
2025-09-23,2025-09-23T00:00:00,0,2025-09-23T05:40:00,2025-09-23T05:50:00,35,当日剩余,3957.9699999999998,0,4001.4805999999999,0,3957.97,4001.4806
2025-09-23,2025-09-23T00:00:00,0,2025-09-23T05:50:00,2025-09-23T06:00:00,36,当日剩余,4700.4899999999998,0,4743.7399999999998,0,4700.49,4743.74
2025-09-23,2025-09-23T00:00:00,0,2025-09-23T06:00:00,2025-09-23T06:10:00,37,当日剩余,4861.7695999999996,129.778525,4911.4157999999998,148.7833,4731.991075,4762.6325
2025-09-23,2025-09-23T00:00:00,0,2025-09-23T06:10:00,2025-09-23T06:20:00,38,当日剩余,4752.5347000000002,389.33557500000001,4831.9735000000001,376.01459999999997,4363.199125,4455.9589
2025-09-23,2025-09-23T00:00:00,0,2025-09-23T06:20:00,2025-09-23T06:30:00,39,当日剩余,4711.7299999999996,648.89262500000007,4792.1999999999998,649.38750000000005,4062.8373749999996,4142.8125
2025-09-23,2025-09-23T00:00:00,0,2025-09-23T06:30:00,2025-09-23T06:40:00,40,当日剩余,4749.8589000000002,908.44967500000007,4757.3085000000001,973.80439999999999,3841.4092250000003,3783.5041
2025-09-23,2025-09-23T00:00:00,0,2025-09-23T06:40:00,2025-09-23T06:50:00,41,当日剩余,4762.9137000000001,1168.006725,4755.1526000000003,1245.8597,3594.906975,3509.2929000000004
2025-09-23,2025-09-23T00:00:00,0,2025-09-23T06:50:00,2025-09-23T07:00:00,42,当日剩余,4720.0200000000004,1427.5637749999999,4789.0500000000002,1511.7750000000001,3292.456225000001,3277.275
2025-09-23,2025-09-23T00:00:00,0,2025-09-23T07:00:00,2025-09-23T07:10:00,43,当日剩余,4702.5839999999998,1743.4431333333332,4816.2820000000002,1907.9449999999999,2959.1408666666666,2908.3370000000004
2025-09-23,2025-09-23T00:00:00,0,2025-09-23T07:10:00,2025-09-23T07:20:00,44,当日剩余,4833.7498999999998,2115.6448,4786.2178999999996,2234.3678,2718.1050999999998,2551.8500999999997
2025-09-23,2025-09-23T00:00:00,0,2025-09-23T07:20:00,2025-09-23T07:30:00,45,当日剩余,4939.54,2487.8464666666664,4660.5100000000002,2492.5875000000001,2451.6935333333336,2167.9225
2025-09-23,2025-09-23T00:00:00,0,2025-09-23T07:30:00,2025-09-23T07:40:00,46,当日剩余,4828.7624999999998,2860.0481333333332,4606.8822,2894.0726,1968.7143666666666,1712.8096
2025-09-23,2025-09-23T00:00:00,0,2025-09-23T07:40:00,2025-09-23T07:50:00,47,当日剩余,5406.1206000000002,3232.2498000000001,5489.8416999999999,3343.4603999999999,2173.8708,2146.3813
2025-09-23,2025-09-23T00:00:00,0,2025-09-23T07:50:00,2025-09-23T08:00:00,48,当日剩余,6462.5500000000002,3604.4514666666664,6701.0600000000004,3753.1125000000002,2858.0985333333338,2947.9475
2025-09-23,2025-09-23T00:00:00,0,2025-09-23T08:00:00,2025-09-23T08:10:00,49,当日剩余,6779.0099,3947.3928166666665,6664.9868999999999,4119.6248999999998,2831.6170833333335,2545.362
2025-09-23,2025-09-23T00:00:00,0,2025-09-23T08:10:00,2025-09-23T08:20:00,50,当日剩余,6649.2879000000003,4261.0738499999998,6469.7028,4427.9049000000005,2388.2140500000005,2041.7978999999996
2025-09-23,2025-09-23T00:00:00,0,2025-09-23T08:20:00,2025-09-23T08:30:00,51,当日剩余,6494.4899999999998,4574.7548833333331,6635.9700000000003,4698.6374999999998,1919.7351166666667,1937.3325000000004
2025-09-23,2025-09-23T00:00:00,0,2025-09-23T08:30:00,2025-09-23T08:40:00,52,当日剩余,6432.8642,4888.4359166666673,6600.0815000000002,4997.0929999999998,1544.4282833333327,1602.9885000000004
2025-09-23,2025-09-23T00:00:00,0,2025-09-23T08:40:00,2025-09-23T08:50:00,53,当日剩余,6438.1781000000001,5202.1169499999996,6462.4233000000004,5400.3213999999998,1236.0611500000005,1062.1019000000006
2025-09-23,2025-09-23T00:00:00,0,2025-09-23T08:50:00,2025-09-23T09:00:00,54,当日剩余,6502.1899999999996,5515.7979833333338,6427.5699999999997,5807.8500000000004,986.3920166666658,619.7199999999993
2025-09-23,2025-09-23T00:00:00,0,2025-09-23T09:00:00,2025-09-23T09:10:00,55,当日剩余,6620.0240999999996,5757.8457083333333,6551.7343000000001,6020.5510999999997,862.1783916666664,531.1832000000004
2025-09-23,2025-09-23T00:00:00,0,2025-09-23T09:10:00,2025-09-23T09:20:00,56,当日剩余,6603.7912999999999,5928.2601249999998,6611.8297000000002,6159.4673000000003,675.5311750000001,452.3624
2025-09-23,2025-09-23T00:00:00,0,2025-09-23T09:20:00,2025-09-23T09:30:00,57,当日剩余,6407.3299999999999,6098.6745416666672,6584.4200000000001,6306.2624999999998,308.6554583333327,278.15750000000025
2025-09-23,2025-09-23T00:00:00,0,2025-09-23T09:30:00,2025-09-23T09:40:00,58,当日剩余,6200.5473000000002,6269.0889583333337,6627.8892999999998,6423.4053000000004,-68.54165833333354,204.48399999999947
2025-09-23,2025-09-23T00:00:00,0,2025-09-23T09:40:00,2025-09-23T09:50:00,59,当日剩余,6249.5540000000001,6439.5033750000002,6567.1755999999996,6483.3050000000003,-189.94937500000015,83.87059999999929
2025-09-23,2025-09-23T00:00:00,0,2025-09-23T09:50:00,2025-09-23T10:00:00,60,当日剩余,6480.8199999999997,6609.9177916666667,6455.96,6487.7624999999998,-129.09779166666704,-31.80249999999978
2025-09-23,2025-09-23T00:00:00,0,2025-09-23T10:00:00,2025-09-23T10:10:00,61,当日剩余,6557.067,6723.8398166666657,6527.0911999999998,6506.7574000000004,-166.77281666666568,20.333799999999428
2025-09-23,2025-09-23T00:00:00,0,2025-09-23T10:10:00,2025-09-23T10:20:00,62,当日剩余,6530.2617,6781.2694499999998,6488.4498999999996,6763.9313000000002,-251.00774999999976,-275.4814000000006
2025-09-23,2025-09-23T00:00:00,0,2025-09-23T10:20:00,2025-09-23T10:30:00,63,当日剩余,6502.1300000000001,6838.699083333333,6336.1099999999997,7139.6999999999998,-336.56908333333286,-803.5900000000001
2025-09-23,2025-09-23T00:00:00,0,2025-09-23T10:30:00,2025-09-23T10:40:00,64,当日剩余,6501.3744999999999,6896.1287166666662,6376.9431999999997,7257.6774999999998,-394.75421666666625,-880.7343000000001
2025-09-23,2025-09-23T00:00:00,0,2025-09-23T10:40:00,2025-09-23T10:50:00,65,当日剩余,6474.7017999999998,6953.5583500000002,6473.6947,7240.5730999999996,-478.8565500000004,-766.8783999999996
2025-09-23,2025-09-23T00:00:00,0,2025-09-23T10:50:00,2025-09-23T11:00:00,66,当日剩余,6439.6499999999996,7010.9879833333334,6470.5600000000004,7359.6750000000002,-571.3379833333338,-889.1149999999998
2025-09-23,2025-09-23T00:00:00,0,2025-09-23T11:00:00,2025-09-23T11:10:00,67,当日剩余,6473.1895999999997,7181.5341416666661,6357.1346000000003,7784.7848999999997,-708.3445416666664,-1427.6502999999993
2025-09-23,2025-09-23T00:00:00,0,2025-09-23T11:10:00,2025-09-23T11:20:00,68,当日剩余,6527.3639999999996,7465.1968250000009,6310.6975000000002,8209.6885999999995,-937.8328250000013,-1898.9910999999993
2025-09-23,2025-09-23T00:00:00,0,2025-09-23T11:20:00,2025-09-23T11:30:00,69,当日剩余,6531.1099999999997,7748.859508333333,6431.5200000000004,8399.7374999999993,-1217.7495083333333,-1968.2174999999988
2025-09-23,2025-09-23T00:00:00,0,2025-09-23T11:30:00,2025-09-23T11:40:00,70,当日剩余,6437.2196999999996,8032.5221916666678,6604.0357000000004,8379.6790000000001,-1595.3024916666682,-1775.6432999999997
2025-09-23,2025-09-23T00:00:00,0,2025-09-23T11:40:00,2025-09-23T11:50:00,71,当日剩余,6258.0132999999996,8316.1848750000008,6371.5522000000001,8435.4109000000008,-2058.171575000001,-2063.8587000000007
2025-09-23,2025-09-23T00:00:00,0,2025-09-23T11:50:00,2025-09-23T12:00:00,72,当日剩余,6034.1700000000001,8599.8475583333329,5893.6899999999996,8613.5625,-2565.677558333333,-2719.8725000000004
2025-09-23,2025-09-23T00:00:00,0,2025-09-23T12:00:00,2025-09-23T12:10:00,73,当日剩余,5857.0227999999997,8663.8547749999998,5815.5592999999999,8690.3914999999997,-2806.831975,-2874.8322
2025-09-23,2025-09-23T00:00:00,0,2025-09-23T12:10:00,2025-09-23T12:20:00,74,当日剩余,5948.518,8508.2065250000014,5929.8451999999997,8581.2693999999992,-2559.6885250000014,-2651.4241999999995
2025-09-23,2025-09-23T00:00:00,0,2025-09-23T12:20:00,2025-09-23T12:30:00,75,当日剩余,6160.5600000000004,8352.5582749999994,5958.4300000000003,8484.4874999999993,-2191.998274999999,-2526.057499999999
2025-09-23,2025-09-23T00:00:00,0,2025-09-23T12:30:00,2025-09-23T12:40:00,76,当日剩余,6118.0293000000001,8196.9100249999992,5882.5546000000004,8645.3297000000002,-2078.880724999999,-2762.7751
2025-09-23,2025-09-23T00:00:00,0,2025-09-23T12:40:00,2025-09-23T12:50:00,77,当日剩余,6129.9123,8041.261774999999,6091.5911999999998,8546.6640000000007,-1911.349474999999,-2455.072800000001
2025-09-23,2025-09-23T00:00:00,0,2025-09-23T12:50:00,2025-09-23T13:00:00,78,当日剩余,6271.5699999999997,7885.6135250000007,6408.5299999999997,8135.1374999999998,-1614.043525000001,-1726.6075
2025-09-23,2025-09-23T00:00:00,0,2025-09-23T13:00:00,2025-09-23T13:10:00,79,当日剩余,6267.4025000000001,7723.7998666666663,6253.4832999999999,7884.9488000000001,-1456.3973666666661,-1631.4655000000002
2025-09-23,2025-09-23T00:00:00,0,2025-09-23T13:10:00,2025-09-23T13:20:00,80,当日剩余,6084.3297000000002,7555.8207999999995,6080.4251000000004,7754.0987999999998,-1471.4910999999993,-1673.6736999999994
2025-09-23,2025-09-23T00:00:00,0,2025-09-23T13:20:00,2025-09-23T13:30:00,81,当日剩余,5983.25,7387.8417333333327,6115.6300000000001,7607.2875000000004,-1404.5917333333327,-1491.6575000000003
2025-09-23,2025-09-23T00:00:00,0,2025-09-23T13:30:00,2025-09-23T13:40:00,82,当日剩余,6249.9547000000002,7219.862666666666,6161.9413999999997,7394.5585000000001,-969.9079666666657,-1232.6171000000004
2025-09-23,2025-09-23T00:00:00,0,2025-09-23T13:40:00,2025-09-23T13:50:00,83,当日剩余,6377.6378000000004,7051.8835999999992,6291.8498,7228.1769000000004,-674.2457999999988,-936.3271000000004
2025-09-23,2025-09-23T00:00:00,0,2025-09-23T13:50:00,2025-09-23T14:00:00,84,当日剩余,6187.6499999999996,6883.9045333333324,6409.5299999999997,7094.9624999999996,-696.2545333333328,-685.4324999999999
2025-09-23,2025-09-23T00:00:00,0,2025-09-23T14:00:00,2025-09-23T14:10:00,85,当日剩余,6004.6459999999997,6594.8363166666659,6298.6605,6838.0168000000003,-590.1903166666661,-539.3563000000004
2025-09-23,2025-09-23T00:00:00,0,2025-09-23T14:10:00,2025-09-23T14:20:00,86,当日剩余,6039.8719000000001,6184.6789499999995,6212.8258999999998,6393.4647000000004,-144.80704999999944,-180.63880000000063
2025-09-23,2025-09-23T00:00:00,0,2025-09-23T14:20:00,2025-09-23T14:30:00,87,当日剩余,6212.3599999999997,5774.5215833333332,6236.6000000000004,5854.0500000000002,437.8384166666665,382.5500000000002
2025-09-23,2025-09-23T00:00:00,0,2025-09-23T14:30:00,2025-09-23T14:40:00,88,当日剩余,6261.2286000000004,5364.3642166666668,6217.1274000000003,5393.4146000000001,896.8643833333335,823.7128000000002
2025-09-23,2025-09-23T00:00:00,0,2025-09-23T14:40:00,2025-09-23T14:50:00,89,当日剩余,6234.7934999999998,4954.2068500000005,6206.2875999999997,4990.8009000000002,1280.5866499999993,1215.4866999999995
2025-09-23,2025-09-23T00:00:00,0,2025-09-23T14:50:00,2025-09-23T15:00:00,90,当日剩余,6185.3199999999997,4544.0494833333332,6262.6800000000003,4761.6374999999998,1641.2705166666665,1501.0425000000005
2025-09-23,2025-09-23T00:00:00,0,2025-09-23T15:00:00,2025-09-23T15:10:00,91,当日剩余,6148.1900999999998,4244.3948083333325,6377.3851000000004,4842.0820000000003,1903.7952916666673,1535.3031
2025-09-23,2025-09-23T00:00:00,0,2025-09-23T15:10:00,2025-09-23T15:20:00,92,当日剩余,6373.9323999999997,4055.2428250000003,6461.0016999999998,4734.2965000000004,2318.6895749999994,1726.7051999999994
2025-09-23,2025-09-23T00:00:00,0,2025-09-23T15:20:00,2025-09-23T15:30:00,93,当日剩余,6665.7799999999997,3866.0908416666662,6382.4499999999998,4417.2375000000002,2799.6891583333336,1965.2124999999996
2025-09-23,2025-09-23T00:00:00,0,2025-09-23T15:30:00,2025-09-23T15:40:00,94,当日剩余,6522.3391000000001,3676.9388583333334,6120.1976000000004,4306.3540000000003,2845.4002416666667,1813.8436000000002
2025-09-23,2025-09-23T00:00:00,0,2025-09-23T15:40:00,2025-09-23T15:50:00,95,当日剩余,6227.3074999999999,3487.7868749999998,6153.6297000000004,4035.9346,2739.520625,2117.6951000000004
2025-09-23,2025-09-23T00:00:00,0,2025-09-23T15:50:00,2025-09-23T16:00:00,96,当日剩余,6173.3900000000003,3298.6348916666666,6505.1700000000001,3543.6750000000002,2874.7551083333337,2961.495
2025-09-23,2025-09-23T00:00:00,0,2025-09-23T16:00:00,2025-09-23T16:10:00,97,当日剩余,6477.1230999999998,3044.4031166666668,6704.9712,3168.3753000000002,3432.719983333333,3536.5959
2025-09-23,2025-09-23T00:00:00,0,2025-09-23T16:10:00,2025-09-23T16:20:00,98,当日剩余,6552.0794999999998,2725.0915500000001,6651.3841000000002,2836.5021999999999,3826.9879499999997,3814.8819000000003
2025-09-23,2025-09-23T00:00:00,0,2025-09-23T16:20:00,2025-09-23T16:30:00,99,当日剩余,6332.9399999999996,2405.7799833333329,6512.9499999999998,2503.5374999999999,3927.1600166666667,4009.4125
2025-09-23,2025-09-23T00:00:00,0,2025-09-23T16:30:00,2025-09-23T16:40:00,100,当日剩余,6320.4368999999997,2086.4684166666666,6516.7552999999998,2218.6700999999998,4233.968483333333,4298.0851999999995
2025-09-23,2025-09-23T00:00:00,0,2025-09-23T16:40:00,2025-09-23T16:50:00,101,当日剩余,6492.3208000000004,1767.1568499999998,6452.5285999999996,1863.5925,4725.16395,4588.9361
2025-09-23,2025-09-23T00:00:00,0,2025-09-23T16:50:00,2025-09-23T17:00:00,102,当日剩余,6599.8699999999999,1447.8452833333336,6349.71,1465.3875,5152.024716666667,4884.3225
2025-09-23,2025-09-23T00:00:00,0,2025-09-23T17:00:00,2025-09-23T17:10:00,103,当日剩余,6444.2200999999995,1180.840375,6441.2731000000003,1178.7511999999999,5263.379725,5262.521900000001
2025-09-23,2025-09-23T00:00:00,0,2025-09-23T17:10:00,2025-09-23T17:20:00,104,当日剩余,6365.2663000000002,966.14212499999996,6397.9350999999997,917.91539999999998,5399.124175,5480.0197
2025-09-23,2025-09-23T00:00:00,0,2025-09-23T17:20:00,2025-09-23T17:30:00,105,当日剩余,6543.0799999999999,751.44387499999982,6368.4899999999998,630.1875,5791.636125,5738.3025
2025-09-23,2025-09-23T00:00:00,0,2025-09-23T17:30:00,2025-09-23T17:40:00,106,当日剩余,6702.6310000000003,536.7456249999999,6667.634,356.45800000000003,6165.885375000001,6311.176
2025-09-23,2025-09-23T00:00:00,0,2025-09-23T17:40:00,2025-09-23T17:50:00,107,当日剩余,5992.5793999999996,322.04737499999999,5886.4358000000002,131.44390000000001,5670.5320249999995,5754.9919
2025-09-23,2025-09-23T00:00:00,0,2025-09-23T17:50:00,2025-09-23T18:00:00,108,当日剩余,4835.0799999999999,107.34912500000004,4515.8699999999999,0,4727.730875,4515.87
2025-09-23,2025-09-23T00:00:00,0,2025-09-23T18:00:00,2025-09-23T18:10:00,109,当日剩余,4585.0492000000004,0,4585.9790999999996,0,4585.0492,4585.9791
2025-09-23,2025-09-23T00:00:00,0,2025-09-23T18:10:00,2025-09-23T18:20:00,110,当日剩余,4700.0959999999995,0,4985.7870000000003,4.4234,4700.096,4981.363600000001
2025-09-23,2025-09-23T00:00:00,0,2025-09-23T18:20:00,2025-09-23T18:30:00,111,当日剩余,4806.54,0,5006.5,0,4806.54,5006.5
2025-09-23,2025-09-23T00:00:00,0,2025-09-23T18:30:00,2025-09-23T18:40:00,112,当日剩余,5029.1871000000001,0,5016.9579000000003,0,5029.1871,5016.9579
2025-09-23,2025-09-23T00:00:00,0,2025-09-23T18:40:00,2025-09-23T18:50:00,113,当日剩余,4889.8513999999996,0,4862.5057999999999,0.31759999999999999,4889.8514,4862.1882
2025-09-23,2025-09-23T00:00:00,0,2025-09-23T18:50:00,2025-09-23T19:00:00,114,当日剩余,4602.8000000000002,0,4664.5600000000004,0,4602.8,4664.56
2025-09-23,2025-09-23T00:00:00,0,2025-09-23T19:00:00,2025-09-23T19:10:00,115,当日剩余,4878.9151000000002,0,4794.5933000000005,0,4878.9151,4794.5933
2025-09-23,2025-09-23T00:00:00,0,2025-09-23T19:10:00,2025-09-23T19:20:00,116,当日剩余,5049.4296000000004,0,4953.598,0.022800000000000001,5049.4296,4953.5752
2025-09-23,2025-09-23T00:00:00,0,2025-09-23T19:20:00,2025-09-23T19:30:00,117,当日剩余,4902.1899999999996,0,4906.8999999999996,0,4902.19,4906.9
2025-09-23,2025-09-23T00:00:00,0,2025-09-23T19:30:00,2025-09-23T19:40:00,118,当日剩余,4891.8419000000004,0,4721.0181000000002,0,4891.8419,4721.0181
2025-09-23,2025-09-23T00:00:00,0,2025-09-23T19:40:00,2025-09-23T19:50:00,119,当日剩余,4903.2757000000001,0,4705.3149999999996,0.0016000000000000001,4903.2757,4705.3134
2025-09-23,2025-09-23T00:00:00,0,2025-09-23T19:50:00,2025-09-23T20:00:00,120,当日剩余,4818.6800000000003,0,4871.4700000000003,0,4818.68,4871.47
2025-09-23,2025-09-23T00:00:00,0,2025-09-23T20:00:00,2025-09-23T20:10:00,121,当日剩余,4696.7020000000002,0,4963.0686999999998,0,4696.702,4963.0687
2025-09-23,2025-09-23T00:00:00,0,2025-09-23T20:10:00,2025-09-23T20:20:00,122,当日剩余,4700.0445,0,5061.4062000000004,0,4700.0445,5061.4062
2025-09-23,2025-09-23T00:00:00,0,2025-09-23T20:20:00,2025-09-23T20:30:00,123,当日剩余,4852.2200000000003,0,5038.25,0,4852.22,5038.25
2025-09-23,2025-09-23T00:00:00,0,2025-09-23T20:30:00,2025-09-23T20:40:00,124,当日剩余,4995.9449999999997,0,4709.3716999999997,0,4995.945,4709.3717
2025-09-23,2025-09-23T00:00:00,0,2025-09-23T20:40:00,2025-09-23T20:50:00,125,当日剩余,4921.7776999999996,0,4809.9708000000001,0,4921.7777,4809.9708
2025-09-23,2025-09-23T00:00:00,0,2025-09-23T20:50:00,2025-09-23T21:00:00,126,当日剩余,4789.9399999999996,0,5215.3000000000002,0,4789.94,5215.3
2025-09-23,2025-09-23T00:00:00,0,2025-09-23T21:00:00,2025-09-23T21:10:00,127,当日剩余,4921.2572,0,5055.1463000000003,0,4921.2572,5055.1463
2025-09-23,2025-09-23T00:00:00,0,2025-09-23T21:10:00,2025-09-23T21:20:00,128,当日剩余,4795.1606000000002,0,4827.5711000000001,0,4795.1606,4827.5711
2025-09-23,2025-09-23T00:00:00,0,2025-09-23T21:20:00,2025-09-23T21:30:00,129,当日剩余,4582.3000000000002,0,4880.29,0,4582.3,4880.29
2025-09-23,2025-09-23T00:00:00,0,2025-09-23T21:30:00,2025-09-23T21:40:00,130,当日剩余,4908.0857999999998,0,4979.2147999999997,0,4908.0858,4979.2148
2025-09-23,2025-09-23T00:00:00,0,2025-09-23T21:40:00,2025-09-23T21:50:00,131,当日剩余,4661.9285,0,4609.1189999999997,0,4661.9285,4609.119
2025-09-23,2025-09-23T00:00:00,0,2025-09-23T21:50:00,2025-09-23T22:00:00,132,当日剩余,3835.6300000000001,0,3835.46,0,3835.63,3835.46
2025-09-23,2025-09-23T00:00:00,0,2025-09-23T22:00:00,2025-09-23T22:10:00,133,当日剩余,3598.3753000000002,0,3320.6493999999998,0,3598.3753,3320.6494
2025-09-23,2025-09-23T00:00:00,0,2025-09-23T22:10:00,2025-09-23T22:20:00,134,当日剩余,3658.3589000000002,0,3496.0713999999998,0,3658.3589,3496.0714
2025-09-23,2025-09-23T00:00:00,0,2025-09-23T22:20:00,2025-09-23T22:30:00,135,当日剩余,3679.4899999999998,0,3883.2399999999998,0,3679.49,3883.24
2025-09-23,2025-09-23T00:00:00,0,2025-09-23T22:30:00,2025-09-23T22:40:00,136,当日剩余,3675.7073,0,3580.1990999999998,0,3675.7073,3580.1991
2025-09-23,2025-09-23T00:00:00,0,2025-09-23T22:40:00,2025-09-23T22:50:00,137,当日剩余,3704.1898000000001,0,3332.1136999999999,0,3704.1898,3332.1137
2025-09-23,2025-09-23T00:00:00,0,2025-09-23T22:50:00,2025-09-23T23:00:00,138,当日剩余,3714.1300000000001,0,3416.0999999999999,0,3714.13,3416.1
2025-09-23,2025-09-23T00:00:00,0,2025-09-23T23:00:00,2025-09-23T23:10:00,139,当日剩余,3626.4468999999999,0,3387.9351999999999,0,3626.4469,3387.9352
2025-09-23,2025-09-23T00:00:00,0,2025-09-23T23:10:00,2025-09-23T23:20:00,140,当日剩余,3690.0841,0,3459.0093999999999,0,3690.0841,3459.0094
2025-09-23,2025-09-23T00:00:00,0,2025-09-23T23:20:00,2025-09-23T23:30:00,141,当日剩余,3800.23,0,3661.9499999999998,0,3800.23,3661.95
2025-09-23,2025-09-23T00:00:00,0,2025-09-23T23:30:00,2025-09-23T23:40:00,142,当日剩余,3632.9661000000001,0,3702.4038,0,3632.9661,3702.4038
2025-09-23,2025-09-23T00:00:00,0,2025-09-23T23:40:00,2025-09-23T23:50:00,143,当日剩余,3700.6194,0,3409.7885000000001,0,3700.6194,3409.7885
2025-09-23,2025-09-23T00:00:00,0,2025-09-23T23:50:00,2025-09-24T00:00:00,144,当日剩余,3923.3099999999999,0,3147.6100000000001,0,3923.31,3147.61
2025-09-23,2025-09-23T06:00:00,6,2025-09-23T06:00:00,2025-09-23T06:10:00,1,当日剩余,4773.4968073178088,125.76829999999998,4911.4157999999998,148.7833,4647.728507317809,4762.6325
2025-09-23,2025-09-23T06:00:00,6,2025-09-23T06:10:00,2025-09-23T06:20:00,2,当日剩余,4664.2619073178093,377.30489999999998,4831.9735000000001,376.01459999999997,4286.957007317809,4455.9589
2025-09-23,2025-09-23T06:00:00,6,2025-09-23T06:20:00,2025-09-23T06:30:00,3,当日剩余,4623.4572073178088,628.8415,4792.1999999999998,649.38750000000005,3994.6157073178088,4142.8125
2025-09-23,2025-09-23T06:00:00,6,2025-09-23T06:30:00,2025-09-23T06:40:00,4,当日剩余,4661.5861073178094,880.37810000000002,4757.3085000000001,973.80439999999999,3781.2080073178095,3783.5041
2025-09-23,2025-09-23T06:00:00,6,2025-09-23T06:40:00,2025-09-23T06:50:00,5,当日剩余,4674.6409073178093,1131.9146999999998,4755.1526000000003,1245.8597,3542.7262073178094,3509.2929000000004
2025-09-23,2025-09-23T06:00:00,6,2025-09-23T06:50:00,2025-09-23T07:00:00,6,当日剩余,4631.7472073178096,1383.4512999999999,4789.0500000000002,1511.7750000000001,3248.29590731781,3277.275
2025-09-23,2025-09-23T06:00:00,6,2025-09-23T07:00:00,2025-09-23T07:10:00,7,当日剩余,4614.311207317809,1697.7894333333334,4816.2820000000002,1907.9449999999999,2916.5217739844757,2908.3370000000004
2025-09-23,2025-09-23T06:00:00,6,2025-09-23T07:10:00,2025-09-23T07:20:00,8,当日剩余,4745.477107317809,2074.9290999999998,4786.2178999999996,2234.3678,2670.548007317809,2551.8500999999997
2025-09-23,2025-09-23T06:00:00,6,2025-09-23T07:20:00,2025-09-23T07:30:00,9,当日剩余,4851.2672073178092,2452.0687666666668,4660.5100000000002,2492.5875000000001,2399.1984406511424,2167.9225
2025-09-23,2025-09-23T06:00:00,6,2025-09-23T07:30:00,2025-09-23T07:40:00,10,当日剩余,4740.489707317809,2829.2084333333337,4606.8822,2894.0726,1911.2812739844753,1712.8096
2025-09-23,2025-09-23T06:00:00,6,2025-09-23T07:40:00,2025-09-23T07:50:00,11,当日剩余,5317.8478073178094,3206.3481000000002,5489.8416999999999,3343.4603999999999,2111.499707317809,2146.3813
2025-09-23,2025-09-23T06:00:00,6,2025-09-23T07:50:00,2025-09-23T08:00:00,12,当日剩余,6374.2772073178094,3583.4877666666666,6701.0600000000004,3753.1125000000002,2790.7894406511427,2947.9475
2025-09-23,2025-09-23T06:00:00,6,2025-09-23T08:00:00,2025-09-23T08:10:00,13,当日剩余,6690.7371073178092,3943.5184833333333,6664.9868999999999,4119.6248999999998,2747.218623984476,2545.362
2025-09-23,2025-09-23T06:00:00,6,2025-09-23T08:10:00,2025-09-23T08:20:00,14,当日剩余,6561.0151073178095,4286.4402499999997,6469.7028,4427.9049000000005,2274.57485731781,2041.7978999999996
2025-09-23,2025-09-23T06:00:00,6,2025-09-23T08:20:00,2025-09-23T08:30:00,15,当日剩余,6406.217207317809,4629.3620166666669,6635.9700000000003,4698.6374999999998,1776.855190651142,1937.3325000000004
2025-09-23,2025-09-23T06:00:00,6,2025-09-23T08:30:00,2025-09-23T08:40:00,16,当日剩余,6344.5914073178092,4972.2837833333333,6600.0815000000002,4997.0929999999998,1372.3076239844759,1602.9885000000004
2025-09-23,2025-09-23T06:00:00,6,2025-09-23T08:40:00,2025-09-23T08:50:00,17,当日剩余,6349.9053073178093,5315.2055500000006,6462.4233000000004,5400.3213999999998,1034.6997573178087,1062.1019000000006
2025-09-23,2025-09-23T06:00:00,6,2025-09-23T08:50:00,2025-09-23T09:00:00,18,当日剩余,6413.9172073178088,5658.127316666667,6427.5699999999997,5807.8500000000004,755.7898906511418,619.7199999999993
2025-09-23,2025-09-23T06:00:00,6,2025-09-23T09:00:00,2025-09-23T09:10:00,19,当日剩余,6531.7513073178088,5886.2220916666665,6551.7343000000001,6020.5510999999997,645.5292156511423,531.1832000000004
2025-09-23,2025-09-23T06:00:00,6,2025-09-23T09:10:00,2025-09-23T09:20:00,20,当日剩余,6515.5185073178091,5999.4898750000011,6611.8297000000002,6159.4673000000003,516.0286323178079,452.3624
2025-09-23,2025-09-23T06:00:00,6,2025-09-23T09:20:00,2025-09-23T09:30:00,21,当日剩余,6319.0572073178091,6112.7576583333339,6584.4200000000001,6306.2624999999998,206.29954898447522,278.15750000000025
2025-09-23,2025-09-23T06:00:00,6,2025-09-23T09:30:00,2025-09-23T09:40:00,22,当日剩余,6112.2745073178094,6226.0254416666667,6627.8892999999998,6423.4053000000004,-113.7509343488573,204.48399999999947
2025-09-23,2025-09-23T06:00:00,6,2025-09-23T09:40:00,2025-09-23T09:50:00,23,当日剩余,6161.2812073178093,6339.2932249999994,6567.1755999999996,6483.3050000000003,-178.01201768219016,83.87059999999929
2025-09-23,2025-09-23T06:00:00,6,2025-09-23T09:50:00,2025-09-23T10:00:00,24,当日剩余,6392.5472073178089,6452.561008333334,6455.96,6487.7624999999998,-60.01380101552513,-31.80249999999978
2025-09-23,2025-09-23T06:00:00,6,2025-09-23T10:00:00,2025-09-23T10:10:00,25,当日剩余,6468.7942073178092,6594.1990916666673,6527.0911999999998,6506.7574000000004,-125.4048843488581,20.333799999999428
2025-09-23,2025-09-23T06:00:00,6,2025-09-23T10:10:00,2025-09-23T10:20:00,26,当日剩余,6441.9889073178092,6764.2074750000002,6488.4498999999996,6763.9313000000002,-322.21856768219095,-275.4814000000006
2025-09-23,2025-09-23T06:00:00,6,2025-09-23T10:20:00,2025-09-23T10:30:00,27,当日剩余,6413.8572073178093,6934.215858333333,6336.1099999999997,7139.6999999999998,-520.3586510155237,-803.5900000000001
2025-09-23,2025-09-23T06:00:00,6,2025-09-23T10:30:00,2025-09-23T10:40:00,28,当日剩余,6413.1017073178091,7104.2242416666668,6376.9431999999997,7257.6774999999998,-691.1225343488577,-880.7343000000001
2025-09-23,2025-09-23T06:00:00,6,2025-09-23T10:40:00,2025-09-23T10:50:00,29,当日剩余,6386.429007317809,7274.2326250000006,6473.6947,7240.5730999999996,-887.8036176821915,-766.8783999999996
2025-09-23,2025-09-23T06:00:00,6,2025-09-23T10:50:00,2025-09-23T11:00:00,30,当日剩余,6351.3772073178088,7444.2410083333334,6470.5600000000004,7359.6750000000002,-1092.8638010155246,-889.1149999999998
2025-09-23,2025-09-23T06:00:00,6,2025-09-23T11:00:00,2025-09-23T11:10:00,31,当日剩余,6384.9168073178089,7635.4525666666668,6357.1346000000003,7784.7848999999997,-1250.535759348858,-1427.6502999999993
2025-09-23,2025-09-23T06:00:00,6,2025-09-23T11:10:00,2025-09-23T11:20:00,32,当日剩余,6439.0912073178088,7847.8672999999999,6310.6975000000002,8209.6885999999995,-1408.7760926821911,-1898.9910999999993
2025-09-23,2025-09-23T06:00:00,6,2025-09-23T11:20:00,2025-09-23T11:30:00,33,当日剩余,6442.8372073178089,8060.2820333333329,6431.5200000000004,8399.7374999999993,-1617.444826015524,-1968.2174999999988
2025-09-23,2025-09-23T06:00:00,6,2025-09-23T11:30:00,2025-09-23T11:40:00,34,当日剩余,6348.9469073178088,8272.696766666666,6604.0357000000004,8379.6790000000001,-1923.7498593488572,-1775.6432999999997
2025-09-23,2025-09-23T06:00:00,6,2025-09-23T11:40:00,2025-09-23T11:50:00,35,当日剩余,6169.7405073178088,8485.1114999999991,6371.5522000000001,8435.4109000000008,-2315.3709926821903,-2063.8587000000007
2025-09-23,2025-09-23T06:00:00,6,2025-09-23T11:50:00,2025-09-23T12:00:00,36,当日剩余,5945.8972073178093,8697.5262333333339,5893.6899999999996,8613.5625,-2751.6290260155247,-2719.8725000000004
2025-09-23,2025-09-23T06:00:00,6,2025-09-23T12:00:00,2025-09-23T12:10:00,37,当日剩余,5768.7500073178089,8731.9681833333325,5815.5592999999999,8690.3914999999997,-2963.2181760155236,-2874.8322
2025-09-23,2025-09-23T06:00:00,6,2025-09-23T12:10:00,2025-09-23T12:20:00,38,当日剩余,5860.2452073178092,8588.4373500000002,5929.8451999999997,8581.2693999999992,-2728.192142682191,-2651.4241999999995
2025-09-23,2025-09-23T06:00:00,6,2025-09-23T12:20:00,2025-09-23T12:30:00,39,当日剩余,6072.2872073178096,8444.906516666666,5958.4300000000003,8484.4874999999993,-2372.6193093488564,-2526.057499999999
2025-09-23,2025-09-23T06:00:00,6,2025-09-23T12:30:00,2025-09-23T12:40:00,40,当日剩余,6029.7565073178093,8301.3756833333337,5882.5546000000004,8645.3297000000002,-2271.6191760155243,-2762.7751
2025-09-23,2025-09-23T06:00:00,6,2025-09-23T12:40:00,2025-09-23T12:50:00,41,当日剩余,6041.6395073178091,8157.8448499999995,6091.5911999999998,8546.6640000000007,-2116.2053426821903,-2455.072800000001
2025-09-23,2025-09-23T06:00:00,6,2025-09-23T12:50:00,2025-09-23T13:00:00,42,当日剩余,6183.2972073178089,8014.3140166666662,6408.5299999999997,8135.1374999999998,-1831.0168093488574,-1726.6075
2025-09-23,2025-09-23T06:00:00,6,2025-09-23T13:00:00,2025-09-23T13:10:00,43,当日剩余,6179.1297073178093,7859.3759249999994,6253.4832999999999,7884.9488000000001,-1680.24621768219,-1631.4655000000002
2025-09-23,2025-09-23T06:00:00,6,2025-09-23T13:10:00,2025-09-23T13:20:00,44,当日剩余,5996.0569073178094,7693.0305749999998,6080.4251000000004,7754.0987999999998,-1696.9736676821904,-1673.6736999999994
2025-09-23,2025-09-23T06:00:00,6,2025-09-23T13:20:00,2025-09-23T13:30:00,45,当日剩余,5894.9772073178092,7526.6852249999993,6115.6300000000001,7607.2875000000004,-1631.70801768219,-1491.6575000000003
2025-09-23,2025-09-23T06:00:00,6,2025-09-23T13:30:00,2025-09-23T13:40:00,46,当日剩余,6161.6819073178094,7360.3398749999997,6161.9413999999997,7394.5585000000001,-1198.6579676821902,-1232.6171000000004
2025-09-23,2025-09-23T06:00:00,6,2025-09-23T13:40:00,2025-09-23T13:50:00,47,当日剩余,6289.3650073178096,7193.9945250000001,6291.8498,7228.1769000000004,-904.6295176821905,-936.3271000000004
2025-09-23,2025-09-23T06:00:00,6,2025-09-23T13:50:00,2025-09-23T14:00:00,48,当日剩余,6099.3772073178088,7027.6491749999996,6409.5299999999997,7094.9624999999996,-928.2719676821907,-685.4324999999999
2025-09-23,2025-09-23T06:00:00,6,2025-09-23T14:00:00,2025-09-23T14:10:00,49,当日剩余,5916.3732073178089,6748.2871166666655,6298.6605,6838.0168000000003,-831.9139093488566,-539.3563000000004
2025-09-23,2025-09-23T06:00:00,6,2025-09-23T14:10:00,2025-09-23T14:20:00,50,当日剩余,5951.5991073178093,6355.9083499999997,6212.8258999999998,6393.4647000000004,-404.3092426821904,-180.63880000000063
2025-09-23,2025-09-23T06:00:00,6,2025-09-23T14:20:00,2025-09-23T14:30:00,51,当日剩余,6124.0872073178089,5963.529583333333,6236.6000000000004,5854.0500000000002,160.55762398447587,382.5500000000002
2025-09-23,2025-09-23T06:00:00,6,2025-09-23T14:30:00,2025-09-23T14:40:00,52,当日剩余,6172.9558073178096,5571.1508166666663,6217.1274000000003,5393.4146000000001,601.8049906511433,823.7128000000002
2025-09-23,2025-09-23T06:00:00,6,2025-09-23T14:40:00,2025-09-23T14:50:00,53,当日剩余,6146.520707317809,5178.7720500000005,6206.2875999999997,4990.8009000000002,967.7486573178085,1215.4866999999995
2025-09-23,2025-09-23T06:00:00,6,2025-09-23T14:50:00,2025-09-23T15:00:00,54,当日剩余,6097.0472073178089,4786.3932833333329,6262.6800000000003,4761.6374999999998,1310.653923984476,1501.0425000000005
2025-09-23,2025-09-23T06:00:00,6,2025-09-23T15:00:00,2025-09-23T15:10:00,55,当日剩余,6059.917307317809,4484.2059416666661,6377.3851000000004,4842.0820000000003,1575.7113656511428,1535.3031
2025-09-23,2025-09-23T06:00:00,6,2025-09-23T15:10:00,2025-09-23T15:20:00,56,当日剩余,6285.6596073178089,4272.2100250000003,6461.0016999999998,4734.2965000000004,2013.4495823178086,1726.7051999999994
2025-09-23,2025-09-23T06:00:00,6,2025-09-23T15:20:00,2025-09-23T15:30:00,57,当日剩余,6577.5072073178089,4060.2141083333336,6382.4499999999998,4417.2375000000002,2517.2930989844754,1965.2124999999996
2025-09-23,2025-09-23T06:00:00,6,2025-09-23T15:30:00,2025-09-23T15:40:00,58,当日剩余,6434.0663073178093,3848.2181916666668,6120.1976000000004,4306.3540000000003,2585.8481156511425,1813.8436000000002
2025-09-23,2025-09-23T06:00:00,6,2025-09-23T15:40:00,2025-09-23T15:50:00,59,当日剩余,6139.0347073178091,3636.2222750000001,6153.6297000000004,4035.9346,2502.812432317809,2117.6951000000004
2025-09-23,2025-09-23T06:00:00,6,2025-09-23T15:50:00,2025-09-23T16:00:00,60,当日剩余,6085.1172073178095,3424.2263583333333,6505.1700000000001,3543.6750000000002,2660.890848984476,2961.495
2025-09-23,2025-09-23T06:00:00,6,2025-09-23T16:00:00,2025-09-23T16:10:00,61,当日剩余,6388.850307317809,3158.2171833333332,6704.9712,3168.3753000000002,3230.633123984476,3536.5959
2025-09-23,2025-09-23T06:00:00,6,2025-09-23T16:10:00,2025-09-23T16:20:00,62,当日剩余,6463.806707317809,2838.1947500000001,6651.3841000000002,2836.5021999999999,3625.611957317809,3814.8819000000003
2025-09-23,2025-09-23T06:00:00,6,2025-09-23T16:20:00,2025-09-23T16:30:00,63,当日剩余,6244.6672073178088,2518.1723166666666,6512.9499999999998,2503.5374999999999,3726.494890651142,4009.4125
2025-09-23,2025-09-23T06:00:00,6,2025-09-23T16:30:00,2025-09-23T16:40:00,64,当日剩余,6232.1641073178089,2198.1498833333335,6516.7552999999998,2218.6700999999998,4034.0142239844754,4298.0851999999995
2025-09-23,2025-09-23T06:00:00,6,2025-09-23T16:40:00,2025-09-23T16:50:00,65,当日剩余,6404.0480073178096,1878.12745,6452.5285999999996,1863.5925,4525.92055731781,4588.9361
2025-09-23,2025-09-23T06:00:00,6,2025-09-23T16:50:00,2025-09-23T17:00:00,66,当日剩余,6511.5972073178091,1558.1050166666669,6349.71,1465.3875,4953.492190651143,4884.3225
2025-09-23,2025-09-23T06:00:00,6,2025-09-23T17:00:00,2025-09-23T17:10:00,67,当日剩余,6355.9473073178087,1281.5859833333334,6441.2731000000003,1178.7511999999999,5074.361323984475,5262.521900000001
2025-09-23,2025-09-23T06:00:00,6,2025-09-23T17:10:00,2025-09-23T17:20:00,68,当日剩余,6276.9935073178094,1048.57035,6397.9350999999997,917.91539999999998,5228.4231573178095,5480.0197
2025-09-23,2025-09-23T06:00:00,6,2025-09-23T17:20:00,2025-09-23T17:30:00,69,当日剩余,6454.8072073178091,815.55471666666665,6368.4899999999998,630.1875,5639.252490651143,5738.3025
2025-09-23,2025-09-23T06:00:00,6,2025-09-23T17:30:00,2025-09-23T17:40:00,70,当日剩余,6614.3582073178095,582.53908333333334,6667.634,356.45800000000003,6031.819123984476,6311.176
2025-09-23,2025-09-23T06:00:00,6,2025-09-23T17:40:00,2025-09-23T17:50:00,71,当日剩余,5904.3066073178088,349.52345000000003,5886.4358000000002,131.44390000000001,5554.783157317809,5754.9919
2025-09-23,2025-09-23T06:00:00,6,2025-09-23T17:50:00,2025-09-23T18:00:00,72,当日剩余,4746.8072073178091,116.50781666666673,4515.8699999999999,0,4630.299390651142,4515.87
2025-09-23,2025-09-23T06:00:00,6,2025-09-23T18:00:00,2025-09-23T18:10:00,73,当日剩余,4496.7764073178096,0,4585.9790999999996,0,4496.77640731781,4585.9791
2025-09-23,2025-09-23T06:00:00,6,2025-09-23T18:10:00,2025-09-23T18:20:00,74,当日剩余,4611.8232073178087,0,4985.7870000000003,4.4234,4611.823207317809,4981.363600000001
2025-09-23,2025-09-23T06:00:00,6,2025-09-23T18:20:00,2025-09-23T18:30:00,75,当日剩余,4718.2672073178092,0,5006.5,0,4718.267207317809,5006.5
2025-09-23,2025-09-23T06:00:00,6,2025-09-23T18:30:00,2025-09-23T18:40:00,76,当日剩余,4940.9143073178093,0,5016.9579000000003,0,4940.914307317809,5016.9579
2025-09-23,2025-09-23T06:00:00,6,2025-09-23T18:40:00,2025-09-23T18:50:00,77,当日剩余,4801.5786073178087,0,4862.5057999999999,0.31759999999999999,4801.578607317809,4862.1882
2025-09-23,2025-09-23T06:00:00,6,2025-09-23T18:50:00,2025-09-23T19:00:00,78,当日剩余,4514.5272073178094,0,4664.5600000000004,0,4514.527207317809,4664.56
2025-09-23,2025-09-23T06:00:00,6,2025-09-23T19:00:00,2025-09-23T19:10:00,79,当日剩余,4790.6423073178094,0,4794.5933000000005,0,4790.642307317809,4794.5933
2025-09-23,2025-09-23T06:00:00,6,2025-09-23T19:10:00,2025-09-23T19:20:00,80,当日剩余,4961.1568073178096,0,4953.598,0.022800000000000001,4961.15680731781,4953.5752
2025-09-23,2025-09-23T06:00:00,6,2025-09-23T19:20:00,2025-09-23T19:30:00,81,当日剩余,4813.9172073178088,0,4906.8999999999996,0,4813.917207317809,4906.9
2025-09-23,2025-09-23T06:00:00,6,2025-09-23T19:30:00,2025-09-23T19:40:00,82,当日剩余,4803.5691073178095,0,4721.0181000000002,0,4803.5691073178095,4721.0181
2025-09-23,2025-09-23T06:00:00,6,2025-09-23T19:40:00,2025-09-23T19:50:00,83,当日剩余,4815.0029073178093,0,4705.3149999999996,0.0016000000000000001,4815.002907317809,4705.3134
2025-09-23,2025-09-23T06:00:00,6,2025-09-23T19:50:00,2025-09-23T20:00:00,84,当日剩余,4730.4072073178095,0,4871.4700000000003,0,4730.4072073178095,4871.47
2025-09-23,2025-09-23T06:00:00,6,2025-09-23T20:00:00,2025-09-23T20:10:00,85,当日剩余,4608.4292073178094,0,4963.0686999999998,0,4608.429207317809,4963.0687
2025-09-23,2025-09-23T06:00:00,6,2025-09-23T20:10:00,2025-09-23T20:20:00,86,当日剩余,4611.7717073178092,0,5061.4062000000004,0,4611.771707317809,5061.4062
2025-09-23,2025-09-23T06:00:00,6,2025-09-23T20:20:00,2025-09-23T20:30:00,87,当日剩余,4763.9472073178094,0,5038.25,0,4763.947207317809,5038.25
2025-09-23,2025-09-23T06:00:00,6,2025-09-23T20:30:00,2025-09-23T20:40:00,88,当日剩余,4907.6722073178089,0,4709.3716999999997,0,4907.672207317809,4709.3717
2025-09-23,2025-09-23T06:00:00,6,2025-09-23T20:40:00,2025-09-23T20:50:00,89,当日剩余,4833.5049073178088,0,4809.9708000000001,0,4833.504907317809,4809.9708
2025-09-23,2025-09-23T06:00:00,6,2025-09-23T20:50:00,2025-09-23T21:00:00,90,当日剩余,4701.6672073178088,0,5215.3000000000002,0,4701.667207317809,5215.3
2025-09-23,2025-09-23T06:00:00,6,2025-09-23T21:00:00,2025-09-23T21:10:00,91,当日剩余,4832.9844073178092,0,5055.1463000000003,0,4832.984407317809,5055.1463
2025-09-23,2025-09-23T06:00:00,6,2025-09-23T21:10:00,2025-09-23T21:20:00,92,当日剩余,4706.8878073178093,0,4827.5711000000001,0,4706.887807317809,4827.5711
2025-09-23,2025-09-23T06:00:00,6,2025-09-23T21:20:00,2025-09-23T21:30:00,93,当日剩余,4494.0272073178094,0,4880.29,0,4494.027207317809,4880.29
2025-09-23,2025-09-23T06:00:00,6,2025-09-23T21:30:00,2025-09-23T21:40:00,94,当日剩余,4819.813007317809,0,4979.2147999999997,0,4819.813007317809,4979.2148
2025-09-23,2025-09-23T06:00:00,6,2025-09-23T21:40:00,2025-09-23T21:50:00,95,当日剩余,4573.6557073178092,0,4609.1189999999997,0,4573.655707317809,4609.119
2025-09-23,2025-09-23T06:00:00,6,2025-09-23T21:50:00,2025-09-23T22:00:00,96,当日剩余,3747.3572073178088,0,3835.46,0,3747.357207317809,3835.46
2025-09-23,2025-09-23T06:00:00,6,2025-09-23T22:00:00,2025-09-23T22:10:00,97,当日剩余,3510.1025073178089,0,3320.6493999999998,0,3510.102507317809,3320.6494
2025-09-23,2025-09-23T06:00:00,6,2025-09-23T22:10:00,2025-09-23T22:20:00,98,当日剩余,3570.0861073178089,0,3496.0713999999998,0,3570.086107317809,3496.0714
2025-09-23,2025-09-23T06:00:00,6,2025-09-23T22:20:00,2025-09-23T22:30:00,99,当日剩余,3591.2172073178085,0,3883.2399999999998,0,3591.2172073178085,3883.24
2025-09-23,2025-09-23T06:00:00,6,2025-09-23T22:30:00,2025-09-23T22:40:00,100,当日剩余,3587.4345073178088,0,3580.1990999999998,0,3587.4345073178088,3580.1991
2025-09-23,2025-09-23T06:00:00,6,2025-09-23T22:40:00,2025-09-23T22:50:00,101,当日剩余,3615.9170073178088,0,3332.1136999999999,0,3615.917007317809,3332.1137
2025-09-23,2025-09-23T06:00:00,6,2025-09-23T22:50:00,2025-09-23T23:00:00,102,当日剩余,3625.8572073178088,0,3416.0999999999999,0,3625.857207317809,3416.1
2025-09-23,2025-09-23T06:00:00,6,2025-09-23T23:00:00,2025-09-23T23:10:00,103,当日剩余,3538.1741073178086,0,3387.9351999999999,0,3538.1741073178086,3387.9352
2025-09-23,2025-09-23T06:00:00,6,2025-09-23T23:10:00,2025-09-23T23:20:00,104,当日剩余,3601.8113073178088,0,3459.0093999999999,0,3601.8113073178088,3459.0094
2025-09-23,2025-09-23T06:00:00,6,2025-09-23T23:20:00,2025-09-23T23:30:00,105,当日剩余,3711.9572073178088,0,3661.9499999999998,0,3711.9572073178088,3661.95
2025-09-23,2025-09-23T06:00:00,6,2025-09-23T23:30:00,2025-09-23T23:40:00,106,当日剩余,3544.6933073178088,0,3702.4038,0,3544.693307317809,3702.4038
2025-09-23,2025-09-23T06:00:00,6,2025-09-23T23:40:00,2025-09-23T23:50:00,107,当日剩余,3612.3466073178088,0,3409.7885000000001,0,3612.346607317809,3409.7885
2025-09-23,2025-09-23T06:00:00,6,2025-09-23T23:50:00,2025-09-24T00:00:00,108,当日剩余,3835.0372073178087,0,3147.6100000000001,0,3835.0372073178087,3147.61
2025-09-23,2025-09-23T06:00:00,6,2025-09-24T00:00:00,2025-09-24T00:10:00,109,次日延续,3707.9524999999999,0,3465.0342000000001,0,3707.9525,3465.0342
2025-09-23,2025-09-23T06:00:00,6,2025-09-24T00:10:00,2025-09-24T00:20:00,110,次日延续,3598.7505999999998,0,3687.7365,0,3598.7506,3687.7365
2025-09-23,2025-09-23T06:00:00,6,2025-09-24T00:20:00,2025-09-24T00:30:00,111,次日延续,3655.71,0,3534.3400000000001,0,3655.71,3534.34
2025-09-23,2025-09-23T06:00:00,6,2025-09-24T00:30:00,2025-09-24T00:40:00,112,次日延续,3419.8330000000001,0,3383.0924,0,3419.833,3383.0924
2025-09-23,2025-09-23T06:00:00,6,2025-09-24T00:40:00,2025-09-24T00:50:00,113,次日延续,3431.4069,0,3422.7579999999998,0,3431.4069,3422.758
2025-09-23,2025-09-23T06:00:00,6,2025-09-24T00:50:00,2025-09-24T01:00:00,114,次日延续,3710.73,0,3542.3600000000001,0,3710.73,3542.36
2025-09-23,2025-09-23T06:00:00,6,2025-09-24T01:00:00,2025-09-24T01:10:00,115,次日延续,3694.7894000000001,0,3504.663,0,3694.7894,3504.663
2025-09-23,2025-09-23T06:00:00,6,2025-09-24T01:10:00,2025-09-24T01:20:00,116,次日延续,3589.2707999999998,0,3532.7847999999999,0,3589.2708,3532.7848
2025-09-23,2025-09-23T06:00:00,6,2025-09-24T01:20:00,2025-09-24T01:30:00,117,次日延续,3539.77,0,3668.8099999999999,0,3539.77,3668.81
2025-09-23,2025-09-23T06:00:00,6,2025-09-24T01:30:00,2025-09-24T01:40:00,118,次日延续,3456.4648000000002,0,3688.6729,0,3456.4648,3688.6729
2025-09-23,2025-09-23T06:00:00,6,2025-09-24T01:40:00,2025-09-24T01:50:00,119,次日延续,3354.4113000000002,0,3511.4983999999999,0,3354.4113,3511.4984
2025-09-23,2025-09-23T06:00:00,6,2025-09-24T01:50:00,2025-09-24T02:00:00,120,次日延续,3352.29,0,3381.1300000000001,0,3352.29,3381.13
2025-09-23,2025-09-23T06:00:00,6,2025-09-24T02:00:00,2025-09-24T02:10:00,121,次日延续,3534.2712000000001,0,3626.5255999999999,0,3534.2712,3626.5256
2025-09-23,2025-09-23T06:00:00,6,2025-09-24T02:10:00,2025-09-24T02:20:00,122,次日延续,3568.3627999999999,0,3793.9850999999999,0,3568.3628,3793.9851
2025-09-23,2025-09-23T06:00:00,6,2025-09-24T02:20:00,2025-09-24T02:30:00,123,次日延续,3473.4000000000001,0,3673.0799999999999,0,3473.4,3673.08
2025-09-23,2025-09-23T06:00:00,6,2025-09-24T02:30:00,2025-09-24T02:40:00,124,次日延续,3576.5868999999998,0,3500.9032000000002,0,3576.5869,3500.9032
2025-09-23,2025-09-23T06:00:00,6,2025-09-24T02:40:00,2025-09-24T02:50:00,125,次日延续,3629.2082,0,3523.4928,0,3629.2082,3523.4928
2025-09-23,2025-09-23T06:00:00,6,2025-09-24T02:50:00,2025-09-24T03:00:00,126,次日延续,3537.3800000000001,0,3692.1999999999998,0,3537.38,3692.2
2025-09-23,2025-09-23T06:00:00,6,2025-09-24T03:00:00,2025-09-24T03:10:00,127,次日延续,3493.2604000000001,0,3740.5039000000002,0,3493.2604,3740.5039
2025-09-23,2025-09-23T06:00:00,6,2025-09-24T03:10:00,2025-09-24T03:20:00,128,次日延续,3607.5405000000001,0,3700.5617999999999,0,3607.5405,3700.5618
2025-09-23,2025-09-23T06:00:00,6,2025-09-24T03:20:00,2025-09-24T03:30:00,129,次日延续,3731.48,0,3725.8099999999999,0,3731.48,3725.81
2025-09-23,2025-09-23T06:00:00,6,2025-09-24T03:30:00,2025-09-24T03:40:00,130,次日延续,3619.9137999999998,0,3881.9371000000001,0,3619.9138,3881.9371
2025-09-23,2025-09-23T06:00:00,6,2025-09-24T03:40:00,2025-09-24T03:50:00,131,次日延续,3567.5711999999999,0,3740.7375000000002,0,3567.5712,3740.7375
2025-09-23,2025-09-23T06:00:00,6,2025-09-24T03:50:00,2025-09-24T04:00:00,132,次日延续,3612.9499999999998,0,3448.3899999999999,0,3612.95,3448.39
2025-09-23,2025-09-23T06:00:00,6,2025-09-24T04:00:00,2025-09-24T04:10:00,133,次日延续,3516.2157999999999,0,3585.8674000000001,0.0018,3516.2158,3585.8656
2025-09-23,2025-09-23T06:00:00,6,2025-09-24T04:10:00,2025-09-24T04:20:00,134,次日延续,3486.4493000000002,0,3704.3636000000001,0,3486.4493,3704.3636
2025-09-23,2025-09-23T06:00:00,6,2025-09-24T04:20:00,2025-09-24T04:30:00,135,次日延续,3554.9699999999998,0,3644.6500000000001,0,3554.97,3644.65
2025-09-23,2025-09-23T06:00:00,6,2025-09-24T04:30:00,2025-09-24T04:40:00,136,次日延续,3543.5149999999999,0,3701.2215999999999,0.0246,3543.515,3701.1969999999997
2025-09-23,2025-09-23T06:00:00,6,2025-09-24T04:40:00,2025-09-24T04:50:00,137,次日延续,3599.7330999999999,0,3769.1907000000001,0,3599.7331,3769.1907
2025-09-23,2025-09-23T06:00:00,6,2025-09-24T04:50:00,2025-09-24T05:00:00,138,次日延续,3659.5999999999999,0,3740.2800000000002,0,3659.6,3740.28
2025-09-23,2025-09-23T06:00:00,6,2025-09-24T05:00:00,2025-09-24T05:10:00,139,次日延续,3531.8577,0,3663.2644,0.34239999999999998,3531.8577,3662.922
2025-09-23,2025-09-23T06:00:00,6,2025-09-24T05:10:00,2025-09-24T05:20:00,140,次日延续,3665.9539,0,3781.9596999999999,0,3665.9539,3781.9597
2025-09-23,2025-09-23T06:00:00,6,2025-09-24T05:20:00,2025-09-24T05:30:00,141,次日延续,3857.9499999999998,0,3865.3899999999999,0,3857.95,3865.39
2025-09-23,2025-09-23T06:00:00,6,2025-09-24T05:30:00,2025-09-24T05:40:00,142,次日延续,3568.5138000000002,0,3536.4416999999999,4.7689000000000004,3568.5138,3531.6728
2025-09-23,2025-09-23T06:00:00,6,2025-09-24T05:40:00,2025-09-24T05:50:00,143,次日延续,4092.1151,0,3855.9989999999998,0,4092.1151,3855.999
2025-09-23,2025-09-23T06:00:00,6,2025-09-24T05:50:00,2025-09-24T06:00:00,144,次日延续,5099.8500000000004,0,4722.4899999999998,0,5099.85,4722.49
2025-09-23,2025-09-23T12:00:00,12,2025-09-23T12:00:00,2025-09-23T12:10:00,1,当日剩余,5770.1923671502973,8578.853591666666,5815.5592999999999,8690.3914999999997,-2808.6612245163687,-2874.8322
2025-09-23,2025-09-23T12:00:00,12,2025-09-23T12:10:00,2025-09-23T12:20:00,2,当日剩余,5861.6875671502976,8509.4357749999999,5929.8451999999997,8581.2693999999992,-2647.7482078497023,-2651.4241999999995
2025-09-23,2025-09-23T12:00:00,12,2025-09-23T12:20:00,2025-09-23T12:30:00,3,当日剩余,6073.729567150298,8440.017958333332,5958.4300000000003,8484.4874999999993,-2366.288391183034,-2526.057499999999
2025-09-23,2025-09-23T12:00:00,12,2025-09-23T12:30:00,2025-09-23T12:40:00,4,当日剩余,6031.1988671502977,8370.6001416666659,5882.5546000000004,8645.3297000000002,-2339.401274516368,-2762.7751
2025-09-23,2025-09-23T12:00:00,12,2025-09-23T12:40:00,2025-09-23T12:50:00,5,当日剩余,6043.0818671502975,8301.1823249999998,6091.5911999999998,8546.6640000000007,-2258.1004578497023,-2455.072800000001
2025-09-23,2025-09-23T12:00:00,12,2025-09-23T12:50:00,2025-09-23T13:00:00,6,当日剩余,6184.7395671502973,8231.7645083333337,6408.5299999999997,8135.1374999999998,-2047.0249411830364,-1726.6075
2025-09-23,2025-09-23T12:00:00,12,2025-09-23T13:00:00,2025-09-23T13:10:00,7,当日剩余,6180.5720671502977,8112.4786499999991,6253.4832999999999,7884.9488000000001,-1931.9065828497014,-1631.4655000000002
2025-09-23,2025-09-23T12:00:00,12,2025-09-23T13:10:00,2025-09-23T13:20:00,8,当日剩余,5997.4992671502978,7943.3247499999998,6080.4251000000004,7754.0987999999998,-1945.825482849702,-1673.6736999999994
2025-09-23,2025-09-23T12:00:00,12,2025-09-23T13:20:00,2025-09-23T13:30:00,9,当日剩余,5896.4195671502976,7774.1708499999995,6115.6300000000001,7607.2875000000004,-1877.751282849702,-1491.6575000000003
2025-09-23,2025-09-23T12:00:00,12,2025-09-23T13:30:00,2025-09-23T13:40:00,10,当日剩余,6163.1242671502978,7605.0169500000002,6161.9413999999997,7394.5585000000001,-1441.8926828497024,-1232.6171000000004
2025-09-23,2025-09-23T12:00:00,12,2025-09-23T13:40:00,2025-09-23T13:50:00,11,当日剩余,6290.807367150298,7435.8630499999999,6291.8498,7228.1769000000004,-1145.055682849702,-936.3271000000004
2025-09-23,2025-09-23T12:00:00,12,2025-09-23T13:50:00,2025-09-23T14:00:00,12,当日剩余,6100.8195671502972,7266.7091499999997,6409.5299999999997,7094.9624999999996,-1165.8895828497025,-685.4324999999999
2025-09-23,2025-09-23T12:00:00,12,2025-09-23T14:00:00,2025-09-23T14:10:00,13,当日剩余,5917.8155671502973,6982.888899999999,6298.6605,6838.0168000000003,-1065.0733328497017,-539.3563000000004
2025-09-23,2025-09-23T12:00:00,12,2025-09-23T14:10:00,2025-09-23T14:20:00,14,当日剩余,5953.0414671502976,6584.4022999999997,6212.8258999999998,6393.4647000000004,-631.3608328497021,-180.63880000000063
2025-09-23,2025-09-23T12:00:00,12,2025-09-23T14:20:00,2025-09-23T14:30:00,15,当日剩余,6125.5295671502972,6185.9156999999996,6236.6000000000004,5854.0500000000002,-60.386132849702335,382.5500000000002
2025-09-23,2025-09-23T12:00:00,12,2025-09-23T14:30:00,2025-09-23T14:40:00,16,当日剩余,6174.3981671502979,5787.4290999999994,6217.1274000000003,5393.4146000000001,386.96906715029854,823.7128000000002
2025-09-23,2025-09-23T12:00:00,12,2025-09-23T14:40:00,2025-09-23T14:50:00,17,当日剩余,6147.9630671502973,5388.9425000000001,6206.2875999999997,4990.8009000000002,759.0205671502972,1215.4866999999995
2025-09-23,2025-09-23T12:00:00,12,2025-09-23T14:50:00,2025-09-23T15:00:00,18,当日剩余,6098.4895671502973,4990.4558999999999,6262.6800000000003,4761.6374999999998,1108.0336671502973,1501.0425000000005
2025-09-23,2025-09-23T12:00:00,12,2025-09-23T15:00:00,2025-09-23T15:10:00,19,当日剩余,6061.3596671502974,4690.7390749999995,6377.3851000000004,4842.0820000000003,1370.6205921502979,1535.3031
2025-09-23,2025-09-23T12:00:00,12,2025-09-23T15:10:00,2025-09-23T15:20:00,20,当日剩余,6287.1019671502972,4489.7920249999997,6461.0016999999998,4734.2965000000004,1797.3099421502975,1726.7051999999994
2025-09-23,2025-09-23T12:00:00,12,2025-09-23T15:20:00,2025-09-23T15:30:00,21,当日剩余,6578.9495671502973,4288.844975,6382.4499999999998,4417.2375000000002,2290.1045921502973,1965.2124999999996
2025-09-23,2025-09-23T12:00:00,12,2025-09-23T15:30:00,2025-09-23T15:40:00,22,当日剩余,6435.5086671502977,4087.8979249999998,6120.1976000000004,4306.3540000000003,2347.610742150298,1813.8436000000002
2025-09-23,2025-09-23T12:00:00,12,2025-09-23T15:40:00,2025-09-23T15:50:00,23,当日剩余,6140.4770671502974,3886.9508749999995,6153.6297000000004,4035.9346,2253.526192150298,2117.6951000000004
2025-09-23,2025-09-23T12:00:00,12,2025-09-23T15:50:00,2025-09-23T16:00:00,24,当日剩余,6086.5595671502979,3686.0038249999998,6505.1700000000001,3543.6750000000002,2400.555742150298,2961.495
2025-09-23,2025-09-23T12:00:00,12,2025-09-23T16:00:00,2025-09-23T16:10:00,25,当日剩余,6390.2926671502973,3406.8803249999996,6704.9712,3168.3753000000002,2983.4123421502977,3536.5959
2025-09-23,2025-09-23T12:00:00,12,2025-09-23T16:10:00,2025-09-23T16:20:00,26,当日剩余,6465.2490671502974,3049.580375,6651.3841000000002,2836.5021999999999,3415.6686921502974,3814.8819000000003
2025-09-23,2025-09-23T12:00:00,12,2025-09-23T16:20:00,2025-09-23T16:30:00,27,当日剩余,6246.1095671502972,2692.2804249999995,6512.9499999999998,2503.5374999999999,3553.8291421502977,4009.4125
2025-09-23,2025-09-23T12:00:00,12,2025-09-23T16:30:00,2025-09-23T16:40:00,28,当日剩余,6233.6064671502972,2334.9804749999998,6516.7552999999998,2218.6700999999998,3898.6259921502974,4298.0851999999995
2025-09-23,2025-09-23T12:00:00,12,2025-09-23T16:40:00,2025-09-23T16:50:00,29,当日剩余,6405.490367150298,1977.6805250000002,6452.5285999999996,1863.5925,4427.809842150298,4588.9361
2025-09-23,2025-09-23T12:00:00,12,2025-09-23T16:50:00,2025-09-23T17:00:00,30,当日剩余,6513.0395671502974,1620.3805750000001,6349.71,1465.3875,4892.658992150297,4884.3225
2025-09-23,2025-09-23T12:00:00,12,2025-09-23T17:00:00,2025-09-23T17:10:00,31,当日剩余,6357.3896671502971,1321.5863833333333,6441.2731000000003,1178.7511999999999,5035.803283816964,5262.521900000001
2025-09-23,2025-09-23T12:00:00,12,2025-09-23T17:10:00,2025-09-23T17:20:00,32,当日剩余,6278.4358671502978,1081.2979500000001,6397.9350999999997,917.91539999999998,5197.137917150298,5480.0197
2025-09-23,2025-09-23T12:00:00,12,2025-09-23T17:20:00,2025-09-23T17:30:00,33,当日剩余,6456.2495671502975,841.00951666666663,6368.4899999999998,630.1875,5615.2400504836305,5738.3025
2025-09-23,2025-09-23T12:00:00,12,2025-09-23T17:30:00,2025-09-23T17:40:00,34,当日剩余,6615.8005671502979,600.72108333333335,6667.634,356.45800000000003,6015.079483816964,6311.176
2025-09-23,2025-09-23T12:00:00,12,2025-09-23T17:40:00,2025-09-23T17:50:00,35,当日剩余,5905.7489671502972,360.43265000000002,5886.4358000000002,131.44390000000001,5545.316317150297,5754.9919
2025-09-23,2025-09-23T12:00:00,12,2025-09-23T17:50:00,2025-09-23T18:00:00,36,当日剩余,4748.2495671502975,120.14421666666672,4515.8699999999999,0,4628.105350483631,4515.87
2025-09-23,2025-09-23T12:00:00,12,2025-09-23T18:00:00,2025-09-23T18:10:00,37,当日剩余,4498.2187671502979,0,4585.9790999999996,0,4498.218767150298,4585.9791
2025-09-23,2025-09-23T12:00:00,12,2025-09-23T18:10:00,2025-09-23T18:20:00,38,当日剩余,4613.2655671502971,0,4985.7870000000003,4.4234,4613.265567150297,4981.363600000001
2025-09-23,2025-09-23T12:00:00,12,2025-09-23T18:20:00,2025-09-23T18:30:00,39,当日剩余,4719.7095671502975,0,5006.5,0,4719.7095671502975,5006.5
2025-09-23,2025-09-23T12:00:00,12,2025-09-23T18:30:00,2025-09-23T18:40:00,40,当日剩余,4942.3566671502977,0,5016.9579000000003,0,4942.356667150298,5016.9579
2025-09-23,2025-09-23T12:00:00,12,2025-09-23T18:40:00,2025-09-23T18:50:00,41,当日剩余,4803.0209671502971,0,4862.5057999999999,0.31759999999999999,4803.020967150297,4862.1882
2025-09-23,2025-09-23T12:00:00,12,2025-09-23T18:50:00,2025-09-23T19:00:00,42,当日剩余,4515.9695671502977,0,4664.5600000000004,0,4515.969567150298,4664.56
2025-09-23,2025-09-23T12:00:00,12,2025-09-23T19:00:00,2025-09-23T19:10:00,43,当日剩余,4792.0846671502977,0,4794.5933000000005,0,4792.084667150298,4794.5933
2025-09-23,2025-09-23T12:00:00,12,2025-09-23T19:10:00,2025-09-23T19:20:00,44,当日剩余,4962.5991671502979,0,4953.598,0.022800000000000001,4962.599167150298,4953.5752
2025-09-23,2025-09-23T12:00:00,12,2025-09-23T19:20:00,2025-09-23T19:30:00,45,当日剩余,4815.3595671502972,0,4906.8999999999996,0,4815.359567150297,4906.9
2025-09-23,2025-09-23T12:00:00,12,2025-09-23T19:30:00,2025-09-23T19:40:00,46,当日剩余,4805.0114671502979,0,4721.0181000000002,0,4805.011467150298,4721.0181
2025-09-23,2025-09-23T12:00:00,12,2025-09-23T19:40:00,2025-09-23T19:50:00,47,当日剩余,4816.4452671502977,0,4705.3149999999996,0.0016000000000000001,4816.445267150298,4705.3134
2025-09-23,2025-09-23T12:00:00,12,2025-09-23T19:50:00,2025-09-23T20:00:00,48,当日剩余,4731.8495671502978,0,4871.4700000000003,0,4731.849567150298,4871.47
2025-09-23,2025-09-23T12:00:00,12,2025-09-23T20:00:00,2025-09-23T20:10:00,49,当日剩余,4609.8715671502978,0,4963.0686999999998,0,4609.871567150298,4963.0687
2025-09-23,2025-09-23T12:00:00,12,2025-09-23T20:10:00,2025-09-23T20:20:00,50,当日剩余,4613.2140671502975,0,5061.4062000000004,0,4613.2140671502975,5061.4062
2025-09-23,2025-09-23T12:00:00,12,2025-09-23T20:20:00,2025-09-23T20:30:00,51,当日剩余,4765.3895671502978,0,5038.25,0,4765.389567150298,5038.25
2025-09-23,2025-09-23T12:00:00,12,2025-09-23T20:30:00,2025-09-23T20:40:00,52,当日剩余,4909.1145671502973,0,4709.3716999999997,0,4909.114567150297,4709.3717
2025-09-23,2025-09-23T12:00:00,12,2025-09-23T20:40:00,2025-09-23T20:50:00,53,当日剩余,4834.9472671502972,0,4809.9708000000001,0,4834.947267150297,4809.9708
2025-09-23,2025-09-23T12:00:00,12,2025-09-23T20:50:00,2025-09-23T21:00:00,54,当日剩余,4703.1095671502972,0,5215.3000000000002,0,4703.109567150297,5215.3
2025-09-23,2025-09-23T12:00:00,12,2025-09-23T21:00:00,2025-09-23T21:10:00,55,当日剩余,4834.4267671502976,0,5055.1463000000003,0,4834.426767150298,5055.1463
2025-09-23,2025-09-23T12:00:00,12,2025-09-23T21:10:00,2025-09-23T21:20:00,56,当日剩余,4708.3301671502977,0,4827.5711000000001,0,4708.330167150298,4827.5711
2025-09-23,2025-09-23T12:00:00,12,2025-09-23T21:20:00,2025-09-23T21:30:00,57,当日剩余,4495.4695671502977,0,4880.29,0,4495.469567150298,4880.29
2025-09-23,2025-09-23T12:00:00,12,2025-09-23T21:30:00,2025-09-23T21:40:00,58,当日剩余,4821.2553671502974,0,4979.2147999999997,0,4821.255367150297,4979.2148
2025-09-23,2025-09-23T12:00:00,12,2025-09-23T21:40:00,2025-09-23T21:50:00,59,当日剩余,4575.0980671502975,0,4609.1189999999997,0,4575.0980671502975,4609.119
2025-09-23,2025-09-23T12:00:00,12,2025-09-23T21:50:00,2025-09-23T22:00:00,60,当日剩余,3748.7995671502977,0,3835.46,0,3748.7995671502977,3835.46
2025-09-23,2025-09-23T12:00:00,12,2025-09-23T22:00:00,2025-09-23T22:10:00,61,当日剩余,3511.5448671502977,0,3320.6493999999998,0,3511.5448671502977,3320.6494
2025-09-23,2025-09-23T12:00:00,12,2025-09-23T22:10:00,2025-09-23T22:20:00,62,当日剩余,3571.5284671502977,0,3496.0713999999998,0,3571.5284671502977,3496.0714
2025-09-23,2025-09-23T12:00:00,12,2025-09-23T22:20:00,2025-09-23T22:30:00,63,当日剩余,3592.6595671502973,0,3883.2399999999998,0,3592.6595671502973,3883.24
2025-09-23,2025-09-23T12:00:00,12,2025-09-23T22:30:00,2025-09-23T22:40:00,64,当日剩余,3588.8768671502976,0,3580.1990999999998,0,3588.8768671502976,3580.1991
2025-09-23,2025-09-23T12:00:00,12,2025-09-23T22:40:00,2025-09-23T22:50:00,65,当日剩余,3617.3593671502977,0,3332.1136999999999,0,3617.3593671502977,3332.1137
2025-09-23,2025-09-23T12:00:00,12,2025-09-23T22:50:00,2025-09-23T23:00:00,66,当日剩余,3627.2995671502977,0,3416.0999999999999,0,3627.2995671502977,3416.1
2025-09-23,2025-09-23T12:00:00,12,2025-09-23T23:00:00,2025-09-23T23:10:00,67,当日剩余,3539.6164671502975,0,3387.9351999999999,0,3539.6164671502975,3387.9352
2025-09-23,2025-09-23T12:00:00,12,2025-09-23T23:10:00,2025-09-23T23:20:00,68,当日剩余,3603.2536671502976,0,3459.0093999999999,0,3603.2536671502976,3459.0094
2025-09-23,2025-09-23T12:00:00,12,2025-09-23T23:20:00,2025-09-23T23:30:00,69,当日剩余,3713.3995671502976,0,3661.9499999999998,0,3713.3995671502976,3661.95
2025-09-23,2025-09-23T12:00:00,12,2025-09-23T23:30:00,2025-09-23T23:40:00,70,当日剩余,3546.1356671502976,0,3702.4038,0,3546.1356671502976,3702.4038
2025-09-23,2025-09-23T12:00:00,12,2025-09-23T23:40:00,2025-09-23T23:50:00,71,当日剩余,3613.7889671502976,0,3409.7885000000001,0,3613.7889671502976,3409.7885
2025-09-23,2025-09-23T12:00:00,12,2025-09-23T23:50:00,2025-09-24T00:00:00,72,当日剩余,3836.4795671502975,0,3147.6100000000001,0,3836.4795671502975,3147.61
2025-09-23,2025-09-23T12:00:00,12,2025-09-24T00:00:00,2025-09-24T00:10:00,73,次日延续,3707.9524999999999,0,3465.0342000000001,0,3707.9525,3465.0342
2025-09-23,2025-09-23T12:00:00,12,2025-09-24T00:10:00,2025-09-24T00:20:00,74,次日延续,3598.7505999999998,0,3687.7365,0,3598.7506,3687.7365
2025-09-23,2025-09-23T12:00:00,12,2025-09-24T00:20:00,2025-09-24T00:30:00,75,次日延续,3655.71,0,3534.3400000000001,0,3655.71,3534.34
2025-09-23,2025-09-23T12:00:00,12,2025-09-24T00:30:00,2025-09-24T00:40:00,76,次日延续,3419.8330000000001,0,3383.0924,0,3419.833,3383.0924
2025-09-23,2025-09-23T12:00:00,12,2025-09-24T00:40:00,2025-09-24T00:50:00,77,次日延续,3431.4069,0,3422.7579999999998,0,3431.4069,3422.758
2025-09-23,2025-09-23T12:00:00,12,2025-09-24T00:50:00,2025-09-24T01:00:00,78,次日延续,3710.73,0,3542.3600000000001,0,3710.73,3542.36
2025-09-23,2025-09-23T12:00:00,12,2025-09-24T01:00:00,2025-09-24T01:10:00,79,次日延续,3694.7894000000001,0,3504.663,0,3694.7894,3504.663
2025-09-23,2025-09-23T12:00:00,12,2025-09-24T01:10:00,2025-09-24T01:20:00,80,次日延续,3589.2707999999998,0,3532.7847999999999,0,3589.2708,3532.7848
2025-09-23,2025-09-23T12:00:00,12,2025-09-24T01:20:00,2025-09-24T01:30:00,81,次日延续,3539.77,0,3668.8099999999999,0,3539.77,3668.81
2025-09-23,2025-09-23T12:00:00,12,2025-09-24T01:30:00,2025-09-24T01:40:00,82,次日延续,3456.4648000000002,0,3688.6729,0,3456.4648,3688.6729
2025-09-23,2025-09-23T12:00:00,12,2025-09-24T01:40:00,2025-09-24T01:50:00,83,次日延续,3354.4113000000002,0,3511.4983999999999,0,3354.4113,3511.4984
2025-09-23,2025-09-23T12:00:00,12,2025-09-24T01:50:00,2025-09-24T02:00:00,84,次日延续,3352.29,0,3381.1300000000001,0,3352.29,3381.13
2025-09-23,2025-09-23T12:00:00,12,2025-09-24T02:00:00,2025-09-24T02:10:00,85,次日延续,3534.2712000000001,0,3626.5255999999999,0,3534.2712,3626.5256
2025-09-23,2025-09-23T12:00:00,12,2025-09-24T02:10:00,2025-09-24T02:20:00,86,次日延续,3568.3627999999999,0,3793.9850999999999,0,3568.3628,3793.9851
2025-09-23,2025-09-23T12:00:00,12,2025-09-24T02:20:00,2025-09-24T02:30:00,87,次日延续,3473.4000000000001,0,3673.0799999999999,0,3473.4,3673.08
2025-09-23,2025-09-23T12:00:00,12,2025-09-24T02:30:00,2025-09-24T02:40:00,88,次日延续,3576.5868999999998,0,3500.9032000000002,0,3576.5869,3500.9032
2025-09-23,2025-09-23T12:00:00,12,2025-09-24T02:40:00,2025-09-24T02:50:00,89,次日延续,3629.2082,0,3523.4928,0,3629.2082,3523.4928
2025-09-23,2025-09-23T12:00:00,12,2025-09-24T02:50:00,2025-09-24T03:00:00,90,次日延续,3537.3800000000001,0,3692.1999999999998,0,3537.38,3692.2
2025-09-23,2025-09-23T12:00:00,12,2025-09-24T03:00:00,2025-09-24T03:10:00,91,次日延续,3493.2604000000001,0,3740.5039000000002,0,3493.2604,3740.5039
2025-09-23,2025-09-23T12:00:00,12,2025-09-24T03:10:00,2025-09-24T03:20:00,92,次日延续,3607.5405000000001,0,3700.5617999999999,0,3607.5405,3700.5618
2025-09-23,2025-09-23T12:00:00,12,2025-09-24T03:20:00,2025-09-24T03:30:00,93,次日延续,3731.48,0,3725.8099999999999,0,3731.48,3725.81
2025-09-23,2025-09-23T12:00:00,12,2025-09-24T03:30:00,2025-09-24T03:40:00,94,次日延续,3619.9137999999998,0,3881.9371000000001,0,3619.9138,3881.9371
2025-09-23,2025-09-23T12:00:00,12,2025-09-24T03:40:00,2025-09-24T03:50:00,95,次日延续,3567.5711999999999,0,3740.7375000000002,0,3567.5712,3740.7375
2025-09-23,2025-09-23T12:00:00,12,2025-09-24T03:50:00,2025-09-24T04:00:00,96,次日延续,3612.9499999999998,0,3448.3899999999999,0,3612.95,3448.39
2025-09-23,2025-09-23T12:00:00,12,2025-09-24T04:00:00,2025-09-24T04:10:00,97,次日延续,3516.2157999999999,0,3585.8674000000001,0.0018,3516.2158,3585.8656
2025-09-23,2025-09-23T12:00:00,12,2025-09-24T04:10:00,2025-09-24T04:20:00,98,次日延续,3486.4493000000002,0,3704.3636000000001,0,3486.4493,3704.3636
2025-09-23,2025-09-23T12:00:00,12,2025-09-24T04:20:00,2025-09-24T04:30:00,99,次日延续,3554.9699999999998,0,3644.6500000000001,0,3554.97,3644.65
2025-09-23,2025-09-23T12:00:00,12,2025-09-24T04:30:00,2025-09-24T04:40:00,100,次日延续,3543.5149999999999,0,3701.2215999999999,0.0246,3543.515,3701.1969999999997
2025-09-23,2025-09-23T12:00:00,12,2025-09-24T04:40:00,2025-09-24T04:50:00,101,次日延续,3599.7330999999999,0,3769.1907000000001,0,3599.7331,3769.1907
2025-09-23,2025-09-23T12:00:00,12,2025-09-24T04:50:00,2025-09-24T05:00:00,102,次日延续,3659.5999999999999,0,3740.2800000000002,0,3659.6,3740.28
2025-09-23,2025-09-23T12:00:00,12,2025-09-24T05:00:00,2025-09-24T05:10:00,103,次日延续,3531.8577,0,3663.2644,0.34239999999999998,3531.8577,3662.922
2025-09-23,2025-09-23T12:00:00,12,2025-09-24T05:10:00,2025-09-24T05:20:00,104,次日延续,3665.9539,0,3781.9596999999999,0,3665.9539,3781.9597
2025-09-23,2025-09-23T12:00:00,12,2025-09-24T05:20:00,2025-09-24T05:30:00,105,次日延续,3857.9499999999998,0,3865.3899999999999,0,3857.95,3865.39
2025-09-23,2025-09-23T12:00:00,12,2025-09-24T05:30:00,2025-09-24T05:40:00,106,次日延续,3568.5138000000002,0,3536.4416999999999,4.7689000000000004,3568.5138,3531.6728
2025-09-23,2025-09-23T12:00:00,12,2025-09-24T05:40:00,2025-09-24T05:50:00,107,次日延续,4092.1151,0,3855.9989999999998,0,4092.1151,3855.999
2025-09-23,2025-09-23T12:00:00,12,2025-09-24T05:50:00,2025-09-24T06:00:00,108,次日延续,5099.8500000000004,0,4722.4899999999998,0,5099.85,4722.49
2025-09-23,2025-09-23T12:00:00,12,2025-09-24T06:00:00,2025-09-24T06:10:00,109,次日延续,4885.9359999999997,123.58204166666667,4914.5237999999999,138.7107,4762.353958333333,4775.8131
2025-09-23,2025-09-23T12:00:00,12,2025-09-24T06:10:00,2025-09-24T06:20:00,110,次日延续,4546.5195999999996,370.74612500000001,4823.8454000000002,361.11349999999999,4175.773475,4462.7319
2025-09-23,2025-09-23T12:00:00,12,2025-09-24T06:20:00,2025-09-24T06:30:00,111,次日延续,4678.1899999999996,617.91020833333334,4844.25,620.10000000000002,4060.2797916666664,4224.15
2025-09-23,2025-09-23T12:00:00,12,2025-09-24T06:30:00,2025-09-24T06:40:00,112,次日延续,4769.9948000000004,865.07429166666668,4935.8119999999999,902.03579999999999,3904.9205083333336,4033.7762
2025-09-23,2025-09-23T12:00:00,12,2025-09-24T06:40:00,2025-09-24T06:50:00,113,次日延续,4772.8863000000001,1112.2383749999999,4997.9256999999998,1199.8010999999999,3660.647925,3798.1246
2025-09-23,2025-09-23T12:00:00,12,2025-09-24T06:50:00,2025-09-24T07:00:00,114,次日延续,4766.96,1359.4024583333332,4967.5900000000001,1517.5125,3407.557541666667,3450.0775000000003
2025-09-23,2025-09-23T12:00:00,12,2025-09-24T07:00:00,2025-09-24T07:10:00,115,次日延续,4801.5361999999996,1630.1318833333332,4866.5510000000004,1854.4009000000001,3171.404316666666,3012.1501000000003
2025-09-23,2025-09-23T12:00:00,12,2025-09-24T07:10:00,2025-09-24T07:20:00,116,次日延续,4803.7494999999999,1924.4266499999999,4849.4390999999996,2153.4025000000001,2879.32285,2696.0365999999995
2025-09-23,2025-09-23T12:00:00,12,2025-09-24T07:20:00,2025-09-24T07:30:00,117,次日延续,4711.6899999999996,2218.7214166666663,4799.0799999999999,2413.4250000000002,2492.9685833333333,2385.6549999999997
2025-09-23,2025-09-23T12:00:00,12,2025-09-24T07:30:00,2025-09-24T07:40:00,118,次日延续,4677.9476000000004,2513.0161833333336,4605.7942999999996,2687.2541999999999,2164.931416666667,1918.5400999999997
2025-09-23,2025-09-23T12:00:00,12,2025-09-24T07:40:00,2025-09-24T07:50:00,119,次日延续,5484.2011000000002,2807.31095,5328.2829000000002,2965.8566999999998,2676.89015,2362.4262000000003
2025-09-23,2025-09-23T12:00:00,12,2025-09-24T07:50:00,2025-09-24T08:00:00,120,次日延续,6638.1499999999996,3101.6057166666665,6510.1099999999997,3298.6875,3536.544283333333,3211.4224999999997
2025-09-23,2025-09-23T12:00:00,12,2025-09-24T08:00:00,2025-09-24T08:10:00,121,次日延续,6766.0622000000003,3433.1219583333332,6549.4549999999999,3732.8135000000002,3332.940241666667,2816.6414999999997
2025-09-23,2025-09-23T12:00:00,12,2025-09-24T08:10:00,2025-09-24T08:20:00,122,次日延续,6651.3226000000004,3801.8596749999997,6449.3419999999996,4023.7851999999998,2849.4629250000007,2425.5568
2025-09-23,2025-09-23T12:00:00,12,2025-09-24T08:20:00,2025-09-24T08:30:00,123,次日延续,6714.6300000000001,4170.5973916666662,6611.6300000000001,4237.8000000000002,2544.032608333334,2373.83
2025-09-23,2025-09-23T12:00:00,12,2025-09-24T08:30:00,2025-09-24T08:40:00,124,次日延续,6593.4440999999997,4539.3351083333337,6434.9988000000003,4669.0964999999997,2054.108991666666,1765.9023000000007
2025-09-23,2025-09-23T12:00:00,12,2025-09-24T08:40:00,2025-09-24T08:50:00,125,次日延续,6454.5023000000001,4908.0728249999993,6369.7741999999998,5005.4802,1546.4294750000008,1364.2939999999999
2025-09-23,2025-09-23T12:00:00,12,2025-09-24T08:50:00,2025-09-24T09:00:00,126,次日延续,6413.1700000000001,5276.8105416666667,6580.6599999999999,5206.4624999999996,1136.3594583333334,1374.1975000000002
2025-09-23,2025-09-23T12:00:00,12,2025-09-24T09:00:00,2025-09-24T09:10:00,127,次日延续,6414.8993,5650.8121083333326,6713.8222999999998,5548.6270000000004,764.0871916666674,1165.1952999999994
2025-09-23,2025-09-23T12:00:00,12,2025-09-24T09:10:00,2025-09-24T09:20:00,128,次日延续,6494.7785000000003,6030.0775249999997,6603.3725999999997,5875.2735000000002,464.70097500000065,728.0990999999995
2025-09-23,2025-09-23T12:00:00,12,2025-09-24T09:20:00,2025-09-24T09:30:00,129,次日延续,6580.1300000000001,6409.3429416666659,6410.4700000000003,6111.8999999999996,170.78705833333424,298.5700000000006
2025-09-23,2025-09-23T12:00:00,12,2025-09-24T09:30:00,2025-09-24T09:40:00,130,次日延续,6538.9675999999999,6788.6083583333329,6433.6782999999996,6384.8513999999996,-249.640758333333,48.82690000000002
2025-09-23,2025-09-23T12:00:00,12,2025-09-24T09:40:00,2025-09-24T09:50:00,131,次日延续,6522.4300999999996,7167.873775,6441.7907999999998,6828.3400000000001,-645.4436750000004,-386.5492000000004
2025-09-23,2025-09-23T12:00:00,12,2025-09-24T09:50:00,2025-09-24T10:00:00,132,次日延续,6552.3400000000001,7547.1391916666662,6435.04,7243.1625000000004,-994.799191666666,-808.1225000000004
2025-09-23,2025-09-23T12:00:00,12,2025-09-24T10:00:00,2025-09-24T10:10:00,133,次日延续,6510.8891000000003,7757.9900833333322,6630.9467000000004,7285.3400000000001,-1247.100983333332,-654.3932999999997
2025-09-23,2025-09-23T12:00:00,12,2025-09-24T10:10:00,2025-09-24T10:20:00,134,次日延续,6519.0047999999997,7800.4264499999999,6667.5333000000001,7347.8919999999998,-1281.4216500000002,-680.3586999999998
2025-09-23,2025-09-23T12:00:00,12,2025-09-24T10:20:00,2025-09-24T10:30:00,135,次日延续,6556.0200000000004,7842.8628166666658,6464.2200000000003,7628.4750000000004,-1286.8428166666654,-1164.255
2025-09-23,2025-09-23T12:00:00,12,2025-09-24T10:30:00,2025-09-24T10:40:00,136,次日延续,6468.3377,7885.2991833333326,6330.8126000000002,7923.5362999999998,-1416.9614833333326,-1592.7236999999996
2025-09-23,2025-09-23T12:00:00,12,2025-09-24T10:40:00,2025-09-24T10:50:00,137,次日延续,6379.2565999999997,7927.7355499999994,6406.3685999999998,7978.8293999999996,-1548.4789499999997,-1572.4607999999998
2025-09-23,2025-09-23T12:00:00,12,2025-09-24T10:50:00,2025-09-24T11:00:00,138,次日延续,6361.6599999999999,7970.1719166666662,6530.6099999999997,8010.4499999999998,-1608.5119166666664,-1479.8400000000001
2025-09-23,2025-09-23T12:00:00,12,2025-09-24T11:00:00,2025-09-24T11:10:00,139,次日延续,6350.4002,8090.2337833333322,6449.9255000000003,8439.3669000000009,-1739.8335833333322,-1989.4414000000006
2025-09-23,2025-09-23T12:00:00,12,2025-09-24T11:10:00,2025-09-24T11:20:00,140,次日延续,6228.2538000000004,8287.9211500000001,6521.1052,8621.0427999999993,-2059.6673499999997,-2099.9375999999993
2025-09-23,2025-09-23T12:00:00,12,2025-09-24T11:20:00,2025-09-24T11:30:00,141,次日延续,6151.71,8485.6085166666671,6711.6400000000003,8326.7625000000007,-2333.898516666667,-1615.1225000000004
2025-09-23,2025-09-23T12:00:00,12,2025-09-24T11:30:00,2025-09-24T11:40:00,142,次日延续,6354.7241000000004,8683.2958833333341,6581.1693999999998,7982.3967000000002,-2328.5717833333338,-1401.2273000000005
2025-09-23,2025-09-23T12:00:00,12,2025-09-24T11:40:00,2025-09-24T11:50:00,143,次日延续,6274.5847999999996,8880.9832499999993,6239.4285,7873.9032999999999,-2606.3984499999997,-1634.4748
2025-09-23,2025-09-23T12:00:00,12,2025-09-24T11:50:00,2025-09-24T12:00:00,144,次日延续,5943.3999999999996,9078.6706166666663,6004.0299999999997,8053.2749999999996,-3135.2706166666667,-2049.245
2025-09-23,2025-09-23T18:00:00,18,2025-09-23T18:00:00,2025-09-23T18:10:00,1,当日剩余,4519.3786640335657,0,4585.9790999999996,0,4519.378664033566,4585.9791
2025-09-23,2025-09-23T18:00:00,18,2025-09-23T18:10:00,2025-09-23T18:20:00,2,当日剩余,4634.4254640335648,0,4985.7870000000003,4.4234,4634.425464033565,4981.363600000001
2025-09-23,2025-09-23T18:00:00,18,2025-09-23T18:20:00,2025-09-23T18:30:00,3,当日剩余,4740.8694640335652,0,5006.5,0,4740.869464033565,5006.5
2025-09-23,2025-09-23T18:00:00,18,2025-09-23T18:30:00,2025-09-23T18:40:00,4,当日剩余,4963.5165640335654,0,5016.9579000000003,0,4963.516564033565,5016.9579
2025-09-23,2025-09-23T18:00:00,18,2025-09-23T18:40:00,2025-09-23T18:50:00,5,当日剩余,4824.1808640335648,0,4862.5057999999999,0.31759999999999999,4824.180864033565,4862.1882
2025-09-23,2025-09-23T18:00:00,18,2025-09-23T18:50:00,2025-09-23T19:00:00,6,当日剩余,4537.1294640335655,0,4664.5600000000004,0,4537.1294640335655,4664.56
2025-09-23,2025-09-23T18:00:00,18,2025-09-23T19:00:00,2025-09-23T19:10:00,7,当日剩余,4813.2445640335654,0,4794.5933000000005,0,4813.244564033565,4794.5933
2025-09-23,2025-09-23T18:00:00,18,2025-09-23T19:10:00,2025-09-23T19:20:00,8,当日剩余,4983.7590640335657,0,4953.598,0.022800000000000001,4983.759064033566,4953.5752
2025-09-23,2025-09-23T18:00:00,18,2025-09-23T19:20:00,2025-09-23T19:30:00,9,当日剩余,4836.5194640335649,0,4906.8999999999996,0,4836.519464033565,4906.9
2025-09-23,2025-09-23T18:00:00,18,2025-09-23T19:30:00,2025-09-23T19:40:00,10,当日剩余,4826.1713640335656,0,4721.0181000000002,0,4826.171364033566,4721.0181
2025-09-23,2025-09-23T18:00:00,18,2025-09-23T19:40:00,2025-09-23T19:50:00,11,当日剩余,4837.6051640335654,0,4705.3149999999996,0.0016000000000000001,4837.605164033565,4705.3134
2025-09-23,2025-09-23T18:00:00,18,2025-09-23T19:50:00,2025-09-23T20:00:00,12,当日剩余,4753.0094640335656,0,4871.4700000000003,0,4753.009464033566,4871.47
2025-09-23,2025-09-23T18:00:00,18,2025-09-23T20:00:00,2025-09-23T20:10:00,13,当日剩余,4631.0314640335655,0,4963.0686999999998,0,4631.0314640335655,4963.0687
2025-09-23,2025-09-23T18:00:00,18,2025-09-23T20:10:00,2025-09-23T20:20:00,14,当日剩余,4634.3739640335652,0,5061.4062000000004,0,4634.373964033565,5061.4062
2025-09-23,2025-09-23T18:00:00,18,2025-09-23T20:20:00,2025-09-23T20:30:00,15,当日剩余,4786.5494640335655,0,5038.25,0,4786.5494640335655,5038.25
2025-09-23,2025-09-23T18:00:00,18,2025-09-23T20:30:00,2025-09-23T20:40:00,16,当日剩余,4930.274464033565,0,4709.3716999999997,0,4930.274464033565,4709.3717
2025-09-23,2025-09-23T18:00:00,18,2025-09-23T20:40:00,2025-09-23T20:50:00,17,当日剩余,4856.1071640335649,0,4809.9708000000001,0,4856.107164033565,4809.9708
2025-09-23,2025-09-23T18:00:00,18,2025-09-23T20:50:00,2025-09-23T21:00:00,18,当日剩余,4724.2694640335649,0,5215.3000000000002,0,4724.269464033565,5215.3
2025-09-23,2025-09-23T18:00:00,18,2025-09-23T21:00:00,2025-09-23T21:10:00,19,当日剩余,4855.5866640335653,0,5055.1463000000003,0,4855.586664033565,5055.1463
2025-09-23,2025-09-23T18:00:00,18,2025-09-23T21:10:00,2025-09-23T21:20:00,20,当日剩余,4729.4900640335654,0,4827.5711000000001,0,4729.490064033565,4827.5711
2025-09-23,2025-09-23T18:00:00,18,2025-09-23T21:20:00,2025-09-23T21:30:00,21,当日剩余,4516.6294640335655,0,4880.29,0,4516.6294640335655,4880.29
2025-09-23,2025-09-23T18:00:00,18,2025-09-23T21:30:00,2025-09-23T21:40:00,22,当日剩余,4842.4152640335651,0,4979.2147999999997,0,4842.415264033565,4979.2148
2025-09-23,2025-09-23T18:00:00,18,2025-09-23T21:40:00,2025-09-23T21:50:00,23,当日剩余,4596.2579640335653,0,4609.1189999999997,0,4596.257964033565,4609.119
2025-09-23,2025-09-23T18:00:00,18,2025-09-23T21:50:00,2025-09-23T22:00:00,24,当日剩余,3769.9594640335649,0,3835.46,0,3769.959464033565,3835.46
2025-09-23,2025-09-23T18:00:00,18,2025-09-23T22:00:00,2025-09-23T22:10:00,25,当日剩余,3532.704764033565,0,3320.6493999999998,0,3532.704764033565,3320.6494
2025-09-23,2025-09-23T18:00:00,18,2025-09-23T22:10:00,2025-09-23T22:20:00,26,当日剩余,3592.688364033565,0,3496.0713999999998,0,3592.688364033565,3496.0714
2025-09-23,2025-09-23T18:00:00,18,2025-09-23T22:20:00,2025-09-23T22:30:00,27,当日剩余,3613.8194640335646,0,3883.2399999999998,0,3613.8194640335646,3883.24
2025-09-23,2025-09-23T18:00:00,18,2025-09-23T22:30:00,2025-09-23T22:40:00,28,当日剩余,3610.0367640335649,0,3580.1990999999998,0,3610.036764033565,3580.1991
2025-09-23,2025-09-23T18:00:00,18,2025-09-23T22:40:00,2025-09-23T22:50:00,29,当日剩余,3638.5192640335649,0,3332.1136999999999,0,3638.519264033565,3332.1137
2025-09-23,2025-09-23T18:00:00,18,2025-09-23T22:50:00,2025-09-23T23:00:00,30,当日剩余,3648.4594640335649,0,3416.0999999999999,0,3648.459464033565,3416.1
2025-09-23,2025-09-23T18:00:00,18,2025-09-23T23:00:00,2025-09-23T23:10:00,31,当日剩余,3560.7763640335647,0,3387.9351999999999,0,3560.7763640335647,3387.9352
2025-09-23,2025-09-23T18:00:00,18,2025-09-23T23:10:00,2025-09-23T23:20:00,32,当日剩余,3624.4135640335649,0,3459.0093999999999,0,3624.413564033565,3459.0094
2025-09-23,2025-09-23T18:00:00,18,2025-09-23T23:20:00,2025-09-23T23:30:00,33,当日剩余,3734.5594640335648,0,3661.9499999999998,0,3734.559464033565,3661.95
2025-09-23,2025-09-23T18:00:00,18,2025-09-23T23:30:00,2025-09-23T23:40:00,34,当日剩余,3567.2955640335649,0,3702.4038,0,3567.295564033565,3702.4038
2025-09-23,2025-09-23T18:00:00,18,2025-09-23T23:40:00,2025-09-23T23:50:00,35,当日剩余,3634.9488640335649,0,3409.7885000000001,0,3634.948864033565,3409.7885
2025-09-23,2025-09-23T18:00:00,18,2025-09-23T23:50:00,2025-09-24T00:00:00,36,当日剩余,3857.6394640335648,0,3147.6100000000001,0,3857.6394640335648,3147.61
2025-09-23,2025-09-23T18:00:00,18,2025-09-24T00:00:00,2025-09-24T00:10:00,37,次日延续,3707.9524999999999,0,3465.0342000000001,0,3707.9525,3465.0342
2025-09-23,2025-09-23T18:00:00,18,2025-09-24T00:10:00,2025-09-24T00:20:00,38,次日延续,3598.7505999999998,0,3687.7365,0,3598.7506,3687.7365
2025-09-23,2025-09-23T18:00:00,18,2025-09-24T00:20:00,2025-09-24T00:30:00,39,次日延续,3655.71,0,3534.3400000000001,0,3655.71,3534.34
2025-09-23,2025-09-23T18:00:00,18,2025-09-24T00:30:00,2025-09-24T00:40:00,40,次日延续,3419.8330000000001,0,3383.0924,0,3419.833,3383.0924
2025-09-23,2025-09-23T18:00:00,18,2025-09-24T00:40:00,2025-09-24T00:50:00,41,次日延续,3431.4069,0,3422.7579999999998,0,3431.4069,3422.758
2025-09-23,2025-09-23T18:00:00,18,2025-09-24T00:50:00,2025-09-24T01:00:00,42,次日延续,3710.73,0,3542.3600000000001,0,3710.73,3542.36
2025-09-23,2025-09-23T18:00:00,18,2025-09-24T01:00:00,2025-09-24T01:10:00,43,次日延续,3694.7894000000001,0,3504.663,0,3694.7894,3504.663
2025-09-23,2025-09-23T18:00:00,18,2025-09-24T01:10:00,2025-09-24T01:20:00,44,次日延续,3589.2707999999998,0,3532.7847999999999,0,3589.2708,3532.7848
2025-09-23,2025-09-23T18:00:00,18,2025-09-24T01:20:00,2025-09-24T01:30:00,45,次日延续,3539.77,0,3668.8099999999999,0,3539.77,3668.81
2025-09-23,2025-09-23T18:00:00,18,2025-09-24T01:30:00,2025-09-24T01:40:00,46,次日延续,3456.4648000000002,0,3688.6729,0,3456.4648,3688.6729
2025-09-23,2025-09-23T18:00:00,18,2025-09-24T01:40:00,2025-09-24T01:50:00,47,次日延续,3354.4113000000002,0,3511.4983999999999,0,3354.4113,3511.4984
2025-09-23,2025-09-23T18:00:00,18,2025-09-24T01:50:00,2025-09-24T02:00:00,48,次日延续,3352.29,0,3381.1300000000001,0,3352.29,3381.13
2025-09-23,2025-09-23T18:00:00,18,2025-09-24T02:00:00,2025-09-24T02:10:00,49,次日延续,3534.2712000000001,0,3626.5255999999999,0,3534.2712,3626.5256
2025-09-23,2025-09-23T18:00:00,18,2025-09-24T02:10:00,2025-09-24T02:20:00,50,次日延续,3568.3627999999999,0,3793.9850999999999,0,3568.3628,3793.9851
2025-09-23,2025-09-23T18:00:00,18,2025-09-24T02:20:00,2025-09-24T02:30:00,51,次日延续,3473.4000000000001,0,3673.0799999999999,0,3473.4,3673.08
2025-09-23,2025-09-23T18:00:00,18,2025-09-24T02:30:00,2025-09-24T02:40:00,52,次日延续,3576.5868999999998,0,3500.9032000000002,0,3576.5869,3500.9032
2025-09-23,2025-09-23T18:00:00,18,2025-09-24T02:40:00,2025-09-24T02:50:00,53,次日延续,3629.2082,0,3523.4928,0,3629.2082,3523.4928
2025-09-23,2025-09-23T18:00:00,18,2025-09-24T02:50:00,2025-09-24T03:00:00,54,次日延续,3537.3800000000001,0,3692.1999999999998,0,3537.38,3692.2
2025-09-23,2025-09-23T18:00:00,18,2025-09-24T03:00:00,2025-09-24T03:10:00,55,次日延续,3493.2604000000001,0,3740.5039000000002,0,3493.2604,3740.5039
2025-09-23,2025-09-23T18:00:00,18,2025-09-24T03:10:00,2025-09-24T03:20:00,56,次日延续,3607.5405000000001,0,3700.5617999999999,0,3607.5405,3700.5618
2025-09-23,2025-09-23T18:00:00,18,2025-09-24T03:20:00,2025-09-24T03:30:00,57,次日延续,3731.48,0,3725.8099999999999,0,3731.48,3725.81
2025-09-23,2025-09-23T18:00:00,18,2025-09-24T03:30:00,2025-09-24T03:40:00,58,次日延续,3619.9137999999998,0,3881.9371000000001,0,3619.9138,3881.9371
2025-09-23,2025-09-23T18:00:00,18,2025-09-24T03:40:00,2025-09-24T03:50:00,59,次日延续,3567.5711999999999,0,3740.7375000000002,0,3567.5712,3740.7375
2025-09-23,2025-09-23T18:00:00,18,2025-09-24T03:50:00,2025-09-24T04:00:00,60,次日延续,3612.9499999999998,0,3448.3899999999999,0,3612.95,3448.39
2025-09-23,2025-09-23T18:00:00,18,2025-09-24T04:00:00,2025-09-24T04:10:00,61,次日延续,3516.2157999999999,0,3585.8674000000001,0.0018,3516.2158,3585.8656
2025-09-23,2025-09-23T18:00:00,18,2025-09-24T04:10:00,2025-09-24T04:20:00,62,次日延续,3486.4493000000002,0,3704.3636000000001,0,3486.4493,3704.3636
2025-09-23,2025-09-23T18:00:00,18,2025-09-24T04:20:00,2025-09-24T04:30:00,63,次日延续,3554.9699999999998,0,3644.6500000000001,0,3554.97,3644.65
2025-09-23,2025-09-23T18:00:00,18,2025-09-24T04:30:00,2025-09-24T04:40:00,64,次日延续,3543.5149999999999,0,3701.2215999999999,0.0246,3543.515,3701.1969999999997
2025-09-23,2025-09-23T18:00:00,18,2025-09-24T04:40:00,2025-09-24T04:50:00,65,次日延续,3599.7330999999999,0,3769.1907000000001,0,3599.7331,3769.1907
2025-09-23,2025-09-23T18:00:00,18,2025-09-24T04:50:00,2025-09-24T05:00:00,66,次日延续,3659.5999999999999,0,3740.2800000000002,0,3659.6,3740.28
2025-09-23,2025-09-23T18:00:00,18,2025-09-24T05:00:00,2025-09-24T05:10:00,67,次日延续,3531.8577,0,3663.2644,0.34239999999999998,3531.8577,3662.922
2025-09-23,2025-09-23T18:00:00,18,2025-09-24T05:10:00,2025-09-24T05:20:00,68,次日延续,3665.9539,0,3781.9596999999999,0,3665.9539,3781.9597
2025-09-23,2025-09-23T18:00:00,18,2025-09-24T05:20:00,2025-09-24T05:30:00,69,次日延续,3857.9499999999998,0,3865.3899999999999,0,3857.95,3865.39
2025-09-23,2025-09-23T18:00:00,18,2025-09-24T05:30:00,2025-09-24T05:40:00,70,次日延续,3568.5138000000002,0,3536.4416999999999,4.7689000000000004,3568.5138,3531.6728
2025-09-23,2025-09-23T18:00:00,18,2025-09-24T05:40:00,2025-09-24T05:50:00,71,次日延续,4092.1151,0,3855.9989999999998,0,4092.1151,3855.999
2025-09-23,2025-09-23T18:00:00,18,2025-09-24T05:50:00,2025-09-24T06:00:00,72,次日延续,5099.8500000000004,0,4722.4899999999998,0,5099.85,4722.49
2025-09-23,2025-09-23T18:00:00,18,2025-09-24T06:00:00,2025-09-24T06:10:00,73,次日延续,4885.9359999999997,119.44859166666666,4914.5237999999999,138.7107,4766.487408333333,4775.8131
2025-09-23,2025-09-23T18:00:00,18,2025-09-24T06:10:00,2025-09-24T06:20:00,74,次日延续,4546.5195999999996,358.345775,4823.8454000000002,361.11349999999999,4188.173825,4462.7319
2025-09-23,2025-09-23T18:00:00,18,2025-09-24T06:20:00,2025-09-24T06:30:00,75,次日延续,4678.1899999999996,597.24295833333338,4844.25,620.10000000000002,4080.9470416666663,4224.15
2025-09-23,2025-09-23T18:00:00,18,2025-09-24T06:30:00,2025-09-24T06:40:00,76,次日延续,4769.9948000000004,836.14014166666675,4935.8119999999999,902.03579999999999,3933.8546583333336,4033.7762
2025-09-23,2025-09-23T18:00:00,18,2025-09-24T06:40:00,2025-09-24T06:50:00,77,次日延续,4772.8863000000001,1075.037325,4997.9256999999998,1199.8010999999999,3697.848975,3798.1246
2025-09-23,2025-09-23T18:00:00,18,2025-09-24T06:50:00,2025-09-24T07:00:00,78,次日延续,4766.96,1313.9345083333333,4967.5900000000001,1517.5125,3453.0254916666668,3450.0775000000003
2025-09-23,2025-09-23T18:00:00,18,2025-09-24T07:00:00,2025-09-24T07:10:00,79,次日延续,4801.5361999999996,1580.0973166666665,4866.5510000000004,1854.4009000000001,3221.4388833333333,3012.1501000000003
2025-09-23,2025-09-23T18:00:00,18,2025-09-24T07:10:00,2025-09-24T07:20:00,80,次日延续,4803.7494999999999,1873.52575,4849.4390999999996,2153.4025000000001,2930.22375,2696.0365999999995
2025-09-23,2025-09-23T18:00:00,18,2025-09-24T07:20:00,2025-09-24T07:30:00,81,次日延续,4711.6899999999996,2166.9541833333333,4799.0799999999999,2413.4250000000002,2544.7358166666663,2385.6549999999997
2025-09-23,2025-09-23T18:00:00,18,2025-09-24T07:30:00,2025-09-24T07:40:00,82,次日延续,4677.9476000000004,2460.3826166666668,4605.7942999999996,2687.2541999999999,2217.5649833333337,1918.5400999999997
2025-09-23,2025-09-23T18:00:00,18,2025-09-24T07:40:00,2025-09-24T07:50:00,83,次日延续,5484.2011000000002,2753.8110500000003,5328.2829000000002,2965.8566999999998,2730.39005,2362.4262000000003
2025-09-23,2025-09-23T18:00:00,18,2025-09-24T07:50:00,2025-09-24T08:00:00,84,次日延续,6638.1499999999996,3047.2394833333333,6510.1099999999997,3298.6875,3590.9105166666664,3211.4224999999997
2025-09-23,2025-09-23T18:00:00,18,2025-09-24T08:00:00,2025-09-24T08:10:00,85,次日延续,6766.0622000000003,3377.09465,6549.4549999999999,3732.8135000000002,3388.9675500000003,2816.6414999999997
2025-09-23,2025-09-23T18:00:00,18,2025-09-24T08:10:00,2025-09-24T08:20:00,86,次日延续,6651.3226000000004,3743.37655,6449.3419999999996,4023.7851999999998,2907.9460500000005,2425.5568
2025-09-23,2025-09-23T18:00:00,18,2025-09-24T08:20:00,2025-09-24T08:30:00,87,次日延续,6714.6300000000001,4109.6584499999999,6611.6300000000001,4237.8000000000002,2604.97155,2373.83
2025-09-23,2025-09-23T18:00:00,18,2025-09-24T08:30:00,2025-09-24T08:40:00,88,次日延续,6593.4440999999997,4475.9403499999999,6434.9988000000003,4669.0964999999997,2117.50375,1765.9023000000007
2025-09-23,2025-09-23T18:00:00,18,2025-09-24T08:40:00,2025-09-24T08:50:00,89,次日延续,6454.5023000000001,4842.2222499999998,6369.7741999999998,5005.4802,1612.2800500000003,1364.2939999999999
2025-09-23,2025-09-23T18:00:00,18,2025-09-24T08:50:00,2025-09-24T09:00:00,90,次日延续,6413.1700000000001,5208.5041499999998,6580.6599999999999,5206.4624999999996,1204.6658500000003,1374.1975000000002
2025-09-23,2025-09-23T18:00:00,18,2025-09-24T09:00:00,2025-09-24T09:10:00,91,次日延续,6414.8993,5520.1642416666664,6713.8222999999998,5548.6270000000004,894.7350583333337,1165.1952999999994
2025-09-23,2025-09-23T18:00:00,18,2025-09-24T09:10:00,2025-09-24T09:20:00,92,次日延续,6494.7785000000003,5777.2025249999997,6603.3725999999997,5875.2735000000002,717.5759750000007,728.0990999999995
2025-09-23,2025-09-23T18:00:00,18,2025-09-24T09:20:00,2025-09-24T09:30:00,93,次日延续,6580.1300000000001,6034.240808333333,6410.4700000000003,6111.8999999999996,545.8891916666671,298.5700000000006
2025-09-23,2025-09-23T18:00:00,18,2025-09-24T09:30:00,2025-09-24T09:40:00,94,次日延续,6538.9675999999999,6291.2790916666663,6433.6782999999996,6384.8513999999996,247.68850833333363,48.82690000000002
2025-09-23,2025-09-23T18:00:00,18,2025-09-24T09:40:00,2025-09-24T09:50:00,95,次日延续,6522.4300999999996,6548.3173750000005,6441.7907999999998,6828.3400000000001,-25.887275000000955,-386.5492000000004
2025-09-23,2025-09-23T18:00:00,18,2025-09-24T09:50:00,2025-09-24T10:00:00,96,次日延续,6552.3400000000001,6805.3556583333329,6435.04,7243.1625000000004,-253.0156583333328,-808.1225000000004
2025-09-23,2025-09-23T18:00:00,18,2025-09-24T10:00:00,2025-09-24T10:10:00,97,次日延续,6510.8891000000003,6999.3181166666664,6630.9467000000004,7285.3400000000001,-488.42901666666603,-654.3932999999997
2025-09-23,2025-09-23T18:00:00,18,2025-09-24T10:10:00,2025-09-24T10:20:00,98,次日延续,6519.0047999999997,7130.2047499999999,6667.5333000000001,7347.8919999999998,-611.1999500000002,-680.3586999999998
2025-09-23,2025-09-23T18:00:00,18,2025-09-24T10:20:00,2025-09-24T10:30:00,99,次日延续,6556.0200000000004,7261.0913833333325,6464.2200000000003,7628.4750000000004,-705.071383333332,-1164.255
2025-09-23,2025-09-23T18:00:00,18,2025-09-24T10:30:00,2025-09-24T10:40:00,100,次日延续,6468.3377,7391.9780166666669,6330.8126000000002,7923.5362999999998,-923.6403166666669,-1592.7236999999996
2025-09-23,2025-09-23T18:00:00,18,2025-09-24T10:40:00,2025-09-24T10:50:00,101,次日延续,6379.2565999999997,7522.8646499999995,6406.3685999999998,7978.8293999999996,-1143.6080499999998,-1572.4607999999998
2025-09-23,2025-09-23T18:00:00,18,2025-09-24T10:50:00,2025-09-24T11:00:00,102,次日延续,6361.6599999999999,7653.751283333333,6530.6099999999997,8010.4499999999998,-1292.0912833333332,-1479.8400000000001
2025-09-23,2025-09-23T18:00:00,18,2025-09-24T11:00:00,2025-09-24T11:10:00,103,次日延续,6350.4002,7731.1850916666663,6449.9255000000003,8439.3669000000009,-1380.7848916666662,-1989.4414000000006
2025-09-23,2025-09-23T18:00:00,18,2025-09-24T11:10:00,2025-09-24T11:20:00,104,次日延续,6228.2538000000004,7755.1660750000001,6521.1052,8621.0427999999993,-1526.9122749999997,-2099.9375999999993
2025-09-23,2025-09-23T18:00:00,18,2025-09-24T11:20:00,2025-09-24T11:30:00,105,次日延续,6151.71,7779.147058333333,6711.6400000000003,8326.7625000000007,-1627.437058333333,-1615.1225000000004
2025-09-23,2025-09-23T18:00:00,18,2025-09-24T11:30:00,2025-09-24T11:40:00,106,次日延续,6354.7241000000004,7803.1280416666668,6581.1693999999998,7982.3967000000002,-1448.4039416666665,-1401.2273000000005
2025-09-23,2025-09-23T18:00:00,18,2025-09-24T11:40:00,2025-09-24T11:50:00,107,次日延续,6274.5847999999996,7827.1090249999997,6239.4285,7873.9032999999999,-1552.5242250000001,-1634.4748
2025-09-23,2025-09-23T18:00:00,18,2025-09-24T11:50:00,2025-09-24T12:00:00,108,次日延续,5943.3999999999996,7851.0900083333336,6004.0299999999997,8053.2749999999996,-1907.690008333334,-2049.245
2025-09-23,2025-09-23T18:00:00,18,2025-09-24T12:00:00,2025-09-24T12:10:00,109,次日延续,5963.6229999999996,7860.499425,6091.9441999999999,8311.7427000000007,-1896.8764250000004,-2219.798500000001
2025-09-23,2025-09-23T18:00:00,18,2025-09-24T12:10:00,2025-09-24T12:20:00,110,次日延续,6042.8846000000003,7855.3372749999999,6085.3406999999997,8192.4305000000004,-1812.4526749999995,-2107.0898000000007
2025-09-23,2025-09-23T18:00:00,18,2025-09-24T12:20:00,2025-09-24T12:30:00,111,次日延续,5935.7600000000002,7850.1751249999998,5981.3000000000002,7843.0500000000002,-1914.4151249999995,-1861.75
2025-09-23,2025-09-23T18:00:00,18,2025-09-24T12:30:00,2025-09-24T12:40:00,112,次日延续,5750.4526999999998,7845.0129749999996,6162.6481000000003,7862.0216,-2094.560275,-1699.3734999999997
2025-09-23,2025-09-23T18:00:00,18,2025-09-24T12:40:00,2025-09-24T12:50:00,113,次日延续,5868.2939999999999,7839.8508250000004,6277.6876000000002,8003.0232999999998,-1971.5568250000006,-1725.3356999999996
2025-09-23,2025-09-23T18:00:00,18,2025-09-24T12:50:00,2025-09-24T13:00:00,114,次日延续,6195.6400000000003,7834.6886750000003,6234.5200000000004,8039.3249999999998,-1639.048675,-1804.8049999999994
2025-09-23,2025-09-23T18:00:00,18,2025-09-24T13:00:00,2025-09-24T13:10:00,115,次日延续,6275.8972999999996,7706.2453500000001,6282.7183000000005,7979.1822000000002,-1430.3480500000005,-1696.4638999999997
2025-09-23,2025-09-23T18:00:00,18,2025-09-24T13:10:00,2025-09-24T13:20:00,116,次日延续,6345.2941000000001,7454.5208500000008,6250.0653000000002,7825.0370000000003,-1109.2267500000007,-1574.9717
2025-09-23,2025-09-23T18:00:00,18,2025-09-24T13:20:00,2025-09-24T13:30:00,117,次日延续,6452.3400000000001,7202.7963499999996,6110.7600000000002,7724.625,-750.4563499999995,-1613.8649999999998
2025-09-23,2025-09-23T18:00:00,18,2025-09-24T13:30:00,2025-09-24T13:40:00,118,次日延续,6365.6605,6951.0718500000003,6046.6819999999998,7829.9261999999999,-585.4113500000003,-1783.2442
2025-09-23,2025-09-23T18:00:00,18,2025-09-24T13:40:00,2025-09-24T13:50:00,119,次日延续,6201.3831,6699.3473499999991,6044.8279000000002,7733.2087000000001,-497.9642499999991,-1688.3808
2025-09-23,2025-09-23T18:00:00,18,2025-09-24T13:50:00,2025-09-24T14:00:00,120,次日延续,6157.4899999999998,6447.6228499999997,6077.5200000000004,7357.5,-290.13284999999996,-1279.9799999999996
2025-09-23,2025-09-23T18:00:00,18,2025-09-24T14:00:00,2025-09-24T14:10:00,121,次日延续,6317.2519000000002,6270.8490166666661,6134.0609000000004,7022.2651999999998,46.4028833333341,-888.2042999999994
2025-09-23,2025-09-23T18:00:00,18,2025-09-24T14:10:00,2025-09-24T14:20:00,122,次日延续,6357.8865999999998,6169.0258499999991,6129.4807000000001,6745.5645000000004,188.86075000000073,-616.0838000000003
2025-09-23,2025-09-23T18:00:00,18,2025-09-24T14:20:00,2025-09-24T14:30:00,123,次日延续,6232.4099999999999,6067.202683333333,6079.9499999999998,6514.0124999999998,165.20731666666688,-434.0625
2025-09-23,2025-09-23T18:00:00,18,2025-09-24T14:30:00,2025-09-24T14:40:00,124,次日延续,6187.2164000000002,5965.3795166666659,6081.8342000000002,6336.7267000000002,221.8368833333343,-254.89249999999993
2025-09-23,2025-09-23T18:00:00,18,2025-09-24T14:40:00,2025-09-24T14:50:00,125,次日延续,6141.0947999999999,5863.5563500000007,6078.3002999999999,6119.2209999999995,277.5384499999991,-40.92069999999967
2025-09-23,2025-09-23T18:00:00,18,2025-09-24T14:50:00,2025-09-24T15:00:00,126,次日延续,6102.6700000000001,5761.7331833333328,6120.2399999999998,5803.5375000000004,340.93681666666726,316.7024999999994
2025-09-23,2025-09-23T18:00:00,18,2025-09-24T15:00:00,2025-09-24T15:10:00,127,次日延续,6183.5469999999996,5553.1727583333331,6317.9201999999996,5411.7178999999996,630.3742416666664,906.2022999999999
2025-09-23,2025-09-23T18:00:00,18,2025-09-24T15:10:00,2025-09-24T15:20:00,128,次日延续,6214.1401999999998,5237.8750749999999,6437.9440000000004,5030.3816999999999,976.2651249999999,1407.5623000000005
2025-09-23,2025-09-23T18:00:00,18,2025-09-24T15:20:00,2025-09-24T15:30:00,129,次日延续,6189.6199999999999,4922.5773916666667,6346.1599999999999,4680.9375,1267.0426083333332,1665.2224999999999
2025-09-23,2025-09-23T18:00:00,18,2025-09-24T15:30:00,2025-09-24T15:40:00,130,次日延续,6289.1064999999999,4607.2797083333335,6170.2290000000003,4333.9877999999999,1681.8267916666664,1836.2412000000004
2025-09-23,2025-09-23T18:00:00,18,2025-09-24T15:40:00,2025-09-24T15:50:00,131,次日延续,6472.6772000000001,4291.9820250000002,6308.0964999999997,4072.7221,2180.695175,2235.3743999999997
2025-09-23,2025-09-23T18:00:00,18,2025-09-24T15:50:00,2025-09-24T16:00:00,132,次日延续,6486.0900000000001,3976.6843416666666,6544.3800000000001,3853.6500000000001,2509.4056583333336,2690.73
2025-09-23,2025-09-23T18:00:00,18,2025-09-24T16:00:00,2025-09-24T16:10:00,133,次日延续,6153.2052999999996,3633.4459749999996,6306.7574999999997,3520.9376999999999,2519.759325,2785.8197999999998
2025-09-23,2025-09-23T18:00:00,18,2025-09-24T16:10:00,2025-09-24T16:20:00,134,次日延续,6195.1639999999998,3262.2669249999999,6268.9056,3093.6747,2932.897075,3175.2309
2025-09-23,2025-09-23T18:00:00,18,2025-09-24T16:20:00,2025-09-24T16:30:00,135,次日延续,6582.1099999999997,2891.0878749999997,6476.3299999999999,2669.2874999999999,3691.022125,3807.0425
2025-09-23,2025-09-23T18:00:00,18,2025-09-24T16:30:00,2025-09-24T16:40:00,136,次日延续,6565.8743999999997,2519.908825,6313.0457999999999,2333.5643,4045.9655749999997,3979.4815
2025-09-23,2025-09-23T18:00:00,18,2025-09-24T16:40:00,2025-09-24T16:50:00,137,次日延续,6418.3483999999999,2148.7297749999998,6276.2403999999997,1998.3954000000001,4269.618625,4277.844999999999
2025-09-23,2025-09-23T18:00:00,18,2025-09-24T16:50:00,2025-09-24T17:00:00,138,次日延续,6339.2299999999996,1777.5507250000001,6483.21,1628.175,4561.6792749999995,4855.035
2025-09-23,2025-09-23T18:00:00,18,2025-09-24T17:00:00,2025-09-24T17:10:00,139,次日延续,6254.6751999999997,1459.2977666666666,6504.7611999999999,1274.1794,4795.377433333333,5230.5818
2025-09-23,2025-09-23T18:00:00,18,2025-09-24T17:10:00,2025-09-24T17:20:00,140,次日延续,6339.5328,1193.9709,6403.0655999999999,949.50850000000003,5145.5619,5453.5571
2025-09-23,2025-09-23T18:00:00,18,2025-09-24T17:20:00,2025-09-24T17:30:00,141,次日延续,6631.5799999999999,928.64403333333314,6437.6700000000001,648.78750000000002,5702.935966666667,5788.8825
2025-09-23,2025-09-23T18:00:00,18,2025-09-24T17:30:00,2025-09-24T17:40:00,142,次日延续,6777.1090000000004,663.31716666666659,6618.723,367.31639999999999,6113.791833333334,6251.4066
2025-09-23,2025-09-23T18:00:00,18,2025-09-24T17:40:00,2025-09-24T17:50:00,143,次日延续,5755.1812,397.99029999999999,5777.8215,135.00139999999999,5357.1909,5642.8201
2025-09-23,2025-09-23T18:00:00,18,2025-09-24T17:50:00,2025-09-24T18:00:00,144,次日延续,4356.7600000000002,132.66343333333339,4448.4200000000001,0,4224.096566666667,4448.42
2025-12-21,2025-12-21T00:00:00,0,2025-12-21T00:00:00,2025-12-21T00:10:00,1,当日剩余,3556.1473999999998,0,3576.1062999999999,0,3556.1474,3576.1063
2025-12-21,2025-12-21T00:00:00,0,2025-12-21T00:10:00,2025-12-21T00:20:00,2,当日剩余,3367.4634000000001,0,3537.8710000000001,0,3367.4634,3537.871
2025-12-21,2025-12-21T00:00:00,0,2025-12-21T00:20:00,2025-12-21T00:30:00,3,当日剩余,3429.29,0,3472.0999999999999,0,3429.29,3472.1
2025-12-21,2025-12-21T00:00:00,0,2025-12-21T00:30:00,2025-12-21T00:40:00,4,当日剩余,3676.3870000000002,0,3388.2602000000002,0,3676.387,3388.2602
2025-12-21,2025-12-21T00:00:00,0,2025-12-21T00:40:00,2025-12-21T00:50:00,5,当日剩余,3757.6545999999998,0,3299.4232999999999,0,3757.6546,3299.4233
2025-12-21,2025-12-21T00:00:00,0,2025-12-21T00:50:00,2025-12-21T01:00:00,6,当日剩余,3650.77,0,3349.2600000000002,0,3650.77,3349.26
2025-12-21,2025-12-21T00:00:00,0,2025-12-21T01:00:00,2025-12-21T01:10:00,7,当日剩余,3636.1785,0,3662.0911000000001,0,3636.1785,3662.0911
2025-12-21,2025-12-21T00:00:00,0,2025-12-21T01:10:00,2025-12-21T01:20:00,8,当日剩余,3630.4656,0,3799.4157,0,3630.4656,3799.4157
2025-12-21,2025-12-21T00:00:00,0,2025-12-21T01:20:00,2025-12-21T01:30:00,9,当日剩余,3593.0300000000002,0,3736.1799999999998,0,3593.03,3736.18
2025-12-21,2025-12-21T00:00:00,0,2025-12-21T01:30:00,2025-12-21T01:40:00,10,当日剩余,3602.2285999999999,0,3824.9355999999998,0,3602.2286,3824.9356
2025-12-21,2025-12-21T00:00:00,0,2025-12-21T01:40:00,2025-12-21T01:50:00,11,当日剩余,3658.5023000000001,0,3734.2080000000001,0,3658.5023,3734.208
2025-12-21,2025-12-21T00:00:00,0,2025-12-21T01:50:00,2025-12-21T02:00:00,12,当日剩余,3712.6199999999999,0,3587.1500000000001,0,3712.62,3587.15
2025-12-21,2025-12-21T00:00:00,0,2025-12-21T02:00:00,2025-12-21T02:10:00,13,当日剩余,3725.8177999999998,0,3856.4774000000002,0,3725.8178,3856.4774
2025-12-21,2025-12-21T00:00:00,0,2025-12-21T02:10:00,2025-12-21T02:20:00,14,当日剩余,3808.8429000000001,0,3923.2147,0,3808.8429,3923.2147
2025-12-21,2025-12-21T00:00:00,0,2025-12-21T02:20:00,2025-12-21T02:30:00,15,当日剩余,3949.5500000000002,0,3730.5,0,3949.55,3730.5
2025-12-21,2025-12-21T00:00:00,0,2025-12-21T02:30:00,2025-12-21T02:40:00,16,当日剩余,4008.5848000000001,0,3819.8600000000001,0,4008.5848,3819.86
2025-12-21,2025-12-21T00:00:00,0,2025-12-21T02:40:00,2025-12-21T02:50:00,17,当日剩余,3980.4250999999999,0,3791.4643999999998,0,3980.4251,3791.4644
2025-12-21,2025-12-21T00:00:00,0,2025-12-21T02:50:00,2025-12-21T03:00:00,18,当日剩余,3902.2800000000002,0,3751.73,0,3902.28,3751.73
2025-12-21,2025-12-21T00:00:00,0,2025-12-21T03:00:00,2025-12-21T03:10:00,19,当日剩余,3841.0019000000002,0,4180.5460999999996,0,3841.0019,4180.5461
2025-12-21,2025-12-21T00:00:00,0,2025-12-21T03:10:00,2025-12-21T03:20:00,20,当日剩余,3938.1938,0,4115.3326999999999,0,3938.1938,4115.3327
2025-12-21,2025-12-21T00:00:00,0,2025-12-21T03:20:00,2025-12-21T03:30:00,21,当日剩余,4040.3400000000001,0,3748.7399999999998,0,4040.34,3748.74
2025-12-21,2025-12-21T00:00:00,0,2025-12-21T03:30:00,2025-12-21T03:40:00,22,当日剩余,3859.3276999999998,0,4220.4858000000004,0,3859.3277,4220.4858
2025-12-21,2025-12-21T00:00:00,0,2025-12-21T03:40:00,2025-12-21T03:50:00,23,当日剩余,3801.431,0,4423.9256999999998,0,3801.431,4423.9257
2025-12-21,2025-12-21T00:00:00,0,2025-12-21T03:50:00,2025-12-21T04:00:00,24,当日剩余,3946.6900000000001,0,4079.1500000000001,0,3946.69,4079.15
2025-12-21,2025-12-21T00:00:00,0,2025-12-21T04:00:00,2025-12-21T04:10:00,25,当日剩余,3984.0426000000002,0,4038.9423999999999,0,3984.0426,4038.9424
2025-12-21,2025-12-21T00:00:00,0,2025-12-21T04:10:00,2025-12-21T04:20:00,26,当日剩余,4043.9085,0,4082.3953999999999,0,4043.9085,4082.3954
2025-12-21,2025-12-21T00:00:00,0,2025-12-21T04:20:00,2025-12-21T04:30:00,27,当日剩余,4208.3400000000001,0,4064.8699999999999,0,4208.34,4064.87
2025-12-21,2025-12-21T00:00:00,0,2025-12-21T04:30:00,2025-12-21T04:40:00,28,当日剩余,4361.7707,0,4121.8783999999996,0,4361.7707,4121.8784
2025-12-21,2025-12-21T00:00:00,0,2025-12-21T04:40:00,2025-12-21T04:50:00,29,当日剩余,4272.1392999999998,0,4083.6154000000001,0,4272.1393,4083.6154
2025-12-21,2025-12-21T00:00:00,0,2025-12-21T04:50:00,2025-12-21T05:00:00,30,当日剩余,4064.6799999999998,0,4032.3099999999999,0,4064.68,4032.31
2025-12-21,2025-12-21T00:00:00,0,2025-12-21T05:00:00,2025-12-21T05:10:00,31,当日剩余,4095.3382999999999,0,4217.9422000000004,0.0023,4095.3383,4217.9399
2025-12-21,2025-12-21T00:00:00,0,2025-12-21T05:10:00,2025-12-21T05:20:00,32,当日剩余,4118.0415000000003,0,4253.2484000000004,0,4118.0415,4253.2484
2025-12-21,2025-12-21T00:00:00,0,2025-12-21T05:20:00,2025-12-21T05:30:00,33,当日剩余,4041.1599999999999,0,4066.5799999999999,0,4041.16,4066.58
2025-12-21,2025-12-21T00:00:00,0,2025-12-21T05:30:00,2025-12-21T05:40:00,34,当日剩余,4101.2525999999998,0,4077.7781,0.031600000000000003,4101.2526,4077.7465
2025-12-21,2025-12-21T00:00:00,0,2025-12-21T05:40:00,2025-12-21T05:50:00,35,当日剩余,4586.0753000000004,0,4717.7146000000002,0,4586.0753,4717.7146
2025-12-21,2025-12-21T00:00:00,0,2025-12-21T05:50:00,2025-12-21T06:00:00,36,当日剩余,5227.2700000000004,0,5490.6499999999996,0,5227.27,5490.65
2025-12-21,2025-12-21T00:00:00,0,2025-12-21T06:00:00,2025-12-21T06:10:00,37,当日剩余,5402.0967000000001,0,5439.3180000000002,0.44059999999999999,5402.0967,5438.8774
2025-12-21,2025-12-21T00:00:00,0,2025-12-21T06:10:00,2025-12-21T06:20:00,38,当日剩余,5325.5478000000003,0,5407.8325000000004,0,5325.5478,5407.8325
2025-12-21,2025-12-21T00:00:00,0,2025-12-21T06:20:00,2025-12-21T06:30:00,39,当日剩余,5273.4099999999999,0,5587.0500000000002,0,5273.41,5587.05
2025-12-21,2025-12-21T00:00:00,0,2025-12-21T06:30:00,2025-12-21T06:40:00,40,当日剩余,5332.3028000000004,0,5351.2866000000004,6.1365999999999996,5332.3028,5345.150000000001
2025-12-21,2025-12-21T00:00:00,0,2025-12-21T06:40:00,2025-12-21T06:50:00,41,当日剩余,5448.9624999999996,0,5233.2489999999998,0,5448.9625,5233.249
2025-12-21,2025-12-21T00:00:00,0,2025-12-21T06:50:00,2025-12-21T07:00:00,42,当日剩余,5477.0900000000001,0,5374.1999999999998,0,5477.09,5374.2
2025-12-21,2025-12-21T00:00:00,0,2025-12-21T07:00:00,2025-12-21T07:10:00,43,当日剩余,5311.6794,131.16603333333333,5360.7840999999999,172.68289999999999,5180.513366666667,5188.1012
2025-12-21,2025-12-21T00:00:00,0,2025-12-21T07:10:00,2025-12-21T07:20:00,44,当日剩余,5235.8537999999999,393.49810000000002,5321.3095999999996,420.03559999999999,4842.3557,4901.273999999999
2025-12-21,2025-12-21T00:00:00,0,2025-12-21T07:20:00,2025-12-21T07:30:00,45,当日剩余,5263.9499999999998,655.83016666666674,5231.7200000000003,690.67499999999995,4608.119833333333,4541.045
2025-12-21,2025-12-21T00:00:00,0,2025-12-21T07:30:00,2025-12-21T07:40:00,46,当日剩余,5254.4508999999998,918.16223333333346,5065.8846999999996,996.73770000000002,4336.288666666666,4069.1469999999995
2025-12-21,2025-12-21T00:00:00,0,2025-12-21T07:40:00,2025-12-21T07:50:00,47,当日剩余,5860.2659999999996,1180.4943000000001,5889.1246000000001,1276.7125000000001,4679.771699999999,4612.4121
2025-12-21,2025-12-21T00:00:00,0,2025-12-21T07:50:00,2025-12-21T08:00:00,48,当日剩余,6843.6099999999997,1442.8263666666667,7180.79,1539.8625,5400.783633333333,5640.9275
2025-12-21,2025-12-21T00:00:00,0,2025-12-21T08:00:00,2025-12-21T08:10:00,49,当日剩余,7193.4429,1711.2892916666667,7254.3509999999997,1860.1541,5482.153608333333,5394.1969
2025-12-21,2025-12-21T00:00:00,0,2025-12-21T08:10:00,2025-12-21T08:20:00,50,当日剩余,7169.2307000000001,1985.8830750000002,7152.8954999999996,2211.6206000000002,5183.347625,4941.274899999999
2025-12-21,2025-12-21T00:00:00,0,2025-12-21T08:20:00,2025-12-21T08:30:00,51,当日剩余,7137.3299999999999,2260.4768583333334,7367.0100000000002,2579.625,4876.8531416666665,4787.385
2025-12-21,2025-12-21T00:00:00,0,2025-12-21T08:30:00,2025-12-21T08:40:00,52,当日剩余,7192.1147000000001,2535.0706416666667,7333.1325999999999,2953.1786999999999,4657.044058333333,4379.9539
2025-12-21,2025-12-21T00:00:00,0,2025-12-21T08:40:00,2025-12-21T08:50:00,53,当日剩余,7234.7978999999996,2809.6644249999999,7276.0603000000001,3195.6035000000002,4425.133475,4080.4568
2025-12-21,2025-12-21T00:00:00,0,2025-12-21T08:50:00,2025-12-21T09:00:00,54,当日剩余,7206.4499999999998,3084.2582083333332,7255.6499999999996,3341.5875000000001,4122.191791666666,3914.0624999999995
2025-12-21,2025-12-21T00:00:00,0,2025-12-21T09:00:00,2025-12-21T09:10:00,55,当日剩余,7154.2552999999998,3332.7700666666665,7076.8086000000003,3572.7867000000001,3821.4852333333333,3504.0219
2025-12-21,2025-12-21T00:00:00,0,2025-12-21T09:10:00,2025-12-21T09:20:00,56,当日剩余,7197.8707000000004,3555.1999999999998,7014.1683000000003,3848.0560999999998,3642.6707000000006,3166.1122000000005
2025-12-21,2025-12-21T00:00:00,0,2025-12-21T09:20:00,2025-12-21T09:30:00,57,当日剩余,7265.2799999999997,3777.6299333333332,7150.5900000000001,4116.6000000000004,3487.6500666666666,3033.99
2025-12-21,2025-12-21T00:00:00,0,2025-12-21T09:30:00,2025-12-21T09:40:00,58,当日剩余,7159.0986000000003,4000.0598666666665,7259.4501,4370.6968999999999,3159.0387333333338,2888.7532
2025-12-21,2025-12-21T00:00:00,0,2025-12-21T09:40:00,2025-12-21T09:50:00,59,当日剩余,7013.0091000000002,4222.4898000000003,7142.6819999999998,4583.0793000000003,2790.5193,2559.6026999999995
2025-12-21,2025-12-21T00:00:00,0,2025-12-21T09:50:00,2025-12-21T10:00:00,60,当日剩余,6980.6800000000003,4444.9197333333323,6912.2299999999996,4750.3874999999998,2535.760266666668,2161.8424999999997
2025-12-21,2025-12-21T00:00:00,0,2025-12-21T10:00:00,2025-12-21T10:10:00,61,当日剩余,7094.7959000000001,4598.8157499999988,6873.3728000000001,4886.2111000000004,2495.9801500000012,1987.1616999999997
2025-12-21,2025-12-21T00:00:00,0,2025-12-21T10:10:00,2025-12-21T10:20:00,62,当日剩余,7168.5149000000001,4684.17785,6913.1885000000002,4956.6279000000004,2484.33705,1956.5605999999998
2025-12-21,2025-12-21T00:00:00,0,2025-12-21T10:20:00,2025-12-21T10:30:00,63,当日剩余,7054.1700000000001,4769.5399500000003,6951.4700000000003,4960.7624999999998,2284.6300499999998,1990.7075000000004
2025-12-21,2025-12-21T00:00:00,0,2025-12-21T10:30:00,2025-12-21T10:40:00,64,当日剩余,6816.1589999999997,4854.9020500000006,7040.6918999999998,4946.2148999999999,1961.256949999999,2094.477
2025-12-21,2025-12-21T00:00:00,0,2025-12-21T10:40:00,2025-12-21T10:50:00,65,当日剩余,6956.2799000000005,4940.26415,7195.1724000000004,4968.8078999999998,2016.0157500000005,2226.3645000000006
2025-12-21,2025-12-21T00:00:00,0,2025-12-21T10:50:00,2025-12-21T11:00:00,66,当日剩余,7231.7700000000004,5025.6262500000003,7266.6199999999999,4979.2124999999996,2206.14375,2287.4075000000003
2025-12-21,2025-12-21T00:00:00,0,2025-12-21T11:00:00,2025-12-21T11:10:00,67,当日剩余,6895.6311999999998,5112.921108333333,7080.5803999999998,4907.9946,1782.7100916666668,2172.5858
2025-12-21,2025-12-21T00:00:00,0,2025-12-21T11:10:00,2025-12-21T11:20:00,68,当日剩余,6569.4147999999996,5202.148725,6948.6094000000003,5015.1025,1367.2660749999995,1933.5069000000003
2025-12-21,2025-12-21T00:00:00,0,2025-12-21T11:20:00,2025-12-21T11:30:00,69,当日剩余,6633.54,5291.3763416666661,6954.1599999999999,5256.3374999999996,1342.1636583333338,1697.8225000000002
2025-12-21,2025-12-21T00:00:00,0,2025-12-21T11:30:00,2025-12-21T11:40:00,70,当日剩余,6836.8730999999998,5380.6039583333331,6860.0706,5348.0182000000004,1456.2691416666667,1512.0523999999996
2025-12-21,2025-12-21T00:00:00,0,2025-12-21T11:40:00,2025-12-21T11:50:00,71,当日剩余,6790.7754999999997,5469.8315750000002,6565.9336999999996,5577.6891999999998,1320.9439249999996,988.2444999999998
2025-12-21,2025-12-21T00:00:00,0,2025-12-21T11:50:00,2025-12-21T12:00:00,72,当日剩余,6491.3699999999999,5559.0591916666672,6330.8999999999996,5890.8000000000002,932.3108083333327,440.09999999999945
2025-12-21,2025-12-21T00:00:00,0,2025-12-21T12:00:00,2025-12-21T12:10:00,73,当日剩余,6294.9218000000001,5614.1453583333332,6501.8630000000003,5904.8948,680.7764416666669,596.9682000000003
2025-12-21,2025-12-21T00:00:00,0,2025-12-21T12:10:00,2025-12-21T12:20:00,74,当日剩余,6333.9075999999995,5635.0900750000001,6520.3343999999997,5868.1644999999999,698.8175249999995,652.1698999999999
2025-12-21,2025-12-21T00:00:00,0,2025-12-21T12:20:00,2025-12-21T12:30:00,75,当日剩余,6365.04,5656.034791666666,6273.3100000000004,5864.6999999999998,709.0052083333339,408.6100000000006
2025-12-21,2025-12-21T00:00:00,0,2025-12-21T12:30:00,2025-12-21T12:40:00,76,当日剩余,6091.6908999999996,5676.9795083333329,6234.7566999999999,5722.7660999999998,414.7113916666667,511.9906000000001
2025-12-21,2025-12-21T00:00:00,0,2025-12-21T12:40:00,2025-12-21T12:50:00,77,当日剩余,6220.5541000000003,5697.9242249999998,6512.7629999999999,5549.8703999999998,522.6298750000005,962.8926000000001
2025-12-21,2025-12-21T00:00:00,0,2025-12-21T12:50:00,2025-12-21T13:00:00,78,当日剩余,6701.3999999999996,5718.8689416666666,6836.4399999999996,5390.4375,982.531058333333,1446.0024999999996
2025-12-21,2025-12-21T00:00:00,0,2025-12-21T13:00:00,2025-12-21T13:10:00,79,当日剩余,6744.8710000000001,5661.3728083333335,6797.3346000000001,5211.4597000000003,1083.4981916666666,1585.8748999999998
2025-12-21,2025-12-21T00:00:00,0,2025-12-21T13:10:00,2025-12-21T13:20:00,80,当日剩余,6634.9633000000003,5525.4358250000005,6554.3855999999996,5202.0685999999996,1109.5274749999999,1352.317
2025-12-21,2025-12-21T00:00:00,0,2025-12-21T13:20:00,2025-12-21T13:30:00,81,当日剩余,6593.6599999999999,5389.4988416666665,6350.0799999999999,5287.9499999999998,1204.1611583333333,1062.13
2025-12-21,2025-12-21T00:00:00,0,2025-12-21T13:30:00,2025-12-21T13:40:00,82,当日剩余,6524.9678999999996,5253.5618583333335,6333.4080000000004,5178.3498,1271.4060416666662,1155.0582000000004
2025-12-21,2025-12-21T00:00:00,0,2025-12-21T13:40:00,2025-12-21T13:50:00,83,当日剩余,6428.5753999999997,5117.6248749999995,6515.4463999999998,4993.7016999999996,1310.9505250000002,1521.7447000000002
2025-12-21,2025-12-21T00:00:00,0,2025-12-21T13:50:00,2025-12-21T14:00:00,84,当日剩余,6371.2399999999998,4981.6878916666665,6658.8100000000004,4847.5124999999998,1389.5521083333333,1811.2975000000006
2025-12-21,2025-12-21T00:00:00,0,2025-12-21T14:00:00,2025-12-21T14:10:00,85,当日剩余,6434.9471000000003,4782.8920083333333,6474.7834000000003,4705.4039000000002,1652.055091666667,1769.3795
2025-12-21,2025-12-21T00:00:00,0,2025-12-21T14:10:00,2025-12-21T14:20:00,86,当日剩余,6598.0290000000005,4521.2372249999999,6311.1097,4404.8152,2076.7917750000006,1906.2945
2025-12-21,2025-12-21T00:00:00,0,2025-12-21T14:20:00,2025-12-21T14:30:00,87,当日剩余,6653.6199999999999,4259.5824416666665,6293.5699999999997,3988.3874999999998,2394.0375583333334,2305.1825
2025-12-21,2025-12-21T00:00:00,0,2025-12-21T14:30:00,2025-12-21T14:40:00,88,当日剩余,6413.1095999999998,3997.9276583333331,6241.0874999999996,3658.7815000000001,2415.1819416666667,2582.3059999999996
2025-12-21,2025-12-21T00:00:00,0,2025-12-21T14:40:00,2025-12-21T14:50:00,89,当日剩余,6368.7624999999998,3736.2728750000001,6267.6329999999998,3321.4364999999998,2632.4896249999997,2946.1965
2025-12-21,2025-12-21T00:00:00,0,2025-12-21T14:50:00,2025-12-21T15:00:00,90,当日剩余,6558.0600000000004,3474.6180916666667,6308.8299999999999,2957.5875000000001,3083.4419083333337,3351.2425
2025-12-21,2025-12-21T00:00:00,0,2025-12-21T15:00:00,2025-12-21T15:10:00,91,当日剩余,6527.0273999999999,3186.0626083333332,6184.3164999999999,2665.5949999999998,3340.9647916666668,3518.7215
2025-12-21,2025-12-21T00:00:00,0,2025-12-21T15:10:00,2025-12-21T15:20:00,92,当日剩余,6364.2020000000002,2870.6064249999999,6249.4409999999998,2404.6044999999999,3493.5955750000003,3844.8365
2025-12-21,2025-12-21T00:00:00,0,2025-12-21T15:20:00,2025-12-21T15:30:00,93,当日剩余,6331.1400000000003,2555.1502416666663,6412.9899999999998,2166.8625000000002,3775.989758333334,4246.1275
2025-12-21,2025-12-21T00:00:00,0,2025-12-21T15:30:00,2025-12-21T15:40:00,94,当日剩余,6556.5546999999997,2239.6940583333335,6229.2354999999998,1977.0681,4316.860641666666,4252.1674
2025-12-21,2025-12-21T00:00:00,0,2025-12-21T15:40:00,2025-12-21T15:50:00,95,当日剩余,6541.9727999999996,1924.2378749999998,6140.1247999999996,1719.0539000000001,4617.734925,4421.0709
2025-12-21,2025-12-21T00:00:00,0,2025-12-21T15:50:00,2025-12-21T16:00:00,96,当日剩余,6227.8800000000001,1608.7816916666668,6190.4200000000001,1414.8375000000001,4619.098308333333,4775.5825
2025-12-21,2025-12-21T00:00:00,0,2025-12-21T16:00:00,2025-12-21T16:10:00,97,当日剩余,6048.8828999999996,1330.1324666666667,6007.3440000000001,1199.0527999999999,4718.750433333333,4808.2912
2025-12-21,2025-12-21T00:00:00,0,2025-12-21T16:10:00,2025-12-21T16:20:00,98,当日剩余,6034.5319,1088.2901999999999,6021.8302000000003,965.97130000000004,4946.2417000000005,5055.8589
2025-12-21,2025-12-21T00:00:00,0,2025-12-21T16:20:00,2025-12-21T16:30:00,99,当日剩余,6170.79,846.44793333333325,6231.2799999999997,680.625,5324.342066666667,5550.655
2025-12-21,2025-12-21T00:00:00,0,2025-12-21T16:30:00,2025-12-21T16:40:00,100,当日剩余,6408.9188000000004,604.60566666666659,6177.7882,419.03140000000002,5804.313133333334,5758.7568
2025-12-21,2025-12-21T00:00:00,0,2025-12-21T16:40:00,2025-12-21T16:50:00,101,当日剩余,6333.2123000000001,362.76339999999999,6130.9975999999997,173.8125,5970.4489,5957.1851
2025-12-21,2025-12-21T00:00:00,0,2025-12-21T16:50:00,2025-12-21T17:00:00,102,当日剩余,6089.5299999999997,120.92113333333339,6172.7799999999997,0,5968.6088666666665,6172.78
2025-12-21,2025-12-21T00:00:00,0,2025-12-21T17:00:00,2025-12-21T17:10:00,103,当日剩余,6226.7838000000002,0,6112.1742000000004,0,6226.7838,6112.1742
2025-12-21,2025-12-21T00:00:00,0,2025-12-21T17:10:00,2025-12-21T17:20:00,104,当日剩余,6316.6850000000004,0,6160.7026999999998,6.2008999999999999,6316.685,6154.5018
2025-12-21,2025-12-21T00:00:00,0,2025-12-21T17:20:00,2025-12-21T17:30:00,105,当日剩余,6285.5699999999997,0,6338.7700000000004,0,6285.57,6338.77
2025-12-21,2025-12-21T00:00:00,0,2025-12-21T17:30:00,2025-12-21T17:40:00,106,当日剩余,6346.6990999999998,0,6290.0947999999999,0,6346.6991,6290.0948
2025-12-21,2025-12-21T00:00:00,0,2025-12-21T17:40:00,2025-12-21T17:50:00,107,当日剩余,5515.7470000000003,0,5392.9058000000005,0.44519999999999998,5515.747,5392.4606
2025-12-21,2025-12-21T00:00:00,0,2025-12-21T17:50:00,2025-12-21T18:00:00,108,当日剩余,4303.3299999999999,0,4275.8000000000002,0,4303.33,4275.8
2025-12-21,2025-12-21T00:00:00,0,2025-12-21T18:00:00,2025-12-21T18:10:00,109,当日剩余,4324.9495999999999,0,4292.4867000000004,0,4324.9496,4292.4867
2025-12-21,2025-12-21T00:00:00,0,2025-12-21T18:10:00,2025-12-21T18:20:00,110,当日剩余,4468.0789000000004,0,4489.6396000000004,0.032000000000000001,4468.0789,4489.6076
2025-12-21,2025-12-21T00:00:00,0,2025-12-21T18:20:00,2025-12-21T18:30:00,111,当日剩余,4202.04,0,4380.0500000000002,0,4202.04,4380.05
2025-12-21,2025-12-21T00:00:00,0,2025-12-21T18:30:00,2025-12-21T18:40:00,112,当日剩余,4124.9898000000003,0,4406.0663000000004,0,4124.9898,4406.0663
2025-12-21,2025-12-21T00:00:00,0,2025-12-21T18:40:00,2025-12-21T18:50:00,113,当日剩余,4217.5756000000001,0,4500.5015999999996,0.0023,4217.5756,4500.4992999999995
2025-12-21,2025-12-21T00:00:00,0,2025-12-21T18:50:00,2025-12-21T19:00:00,114,当日剩余,4331.6499999999996,0,4490.7600000000002,0,4331.65,4490.76
2025-12-21,2025-12-21T00:00:00,0,2025-12-21T19:00:00,2025-12-21T19:10:00,115,当日剩余,4392.2897999999996,0,4334.8994000000002,0,4392.2898,4334.8994
2025-12-21,2025-12-21T00:00:00,0,2025-12-21T19:10:00,2025-12-21T19:20:00,116,当日剩余,4452.6764999999996,0,4356.9930999999997,0,4452.6765,4356.9931
2025-12-21,2025-12-21T00:00:00,0,2025-12-21T19:20:00,2025-12-21T19:30:00,117,当日剩余,4460.1499999999996,0,4466.5900000000001,0,4460.15,4466.59
2025-12-21,2025-12-21T00:00:00,0,2025-12-21T19:30:00,2025-12-21T19:40:00,118,当日剩余,4319.3481000000002,0,4301.5721999999996,0,4319.3481,4301.5722
2025-12-21,2025-12-21T00:00:00,0,2025-12-21T19:40:00,2025-12-21T19:50:00,119,当日剩余,4300.7541000000001,0,4398.7169999999996,0,4300.7541,4398.717
2025-12-21,2025-12-21T00:00:00,0,2025-12-21T19:50:00,2025-12-21T20:00:00,120,当日剩余,4470.4300000000003,0,4681.6099999999997,0,4470.43,4681.61
2025-12-21,2025-12-21T00:00:00,0,2025-12-21T20:00:00,2025-12-21T20:10:00,121,当日剩余,4598.7249000000002,0,4485.5154000000002,0,4598.7249,4485.5154
2025-12-21,2025-12-21T00:00:00,0,2025-12-21T20:10:00,2025-12-21T20:20:00,122,当日剩余,4477.4264000000003,0,4156.9026000000003,0,4477.4264,4156.9026
2025-12-21,2025-12-21T00:00:00,0,2025-12-21T20:20:00,2025-12-21T20:30:00,123,当日剩余,4241.7399999999998,0,4090.5100000000002,0,4241.74,4090.51
2025-12-21,2025-12-21T00:00:00,0,2025-12-21T20:30:00,2025-12-21T20:40:00,124,当日剩余,4240.8972000000003,0,4322.2266,0,4240.8972,4322.2266
2025-12-21,2025-12-21T00:00:00,0,2025-12-21T20:40:00,2025-12-21T20:50:00,125,当日剩余,4345.2631000000001,0,4336.8010000000004,0,4345.2631,4336.801
2025-12-21,2025-12-21T00:00:00,0,2025-12-21T20:50:00,2025-12-21T21:00:00,126,当日剩余,4397.1000000000004,0,4144.46,0,4397.1,4144.46
2025-12-21,2025-12-21T00:00:00,0,2025-12-21T21:00:00,2025-12-21T21:10:00,127,当日剩余,4366.5968999999996,0,4227.2610000000004,0,4366.5969,4227.261
2025-12-21,2025-12-21T00:00:00,0,2025-12-21T21:10:00,2025-12-21T21:20:00,128,当日剩余,4352.2443999999996,0,4326.9642999999996,0,4352.2444,4326.9643
2025-12-21,2025-12-21T00:00:00,0,2025-12-21T21:20:00,2025-12-21T21:30:00,129,当日剩余,4432.75,0,4357.8299999999999,0,4432.75,4357.83
2025-12-21,2025-12-21T00:00:00,0,2025-12-21T21:30:00,2025-12-21T21:40:00,130,当日剩余,4519.7624999999998,0,4437.1142,0,4519.7625,4437.1142
2025-12-21,2025-12-21T00:00:00,0,2025-12-21T21:40:00,2025-12-21T21:50:00,131,当日剩余,4098.3810999999996,0,4070.9953999999998,0,4098.3811,4070.9954
2025-12-21,2025-12-21T00:00:00,0,2025-12-21T21:50:00,2025-12-21T22:00:00,132,当日剩余,3422.1700000000001,0,3434.4000000000001,0,3422.17,3434.4
2025-12-21,2025-12-21T00:00:00,0,2025-12-21T22:00:00,2025-12-21T22:10:00,133,当日剩余,3317.5117,0,3270.5538999999999,0,3317.5117,3270.5539
2025-12-21,2025-12-21T00:00:00,0,2025-12-21T22:10:00,2025-12-21T22:20:00,134,当日剩余,3418.9331000000002,0,3305.0167999999999,0,3418.9331,3305.0168
2025-12-21,2025-12-21T00:00:00,0,2025-12-21T22:20:00,2025-12-21T22:30:00,135,当日剩余,3395.77,0,3255.5999999999999,0,3395.77,3255.6
2025-12-21,2025-12-21T00:00:00,0,2025-12-21T22:30:00,2025-12-21T22:40:00,136,当日剩余,3290.1473999999998,0,3155.5140000000001,0,3290.1474,3155.514
2025-12-21,2025-12-21T00:00:00,0,2025-12-21T22:40:00,2025-12-21T22:50:00,137,当日剩余,3259.7689999999998,0,3260.3634999999999,0,3259.769,3260.3635
2025-12-21,2025-12-21T00:00:00,0,2025-12-21T22:50:00,2025-12-21T23:00:00,138,当日剩余,3349.9499999999998,0,3508.9699999999998,0,3349.95,3508.97
2025-12-21,2025-12-21T00:00:00,0,2025-12-21T23:00:00,2025-12-21T23:10:00,139,当日剩余,3468.8978999999999,0,3554.7154,0,3468.8979,3554.7154
2025-12-21,2025-12-21T00:00:00,0,2025-12-21T23:10:00,2025-12-21T23:20:00,140,当日剩余,3527.7800000000002,0,3395.6628000000001,0,3527.78,3395.6628
2025-12-21,2025-12-21T00:00:00,0,2025-12-21T23:20:00,2025-12-21T23:30:00,141,当日剩余,3469.79,0,3305.5900000000001,0,3469.79,3305.59
2025-12-21,2025-12-21T00:00:00,0,2025-12-21T23:30:00,2025-12-21T23:40:00,142,当日剩余,3342.6140999999998,0,3539.7613000000001,0,3342.6141,3539.7613
2025-12-21,2025-12-21T00:00:00,0,2025-12-21T23:40:00,2025-12-21T23:50:00,143,当日剩余,3467.4897999999998,0,3571.991,0,3467.4898,3571.991
2025-12-21,2025-12-21T00:00:00,0,2025-12-21T23:50:00,2025-12-22T00:00:00,144,当日剩余,3657.7800000000002,0,3464.4000000000001,0,3657.78,3464.4
2025-12-21,2025-12-21T06:00:00,6,2025-12-21T06:00:00,2025-12-21T06:10:00,1,当日剩余,5418.1403733768675,0,5439.3180000000002,0.44059999999999999,5418.1403733768675,5438.8774
2025-12-21,2025-12-21T06:00:00,6,2025-12-21T06:10:00,2025-12-21T06:20:00,2,当日剩余,5341.5914733768677,0,5407.8325000000004,0,5341.591473376868,5407.8325
2025-12-21,2025-12-21T06:00:00,6,2025-12-21T06:20:00,2025-12-21T06:30:00,3,当日剩余,5289.4536733768673,0,5587.0500000000002,0,5289.453673376867,5587.05
2025-12-21,2025-12-21T06:00:00,6,2025-12-21T06:30:00,2025-12-21T06:40:00,4,当日剩余,5348.3464733768678,0,5351.2866000000004,6.1365999999999996,5348.346473376868,5345.150000000001
2025-12-21,2025-12-21T06:00:00,6,2025-12-21T06:40:00,2025-12-21T06:50:00,5,当日剩余,5465.0061733768671,0,5233.2489999999998,0,5465.006173376867,5233.249
2025-12-21,2025-12-21T06:00:00,6,2025-12-21T06:50:00,2025-12-21T07:00:00,6,当日剩余,5493.1336733768676,0,5374.1999999999998,0,5493.133673376868,5374.2
2025-12-21,2025-12-21T06:00:00,6,2025-12-21T07:00:00,2025-12-21T07:10:00,7,当日剩余,5327.7230733768674,130.67469166666666,5360.7840999999999,172.68289999999999,5197.0483817102,5188.1012
2025-12-21,2025-12-21T06:00:00,6,2025-12-21T07:10:00,2025-12-21T07:20:00,8,当日剩余,5251.8974733768673,392.02407499999998,5321.3095999999996,420.03559999999999,4859.873398376867,4901.273999999999
2025-12-21,2025-12-21T06:00:00,6,2025-12-21T07:20:00,2025-12-21T07:30:00,9,当日剩余,5279.9936733768673,653.37345833333336,5231.7200000000003,690.67499999999995,4626.620215043534,4541.045
2025-12-21,2025-12-21T06:00:00,6,2025-12-21T07:30:00,2025-12-21T07:40:00,10,当日剩余,5270.4945733768673,914.72284166666668,5065.8846999999996,996.73770000000002,4355.771731710201,4069.1469999999995
2025-12-21,2025-12-21T06:00:00,6,2025-12-21T07:40:00,2025-12-21T07:50:00,11,当日剩余,5876.3096733768671,1176.0722249999999,5889.1246000000001,1276.7125000000001,4700.237448376867,4612.4121
2025-12-21,2025-12-21T06:00:00,6,2025-12-21T07:50:00,2025-12-21T08:00:00,12,当日剩余,6859.6536733768671,1437.4216083333331,7180.79,1539.8625,5422.232065043534,5640.9275
2025-12-21,2025-12-21T06:00:00,6,2025-12-21T08:00:00,2025-12-21T08:10:00,13,当日剩余,7209.4865733768675,1719.8529249999997,7254.3509999999997,1860.1541,5489.633648376868,5394.1969
2025-12-21,2025-12-21T06:00:00,6,2025-12-21T08:10:00,2025-12-21T08:20:00,14,当日剩余,7185.2743733768675,2023.3661749999999,7152.8954999999996,2211.6206000000002,5161.908198376867,4941.274899999999
2025-12-21,2025-12-21T06:00:00,6,2025-12-21T08:20:00,2025-12-21T08:30:00,15,当日剩余,7153.3736733768674,2326.8794250000001,7367.0100000000002,2579.625,4826.494248376867,4787.385
2025-12-21,2025-12-21T06:00:00,6,2025-12-21T08:30:00,2025-12-21T08:40:00,16,当日剩余,7208.1583733768675,2630.3926750000001,7333.1325999999999,2953.1786999999999,4577.7656983768675,4379.9539
2025-12-21,2025-12-21T06:00:00,6,2025-12-21T08:40:00,2025-12-21T08:50:00,17,当日剩余,7250.841573376867,2933.9059249999996,7276.0603000000001,3195.6035000000002,4316.935648376868,4080.4568
2025-12-21,2025-12-21T06:00:00,6,2025-12-21T08:50:00,2025-12-21T09:00:00,18,当日剩余,7222.4936733768673,3237.419175,7255.6499999999996,3341.5875000000001,3985.0744983768673,3914.0624999999995
2025-12-21,2025-12-21T06:00:00,6,2025-12-21T09:00:00,2025-12-21T09:10:00,19,当日剩余,7170.2989733768673,3521.8339083333335,7076.8086000000003,3572.7867000000001,3648.4650650435337,3504.0219
2025-12-21,2025-12-21T06:00:00,6,2025-12-21T09:10:00,2025-12-21T09:20:00,20,当日剩余,7213.9143733768678,3787.1501249999997,7014.1683000000003,3848.0560999999998,3426.764248376868,3166.1122000000005
2025-12-21,2025-12-21T06:00:00,6,2025-12-21T09:20:00,2025-12-21T09:30:00,21,当日剩余,7281.3236733768672,4052.4663416666663,7150.5900000000001,4116.6000000000004,3228.857331710201,3033.99
2025-12-21,2025-12-21T06:00:00,6,2025-12-21T09:30:00,2025-12-21T09:40:00,22,当日剩余,7175.1422733768677,4317.7825583333333,7259.4501,4370.6968999999999,2857.3597150435344,2888.7532
2025-12-21,2025-12-21T06:00:00,6,2025-12-21T09:40:00,2025-12-21T09:50:00,23,当日剩余,7029.0527733768677,4583.0987749999995,7142.6819999999998,4583.0793000000003,2445.953998376868,2559.6026999999995
2025-12-21,2025-12-21T06:00:00,6,2025-12-21T09:50:00,2025-12-21T10:00:00,24,当日剩余,6996.7236733768677,4848.4149916666665,6912.2299999999996,4750.3874999999998,2148.308681710201,2161.8424999999997
2025-12-21,2025-12-21T06:00:00,6,2025-12-21T10:00:00,2025-12-21T10:10:00,25,当日剩余,7110.8395733768675,4997.1833666666662,6873.3728000000001,4886.2111000000004,2113.6562067102013,1987.1616999999997
2025-12-21,2025-12-21T06:00:00,6,2025-12-21T10:10:00,2025-12-21T10:20:00,26,当日剩余,7184.5585733768676,5029.4038999999993,6913.1885000000002,4956.6279000000004,2155.1546733768682,1956.5605999999998
2025-12-21,2025-12-21T06:00:00,6,2025-12-21T10:20:00,2025-12-21T10:30:00,27,当日剩余,7070.2136733768675,5061.6244333333325,6951.4700000000003,4960.7624999999998,2008.589240043535,1990.7075000000004
2025-12-21,2025-12-21T06:00:00,6,2025-12-21T10:30:00,2025-12-21T10:40:00,28,当日剩余,6832.2026733768671,5093.8449666666666,7040.6918999999998,4946.2148999999999,1738.3577067102005,2094.477
2025-12-21,2025-12-21T06:00:00,6,2025-12-21T10:40:00,2025-12-21T10:50:00,29,当日剩余,6972.3235733768679,5126.0655000000006,7195.1724000000004,4968.8078999999998,1846.2580733768673,2226.3645000000006
2025-12-21,2025-12-21T06:00:00,6,2025-12-21T10:50:00,2025-12-21T11:00:00,30,当日剩余,7247.8136733768679,5158.2860333333338,7266.6199999999999,4979.2124999999996,2089.527640043534,2287.4075000000003
2025-12-21,2025-12-21T06:00:00,6,2025-12-21T11:00:00,2025-12-21T11:10:00,31,当日剩余,6911.6748733768673,5277.9484499999999,7080.5803999999998,4907.9946,1633.7264233768674,2172.5858
2025-12-21,2025-12-21T06:00:00,6,2025-12-21T11:10:00,2025-12-21T11:20:00,32,当日剩余,6585.458473376867,5485.0527500000007,6948.6094000000003,5015.1025,1100.4057233768663,1933.5069000000003
2025-12-21,2025-12-21T06:00:00,6,2025-12-21T11:20:00,2025-12-21T11:30:00,33,当日剩余,6649.5836733768674,5692.1570499999998,6954.1599999999999,5256.3374999999996,957.4266233768676,1697.8225000000002
2025-12-21,2025-12-21T06:00:00,6,2025-12-21T11:30:00,2025-12-21T11:40:00,34,当日剩余,6852.9167733768672,5899.2613500000007,6860.0706,5348.0182000000004,953.6554233768666,1512.0523999999996
2025-12-21,2025-12-21T06:00:00,6,2025-12-21T11:40:00,2025-12-21T11:50:00,35,当日剩余,6806.8191733768672,6106.3656499999997,6565.9336999999996,5577.6891999999998,700.4535233768675,988.2444999999998
2025-12-21,2025-12-21T06:00:00,6,2025-12-21T11:50:00,2025-12-21T12:00:00,36,当日剩余,6507.4136733768673,6313.4699499999997,6330.8999999999996,5890.8000000000002,193.94372337686764,440.09999999999945
2025-12-21,2025-12-21T06:00:00,6,2025-12-21T12:00:00,2025-12-21T12:10:00,37,当日剩余,6310.9654733768675,6357.1205249999994,6501.8630000000003,5904.8948,-46.15505162313184,596.9682000000003
2025-12-21,2025-12-21T06:00:00,6,2025-12-21T12:10:00,2025-12-21T12:20:00,38,当日剩余,6349.951273376867,6237.3173749999996,6520.3343999999997,5868.1644999999999,112.63389837686736,652.1698999999999
2025-12-21,2025-12-21T06:00:00,6,2025-12-21T12:20:00,2025-12-21T12:30:00,39,当日剩余,6381.0836733768674,6117.5142249999999,6273.3100000000004,5864.6999999999998,263.5694483768675,408.6100000000006
2025-12-21,2025-12-21T06:00:00,6,2025-12-21T12:30:00,2025-12-21T12:40:00,40,当日剩余,6107.734573376867,5997.7110749999993,6234.7566999999999,5722.7660999999998,110.02349837686779,511.9906000000001
2025-12-21,2025-12-21T06:00:00,6,2025-12-21T12:40:00,2025-12-21T12:50:00,41,当日剩余,6236.5977733768677,5877.9079249999995,6512.7629999999999,5549.8703999999998,358.6898483768682,962.8926000000001
2025-12-21,2025-12-21T06:00:00,6,2025-12-21T12:50:00,2025-12-21T13:00:00,42,当日剩余,6717.4436733768671,5758.1047749999998,6836.4399999999996,5390.4375,959.3388983768673,1446.0024999999996
2025-12-21,2025-12-21T06:00:00,6,2025-12-21T13:00:00,2025-12-21T13:10:00,43,当日剩余,6760.9146733768675,5643.0130833333324,6797.3346000000001,5211.4597000000003,1117.9015900435352,1585.8748999999998
2025-12-21,2025-12-21T06:00:00,6,2025-12-21T13:10:00,2025-12-21T13:20:00,44,当日剩余,6651.0069733768678,5532.63285,6554.3855999999996,5202.0685999999996,1118.3741233768678,1352.317
2025-12-21,2025-12-21T06:00:00,6,2025-12-21T13:20:00,2025-12-21T13:30:00,45,当日剩余,6609.7036733768673,5422.2526166666667,6350.0799999999999,5287.9499999999998,1187.4510567102006,1062.13
2025-12-21,2025-12-21T06:00:00,6,2025-12-21T13:30:00,2025-12-21T13:40:00,46,当日剩余,6541.0115733768671,5311.8723833333333,6333.4080000000004,5178.3498,1229.1391900435337,1155.0582000000004
2025-12-21,2025-12-21T06:00:00,6,2025-12-21T13:40:00,2025-12-21T13:50:00,47,当日剩余,6444.6190733768672,5201.49215,6515.4463999999998,4993.7016999999996,1243.1269233768671,1521.7447000000002
2025-12-21,2025-12-21T06:00:00,6,2025-12-21T13:50:00,2025-12-21T14:00:00,48,当日剩余,6387.2836733768672,5091.1119166666667,6658.8100000000004,4847.5124999999998,1296.1717567102005,1811.2975000000006
2025-12-21,2025-12-21T06:00:00,6,2025-12-21T14:00:00,2025-12-21T14:10:00,49,当日剩余,6450.9907733768678,4864.8369583333324,6474.7834000000003,4705.4039000000002,1586.1538150435354,1769.3795
2025-12-21,2025-12-21T06:00:00,6,2025-12-21T14:10:00,2025-12-21T14:20:00,50,当日剩余,6614.0726733768679,4522.6672749999998,6311.1097,4404.8152,2091.405398376868,1906.2945
2025-12-21,2025-12-21T06:00:00,6,2025-12-21T14:20:00,2025-12-21T14:30:00,51,当日剩余,6669.6636733768673,4180.4975916666663,6293.5699999999997,3988.3874999999998,2489.166081710201,2305.1825
2025-12-21,2025-12-21T06:00:00,6,2025-12-21T14:30:00,2025-12-21T14:40:00,52,当日剩余,6429.1532733768672,3838.3279083333332,6241.0874999999996,3658.7815000000001,2590.825365043534,2582.3059999999996
2025-12-21,2025-12-21T06:00:00,6,2025-12-21T14:40:00,2025-12-21T14:50:00,53,当日剩余,6384.8061733768673,3496.1582250000001,6267.6329999999998,3321.4364999999998,2888.647948376867,2946.1965
2025-12-21,2025-12-21T06:00:00,6,2025-12-21T14:50:00,2025-12-21T15:00:00,54,当日剩余,6574.1036733768678,3153.9885416666666,6308.8299999999999,2957.5875000000001,3420.1151317102012,3351.2425
2025-12-21,2025-12-21T06:00:00,6,2025-12-21T15:00:00,2025-12-21T15:10:00,55,当日剩余,6543.0710733768674,2849.0603249999999,6184.3164999999999,2665.5949999999998,3694.0107483768675,3518.7215
2025-12-21,2025-12-21T06:00:00,6,2025-12-21T15:10:00,2025-12-21T15:20:00,56,当日剩余,6380.2456733768677,2581.3735750000001,6249.4409999999998,2404.6044999999999,3798.8720983768676,3844.8365
2025-12-21,2025-12-21T06:00:00,6,2025-12-21T15:20:00,2025-12-21T15:30:00,57,当日剩余,6347.1836733768678,2313.6868249999998,6412.9899999999998,2166.8625000000002,4033.496848376868,4246.1275
2025-12-21,2025-12-21T06:00:00,6,2025-12-21T15:30:00,2025-12-21T15:40:00,58,当日剩余,6572.5983733768671,2046.0000749999999,6229.2354999999998,1977.0681,4526.598298376867,4252.1674
2025-12-21,2025-12-21T06:00:00,6,2025-12-21T15:40:00,2025-12-21T15:50:00,59,当日剩余,6558.016473376867,1778.3133250000001,6140.1247999999996,1719.0539000000001,4779.703148376867,4421.0709
2025-12-21,2025-12-21T06:00:00,6,2025-12-21T15:50:00,2025-12-21T16:00:00,60,当日剩余,6243.9236733768676,1510.626575,6190.4200000000001,1414.8375000000001,4733.297098376867,4775.5825
2025-12-21,2025-12-21T06:00:00,6,2025-12-21T16:00:00,2025-12-21T16:10:00,61,当日剩余,6064.9265733768671,1262.0512666666666,6007.3440000000001,1199.0527999999999,4802.875306710201,4808.2912
2025-12-21,2025-12-21T06:00:00,6,2025-12-21T16:10:00,2025-12-21T16:20:00,62,当日剩余,6050.5755733768674,1032.5874000000001,6021.8302000000003,965.97130000000004,5017.988173376867,5055.8589
2025-12-21,2025-12-21T06:00:00,6,2025-12-21T16:20:00,2025-12-21T16:30:00,63,当日剩余,6186.8336733768674,803.12353333333328,6231.2799999999997,680.625,5383.710140043534,5550.655
2025-12-21,2025-12-21T06:00:00,6,2025-12-21T16:30:00,2025-12-21T16:40:00,64,当日剩余,6424.9624733768678,573.65966666666668,6177.7882,419.03140000000002,5851.302806710201,5758.7568
2025-12-21,2025-12-21T06:00:00,6,2025-12-21T16:40:00,2025-12-21T16:50:00,65,当日剩余,6349.2559733768676,344.19580000000002,6130.9975999999997,173.8125,6005.060173376867,5957.1851
2025-12-21,2025-12-21T06:00:00,6,2025-12-21T16:50:00,2025-12-21T17:00:00,66,当日剩余,6105.5736733768672,114.73193333333339,6172.7799999999997,0,5990.841740043534,6172.78
2025-12-21,2025-12-21T06:00:00,6,2025-12-21T17:00:00,2025-12-21T17:10:00,67,当日剩余,6242.8274733768676,0,6112.1742000000004,0,6242.827473376868,6112.1742
2025-12-21,2025-12-21T06:00:00,6,2025-12-21T17:10:00,2025-12-21T17:20:00,68,当日剩余,6332.7286733768678,0,6160.7026999999998,6.2008999999999999,6332.728673376868,6154.5018
2025-12-21,2025-12-21T06:00:00,6,2025-12-21T17:20:00,2025-12-21T17:30:00,69,当日剩余,6301.6136733768672,0,6338.7700000000004,0,6301.613673376867,6338.77
2025-12-21,2025-12-21T06:00:00,6,2025-12-21T17:30:00,2025-12-21T17:40:00,70,当日剩余,6362.7427733768673,0,6290.0947999999999,0,6362.742773376867,6290.0948
2025-12-21,2025-12-21T06:00:00,6,2025-12-21T17:40:00,2025-12-21T17:50:00,71,当日剩余,5531.7906733768677,0,5392.9058000000005,0.44519999999999998,5531.790673376868,5392.4606
2025-12-21,2025-12-21T06:00:00,6,2025-12-21T17:50:00,2025-12-21T18:00:00,72,当日剩余,4319.3736733768674,0,4275.8000000000002,0,4319.373673376867,4275.8
2025-12-21,2025-12-21T06:00:00,6,2025-12-21T18:00:00,2025-12-21T18:10:00,73,当日剩余,4340.9932733768674,0,4292.4867000000004,0,4340.993273376867,4292.4867
2025-12-21,2025-12-21T06:00:00,6,2025-12-21T18:10:00,2025-12-21T18:20:00,74,当日剩余,4484.1225733768679,0,4489.6396000000004,0.032000000000000001,4484.122573376868,4489.6076
2025-12-21,2025-12-21T06:00:00,6,2025-12-21T18:20:00,2025-12-21T18:30:00,75,当日剩余,4218.0836733768674,0,4380.0500000000002,0,4218.083673376867,4380.05
2025-12-21,2025-12-21T06:00:00,6,2025-12-21T18:30:00,2025-12-21T18:40:00,76,当日剩余,4141.0334733768677,0,4406.0663000000004,0,4141.033473376868,4406.0663
2025-12-21,2025-12-21T06:00:00,6,2025-12-21T18:40:00,2025-12-21T18:50:00,77,当日剩余,4233.6192733768676,0,4500.5015999999996,0.0023,4233.619273376868,4500.4992999999995
2025-12-21,2025-12-21T06:00:00,6,2025-12-21T18:50:00,2025-12-21T19:00:00,78,当日剩余,4347.6936733768671,0,4490.7600000000002,0,4347.693673376867,4490.76
2025-12-21,2025-12-21T06:00:00,6,2025-12-21T19:00:00,2025-12-21T19:10:00,79,当日剩余,4408.333473376867,0,4334.8994000000002,0,4408.333473376867,4334.8994
2025-12-21,2025-12-21T06:00:00,6,2025-12-21T19:10:00,2025-12-21T19:20:00,80,当日剩余,4468.720173376867,0,4356.9930999999997,0,4468.720173376867,4356.9931
2025-12-21,2025-12-21T06:00:00,6,2025-12-21T19:20:00,2025-12-21T19:30:00,81,当日剩余,4476.1936733768671,0,4466.5900000000001,0,4476.193673376867,4466.59
2025-12-21,2025-12-21T06:00:00,6,2025-12-21T19:30:00,2025-12-21T19:40:00,82,当日剩余,4335.3917733768676,0,4301.5721999999996,0,4335.391773376868,4301.5722
2025-12-21,2025-12-21T06:00:00,6,2025-12-21T19:40:00,2025-12-21T19:50:00,83,当日剩余,4316.7977733768676,0,4398.7169999999996,0,4316.797773376868,4398.717
2025-12-21,2025-12-21T06:00:00,6,2025-12-21T19:50:00,2025-12-21T20:00:00,84,当日剩余,4486.4736733768677,0,4681.6099999999997,0,4486.473673376868,4681.61
2025-12-21,2025-12-21T06:00:00,6,2025-12-21T20:00:00,2025-12-21T20:10:00,85,当日剩余,4614.7685733768676,0,4485.5154000000002,0,4614.768573376868,4485.5154
2025-12-21,2025-12-21T06:00:00,6,2025-12-21T20:10:00,2025-12-21T20:20:00,86,当日剩余,4493.4700733768677,0,4156.9026000000003,0,4493.470073376868,4156.9026
2025-12-21,2025-12-21T06:00:00,6,2025-12-21T20:20:00,2025-12-21T20:30:00,87,当日剩余,4257.7836733768672,0,4090.5100000000002,0,4257.783673376867,4090.51
2025-12-21,2025-12-21T06:00:00,6,2025-12-21T20:30:00,2025-12-21T20:40:00,88,当日剩余,4256.9408733768678,0,4322.2266,0,4256.940873376868,4322.2266
2025-12-21,2025-12-21T06:00:00,6,2025-12-21T20:40:00,2025-12-21T20:50:00,89,当日剩余,4361.3067733768676,0,4336.8010000000004,0,4361.306773376868,4336.801
2025-12-21,2025-12-21T06:00:00,6,2025-12-21T20:50:00,2025-12-21T21:00:00,90,当日剩余,4413.1436733768678,0,4144.46,0,4413.143673376868,4144.46
2025-12-21,2025-12-21T06:00:00,6,2025-12-21T21:00:00,2025-12-21T21:10:00,91,当日剩余,4382.640573376867,0,4227.2610000000004,0,4382.640573376867,4227.261
2025-12-21,2025-12-21T06:00:00,6,2025-12-21T21:10:00,2025-12-21T21:20:00,92,当日剩余,4368.288073376867,0,4326.9642999999996,0,4368.288073376867,4326.9643
2025-12-21,2025-12-21T06:00:00,6,2025-12-21T21:20:00,2025-12-21T21:30:00,93,当日剩余,4448.7936733768674,0,4357.8299999999999,0,4448.793673376867,4357.83
2025-12-21,2025-12-21T06:00:00,6,2025-12-21T21:30:00,2025-12-21T21:40:00,94,当日剩余,4535.8061733768673,0,4437.1142,0,4535.806173376867,4437.1142
2025-12-21,2025-12-21T06:00:00,6,2025-12-21T21:40:00,2025-12-21T21:50:00,95,当日剩余,4114.4247733768671,0,4070.9953999999998,0,4114.424773376867,4070.9954
2025-12-21,2025-12-21T06:00:00,6,2025-12-21T21:50:00,2025-12-21T22:00:00,96,当日剩余,3438.213673376868,0,3434.4000000000001,0,3438.213673376868,3434.4
2025-12-21,2025-12-21T06:00:00,6,2025-12-21T22:00:00,2025-12-21T22:10:00,97,当日剩余,3333.5553733768679,0,3270.5538999999999,0,3333.555373376868,3270.5539
2025-12-21,2025-12-21T06:00:00,6,2025-12-21T22:10:00,2025-12-21T22:20:00,98,当日剩余,3434.9767733768681,0,3305.0167999999999,0,3434.976773376868,3305.0168
2025-12-21,2025-12-21T06:00:00,6,2025-12-21T22:20:00,2025-12-21T22:30:00,99,当日剩余,3411.8136733768679,0,3255.5999999999999,0,3411.813673376868,3255.6
2025-12-21,2025-12-21T06:00:00,6,2025-12-21T22:30:00,2025-12-21T22:40:00,100,当日剩余,3306.1910733768677,0,3155.5140000000001,0,3306.1910733768677,3155.514
2025-12-21,2025-12-21T06:00:00,6,2025-12-21T22:40:00,2025-12-21T22:50:00,101,当日剩余,3275.8126733768677,0,3260.3634999999999,0,3275.8126733768677,3260.3635
2025-12-21,2025-12-21T06:00:00,6,2025-12-21T22:50:00,2025-12-21T23:00:00,102,当日剩余,3365.9936733768677,0,3508.9699999999998,0,3365.9936733768677,3508.97
2025-12-21,2025-12-21T06:00:00,6,2025-12-21T23:00:00,2025-12-21T23:10:00,103,当日剩余,3484.9415733768678,0,3554.7154,0,3484.941573376868,3554.7154
2025-12-21,2025-12-21T06:00:00,6,2025-12-21T23:10:00,2025-12-21T23:20:00,104,当日剩余,3543.8236733768681,0,3395.6628000000001,0,3543.823673376868,3395.6628
2025-12-21,2025-12-21T06:00:00,6,2025-12-21T23:20:00,2025-12-21T23:30:00,105,当日剩余,3485.8336733768679,0,3305.5900000000001,0,3485.833673376868,3305.59
2025-12-21,2025-12-21T06:00:00,6,2025-12-21T23:30:00,2025-12-21T23:40:00,106,当日剩余,3358.6577733768677,0,3539.7613000000001,0,3358.6577733768677,3539.7613
2025-12-21,2025-12-21T06:00:00,6,2025-12-21T23:40:00,2025-12-21T23:50:00,107,当日剩余,3483.5334733768677,0,3571.991,0,3483.5334733768677,3571.991
2025-12-21,2025-12-21T06:00:00,6,2025-12-21T23:50:00,2025-12-22T00:00:00,108,当日剩余,3673.8236733768681,0,3464.4000000000001,0,3673.823673376868,3464.4
2025-12-21,2025-12-21T06:00:00,6,2025-12-22T00:00:00,2025-12-22T00:10:00,109,次日延续,3435.7698999999998,0,3745.3962000000001,0,3435.7699,3745.3962
2025-12-21,2025-12-21T06:00:00,6,2025-12-22T00:10:00,2025-12-22T00:20:00,110,次日延续,3425.6088,0,3712.0176999999999,0,3425.6088,3712.0177
2025-12-21,2025-12-21T06:00:00,6,2025-12-22T00:20:00,2025-12-22T00:30:00,111,次日延续,3678.5500000000002,0,3398.4099999999999,0,3678.55,3398.41
2025-12-21,2025-12-21T06:00:00,6,2025-12-22T00:30:00,2025-12-22T00:40:00,112,次日延续,3637.1732999999999,0,3577.4758999999999,0,3637.1733,3577.4759
2025-12-21,2025-12-21T06:00:00,6,2025-12-22T00:40:00,2025-12-22T00:50:00,113,次日延续,3700.4231,0,3787.3638000000001,0,3700.4231,3787.3638
2025-12-21,2025-12-21T06:00:00,6,2025-12-22T00:50:00,2025-12-22T01:00:00,114,次日延续,3885.48,0,3804.5599999999999,0,3885.48,3804.56
2025-12-21,2025-12-21T06:00:00,6,2025-12-22T01:00:00,2025-12-22T01:10:00,115,次日延续,3771.6248000000001,0,3874.5754000000002,0,3771.6248,3874.5754
2025-12-21,2025-12-21T06:00:00,6,2025-12-22T01:10:00,2025-12-22T01:20:00,116,次日延续,3687.1831000000002,0,3892.7184999999999,0,3687.1831,3892.7185
2025-12-21,2025-12-21T06:00:00,6,2025-12-22T01:20:00,2025-12-22T01:30:00,117,次日延续,3691.8299999999999,0,3845.27,0,3691.83,3845.27
2025-12-21,2025-12-21T06:00:00,6,2025-12-22T01:30:00,2025-12-22T01:40:00,118,次日延续,3551.2249000000002,0,3866.5064000000002,0,3551.2249,3866.5064
2025-12-21,2025-12-21T06:00:00,6,2025-12-22T01:40:00,2025-12-22T01:50:00,119,次日延续,3678.0592999999999,0,3940.8240000000001,0,3678.0593,3940.824
2025-12-21,2025-12-21T06:00:00,6,2025-12-22T01:50:00,2025-12-22T02:00:00,120,次日延续,4009.02,0,3939.8600000000001,0,4009.02,3939.86
2025-12-21,2025-12-21T06:00:00,6,2025-12-22T02:00:00,2025-12-22T02:10:00,121,次日延续,4009.6704,0,3781.6033000000002,0,4009.6704,3781.6033
2025-12-21,2025-12-21T06:00:00,6,2025-12-22T02:10:00,2025-12-22T02:20:00,122,次日延续,3830.7235000000001,0,3839.3991999999998,0,3830.7235,3839.3992
2025-12-21,2025-12-21T06:00:00,6,2025-12-22T02:20:00,2025-12-22T02:30:00,123,次日延续,3761.4000000000001,0,4075.9499999999998,0,3761.4,4075.95
2025-12-21,2025-12-21T06:00:00,6,2025-12-22T02:30:00,2025-12-22T02:40:00,124,次日延续,3928.4654,0,4055.8303999999998,0,3928.4654,4055.8304
2025-12-21,2025-12-21T06:00:00,6,2025-12-22T02:40:00,2025-12-22T02:50:00,125,次日延续,3986.7869999999998,0,3854.1711,0,3986.787,3854.1711
2025-12-21,2025-12-21T06:00:00,6,2025-12-22T02:50:00,2025-12-22T03:00:00,126,次日延续,3895.6300000000001,0,3723.1399999999999,0,3895.63,3723.14
2025-12-21,2025-12-21T06:00:00,6,2025-12-22T03:00:00,2025-12-22T03:10:00,127,次日延续,3923.4783000000002,0,3864.5398,0,3923.4783,3864.5398
2025-12-21,2025-12-21T06:00:00,6,2025-12-22T03:10:00,2025-12-22T03:20:00,128,次日延续,3903.8784000000001,0,4105.8234000000002,0,3903.8784,4105.8234
2025-12-21,2025-12-21T06:00:00,6,2025-12-22T03:20:00,2025-12-22T03:30:00,129,次日延续,3919.3499999999999,0,4217.1199999999999,0,3919.35,4217.12
2025-12-21,2025-12-21T06:00:00,6,2025-12-22T03:30:00,2025-12-22T03:40:00,130,次日延续,4206.1390000000001,0,4105.3231999999998,0,4206.139,4105.3232
2025-12-21,2025-12-21T06:00:00,6,2025-12-22T03:40:00,2025-12-22T03:50:00,131,次日延续,4201.8735999999999,0,4062.0610000000001,0,4201.8736,4062.061
2025-12-21,2025-12-21T06:00:00,6,2025-12-22T03:50:00,2025-12-22T04:00:00,132,次日延续,3956.1799999999998,0,4125.4799999999996,0,3956.18,4125.48
2025-12-21,2025-12-21T06:00:00,6,2025-12-22T04:00:00,2025-12-22T04:10:00,133,次日延续,4057.5931,0,4055.2885000000001,0,4057.5931,4055.2885
2025-12-21,2025-12-21T06:00:00,6,2025-12-22T04:10:00,2025-12-22T04:20:00,134,次日延续,4021.4481999999998,0,3898.6765999999998,0,4021.4482,3898.6766
2025-12-21,2025-12-21T06:00:00,6,2025-12-22T04:20:00,2025-12-22T04:30:00,135,次日延续,3852.5799999999999,0,3873.8699999999999,0,3852.58,3873.87
2025-12-21,2025-12-21T06:00:00,6,2025-12-22T04:30:00,2025-12-22T04:40:00,136,次日延续,4065.5671000000002,0,4134.9201999999996,0,4065.5671,4134.9202
2025-12-21,2025-12-21T06:00:00,6,2025-12-22T04:40:00,2025-12-22T04:50:00,137,次日延续,4174.8200999999999,0,4224.6067000000003,0,4174.8201,4224.6067
2025-12-21,2025-12-21T06:00:00,6,2025-12-22T04:50:00,2025-12-22T05:00:00,138,次日延续,4071.0900000000001,0,4140.0500000000002,0,4071.09,4140.05
2025-12-21,2025-12-21T06:00:00,6,2025-12-22T05:00:00,2025-12-22T05:10:00,139,次日延续,4142.6328999999996,0,4310.4435999999996,0.0020999999999999999,4142.6329,4310.4415
2025-12-21,2025-12-21T06:00:00,6,2025-12-22T05:10:00,2025-12-22T05:20:00,140,次日延续,4232.9962999999998,0,4466.4072999999999,0,4232.9963,4466.4073
2025-12-21,2025-12-21T06:00:00,6,2025-12-22T05:20:00,2025-12-22T05:30:00,141,次日延续,4145.0600000000004,0,4292.75,0,4145.06,4292.75
2025-12-21,2025-12-21T06:00:00,6,2025-12-22T05:30:00,2025-12-22T05:40:00,142,次日延续,3972.9594999999999,0,3895.2341999999999,0.029700000000000001,3972.9595,3895.2045
2025-12-21,2025-12-21T06:00:00,6,2025-12-22T05:40:00,2025-12-22T05:50:00,143,次日延续,4507.4534000000003,0,4439.8213999999998,0,4507.4534,4439.8214
2025-12-21,2025-12-21T06:00:00,6,2025-12-22T05:50:00,2025-12-22T06:00:00,144,次日延续,5382.4200000000001,0,5500.7700000000004,0,5382.42,5500.77
2025-12-21,2025-12-21T12:00:00,12,2025-12-21T12:00:00,2025-12-21T12:10:00,1,当日剩余,6300.1728310734607,5843.6826666666666,6501.8630000000003,5904.8948,456.49016440679407,596.9682000000003
2025-12-21,2025-12-21T12:00:00,12,2025-12-21T12:10:00,2025-12-21T12:20:00,2,当日剩余,6339.1586310734601,5749.4480000000003,6520.3343999999997,5868.1644999999999,589.7106310734598,652.1698999999999
2025-12-21,2025-12-21T12:00:00,12,2025-12-21T12:20:00,2025-12-21T12:30:00,3,当日剩余,6370.2910310734605,5655.2133333333331,6273.3100000000004,5864.6999999999998,715.0776977401274,408.6100000000006
2025-12-21,2025-12-21T12:00:00,12,2025-12-21T12:30:00,2025-12-21T12:40:00,4,当日剩余,6096.9419310734602,5560.9786666666669,6234.7566999999999,5722.7660999999998,535.9632644067933,511.9906000000001
2025-12-21,2025-12-21T12:00:00,12,2025-12-21T12:40:00,2025-12-21T12:50:00,5,当日剩余,6225.8051310734609,5466.7439999999997,6512.7629999999999,5549.8703999999998,759.0611310734612,962.8926000000001
2025-12-21,2025-12-21T12:00:00,12,2025-12-21T12:50:00,2025-12-21T13:00:00,6,当日剩余,6706.6510310734602,5372.5093333333334,6836.4399999999996,5390.4375,1334.1416977401268,1446.0024999999996
2025-12-21,2025-12-21T12:00:00,12,2025-12-21T13:00:00,2025-12-21T13:10:00,7,当日剩余,6750.1220310734607,5275.2609166666662,6797.3346000000001,5211.4597000000003,1474.8611144067945,1585.8748999999998
2025-12-21,2025-12-21T12:00:00,12,2025-12-21T13:10:00,2025-12-21T13:20:00,8,当日剩余,6640.2143310734609,5174.9987499999997,6554.3855999999996,5202.0685999999996,1465.2155810734612,1352.317
2025-12-21,2025-12-21T12:00:00,12,2025-12-21T13:20:00,2025-12-21T13:30:00,9,当日剩余,6598.9110310734604,5074.7365833333333,6350.0799999999999,5287.9499999999998,1524.174447740127,1062.13
2025-12-21,2025-12-21T12:00:00,12,2025-12-21T13:30:00,2025-12-21T13:40:00,10,当日剩余,6530.2189310734602,4974.4744166666669,6333.4080000000004,5178.3498,1555.7445144067933,1155.0582000000004
2025-12-21,2025-12-21T12:00:00,12,2025-12-21T13:40:00,2025-12-21T13:50:00,11,当日剩余,6433.8264310734603,4874.2122500000005,6515.4463999999998,4993.7016999999996,1559.6141810734598,1521.7447000000002
2025-12-21,2025-12-21T12:00:00,12,2025-12-21T13:50:00,2025-12-21T14:00:00,12,当日剩余,6376.4910310734604,4773.9500833333341,6658.8100000000004,4847.5124999999998,1602.5409477401263,1811.2975000000006
2025-12-21,2025-12-21T12:00:00,12,2025-12-21T14:00:00,2025-12-21T14:10:00,13,当日剩余,6440.1981310734609,4567.502375,6474.7834000000003,4705.4039000000002,1872.6957560734609,1769.3795
2025-12-21,2025-12-21T12:00:00,12,2025-12-21T14:10:00,2025-12-21T14:20:00,14,当日剩余,6603.280031073461,4254.8691250000002,6311.1097,4404.8152,2348.410906073461,1906.2945
2025-12-21,2025-12-21T12:00:00,12,2025-12-21T14:20:00,2025-12-21T14:30:00,15,当日剩余,6658.8710310734605,3942.2358749999994,6293.5699999999997,3988.3874999999998,2716.635156073461,2305.1825
2025-12-21,2025-12-21T12:00:00,12,2025-12-21T14:30:00,2025-12-21T14:40:00,16,当日剩余,6418.3606310734604,3629.602625,6241.0874999999996,3658.7815000000001,2788.7580060734604,2582.3059999999996
2025-12-21,2025-12-21T12:00:00,12,2025-12-21T14:40:00,2025-12-21T14:50:00,17,当日剩余,6374.0135310734604,3316.9693749999997,6267.6329999999998,3321.4364999999998,3057.0441560734607,2946.1965
2025-12-21,2025-12-21T12:00:00,12,2025-12-21T14:50:00,2025-12-21T15:00:00,18,当日剩余,6563.311031073461,3004.3361249999998,6308.8299999999999,2957.5875000000001,3558.974906073461,3351.2425
2025-12-21,2025-12-21T12:00:00,12,2025-12-21T15:00:00,2025-12-21T15:10:00,19,当日剩余,6532.2784310734605,2723.1852833333332,6184.3164999999999,2665.5949999999998,3809.0931477401273,3518.7215
2025-12-21,2025-12-21T12:00:00,12,2025-12-21T15:10:00,2025-12-21T15:20:00,20,当日剩余,6369.4530310734608,2473.51685,6249.4409999999998,2404.6044999999999,3895.936181073461,3844.8365
2025-12-21,2025-12-21T12:00:00,12,2025-12-21T15:20:00,2025-12-21T15:30:00,21,当日剩余,6336.3910310734609,2223.8484166666667,6412.9899999999998,2166.8625000000002,4112.542614406794,4246.1275
2025-12-21,2025-12-21T12:00:00,12,2025-12-21T15:30:00,2025-12-21T15:40:00,22,当日剩余,6561.8057310734603,1974.1799833333334,6229.2354999999998,1977.0681,4587.625747740127,4252.1674
2025-12-21,2025-12-21T12:00:00,12,2025-12-21T15:40:00,2025-12-21T15:50:00,23,当日剩余,6547.2238310734601,1724.5115500000002,6140.1247999999996,1719.0539000000001,4822.71228107346,4421.0709
2025-12-21,2025-12-21T12:00:00,12,2025-12-21T15:50:00,2025-12-21T16:00:00,24,当日剩余,6233.1310310734607,1474.8431166666667,6190.4200000000001,1414.8375000000001,4758.287914406794,4775.5825
2025-12-21,2025-12-21T12:00:00,12,2025-12-21T16:00:00,2025-12-21T16:10:00,25,当日剩余,6054.1339310734602,1237.5081583333333,6007.3440000000001,1199.0527999999999,4816.625772740127,4808.2912
2025-12-21,2025-12-21T12:00:00,12,2025-12-21T16:10:00,2025-12-21T16:20:00,26,当日剩余,6039.7829310734605,1012.5066750000001,6021.8302000000003,965.97130000000004,5027.276256073461,5055.8589
2025-12-21,2025-12-21T12:00:00,12,2025-12-21T16:20:00,2025-12-21T16:30:00,27,当日剩余,6176.0410310734605,787.50519166666663,6231.2799999999997,680.625,5388.5358394067935,5550.655
2025-12-21,2025-12-21T12:00:00,12,2025-12-21T16:30:00,2025-12-21T16:40:00,28,当日剩余,6414.169831073461,562.50370833333329,6177.7882,419.03140000000002,5851.666122740127,5758.7568
2025-12-21,2025-12-21T12:00:00,12,2025-12-21T16:40:00,2025-12-21T16:50:00,29,当日剩余,6338.4633310734607,337.50222500000001,6130.9975999999997,173.8125,6000.9611060734605,5957.1851
2025-12-21,2025-12-21T12:00:00,12,2025-12-21T16:50:00,2025-12-21T17:00:00,30,当日剩余,6094.7810310734603,112.50074166666673,6172.7799999999997,0,5982.280289406794,6172.78
2025-12-21,2025-12-21T12:00:00,12,2025-12-21T17:00:00,2025-12-21T17:10:00,31,当日剩余,6232.0348310734607,0,6112.1742000000004,0,6232.034831073461,6112.1742
2025-12-21,2025-12-21T12:00:00,12,2025-12-21T17:10:00,2025-12-21T17:20:00,32,当日剩余,6321.936031073461,0,6160.7026999999998,6.2008999999999999,6321.936031073461,6154.5018
2025-12-21,2025-12-21T12:00:00,12,2025-12-21T17:20:00,2025-12-21T17:30:00,33,当日剩余,6290.8210310734603,0,6338.7700000000004,0,6290.82103107346,6338.77
2025-12-21,2025-12-21T12:00:00,12,2025-12-21T17:30:00,2025-12-21T17:40:00,34,当日剩余,6351.9501310734604,0,6290.0947999999999,0,6351.95013107346,6290.0948
2025-12-21,2025-12-21T12:00:00,12,2025-12-21T17:40:00,2025-12-21T17:50:00,35,当日剩余,5520.9980310734609,0,5392.9058000000005,0.44519999999999998,5520.998031073461,5392.4606
2025-12-21,2025-12-21T12:00:00,12,2025-12-21T17:50:00,2025-12-21T18:00:00,36,当日剩余,4308.5810310734605,0,4275.8000000000002,0,4308.5810310734605,4275.8
2025-12-21,2025-12-21T12:00:00,12,2025-12-21T18:00:00,2025-12-21T18:10:00,37,当日剩余,4330.2006310734605,0,4292.4867000000004,0,4330.2006310734605,4292.4867
2025-12-21,2025-12-21T12:00:00,12,2025-12-21T18:10:00,2025-12-21T18:20:00,38,当日剩余,4473.329931073461,0,4489.6396000000004,0.032000000000000001,4473.329931073461,4489.6076
2025-12-21,2025-12-21T12:00:00,12,2025-12-21T18:20:00,2025-12-21T18:30:00,39,当日剩余,4207.2910310734605,0,4380.0500000000002,0,4207.2910310734605,4380.05
2025-12-21,2025-12-21T12:00:00,12,2025-12-21T18:30:00,2025-12-21T18:40:00,40,当日剩余,4130.2408310734609,0,4406.0663000000004,0,4130.240831073461,4406.0663
2025-12-21,2025-12-21T12:00:00,12,2025-12-21T18:40:00,2025-12-21T18:50:00,41,当日剩余,4222.8266310734607,0,4500.5015999999996,0.0023,4222.826631073461,4500.4992999999995
2025-12-21,2025-12-21T12:00:00,12,2025-12-21T18:50:00,2025-12-21T19:00:00,42,当日剩余,4336.9010310734602,0,4490.7600000000002,0,4336.90103107346,4490.76
2025-12-21,2025-12-21T12:00:00,12,2025-12-21T19:00:00,2025-12-21T19:10:00,43,当日剩余,4397.5408310734601,0,4334.8994000000002,0,4397.54083107346,4334.8994
2025-12-21,2025-12-21T12:00:00,12,2025-12-21T19:10:00,2025-12-21T19:20:00,44,当日剩余,4457.9275310734602,0,4356.9930999999997,0,4457.92753107346,4356.9931
2025-12-21,2025-12-21T12:00:00,12,2025-12-21T19:20:00,2025-12-21T19:30:00,45,当日剩余,4465.4010310734602,0,4466.5900000000001,0,4465.40103107346,4466.59
2025-12-21,2025-12-21T12:00:00,12,2025-12-21T19:30:00,2025-12-21T19:40:00,46,当日剩余,4324.5991310734607,0,4301.5721999999996,0,4324.599131073461,4301.5722
2025-12-21,2025-12-21T12:00:00,12,2025-12-21T19:40:00,2025-12-21T19:50:00,47,当日剩余,4306.0051310734607,0,4398.7169999999996,0,4306.005131073461,4398.717
2025-12-21,2025-12-21T12:00:00,12,2025-12-21T19:50:00,2025-12-21T20:00:00,48,当日剩余,4475.6810310734609,0,4681.6099999999997,0,4475.681031073461,4681.61
2025-12-21,2025-12-21T12:00:00,12,2025-12-21T20:00:00,2025-12-21T20:10:00,49,当日剩余,4603.9759310734607,0,4485.5154000000002,0,4603.975931073461,4485.5154
2025-12-21,2025-12-21T12:00:00,12,2025-12-21T20:10:00,2025-12-21T20:20:00,50,当日剩余,4482.6774310734609,0,4156.9026000000003,0,4482.677431073461,4156.9026
2025-12-21,2025-12-21T12:00:00,12,2025-12-21T20:20:00,2025-12-21T20:30:00,51,当日剩余,4246.9910310734604,0,4090.5100000000002,0,4246.99103107346,4090.51
2025-12-21,2025-12-21T12:00:00,12,2025-12-21T20:30:00,2025-12-21T20:40:00,52,当日剩余,4246.1482310734609,0,4322.2266,0,4246.148231073461,4322.2266
2025-12-21,2025-12-21T12:00:00,12,2025-12-21T20:40:00,2025-12-21T20:50:00,53,当日剩余,4350.5141310734607,0,4336.8010000000004,0,4350.514131073461,4336.801
2025-12-21,2025-12-21T12:00:00,12,2025-12-21T20:50:00,2025-12-21T21:00:00,54,当日剩余,4402.3510310734609,0,4144.46,0,4402.351031073461,4144.46
2025-12-21,2025-12-21T12:00:00,12,2025-12-21T21:00:00,2025-12-21T21:10:00,55,当日剩余,4371.8479310734601,0,4227.2610000000004,0,4371.84793107346,4227.261
2025-12-21,2025-12-21T12:00:00,12,2025-12-21T21:10:00,2025-12-21T21:20:00,56,当日剩余,4357.4954310734602,0,4326.9642999999996,0,4357.49543107346,4326.9643
2025-12-21,2025-12-21T12:00:00,12,2025-12-21T21:20:00,2025-12-21T21:30:00,57,当日剩余,4438.0010310734606,0,4357.8299999999999,0,4438.001031073461,4357.83
2025-12-21,2025-12-21T12:00:00,12,2025-12-21T21:30:00,2025-12-21T21:40:00,58,当日剩余,4525.0135310734604,0,4437.1142,0,4525.01353107346,4437.1142
2025-12-21,2025-12-21T12:00:00,12,2025-12-21T21:40:00,2025-12-21T21:50:00,59,当日剩余,4103.6321310734602,0,4070.9953999999998,0,4103.63213107346,4070.9954
2025-12-21,2025-12-21T12:00:00,12,2025-12-21T21:50:00,2025-12-21T22:00:00,60,当日剩余,3427.4210310734602,0,3434.4000000000001,0,3427.42103107346,3434.4
2025-12-21,2025-12-21T12:00:00,12,2025-12-21T22:00:00,2025-12-21T22:10:00,61,当日剩余,3322.7627310734601,0,3270.5538999999999,0,3322.76273107346,3270.5539
2025-12-21,2025-12-21T12:00:00,12,2025-12-21T22:10:00,2025-12-21T22:20:00,62,当日剩余,3424.1841310734603,0,3305.0167999999999,0,3424.1841310734603,3305.0168
2025-12-21,2025-12-21T12:00:00,12,2025-12-21T22:20:00,2025-12-21T22:30:00,63,当日剩余,3401.0210310734601,0,3255.5999999999999,0,3401.02103107346,3255.6
2025-12-21,2025-12-21T12:00:00,12,2025-12-21T22:30:00,2025-12-21T22:40:00,64,当日剩余,3295.39843107346,0,3155.5140000000001,0,3295.39843107346,3155.514
2025-12-21,2025-12-21T12:00:00,12,2025-12-21T22:40:00,2025-12-21T22:50:00,65,当日剩余,3265.0200310734599,0,3260.3634999999999,0,3265.02003107346,3260.3635
2025-12-21,2025-12-21T12:00:00,12,2025-12-21T22:50:00,2025-12-21T23:00:00,66,当日剩余,3355.2010310734599,0,3508.9699999999998,0,3355.20103107346,3508.97
2025-12-21,2025-12-21T12:00:00,12,2025-12-21T23:00:00,2025-12-21T23:10:00,67,当日剩余,3474.1489310734601,0,3554.7154,0,3474.14893107346,3554.7154
2025-12-21,2025-12-21T12:00:00,12,2025-12-21T23:10:00,2025-12-21T23:20:00,68,当日剩余,3533.0310310734603,0,3395.6628000000001,0,3533.0310310734603,3395.6628
2025-12-21,2025-12-21T12:00:00,12,2025-12-21T23:20:00,2025-12-21T23:30:00,69,当日剩余,3475.0410310734601,0,3305.5900000000001,0,3475.04103107346,3305.59
2025-12-21,2025-12-21T12:00:00,12,2025-12-21T23:30:00,2025-12-21T23:40:00,70,当日剩余,3347.8651310734599,0,3539.7613000000001,0,3347.86513107346,3539.7613
2025-12-21,2025-12-21T12:00:00,12,2025-12-21T23:40:00,2025-12-21T23:50:00,71,当日剩余,3472.74083107346,0,3571.991,0,3472.74083107346,3571.991
2025-12-21,2025-12-21T12:00:00,12,2025-12-21T23:50:00,2025-12-22T00:00:00,72,当日剩余,3663.0310310734603,0,3464.4000000000001,0,3663.0310310734603,3464.4
2025-12-21,2025-12-21T12:00:00,12,2025-12-22T00:00:00,2025-12-22T00:10:00,73,次日延续,3435.7698999999998,0,3745.3962000000001,0,3435.7699,3745.3962
2025-12-21,2025-12-21T12:00:00,12,2025-12-22T00:10:00,2025-12-22T00:20:00,74,次日延续,3425.6088,0,3712.0176999999999,0,3425.6088,3712.0177
2025-12-21,2025-12-21T12:00:00,12,2025-12-22T00:20:00,2025-12-22T00:30:00,75,次日延续,3678.5500000000002,0,3398.4099999999999,0,3678.55,3398.41
2025-12-21,2025-12-21T12:00:00,12,2025-12-22T00:30:00,2025-12-22T00:40:00,76,次日延续,3637.1732999999999,0,3577.4758999999999,0,3637.1733,3577.4759
2025-12-21,2025-12-21T12:00:00,12,2025-12-22T00:40:00,2025-12-22T00:50:00,77,次日延续,3700.4231,0,3787.3638000000001,0,3700.4231,3787.3638
2025-12-21,2025-12-21T12:00:00,12,2025-12-22T00:50:00,2025-12-22T01:00:00,78,次日延续,3885.48,0,3804.5599999999999,0,3885.48,3804.56
2025-12-21,2025-12-21T12:00:00,12,2025-12-22T01:00:00,2025-12-22T01:10:00,79,次日延续,3771.6248000000001,0,3874.5754000000002,0,3771.6248,3874.5754
2025-12-21,2025-12-21T12:00:00,12,2025-12-22T01:10:00,2025-12-22T01:20:00,80,次日延续,3687.1831000000002,0,3892.7184999999999,0,3687.1831,3892.7185
2025-12-21,2025-12-21T12:00:00,12,2025-12-22T01:20:00,2025-12-22T01:30:00,81,次日延续,3691.8299999999999,0,3845.27,0,3691.83,3845.27
2025-12-21,2025-12-21T12:00:00,12,2025-12-22T01:30:00,2025-12-22T01:40:00,82,次日延续,3551.2249000000002,0,3866.5064000000002,0,3551.2249,3866.5064
2025-12-21,2025-12-21T12:00:00,12,2025-12-22T01:40:00,2025-12-22T01:50:00,83,次日延续,3678.0592999999999,0,3940.8240000000001,0,3678.0593,3940.824
2025-12-21,2025-12-21T12:00:00,12,2025-12-22T01:50:00,2025-12-22T02:00:00,84,次日延续,4009.02,0,3939.8600000000001,0,4009.02,3939.86
2025-12-21,2025-12-21T12:00:00,12,2025-12-22T02:00:00,2025-12-22T02:10:00,85,次日延续,4009.6704,0,3781.6033000000002,0,4009.6704,3781.6033
2025-12-21,2025-12-21T12:00:00,12,2025-12-22T02:10:00,2025-12-22T02:20:00,86,次日延续,3830.7235000000001,0,3839.3991999999998,0,3830.7235,3839.3992
2025-12-21,2025-12-21T12:00:00,12,2025-12-22T02:20:00,2025-12-22T02:30:00,87,次日延续,3761.4000000000001,0,4075.9499999999998,0,3761.4,4075.95
2025-12-21,2025-12-21T12:00:00,12,2025-12-22T02:30:00,2025-12-22T02:40:00,88,次日延续,3928.4654,0,4055.8303999999998,0,3928.4654,4055.8304
2025-12-21,2025-12-21T12:00:00,12,2025-12-22T02:40:00,2025-12-22T02:50:00,89,次日延续,3986.7869999999998,0,3854.1711,0,3986.787,3854.1711
2025-12-21,2025-12-21T12:00:00,12,2025-12-22T02:50:00,2025-12-22T03:00:00,90,次日延续,3895.6300000000001,0,3723.1399999999999,0,3895.63,3723.14
2025-12-21,2025-12-21T12:00:00,12,2025-12-22T03:00:00,2025-12-22T03:10:00,91,次日延续,3923.4783000000002,0,3864.5398,0,3923.4783,3864.5398
2025-12-21,2025-12-21T12:00:00,12,2025-12-22T03:10:00,2025-12-22T03:20:00,92,次日延续,3903.8784000000001,0,4105.8234000000002,0,3903.8784,4105.8234
2025-12-21,2025-12-21T12:00:00,12,2025-12-22T03:20:00,2025-12-22T03:30:00,93,次日延续,3919.3499999999999,0,4217.1199999999999,0,3919.35,4217.12
2025-12-21,2025-12-21T12:00:00,12,2025-12-22T03:30:00,2025-12-22T03:40:00,94,次日延续,4206.1390000000001,0,4105.3231999999998,0,4206.139,4105.3232
2025-12-21,2025-12-21T12:00:00,12,2025-12-22T03:40:00,2025-12-22T03:50:00,95,次日延续,4201.8735999999999,0,4062.0610000000001,0,4201.8736,4062.061
2025-12-21,2025-12-21T12:00:00,12,2025-12-22T03:50:00,2025-12-22T04:00:00,96,次日延续,3956.1799999999998,0,4125.4799999999996,0,3956.18,4125.48
2025-12-21,2025-12-21T12:00:00,12,2025-12-22T04:00:00,2025-12-22T04:10:00,97,次日延续,4057.5931,0,4055.2885000000001,0,4057.5931,4055.2885
2025-12-21,2025-12-21T12:00:00,12,2025-12-22T04:10:00,2025-12-22T04:20:00,98,次日延续,4021.4481999999998,0,3898.6765999999998,0,4021.4482,3898.6766
2025-12-21,2025-12-21T12:00:00,12,2025-12-22T04:20:00,2025-12-22T04:30:00,99,次日延续,3852.5799999999999,0,3873.8699999999999,0,3852.58,3873.87
2025-12-21,2025-12-21T12:00:00,12,2025-12-22T04:30:00,2025-12-22T04:40:00,100,次日延续,4065.5671000000002,0,4134.9201999999996,0,4065.5671,4134.9202
2025-12-21,2025-12-21T12:00:00,12,2025-12-22T04:40:00,2025-12-22T04:50:00,101,次日延续,4174.8200999999999,0,4224.6067000000003,0,4174.8201,4224.6067
2025-12-21,2025-12-21T12:00:00,12,2025-12-22T04:50:00,2025-12-22T05:00:00,102,次日延续,4071.0900000000001,0,4140.0500000000002,0,4071.09,4140.05
2025-12-21,2025-12-21T12:00:00,12,2025-12-22T05:00:00,2025-12-22T05:10:00,103,次日延续,4142.6328999999996,0,4310.4435999999996,0.0020999999999999999,4142.6329,4310.4415
2025-12-21,2025-12-21T12:00:00,12,2025-12-22T05:10:00,2025-12-22T05:20:00,104,次日延续,4232.9962999999998,0,4466.4072999999999,0,4232.9963,4466.4073
2025-12-21,2025-12-21T12:00:00,12,2025-12-22T05:20:00,2025-12-22T05:30:00,105,次日延续,4145.0600000000004,0,4292.75,0,4145.06,4292.75
2025-12-21,2025-12-21T12:00:00,12,2025-12-22T05:30:00,2025-12-22T05:40:00,106,次日延续,3972.9594999999999,0,3895.2341999999999,0.029700000000000001,3972.9595,3895.2045
2025-12-21,2025-12-21T12:00:00,12,2025-12-22T05:40:00,2025-12-22T05:50:00,107,次日延续,4507.4534000000003,0,4439.8213999999998,0,4507.4534,4439.8214
2025-12-21,2025-12-21T12:00:00,12,2025-12-22T05:50:00,2025-12-22T06:00:00,108,次日延续,5382.4200000000001,0,5500.7700000000004,0,5382.42,5500.77
2025-12-21,2025-12-21T12:00:00,12,2025-12-22T06:00:00,2025-12-22T06:10:00,109,次日延续,5414.4519,0,5434.4830000000002,0.41349999999999998,5414.4519,5434.0695000000005
2025-12-21,2025-12-21T12:00:00,12,2025-12-22T06:10:00,2025-12-22T06:20:00,110,次日延续,5421.8204999999998,0,5107.2138999999997,0,5421.8205,5107.2139
2025-12-21,2025-12-21T12:00:00,12,2025-12-22T06:20:00,2025-12-22T06:30:00,111,次日延续,5627.25,0,5128.0299999999997,0,5627.25,5128.03
2025-12-21,2025-12-21T12:00:00,12,2025-12-22T06:30:00,2025-12-22T06:40:00,112,次日延续,5411.0589,0,5227.2673999999997,5.7598000000000003,5411.0589,5221.5076
2025-12-21,2025-12-21T12:00:00,12,2025-12-22T06:40:00,2025-12-22T06:50:00,113,次日延续,5206.8685999999998,0,5249.5645000000004,0,5206.8686,5249.5645
2025-12-21,2025-12-21T12:00:00,12,2025-12-22T06:50:00,2025-12-22T07:00:00,114,次日延续,5282.5600000000004,0,5284.6800000000003,0,5282.56,5284.68
2025-12-21,2025-12-21T12:00:00,12,2025-12-22T07:00:00,2025-12-22T07:10:00,115,次日延续,5450.0790999999999,99.076208333333341,5498.076,163.80109999999999,5351.002891666667,5334.2749
2025-12-21,2025-12-21T12:00:00,12,2025-12-22T07:10:00,2025-12-22T07:20:00,116,次日延续,5471.2825000000003,297.22862500000002,5549.6295,406.68259999999998,5174.0538750000005,5142.9469
2025-12-21,2025-12-21T12:00:00,12,2025-12-22T07:20:00,2025-12-22T07:30:00,117,次日延续,5295.29,495.3810416666667,5379.9499999999998,658.6875,4799.908958333333,4721.2625
2025-12-21,2025-12-21T12:00:00,12,2025-12-22T07:30:00,2025-12-22T07:40:00,118,次日延续,5213.7888000000003,693.53345833333344,5376.6032999999998,904.04579999999999,4520.255341666667,4472.5575
2025-12-21,2025-12-21T12:00:00,12,2025-12-22T07:40:00,2025-12-22T07:50:00,119,次日延续,6041.9762000000001,891.68587500000012,6037.2888000000003,1153.5734,5150.290325,4883.7154
2025-12-21,2025-12-21T12:00:00,12,2025-12-22T07:50:00,2025-12-22T08:00:00,120,次日延续,7199.25,1089.8382916666667,6970.5299999999997,1414.9875,6109.411708333333,5555.5425
2025-12-21,2025-12-21T12:00:00,12,2025-12-22T08:00:00,2025-12-22T08:10:00,121,次日延续,7183.0291999999999,1321.9181250000001,7210.5447000000004,1689.5832,5861.111075,5520.9615
2025-12-21,2025-12-21T12:00:00,12,2025-12-22T08:10:00,2025-12-22T08:20:00,122,次日延续,6865.6500999999998,1587.9253750000003,7128.6684999999998,1987.9136000000001,5277.724725,5140.7549
2025-12-21,2025-12-21T12:00:00,12,2025-12-22T08:20:00,2025-12-22T08:30:00,123,次日延续,6926.6999999999998,1853.9326250000001,7110.6800000000003,2278.5749999999998,5072.767374999999,4832.1050000000005
2025-12-21,2025-12-21T12:00:00,12,2025-12-22T08:30:00,2025-12-22T08:40:00,124,次日延续,7179.4246999999996,2119.939875,7169.1549000000005,2519.0254,5059.484825,4650.129500000001
2025-12-21,2025-12-21T12:00:00,12,2025-12-22T08:40:00,2025-12-22T08:50:00,125,次日延续,7205.1112000000003,2385.9471250000001,7151.6310999999996,2796.1722,4819.164075000001,4355.4589
2025-12-21,2025-12-21T12:00:00,12,2025-12-22T08:50:00,2025-12-22T09:00:00,126,次日延续,7001.8000000000002,2651.9543750000003,7057.5900000000001,3150.4124999999999,4349.845625,3907.1775000000002
2025-12-21,2025-12-21T12:00:00,12,2025-12-22T09:00:00,2025-12-22T09:10:00,127,次日延续,6929.4278000000004,2934.6214416666667,7022.1810999999998,3536.8389000000002,3994.8063583333337,3485.3421999999996
2025-12-21,2025-12-21T12:00:00,12,2025-12-22T09:10:00,2025-12-22T09:20:00,128,次日延续,6934.7915999999996,3233.9483249999998,6972.1193000000003,3887.5998,3700.8432749999997,3084.5195000000003
2025-12-21,2025-12-21T12:00:00,12,2025-12-22T09:20:00,2025-12-22T09:30:00,129,次日延续,6923.1999999999998,3533.2752083333335,6943.8500000000004,4148.9250000000002,3389.9247916666664,2794.925
2025-12-21,2025-12-21T12:00:00,12,2025-12-22T09:30:00,2025-12-22T09:40:00,130,次日延续,6883.5923000000003,3832.6020916666666,7063.0523999999996,4313.1327000000001,3050.9902083333336,2749.9196999999995
2025-12-21,2025-12-21T12:00:00,12,2025-12-22T09:40:00,2025-12-22T09:50:00,131,次日延续,6875.1494000000002,4131.9289749999998,7162.5117,4479.0748000000003,2743.2204250000004,2683.4368999999997
2025-12-21,2025-12-21T12:00:00,12,2025-12-22T09:50:00,2025-12-22T10:00:00,132,次日延续,7050.8800000000001,4431.255858333333,7133.3199999999997,4725.6374999999998,2619.624141666667,2407.6825
2025-12-21,2025-12-21T12:00:00,12,2025-12-22T10:00:00,2025-12-22T10:10:00,133,次日延续,7451.2951999999996,4637.7246249999998,7024.3807999999999,5027.8798999999999,2813.5705749999997,1996.5009
2025-12-21,2025-12-21T12:00:00,12,2025-12-22T10:10:00,2025-12-22T10:20:00,134,次日延续,7399.4453000000003,4751.3352749999995,6974.9260000000004,5148.2420000000002,2648.110025000001,1826.6840000000002
2025-12-21,2025-12-21T12:00:00,12,2025-12-22T10:20:00,2025-12-22T10:30:00,135,次日延续,6960.5,4864.945925,6972.5799999999999,5186.1000000000004,2095.554075,1786.4799999999996
2025-12-21,2025-12-21T12:00:00,12,2025-12-22T10:30:00,2025-12-22T10:40:00,136,次日延续,6858.8339999999998,4978.5565749999996,6906.2263999999996,5462.3360000000002,1880.2774250000002,1443.8903999999993
2025-12-21,2025-12-21T12:00:00,12,2025-12-22T10:40:00,2025-12-22T10:50:00,137,次日延续,6790.2136,5092.1672249999992,6947.1203999999998,5643.5457999999999,1698.0463750000008,1303.5746
2025-12-21,2025-12-21T12:00:00,12,2025-12-22T10:50:00,2025-12-22T11:00:00,138,次日延续,6726.6800000000003,5205.7778749999998,7030.4399999999996,5638.2749999999996,1520.9021250000005,1392.165
2025-12-21,2025-12-21T12:00:00,12,2025-12-22T11:00:00,2025-12-22T11:10:00,139,次日延续,6988.1261999999997,5307.6586083333332,6901.0576000000001,5667.3054000000002,1680.4675916666665,1233.7522
2025-12-21,2025-12-21T12:00:00,12,2025-12-22T11:10:00,2025-12-22T11:20:00,140,次日延续,7131.4822999999997,5397.8094249999995,6768.2443999999996,5577.6799000000001,1733.6728750000002,1190.5644999999995
2025-12-21,2025-12-21T12:00:00,12,2025-12-22T11:20:00,2025-12-22T11:30:00,141,次日延续,6969.2399999999998,5487.9602416666658,6763.9899999999998,5494.4250000000002,1481.279758333334,1269.5649999999996
2025-12-21,2025-12-21T12:00:00,12,2025-12-22T11:30:00,2025-12-22T11:40:00,142,次日延续,6734.9935999999998,5578.1110583333339,6792.7775000000001,5736.2645000000002,1156.882541666666,1056.513
2025-12-21,2025-12-21T12:00:00,12,2025-12-22T11:40:00,2025-12-22T11:50:00,143,次日延续,6535.5055000000002,5668.2618750000001,6648.6716999999999,5910.7710999999999,867.2436250000001,737.9005999999999
2025-12-21,2025-12-21T12:00:00,12,2025-12-22T11:50:00,2025-12-22T12:00:00,144,次日延续,6392.1599999999999,5758.4126916666664,6385.1599999999999,5847.3374999999996,633.7473083333334,537.8225000000002
2025-12-21,2025-12-21T18:00:00,18,2025-12-21T18:00:00,2025-12-21T18:10:00,1,当日剩余,4320.7138079768301,0,4292.4867000000004,0,4320.71380797683,4292.4867
2025-12-21,2025-12-21T18:00:00,18,2025-12-21T18:10:00,2025-12-21T18:20:00,2,当日剩余,4463.8431079768307,0,4489.6396000000004,0.032000000000000001,4463.843107976831,4489.6076
2025-12-21,2025-12-21T18:00:00,18,2025-12-21T18:20:00,2025-12-21T18:30:00,3,当日剩余,4197.8042079768302,0,4380.0500000000002,0,4197.80420797683,4380.05
2025-12-21,2025-12-21T18:00:00,18,2025-12-21T18:30:00,2025-12-21T18:40:00,4,当日剩余,4120.7540079768305,0,4406.0663000000004,0,4120.7540079768305,4406.0663
2025-12-21,2025-12-21T18:00:00,18,2025-12-21T18:40:00,2025-12-21T18:50:00,5,当日剩余,4213.3398079768303,0,4500.5015999999996,0.0023,4213.33980797683,4500.4992999999995
2025-12-21,2025-12-21T18:00:00,18,2025-12-21T18:50:00,2025-12-21T19:00:00,6,当日剩余,4327.4142079768299,0,4490.7600000000002,0,4327.41420797683,4490.76
2025-12-21,2025-12-21T18:00:00,18,2025-12-21T19:00:00,2025-12-21T19:10:00,7,当日剩余,4388.0540079768298,0,4334.8994000000002,0,4388.05400797683,4334.8994
2025-12-21,2025-12-21T18:00:00,18,2025-12-21T19:10:00,2025-12-21T19:20:00,8,当日剩余,4448.4407079768298,0,4356.9930999999997,0,4448.44070797683,4356.9931
2025-12-21,2025-12-21T18:00:00,18,2025-12-21T19:20:00,2025-12-21T19:30:00,9,当日剩余,4455.9142079768299,0,4466.5900000000001,0,4455.91420797683,4466.59
2025-12-21,2025-12-21T18:00:00,18,2025-12-21T19:30:00,2025-12-21T19:40:00,10,当日剩余,4315.1123079768304,0,4301.5721999999996,0,4315.11230797683,4301.5722
2025-12-21,2025-12-21T18:00:00,18,2025-12-21T19:40:00,2025-12-21T19:50:00,11,当日剩余,4296.5183079768303,0,4398.7169999999996,0,4296.51830797683,4398.717
2025-12-21,2025-12-21T18:00:00,18,2025-12-21T19:50:00,2025-12-21T20:00:00,12,当日剩余,4466.1942079768305,0,4681.6099999999997,0,4466.1942079768305,4681.61
2025-12-21,2025-12-21T18:00:00,18,2025-12-21T20:00:00,2025-12-21T20:10:00,13,当日剩余,4594.4891079768304,0,4485.5154000000002,0,4594.48910797683,4485.5154
2025-12-21,2025-12-21T18:00:00,18,2025-12-21T20:10:00,2025-12-21T20:20:00,14,当日剩余,4473.1906079768305,0,4156.9026000000003,0,4473.1906079768305,4156.9026
2025-12-21,2025-12-21T18:00:00,18,2025-12-21T20:20:00,2025-12-21T20:30:00,15,当日剩余,4237.50420797683,0,4090.5100000000002,0,4237.50420797683,4090.51
2025-12-21,2025-12-21T18:00:00,18,2025-12-21T20:30:00,2025-12-21T20:40:00,16,当日剩余,4236.6614079768306,0,4322.2266,0,4236.661407976831,4322.2266
2025-12-21,2025-12-21T18:00:00,18,2025-12-21T20:40:00,2025-12-21T20:50:00,17,当日剩余,4341.0273079768303,0,4336.8010000000004,0,4341.02730797683,4336.801
2025-12-21,2025-12-21T18:00:00,18,2025-12-21T20:50:00,2025-12-21T21:00:00,18,当日剩余,4392.8642079768306,0,4144.46,0,4392.864207976831,4144.46
2025-12-21,2025-12-21T18:00:00,18,2025-12-21T21:00:00,2025-12-21T21:10:00,19,当日剩余,4362.3611079768298,0,4227.2610000000004,0,4362.36110797683,4227.261
2025-12-21,2025-12-21T18:00:00,18,2025-12-21T21:10:00,2025-12-21T21:20:00,20,当日剩余,4348.0086079768298,0,4326.9642999999996,0,4348.00860797683,4326.9643
2025-12-21,2025-12-21T18:00:00,18,2025-12-21T21:20:00,2025-12-21T21:30:00,21,当日剩余,4428.5142079768302,0,4357.8299999999999,0,4428.51420797683,4357.83
2025-12-21,2025-12-21T18:00:00,18,2025-12-21T21:30:00,2025-12-21T21:40:00,22,当日剩余,4515.52670797683,0,4437.1142,0,4515.52670797683,4437.1142
2025-12-21,2025-12-21T18:00:00,18,2025-12-21T21:40:00,2025-12-21T21:50:00,23,当日剩余,4094.1453079768298,0,4070.9953999999998,0,4094.14530797683,4070.9954
2025-12-21,2025-12-21T18:00:00,18,2025-12-21T21:50:00,2025-12-21T22:00:00,24,当日剩余,3417.9342079768303,0,3434.4000000000001,0,3417.9342079768303,3434.4
2025-12-21,2025-12-21T18:00:00,18,2025-12-21T22:00:00,2025-12-21T22:10:00,25,当日剩余,3313.2759079768302,0,3270.5538999999999,0,3313.2759079768302,3270.5539
2025-12-21,2025-12-21T18:00:00,18,2025-12-21T22:10:00,2025-12-21T22:20:00,26,当日剩余,3414.6973079768304,0,3305.0167999999999,0,3414.6973079768304,3305.0168
2025-12-21,2025-12-21T18:00:00,18,2025-12-21T22:20:00,2025-12-21T22:30:00,27,当日剩余,3391.5342079768302,0,3255.5999999999999,0,3391.53420797683,3255.6
2025-12-21,2025-12-21T18:00:00,18,2025-12-21T22:30:00,2025-12-21T22:40:00,28,当日剩余,3285.9116079768301,0,3155.5140000000001,0,3285.91160797683,3155.514
2025-12-21,2025-12-21T18:00:00,18,2025-12-21T22:40:00,2025-12-21T22:50:00,29,当日剩余,3255.53320797683,0,3260.3634999999999,0,3255.53320797683,3260.3635
2025-12-21,2025-12-21T18:00:00,18,2025-12-21T22:50:00,2025-12-21T23:00:00,30,当日剩余,3345.71420797683,0,3508.9699999999998,0,3345.71420797683,3508.97
2025-12-21,2025-12-21T18:00:00,18,2025-12-21T23:00:00,2025-12-21T23:10:00,31,当日剩余,3464.6621079768302,0,3554.7154,0,3464.66210797683,3554.7154
2025-12-21,2025-12-21T18:00:00,18,2025-12-21T23:10:00,2025-12-21T23:20:00,32,当日剩余,3523.5442079768304,0,3395.6628000000001,0,3523.5442079768304,3395.6628
2025-12-21,2025-12-21T18:00:00,18,2025-12-21T23:20:00,2025-12-21T23:30:00,33,当日剩余,3465.5542079768302,0,3305.5900000000001,0,3465.55420797683,3305.59
2025-12-21,2025-12-21T18:00:00,18,2025-12-21T23:30:00,2025-12-21T23:40:00,34,当日剩余,3338.37830797683,0,3539.7613000000001,0,3338.37830797683,3539.7613
2025-12-21,2025-12-21T18:00:00,18,2025-12-21T23:40:00,2025-12-21T23:50:00,35,当日剩余,3463.2540079768301,0,3571.991,0,3463.25400797683,3571.991
2025-12-21,2025-12-21T18:00:00,18,2025-12-21T23:50:00,2025-12-22T00:00:00,36,当日剩余,3653.5442079768304,0,3464.4000000000001,0,3653.5442079768304,3464.4
2025-12-21,2025-12-21T18:00:00,18,2025-12-22T00:00:00,2025-12-22T00:10:00,37,次日延续,3435.7698999999998,0,3745.3962000000001,0,3435.7699,3745.3962
2025-12-21,2025-12-21T18:00:00,18,2025-12-22T00:10:00,2025-12-22T00:20:00,38,次日延续,3425.6088,0,3712.0176999999999,0,3425.6088,3712.0177
2025-12-21,2025-12-21T18:00:00,18,2025-12-22T00:20:00,2025-12-22T00:30:00,39,次日延续,3678.5500000000002,0,3398.4099999999999,0,3678.55,3398.41
2025-12-21,2025-12-21T18:00:00,18,2025-12-22T00:30:00,2025-12-22T00:40:00,40,次日延续,3637.1732999999999,0,3577.4758999999999,0,3637.1733,3577.4759
2025-12-21,2025-12-21T18:00:00,18,2025-12-22T00:40:00,2025-12-22T00:50:00,41,次日延续,3700.4231,0,3787.3638000000001,0,3700.4231,3787.3638
2025-12-21,2025-12-21T18:00:00,18,2025-12-22T00:50:00,2025-12-22T01:00:00,42,次日延续,3885.48,0,3804.5599999999999,0,3885.48,3804.56
2025-12-21,2025-12-21T18:00:00,18,2025-12-22T01:00:00,2025-12-22T01:10:00,43,次日延续,3771.6248000000001,0,3874.5754000000002,0,3771.6248,3874.5754
2025-12-21,2025-12-21T18:00:00,18,2025-12-22T01:10:00,2025-12-22T01:20:00,44,次日延续,3687.1831000000002,0,3892.7184999999999,0,3687.1831,3892.7185
2025-12-21,2025-12-21T18:00:00,18,2025-12-22T01:20:00,2025-12-22T01:30:00,45,次日延续,3691.8299999999999,0,3845.27,0,3691.83,3845.27
2025-12-21,2025-12-21T18:00:00,18,2025-12-22T01:30:00,2025-12-22T01:40:00,46,次日延续,3551.2249000000002,0,3866.5064000000002,0,3551.2249,3866.5064
2025-12-21,2025-12-21T18:00:00,18,2025-12-22T01:40:00,2025-12-22T01:50:00,47,次日延续,3678.0592999999999,0,3940.8240000000001,0,3678.0593,3940.824
2025-12-21,2025-12-21T18:00:00,18,2025-12-22T01:50:00,2025-12-22T02:00:00,48,次日延续,4009.02,0,3939.8600000000001,0,4009.02,3939.86
2025-12-21,2025-12-21T18:00:00,18,2025-12-22T02:00:00,2025-12-22T02:10:00,49,次日延续,4009.6704,0,3781.6033000000002,0,4009.6704,3781.6033
2025-12-21,2025-12-21T18:00:00,18,2025-12-22T02:10:00,2025-12-22T02:20:00,50,次日延续,3830.7235000000001,0,3839.3991999999998,0,3830.7235,3839.3992
2025-12-21,2025-12-21T18:00:00,18,2025-12-22T02:20:00,2025-12-22T02:30:00,51,次日延续,3761.4000000000001,0,4075.9499999999998,0,3761.4,4075.95
2025-12-21,2025-12-21T18:00:00,18,2025-12-22T02:30:00,2025-12-22T02:40:00,52,次日延续,3928.4654,0,4055.8303999999998,0,3928.4654,4055.8304
2025-12-21,2025-12-21T18:00:00,18,2025-12-22T02:40:00,2025-12-22T02:50:00,53,次日延续,3986.7869999999998,0,3854.1711,0,3986.787,3854.1711
2025-12-21,2025-12-21T18:00:00,18,2025-12-22T02:50:00,2025-12-22T03:00:00,54,次日延续,3895.6300000000001,0,3723.1399999999999,0,3895.63,3723.14
2025-12-21,2025-12-21T18:00:00,18,2025-12-22T03:00:00,2025-12-22T03:10:00,55,次日延续,3923.4783000000002,0,3864.5398,0,3923.4783,3864.5398
2025-12-21,2025-12-21T18:00:00,18,2025-12-22T03:10:00,2025-12-22T03:20:00,56,次日延续,3903.8784000000001,0,4105.8234000000002,0,3903.8784,4105.8234
2025-12-21,2025-12-21T18:00:00,18,2025-12-22T03:20:00,2025-12-22T03:30:00,57,次日延续,3919.3499999999999,0,4217.1199999999999,0,3919.35,4217.12
2025-12-21,2025-12-21T18:00:00,18,2025-12-22T03:30:00,2025-12-22T03:40:00,58,次日延续,4206.1390000000001,0,4105.3231999999998,0,4206.139,4105.3232
2025-12-21,2025-12-21T18:00:00,18,2025-12-22T03:40:00,2025-12-22T03:50:00,59,次日延续,4201.8735999999999,0,4062.0610000000001,0,4201.8736,4062.061
2025-12-21,2025-12-21T18:00:00,18,2025-12-22T03:50:00,2025-12-22T04:00:00,60,次日延续,3956.1799999999998,0,4125.4799999999996,0,3956.18,4125.48
2025-12-21,2025-12-21T18:00:00,18,2025-12-22T04:00:00,2025-12-22T04:10:00,61,次日延续,4057.5931,0,4055.2885000000001,0,4057.5931,4055.2885
2025-12-21,2025-12-21T18:00:00,18,2025-12-22T04:10:00,2025-12-22T04:20:00,62,次日延续,4021.4481999999998,0,3898.6765999999998,0,4021.4482,3898.6766
2025-12-21,2025-12-21T18:00:00,18,2025-12-22T04:20:00,2025-12-22T04:30:00,63,次日延续,3852.5799999999999,0,3873.8699999999999,0,3852.58,3873.87
2025-12-21,2025-12-21T18:00:00,18,2025-12-22T04:30:00,2025-12-22T04:40:00,64,次日延续,4065.5671000000002,0,4134.9201999999996,0,4065.5671,4134.9202
2025-12-21,2025-12-21T18:00:00,18,2025-12-22T04:40:00,2025-12-22T04:50:00,65,次日延续,4174.8200999999999,0,4224.6067000000003,0,4174.8201,4224.6067
2025-12-21,2025-12-21T18:00:00,18,2025-12-22T04:50:00,2025-12-22T05:00:00,66,次日延续,4071.0900000000001,0,4140.0500000000002,0,4071.09,4140.05
2025-12-21,2025-12-21T18:00:00,18,2025-12-22T05:00:00,2025-12-22T05:10:00,67,次日延续,4142.6328999999996,0,4310.4435999999996,0.0020999999999999999,4142.6329,4310.4415
2025-12-21,2025-12-21T18:00:00,18,2025-12-22T05:10:00,2025-12-22T05:20:00,68,次日延续,4232.9962999999998,0,4466.4072999999999,0,4232.9963,4466.4073
2025-12-21,2025-12-21T18:00:00,18,2025-12-22T05:20:00,2025-12-22T05:30:00,69,次日延续,4145.0600000000004,0,4292.75,0,4145.06,4292.75
2025-12-21,2025-12-21T18:00:00,18,2025-12-22T05:30:00,2025-12-22T05:40:00,70,次日延续,3972.9594999999999,0,3895.2341999999999,0.029700000000000001,3972.9595,3895.2045
2025-12-21,2025-12-21T18:00:00,18,2025-12-22T05:40:00,2025-12-22T05:50:00,71,次日延续,4507.4534000000003,0,4439.8213999999998,0,4507.4534,4439.8214
2025-12-21,2025-12-21T18:00:00,18,2025-12-22T05:50:00,2025-12-22T06:00:00,72,次日延续,5382.4200000000001,0,5500.7700000000004,0,5382.42,5500.77
2025-12-21,2025-12-21T18:00:00,18,2025-12-22T06:00:00,2025-12-22T06:10:00,73,次日延续,5414.4519,0,5434.4830000000002,0.41349999999999998,5414.4519,5434.0695000000005
2025-12-21,2025-12-21T18:00:00,18,2025-12-22T06:10:00,2025-12-22T06:20:00,74,次日延续,5421.8204999999998,0,5107.2138999999997,0,5421.8205,5107.2139
2025-12-21,2025-12-21T18:00:00,18,2025-12-22T06:20:00,2025-12-22T06:30:00,75,次日延续,5627.25,0,5128.0299999999997,0,5627.25,5128.03
2025-12-21,2025-12-21T18:00:00,18,2025-12-22T06:30:00,2025-12-22T06:40:00,76,次日延续,5411.0589,0,5227.2673999999997,5.7598000000000003,5411.0589,5221.5076
2025-12-21,2025-12-21T18:00:00,18,2025-12-22T06:40:00,2025-12-22T06:50:00,77,次日延续,5206.8685999999998,0,5249.5645000000004,0,5206.8686,5249.5645
2025-12-21,2025-12-21T18:00:00,18,2025-12-22T06:50:00,2025-12-22T07:00:00,78,次日延续,5282.5600000000004,0,5284.6800000000003,0,5282.56,5284.68
2025-12-21,2025-12-21T18:00:00,18,2025-12-22T07:00:00,2025-12-22T07:10:00,79,次日延续,5450.0790999999999,97.443158333333329,5498.076,163.80109999999999,5352.635941666666,5334.2749
2025-12-21,2025-12-21T18:00:00,18,2025-12-22T07:10:00,2025-12-22T07:20:00,80,次日延续,5471.2825000000003,292.329475,5549.6295,406.68259999999998,5178.953025000001,5142.9469
2025-12-21,2025-12-21T18:00:00,18,2025-12-22T07:20:00,2025-12-22T07:30:00,81,次日延续,5295.29,487.21579166666669,5379.9499999999998,658.6875,4808.074208333333,4721.2625
2025-12-21,2025-12-21T18:00:00,18,2025-12-22T07:30:00,2025-12-22T07:40:00,82,次日延续,5213.7888000000003,682.10210833333338,5376.6032999999998,904.04579999999999,4531.686691666667,4472.5575
2025-12-21,2025-12-21T18:00:00,18,2025-12-22T07:40:00,2025-12-22T07:50:00,83,次日延续,6041.9762000000001,876.98842500000001,6037.2888000000003,1153.5734,5164.987775,4883.7154
2025-12-21,2025-12-21T18:00:00,18,2025-12-22T07:50:00,2025-12-22T08:00:00,84,次日延续,7199.25,1071.8747416666665,6970.5299999999997,1414.9875,6127.3752583333335,5555.5425
2025-12-21,2025-12-21T18:00:00,18,2025-12-22T08:00:00,2025-12-22T08:10:00,85,次日延续,7183.0291999999999,1293.5677833333332,7210.5447000000004,1689.5832,5889.461416666667,5520.9615
2025-12-21,2025-12-21T18:00:00,18,2025-12-22T08:10:00,2025-12-22T08:20:00,86,次日延续,6865.6500999999998,1542.06755,7128.6684999999998,1987.9136000000001,5323.58255,5140.7549
2025-12-21,2025-12-21T18:00:00,18,2025-12-22T08:20:00,2025-12-22T08:30:00,87,次日延续,6926.6999999999998,1790.5673166666666,7110.6800000000003,2278.5749999999998,5136.132683333333,4832.1050000000005
2025-12-21,2025-12-21T18:00:00,18,2025-12-22T08:30:00,2025-12-22T08:40:00,88,次日延续,7179.4246999999996,2039.0670833333334,7169.1549000000005,2519.0254,5140.357616666666,4650.129500000001
2025-12-21,2025-12-21T18:00:00,18,2025-12-22T08:40:00,2025-12-22T08:50:00,89,次日延续,7205.1112000000003,2287.5668500000002,7151.6310999999996,2796.1722,4917.54435,4355.4589
2025-12-21,2025-12-21T18:00:00,18,2025-12-22T08:50:00,2025-12-22T09:00:00,90,次日延续,7001.8000000000002,2536.0666166666665,7057.5900000000001,3150.4124999999999,4465.733383333334,3907.1775000000002
2025-12-21,2025-12-21T18:00:00,18,2025-12-22T09:00:00,2025-12-22T09:10:00,91,次日延续,6929.4278000000004,2773.5524999999998,7022.1810999999998,3536.8389000000002,4155.875300000001,3485.3421999999996
2025-12-21,2025-12-21T18:00:00,18,2025-12-22T09:10:00,2025-12-22T09:20:00,92,次日延续,6934.7915999999996,3000.0245,6972.1193000000003,3887.5998,3934.7670999999996,3084.5195000000003
2025-12-21,2025-12-21T18:00:00,18,2025-12-22T09:20:00,2025-12-22T09:30:00,93,次日延续,6923.1999999999998,3226.4964999999997,6943.8500000000004,4148.9250000000002,3696.7035,2794.925
2025-12-21,2025-12-21T18:00:00,18,2025-12-22T09:30:00,2025-12-22T09:40:00,94,次日延续,6883.5923000000003,3452.9684999999999,7063.0523999999996,4313.1327000000001,3430.6238000000003,2749.9196999999995
2025-12-21,2025-12-21T18:00:00,18,2025-12-22T09:40:00,2025-12-22T09:50:00,95,次日延续,6875.1494000000002,3679.4404999999997,7162.5117,4479.0748000000003,3195.7089000000005,2683.4368999999997
2025-12-21,2025-12-21T18:00:00,18,2025-12-22T09:50:00,2025-12-22T10:00:00,96,次日延续,7050.8800000000001,3905.9124999999999,7133.3199999999997,4725.6374999999998,3144.9675,2407.6825
2025-12-21,2025-12-21T18:00:00,18,2025-12-22T10:00:00,2025-12-22T10:10:00,97,次日延续,7451.2951999999996,4078.4566333333332,7024.3807999999999,5027.8798999999999,3372.8385666666663,1996.5009
2025-12-21,2025-12-21T18:00:00,18,2025-12-22T10:10:00,2025-12-22T10:20:00,98,次日延续,7399.4453000000003,4197.0729000000001,6974.9260000000004,5148.2420000000002,3202.3724,1826.6840000000002
2025-12-21,2025-12-21T18:00:00,18,2025-12-22T10:20:00,2025-12-22T10:30:00,99,次日延续,6960.5,4315.6891666666661,6972.5799999999999,5186.1000000000004,2644.810833333334,1786.4799999999996
2025-12-21,2025-12-21T18:00:00,18,2025-12-22T10:30:00,2025-12-22T10:40:00,100,次日延续,6858.8339999999998,4434.305433333333,6906.2263999999996,5462.3360000000002,2424.528566666667,1443.8903999999993
2025-12-21,2025-12-21T18:00:00,18,2025-12-22T10:40:00,2025-12-22T10:50:00,101,次日延续,6790.2136,4552.9216999999999,6947.1203999999998,5643.5457999999999,2237.2919,1303.5746
2025-12-21,2025-12-21T18:00:00,18,2025-12-22T10:50:00,2025-12-22T11:00:00,102,次日延续,6726.6800000000003,4671.5379666666668,7030.4399999999996,5638.2749999999996,2055.1420333333335,1392.165
2025-12-21,2025-12-21T18:00:00,18,2025-12-22T11:00:00,2025-12-22T11:10:00,103,次日延续,6988.1261999999997,4838.4037416666661,6901.0576000000001,5667.3054000000002,2149.7224583333336,1233.7522
2025-12-21,2025-12-21T18:00:00,18,2025-12-22T11:10:00,2025-12-22T11:20:00,104,次日延续,7131.4822999999997,5053.5190249999996,6768.2443999999996,5577.6799000000001,2077.963275,1190.5644999999995
2025-12-21,2025-12-21T18:00:00,18,2025-12-22T11:20:00,2025-12-22T11:30:00,105,次日延续,6969.2399999999998,5268.6343083333331,6763.9899999999998,5494.4250000000002,1700.6056916666666,1269.5649999999996
2025-12-21,2025-12-21T18:00:00,18,2025-12-22T11:30:00,2025-12-22T11:40:00,106,次日延续,6734.9935999999998,5483.7495916666667,6792.7775000000001,5736.2645000000002,1251.244008333333,1056.513
2025-12-21,2025-12-21T18:00:00,18,2025-12-22T11:40:00,2025-12-22T11:50:00,107,次日延续,6535.5055000000002,5698.8648750000002,6648.6716999999999,5910.7710999999999,836.640625,737.9005999999999
2025-12-21,2025-12-21T18:00:00,18,2025-12-22T11:50:00,2025-12-22T12:00:00,108,次日延续,6392.1599999999999,5913.9801583333337,6385.1599999999999,5847.3374999999996,478.1798416666661,537.8225000000002
2025-12-21,2025-12-21T18:00:00,18,2025-12-22T12:00:00,2025-12-22T12:10:00,109,次日延续,6296.9650000000001,5930.8533916666665,6267.1076999999996,5751.5353999999998,366.1116083333336,515.5722999999998
2025-12-21,2025-12-21T18:00:00,18,2025-12-22T12:10:00,2025-12-22T12:20:00,110,次日延续,6313.6508000000003,5749.4845750000004,6266.0726999999997,5712.6839,564.1662249999999,553.3887999999997
2025-12-21,2025-12-21T18:00:00,18,2025-12-22T12:20:00,2025-12-22T12:30:00,111,次日延续,6397.6300000000001,5568.1157583333334,6291.6599999999999,5649.7875000000004,829.5142416666667,641.8724999999995
2025-12-21,2025-12-21T18:00:00,18,2025-12-22T12:30:00,2025-12-22T12:40:00,112,次日延续,6432.1500999999998,5386.7469416666663,6277.4256999999998,5448.7608,1045.4031583333335,828.6648999999998
2025-12-21,2025-12-21T18:00:00,18,2025-12-22T12:40:00,2025-12-22T12:50:00,113,次日延续,6511.1055999999999,5205.3781249999993,6204.7289000000001,5391.9196000000002,1305.7274750000006,812.8092999999999
2025-12-21,2025-12-21T18:00:00,18,2025-12-22T12:50:00,2025-12-22T13:00:00,114,次日延续,6604.3999999999996,5024.0093083333322,6294.5600000000004,5441.4375,1580.3906916666674,853.1225000000004
2025-12-21,2025-12-21T18:00:00,18,2025-12-22T13:00:00,2025-12-22T13:10:00,115,次日延续,6565.0245999999997,4864.6683749999993,6751.1097,5293.2431999999999,1700.3562250000004,1457.8665
2025-12-21,2025-12-21T18:00:00,18,2025-12-22T13:10:00,2025-12-22T13:20:00,116,次日延续,6488.3919999999998,4727.3553249999995,6840.3406000000004,5240.5594000000001,1761.0366750000003,1599.7812000000004
2025-12-21,2025-12-21T18:00:00,18,2025-12-22T13:20:00,2025-12-22T13:30:00,117,次日延续,6484.3599999999997,4590.0422749999998,6508.71,5259.4125000000004,1894.3177249999999,1249.2974999999997
2025-12-21,2025-12-21T18:00:00,18,2025-12-22T13:30:00,2025-12-22T13:40:00,118,次日延续,6552.3990000000003,4452.729225,6420.759,5015.7241999999997,2099.6697750000003,1405.0348000000004
2025-12-21,2025-12-21T18:00:00,18,2025-12-22T13:40:00,2025-12-22T13:50:00,119,次日延续,6460.6300000000001,4315.4161750000003,6452.1397999999999,4802.2060000000001,2145.213825,1649.9337999999998
2025-12-21,2025-12-21T18:00:00,18,2025-12-22T13:50:00,2025-12-22T14:00:00,120,次日延续,6323.3100000000004,4178.1031250000005,6475.8999999999996,4678.3874999999998,2145.206875,1797.5124999999998
2025-12-21,2025-12-21T18:00:00,18,2025-12-22T14:00:00,2025-12-22T14:10:00,121,次日延续,6466.152,3975.8631833333334,6548.6423000000004,4407.7574000000004,2490.2888166666667,2140.8849
2025-12-21,2025-12-21T18:00:00,18,2025-12-22T14:10:00,2025-12-22T14:20:00,122,次日延续,6472.2205000000004,3708.6963500000002,6639.5986000000003,4142.2758999999996,2763.52415,2497.3227000000006
2025-12-21,2025-12-21T18:00:00,18,2025-12-22T14:20:00,2025-12-22T14:30:00,123,次日延续,6310.1700000000001,3441.5295166666665,6630.4899999999998,3962.6999999999998,2868.6404833333336,2667.79
2025-12-21,2025-12-21T18:00:00,18,2025-12-22T14:30:00,2025-12-22T14:40:00,124,次日延续,6378.8442999999997,3174.3626833333333,6427.9777000000004,3777.7138,3204.4816166666665,2650.2639000000004
2025-12-21,2025-12-21T18:00:00,18,2025-12-22T14:40:00,2025-12-22T14:50:00,125,次日延续,6502.0878000000002,2907.1958500000001,6281.7999,3505.1010999999999,3594.89195,2776.6988
2025-12-21,2025-12-21T18:00:00,18,2025-12-22T14:50:00,2025-12-22T15:00:00,126,次日延续,6512.6300000000001,2640.0290166666668,6292.46,3220.1624999999999,3872.6009833333333,3072.2975
2025-12-21,2025-12-21T18:00:00,18,2025-12-22T15:00:00,2025-12-22T15:10:00,127,次日延续,6436.5195999999996,2435.6733083333334,6351.1975000000002,3058.3253,4000.8462916666663,3292.8722000000002
2025-12-21,2025-12-21T18:00:00,18,2025-12-22T15:10:00,2025-12-22T15:20:00,128,次日延续,6427.0694000000003,2294.128725,6449.4475000000002,2795.5747999999999,4132.940675,3653.8727000000003
2025-12-21,2025-12-21T18:00:00,18,2025-12-22T15:20:00,2025-12-22T15:30:00,129,次日延续,6436.2799999999997,2152.5841416666667,6479.9399999999996,2421.8625000000002,4283.695858333333,4058.0774999999994
2025-12-21,2025-12-21T18:00:00,18,2025-12-22T15:30:00,2025-12-22T15:40:00,130,次日延续,6300.1660000000002,2011.0395583333334,6315.3137999999999,2153.5475999999999,4289.126441666667,4161.7662
2025-12-21,2025-12-21T18:00:00,18,2025-12-22T15:40:00,2025-12-22T15:50:00,131,次日延续,6297.3415000000005,1869.4949750000001,6237.3829999999998,1895.5561,4427.846525000001,4341.8269
2025-12-21,2025-12-21T18:00:00,18,2025-12-22T15:50:00,2025-12-22T16:00:00,132,次日延续,6387.7700000000004,1727.9503916666667,6271.3199999999997,1584.9749999999999,4659.819608333333,4686.344999999999
2025-12-21,2025-12-21T18:00:00,18,2025-12-22T16:00:00,2025-12-22T16:10:00,133,次日延续,6241.5900000000001,1519.079925,6164.4840999999997,1267.1334999999999,4722.510075,4897.3506
2025-12-21,2025-12-21T18:00:00,18,2025-12-22T16:10:00,2025-12-22T16:20:00,134,次日延续,6089.0378000000001,1242.8835750000001,5996.3342000000002,966.22090000000003,4846.154225,5030.1133
2025-12-21,2025-12-21T18:00:00,18,2025-12-22T16:20:00,2025-12-22T16:30:00,135,次日延续,6123.6999999999998,966.6872249999999,5980.1099999999997,686.10000000000002,5157.012775,5294.009999999999
2025-12-21,2025-12-21T18:00:00,18,2025-12-22T16:30:00,2025-12-22T16:40:00,136,次日延续,6284.3773000000001,690.49087499999996,6221.3154000000004,419.08179999999999,5593.886425000001,5802.2336000000005
2025-12-21,2025-12-21T18:00:00,18,2025-12-22T16:40:00,2025-12-22T16:50:00,137,次日延续,6237.7357000000002,414.29452500000002,6237.7753000000002,168.97229999999999,5823.441175,6068.803
2025-12-21,2025-12-21T18:00:00,18,2025-12-22T16:50:00,2025-12-22T17:00:00,138,次日延续,6069.6499999999996,138.09817500000005,6092.5600000000004,0,5931.551825,6092.56
2025-12-21,2025-12-21T18:00:00,18,2025-12-22T17:00:00,2025-12-22T17:10:00,139,次日延续,6171.0924000000005,0,6286.2533999999996,0,6171.0924,6286.2534
2025-12-21,2025-12-21T18:00:00,18,2025-12-22T17:10:00,2025-12-22T17:20:00,140,次日延续,6235.3874999999998,0,6330.5695999999998,5.9467999999999996,6235.3875,6324.6228
2025-12-21,2025-12-21T18:00:00,18,2025-12-22T17:20:00,2025-12-22T17:30:00,141,次日延续,6298.3299999999999,0,6205.6700000000001,0,6298.33,6205.67
2025-12-21,2025-12-21T18:00:00,18,2025-12-22T17:30:00,2025-12-22T17:40:00,142,次日延续,6521.9260000000004,0,6260.0126,0,6521.926,6260.0126
2025-12-21,2025-12-21T18:00:00,18,2025-12-22T17:40:00,2025-12-22T17:50:00,143,次日延续,5585.1675999999998,0,5499.1607000000004,0.42699999999999999,5585.1676,5498.733700000001
2025-12-21,2025-12-21T18:00:00,18,2025-12-22T17:50:00,2025-12-22T18:00:00,144,次日延续,4088.3400000000001,0,4337.3999999999996,0,4088.34,4337.4
