policy_id,a_kwh,cancellation_cost_yuan,charge_bus_kwh,date,discharge_bus_kwh,effective_issue,emergency_cost_yuan,emergency_kwh,g0_kwh,grid_unused_kwh,grid_used_kwh,increase_cost_yuan,load_kw,physical_interval_end,physical_interval_start,price_yuan_per_kwh,pv_actual_kw,pv_curtailment_kwh,retained_cost_yuan,slot_id,soc_end_kwh,soc_roundoff_adjustment_kwh,soc_start_kwh,total_cost_yuan
P3_MAIN_MEAN_ROLLOUT_061218,1454.4555666666668,0,833.33333333333337,2025-03-20,0,2025-03-20T00:00:00,0,0,1454.4555666666668,71.277416666666568,1383.1781500000002,0,3299.0689000000002,2025-03-20T00:10:00,2025-03-20T00:00:00,0.42480000000000001,0,0,617.85272472000008,1,2944.9670507407418,0,2194.9670507407418,617.85272472000008
P3_MAIN_MEAN_ROLLOUT_061218,1453.4873333333335,0,833.33333333333337,2025-03-20,0,2025-03-20T00:00:00,0,0,1453.4873333333335,49.840500000000247,1403.6468333333332,0,3421.8809999999999,2025-03-20T00:20:00,2025-03-20T00:10:00,0.42449999999999999,0,0,617.00537300000008,2,3694.9670507407418,0,2944.9670507407418,617.00537300000008
P3_MAIN_MEAN_ROLLOUT_061218,1445.645,0,831.79333333333329,2025-03-20,0,2025-03-20T00:00:00,0,0,1445.645,-0,1445.645,0,3683.1100000000001,2025-03-20T00:30:00,2025-03-20T00:20:00,0.4269,0,0,617.14585050000005,3,4443.5810507407423,0,3694.9670507407418,617.14585050000005
P3_MAIN_MEAN_ROLLOUT_061218,1440.86895,0,833.33333333333337,2025-03-20,0,2025-03-20T00:00:00,0,0,1440.86895,28.079449999999952,1412.7895000000001,0,3476.7370000000001,2025-03-20T00:40:00,2025-03-20T00:30:00,0.42720000000000002,0,0,615.53921544000002,4,5193.5810507407423,0,4443.5810507407423,615.53921544000002
P3_MAIN_MEAN_ROLLOUT_061218,1434.8355833333335,0,833.33333333333337,2025-03-20,0,2025-03-20T00:00:00,0,0,1434.8355833333335,51.057333333333418,1383.7782500000001,0,3302.6695,2025-03-20T00:50:00,2025-03-20T00:40:00,0.42709999999999998,0,0,612.81827764166667,5,5943.5810507407423,0,5193.5810507407423,612.81827764166667
P3_MAIN_MEAN_ROLLOUT_061218,1420.6100000000001,0,833.33333333333337,2025-03-20,0,2025-03-20T00:00:00,0,0,1420.6100000000001,16.120000000000118,1404.49,0,3426.9400000000001,2025-03-20T01:00:00,2025-03-20T00:50:00,0.42849999999999999,0,0,608.73138500000005,6,6693.5810507407423,0,5943.5810507407423,608.73138500000005
P3_MAIN_MEAN_ROLLOUT_061218,571.77599999999995,0,0,2025-03-20,29.813049999999976,2025-03-20T00:00:00,0,0,571.77599999999995,-0,571.77599999999995,0,3609.5342999999998,2025-03-20T01:10:00,2025-03-20T01:00:00,0.43109999999999998,0,0,246.49263359999998,7,6660.4554396296317,0,6693.5810507407423,246.49263359999998
P3_MAIN_MEAN_ROLLOUT_061218,1403.3737000000001,0,791.88995000000011,2025-03-20,0,2025-03-20T00:00:00,0,0,1403.3737000000001,-0,1403.3737000000001,0,3668.9025000000001,2025-03-20T01:20:00,2025-03-20T01:10:00,0.43020000000000003,0,0,603.73136574000011,8,7373.1563946296319,0,6660.4554396296317,603.73136574000011
P3_MAIN_MEAN_ROLLOUT_061218,1379.7266666666667,0,781.50999999999999,2025-03-20,0,2025-03-20T00:00:00,0,0,1379.7266666666667,-0,1379.7266666666667,0,3589.3000000000002,2025-03-20T01:30:00,2025-03-20T01:20:00,0.4279,0,0,590.38504066666667,9,8076.5153946296323,0,7373.1563946296319,590.38504066666667
P3_MAIN_MEAN_ROLLOUT_061218,579.08751666666672,0,0,2025-03-20,4.8484333333332188,2025-03-20T00:00:00,0,0,579.08751666666672,-0,579.08751666666672,0,3503.6156999999998,2025-03-20T01:40:00,2025-03-20T01:30:00,0.43120000000000003,0,0,249.70253718666672,10,8071.128246481484,0,8076.5153946296323,249.70253718666672
P3_MAIN_MEAN_ROLLOUT_061218,604.18306666666672,0,13.188016666666726,2025-03-20,0,2025-03-20T00:00:00,0,0,604.18306666666672,-0,604.18306666666672,0,3545.9703,2025-03-20T01:50:00,2025-03-20T01:40:00,0.43330000000000002,0,0,261.79252278666672,11,8082.9974614814837,0,8071.128246481484,261.79252278666672
P3_MAIN_MEAN_ROLLOUT_061218,1035.6343880658414,0,437.19105473250818,2025-03-20,0,2025-03-20T00:00:00,0,0,1035.6343880658414,-0,1035.6343880658414,0,3590.6599999999999,2025-03-20T02:00:00,2025-03-20T01:50:00,0.43109999999999998,0,0,446.46198469518424,12,8476.4694107407413,0,8082.9974614814837,446.46198469518424
P3_MAIN_MEAN_ROLLOUT_061218,1431.1275333333333,0,833.33333333333337,2025-03-20,0,2025-03-20T00:00:00,0,0,1431.1275333333333,31.810583333333398,1399.3169499999999,0,3395.9016999999999,2025-03-20T02:10:00,2025-03-20T02:00:00,0.42930000000000001,0,0,614.38305005999996,13,9226.4694107407413,0,8476.4694107407413,614.38305005999996
P3_MAIN_MEAN_ROLLOUT_061218,585.66006666666669,0,39.539300000000026,2025-03-20,0,2025-03-20T00:00:00,0,0,585.66006666666669,-0,585.66006666666669,0,3276.7246,2025-03-20T02:20:00,2025-03-20T02:10:00,0.43240000000000001,0,0,253.23941282666669,14,9262.054780740742,0,9226.4694107407413,253.23941282666669
P3_MAIN_MEAN_ROLLOUT_061218,597.71500000000003,0,32.001666666666665,2025-03-20,0,2025-03-20T00:00:00,0,0,597.71500000000003,-0,597.71500000000003,0,3394.2800000000002,2025-03-20T02:30:00,2025-03-20T02:20:00,0.43669999999999998,0,0,261.02214049999998,15,9290.8562807407416,0,9262.054780740742,261.02214049999998
P3_MAIN_MEAN_ROLLOUT_061218,605.83273333333341,0,7.9061666666667634,2025-03-20,0,2025-03-20T00:00:00,0,0,605.83273333333341,-0,605.83273333333341,0,3587.5594000000001,2025-03-20T02:40:00,2025-03-20T02:30:00,0.43480000000000002,0,0,263.41607245333336,16,9297.971830740742,0,9290.8562807407416,263.41607245333336
P3_MAIN_MEAN_ROLLOUT_061218,630.34141666666676,0,29.38695000000007,2025-03-20,0,2025-03-20T00:00:00,0,0,630.34141666666676,-0,630.34141666666676,0,3605.7267999999999,2025-03-20T02:50:00,2025-03-20T02:40:00,0.4335,0,0,273.25300412500002,17,9324.4200857407413,0,9297.971830740742,273.25300412500002
P3_MAIN_MEAN_ROLLOUT_061218,655.0533333333334,0,67.921666666666738,2025-03-20,0,2025-03-20T00:00:00,0,0,655.0533333333334,-0,655.0533333333334,0,3522.79,2025-03-20T03:00:00,2025-03-20T02:50:00,0.43569999999999998,0,0,285.40673733333335,18,9385.5495857407423,0,9324.4200857407413,285.40673733333335
P3_MAIN_MEAN_ROLLOUT_061218,620.11231666666674,0,14.902016666666668,2025-03-20,0,2025-03-20T00:00:00,0,0,620.11231666666674,-0,620.11231666666674,0,3631.2618000000002,2025-03-20T03:10:00,2025-03-20T03:00:00,0.43740000000000001,0,0,271.23712731000006,19,9398.9614007407417,0,9385.5495857407423,271.23712731000006
P3_MAIN_MEAN_ROLLOUT_061218,596.97715000000005,0,0,2025-03-20,24.915233333333276,2025-03-20T00:00:00,0,0,596.97715000000005,-0,596.97715000000005,0,3731.3543,2025-03-20T03:20:00,2025-03-20T03:10:00,0.43709999999999999,0,0,260.93871226499999,20,9371.2778081481483,0,9398.9614007407417,260.93871226499999
P3_MAIN_MEAN_ROLLOUT_061218,603.93666666666661,0,0,2025-03-20,16.231666666666797,2025-03-20T00:00:00,0,0,603.93666666666661,-0,603.93666666666661,0,3721.0100000000002,2025-03-20T03:30:00,2025-03-20T03:20:00,0.43559999999999999,0,0,263.07481199999995,21,9353.2426229629637,0,9371.2778081481483,263.07481199999995
P3_MAIN_MEAN_ROLLOUT_061218,611.27134999999998,0,0,2025-03-20,5.3517333333332999,2025-03-20T00:00:00,0,0,611.27134999999998,-0,611.27134999999998,0,3699.7384999999999,2025-03-20T03:40:00,2025-03-20T03:30:00,0.43530000000000002,0,0,266.08641865499999,22,9347.2962525925941,0,9353.2426229629637,266.08641865499999
P3_MAIN_MEAN_ROLLOUT_061218,594.92936666666662,0,0,2025-03-20,17.534383333333381,2025-03-20T00:00:00,0,0,594.92936666666662,-0,594.92936666666662,0,3674.7824999999998,2025-03-20T03:50:00,2025-03-20T03:40:00,0.436,0,0,259.38920386666666,23,9327.8136044444454,0,9347.2962525925941,259.38920386666666
P3_MAIN_MEAN_ROLLOUT_061218,591.14666666666665,0,0,2025-03-20,12.783333333333303,2025-03-20T00:00:00,0,0,591.14666666666665,-0,591.14666666666665,0,3623.5799999999999,2025-03-20T04:00:00,2025-03-20T03:50:00,0.43780000000000002,0,0,258.80401066666667,24,9313.6099007407411,0,9327.8136044444454,258.80401066666667
P3_MAIN_MEAN_ROLLOUT_061218,608.84624999999994,0,19.051616666666632,2025-03-20,0,2025-03-20T00:00:00,0,0,608.84624999999994,-0,608.84624999999994,0,3538.7696999999998,2025-03-20T04:10:00,2025-03-20T04:00:00,0.44009999999999999,0.0019,0,267.95323462499999,25,9330.7563557407411,0,9313.6099007407411,267.95323462499999
P3_MAIN_MEAN_ROLLOUT_061218,622.43898333333345,0,40.974933333333524,2025-03-20,0,2025-03-20T00:00:00,0,0,622.43898333333345,-0,622.43898333333345,0,3488.7842999999998,2025-03-20T04:20:00,2025-03-20T04:10:00,0.43890000000000001,0,0,273.18846978500005,26,9367.6337957407413,0,9330.7563557407411,273.18846978500005
P3_MAIN_MEAN_ROLLOUT_061218,612.43500000000006,0,26.850000000000023,2025-03-20,0,2025-03-20T00:00:00,0,0,612.43500000000006,-0,612.43500000000006,0,3513.5100000000002,2025-03-20T04:30:00,2025-03-20T04:20:00,0.43640000000000001,0,0,267.26663400000001,27,9391.7987957407422,0,9367.6337957407413,267.26663400000001
P3_MAIN_MEAN_ROLLOUT_061218,630.30264999999997,0,30.577516666666611,2025-03-20,0,2025-03-20T00:00:00,0,0,630.30264999999997,-0,630.30264999999997,0,3598.3779,2025-03-20T04:40:00,2025-03-20T04:30:00,0.43930000000000002,0.027099999999999999,0,276.891954145,28,9419.3185607407413,0,9391.7987957407422,276.891954145
P3_MAIN_MEAN_ROLLOUT_061218,643.49436666666668,0,26.755049999999983,2025-03-20,0,2025-03-20T00:00:00,0,0,643.49436666666668,-0,643.49436666666668,0,3700.4358999999999,2025-03-20T04:50:00,2025-03-20T04:40:00,0.44219999999999998,0,0,284.55320893999999,29,9443.3981057407418,0,9419.3185607407413,284.55320893999999
P3_MAIN_MEAN_ROLLOUT_061218,629.07000000000005,0,3.4750000000000227,2025-03-20,0,2025-03-20T00:00:00,0,0,629.07000000000005,-0,629.07000000000005,0,3753.5700000000002,2025-03-20T05:00:00,2025-03-20T04:50:00,0.4395,0,0,276.47626500000001,30,9446.5256057407423,0,9443.3981057407418,276.47626500000001
P3_MAIN_MEAN_ROLLOUT_061218,626.30904999999996,0,6.8751333333333378,2025-03-20,0,2025-03-20T00:00:00,0,0,626.30904999999996,-0,626.30904999999996,0,3716.9811,2025-03-20T05:10:00,2025-03-20T05:00:00,0.43330000000000002,0.37759999999999999,0,271.37971136499999,31,9452.7132257407429,0,9446.5256057407423,271.37971136499999
P3_MAIN_MEAN_ROLLOUT_061218,618.1196666666666,0,0.27526666666653909,2025-03-20,0,2025-03-20T00:00:00,0,0,618.1196666666666,-0,618.1196666666666,0,3707.0664000000002,2025-03-20T05:20:00,2025-03-20T05:10:00,0.44390000000000002,0,0,274.38332003333329,32,9452.9609657407436,0,9452.7132257407429,274.38332003333329
P3_MAIN_MEAN_ROLLOUT_061218,1448.3833333333332,0,833.33333333333337,2025-03-20,0,2025-03-20T00:00:00,0,0,1448.3833333333332,7.9349999999999454,1440.4483333333333,0,3642.6900000000001,2025-03-20T05:30:00,2025-03-20T05:20:00,0.43009999999999998,0,0,622.94967166666663,33,10202.960965740744,0,9452.9609657407436,622.94967166666663
P3_MAIN_MEAN_ROLLOUT_061218,1437.8719166666667,0,663.37670473250705,2025-03-20,0,2025-03-20T00:00:00,0,0,1437.8719166666667,199.06514526749311,1238.8067713991736,0,3457.8398000000002,2025-03-20T05:40:00,2025-03-20T05:30:00,0.37130000000000002,5.2594000000000003,0,533.88184265833343,34,10800,0,10202.960965740744,533.88184265833343
P3_MAIN_MEAN_ROLLOUT_061218,699.55496666666659,0,0,2025-03-20,-0,2025-03-20T00:00:00,0,0,699.55496666666659,28.091849999999909,671.46311666666668,0,4028.7786999999998,2025-03-20T05:50:00,2025-03-20T05:40:00,0.57079999999999997,0,0,399.30597497333326,35,10800,0,10800,399.30597497333326
P3_MAIN_MEAN_ROLLOUT_061218,12.205000000000041,0,0,2025-03-20,814.80999999999995,2025-03-20T00:00:00,0,0,12.205000000000041,-0,12.205000000000041,0,4962.0900000000001,2025-03-20T06:00:00,2025-03-20T05:50:00,0.90990000000000004,0,0,11.105329500000037,36,9894.6555555555551,0,10800,11.105329500000037
P3_MAIN_MEAN_ROLLOUT_061218,0,0,0,2025-03-20,791.94993333333343,2025-03-20T06:00:00,0,0,0,0,0,0,4905.1198000000004,2025-03-20T06:10:00,2025-03-20T06:00:00,0.93679999999999997,153.42019999999999,-0,0,37,9014.7111851851841,0,9894.6555555555551,0
P3_MAIN_MEAN_ROLLOUT_061218,0,0,0,2025-03-20,709.96331666666674,2025-03-20T06:00:00,0,0,0,0,0,0,4660.8239000000003,2025-03-20T06:20:00,2025-03-20T06:10:00,0.87580000000000002,401.04399999999998,-0,0,38,8225.8630555555537,0,9014.7111851851841,0
P3_MAIN_MEAN_ROLLOUT_061218,0,0,0,2025-03-20,671.37083333333339,2025-03-20T06:00:00,0,0,0,0,0,0,4703.75,2025-03-20T06:30:00,2025-03-20T06:20:00,0.87590000000000001,675.52499999999998,-0,0,39,7479.8954629629607,0,8225.8630555555537,0
P3_MAIN_MEAN_ROLLOUT_061218,0,0,0,2025-03-20,629.04486666666674,2025-03-20T06:00:00,0,0,0,0,0,0,4726.9008000000003,2025-03-20T06:40:00,2025-03-20T06:30:00,0.86009999999999998,952.63160000000005,-0,0,40,6780.9567222222195,0,7479.8954629629607,0
P3_MAIN_MEAN_ROLLOUT_061218,0,0,0,2025-03-20,586.1559166666666,2025-03-20T06:00:00,0,0,0,0,0,0,4819.4732999999997,2025-03-20T06:50:00,2025-03-20T06:40:00,0.84419999999999995,1302.5378000000001,-0,0,41,6129.6723703703674,0,6780.9567222222195,0
P3_MAIN_MEAN_ROLLOUT_061218,0,0,0,2025-03-20,531.18208333333337,2025-03-20T06:00:00,0,0,0,0,0,0,4880.3299999999999,2025-03-20T07:00:00,2025-03-20T06:50:00,0.83340000000000003,1693.2375,-0,0,42,5539.4700555555528,0,6129.6723703703674,0
P3_MAIN_MEAN_ROLLOUT_061218,136.65555185754016,0,0,2025-03-20,309.91994814245993,2025-03-20T06:00:00,0,0,0,-0,136.65555185754016,165.87250884468224,4689.3761000000004,2025-03-20T07:10:00,2025-03-20T07:00:00,0.80920000000000003,2009.9231,0,0,43,5195.1145576194858,0,5539.4700555555528,165.87250884468224
P3_MAIN_MEAN_ROLLOUT_061218,452.60663174263516,0,51.365015075968586,2025-03-20,0,2025-03-20T06:00:00,0,0,337.28250138888808,-0,452.60663174263516,137.90459507701075,4713.3645999999999,2025-03-20T07:20:00,2025-03-20T07:10:00,0.79720000000000002,2305.9149000000002,0,268.8816101072216,44,5241.3430711878573,0,5195.1145576194858,406.78620518423236
P3_MAIN_MEAN_ROLLOUT_061218,410.41418736436987,0,40.837104031036574,2025-03-20,0,2025-03-20T06:00:00,0,0,400.56646388888885,-0,410.41418736436987,11.291399736986534,4827.1999999999998,2025-03-20T07:30:00,2025-03-20T07:20:00,0.76439999999999997,2609.7375000000002,0,306.19300499666662,45,5278.0964648157906,0,5241.3430711878573,317.48440473365315
P3_MAIN_MEAN_ROLLOUT_061218,302.55788324572285,0,21.867683245722901,2025-03-20,0,2025-03-20T06:00:00,0,0,292.24526944444449,-0,302.55788324572285,10.672008392252911,4578.1559999999999,2025-03-20T07:40:00,2025-03-20T07:30:00,0.68989999999999996,2894.0147999999999,0,201.62001138972224,46,5297.7773797369409,0,5278.0964648157906,212.29201978197514
P3_MAIN_MEAN_ROLLOUT_061218,0,0,0,2025-03-20,334.57806666666659,2025-03-20T06:00:00,0,0,0,0,0,0,5187.0367999999999,2025-03-20T07:50:00,2025-03-20T07:40:00,0.85999999999999999,3179.5684000000001,-0,0,47,4926.0239723295335,0,5297.7773797369409,0
P3_MAIN_MEAN_ROLLOUT_061218,0,0,0,2025-03-20,488.17958333333343,2025-03-20T06:00:00,0,0,0,0,0,0,6405.5900000000001,2025-03-20T08:00:00,2025-03-20T07:50:00,1.1617,3476.5124999999998,-0,0,48,4383.602213070274,0,4926.0239723295335,0
P3_MAIN_MEAN_ROLLOUT_061218,0,0,0,2025-03-20,482.80385000000012,2025-03-20T06:00:00,0,0,0,0,0,0,6658.0486000000001,2025-03-20T08:10:00,2025-03-20T08:00:00,1.1682999999999999,3761.2255,-0,0,49,3847.1534908480517,0,4383.602213070274,0
P3_MAIN_MEAN_ROLLOUT_061218,0,0,0,2025-03-20,438.37139999999988,2025-03-20T06:00:00,0,0,0,0,0,0,6606.6000999999997,2025-03-20T08:20:00,2025-03-20T08:10:00,1.0955999999999999,3976.3717000000001,-0,0,50,3360.0741575147185,0,3847.1534908480517,0
P3_MAIN_MEAN_ROLLOUT_061218,0,0,0,2025-03-20,411.15750000000014,2025-03-20T06:00:00,0,0,0,0,0,0,6687.2700000000004,2025-03-20T08:30:00,2025-03-20T08:20:00,1.0849,4220.3249999999998,-0,0,51,2903.2324908480518,0,3360.0741575147185,0
P3_MAIN_MEAN_ROLLOUT_061218,0,0,0,2025-03-20,332.67218333333335,2025-03-20T06:00:00,0,0,0,0,0,0,6649.7759999999998,2025-03-20T08:40:00,2025-03-20T08:30:00,1.0609999999999999,4653.7429000000002,-0,0,52,2533.5967315887924,0,2903.2324908480518,0
P3_MAIN_MEAN_ROLLOUT_061218,0,0,0,2025-03-20,278.00513333333322,2025-03-20T06:00:00,0,0,0,0,0,0,6705.5334999999995,2025-03-20T08:50:00,2025-03-20T08:40:00,1.0429999999999999,5037.5027,-0,0,53,2224.7021389962001,0,2533.5967315887924,0
P3_MAIN_MEAN_ROLLOUT_061218,0,0,0,2025-03-20,262.8204166666668,2025-03-20T06:00:00,0,0,0,0,0,0,6757.8100000000004,2025-03-20T09:00:00,2025-03-20T08:50:00,1.036,5180.8874999999998,-0,0,54,1932.6794538110148,0,2224.7021389962001,0
P3_MAIN_MEAN_ROLLOUT_061218,0,0,0,2025-03-20,221.28376666666657,2025-03-20T06:00:00,0,0,0,0,0,0,6494.2003999999997,2025-03-20T09:10:00,2025-03-20T09:00:00,1.0146999999999999,5166.4978000000001,-0,0,55,1686.8086019591631,0,1932.6794538110148,0
P3_MAIN_MEAN_ROLLOUT_061218,0,0,0,2025-03-20,150.51836666666657,2025-03-20T06:00:00,0,0,0,0,0,0,6436.4391999999998,2025-03-20T09:20:00,2025-03-20T09:10:00,0.99219999999999997,5533.3289999999997,-0,0,56,1519.5659723295335,0,1686.8086019591631,0
P3_MAIN_MEAN_ROLLOUT_061218,0,0,0,2025-03-20,77.185416666666583,2025-03-20T06:00:00,0,0,0,0,0,0,6570.8500000000004,2025-03-20T09:30:00,2025-03-20T09:20:00,0.96999999999999997,6107.7375000000002,-0,0,57,1433.8043982554595,0,1519.5659723295335,0
P3_MAIN_MEAN_ROLLOUT_061218,0,0,0,2025-03-20,36.094749999999976,2025-03-20T06:00:00,0,0,0,0,0,0,6399.3635000000004,2025-03-20T09:40:00,2025-03-20T09:30:00,0.94220000000000004,6182.7950000000001,-0,0,58,1393.6991204776818,0,1433.8043982554595,0
P3_MAIN_MEAN_ROLLOUT_061218,0,0,0,2025-03-20,41.25734999999986,2025-03-20T06:00:00,0,0,0,0,0,0,6445.9300999999996,2025-03-20T09:50:00,2025-03-20T09:40:00,0.95689999999999997,6198.3860000000004,-0,0,59,1347.8576204776821,0,1393.6991204776818,0
P3_MAIN_MEAN_ROLLOUT_061218,0,0,0,2025-03-20,45.207083333333458,2025-03-20T06:00:00,0,0,0,0,0,0,6697.4300000000003,2025-03-20T10:00:00,2025-03-20T09:50:00,0.99770000000000003,6426.1875,-0,0,60,1297.6275278850894,0,1347.8576204776821,0
P3_MAIN_MEAN_ROLLOUT_061218,0,0,16.208750000000009,2025-03-20,0,2025-03-20T06:00:00,0,0,0,0,0,0,6577.9956000000002,2025-03-20T10:10:00,2025-03-20T10:00:00,0.9919,6675.2480999999998,-0,0,61,1312.2154028850894,0,1297.6275278850894,0
P3_MAIN_MEAN_ROLLOUT_061218,0,0,54.787799999999834,2025-03-20,0,2025-03-20T06:00:00,0,0,0,0,0,0,6445.2772000000004,2025-03-20T10:20:00,2025-03-20T10:10:00,0.95879999999999999,6774.0039999999999,-0,0,62,1361.5244228850893,0,1312.2154028850894,0
P3_MAIN_MEAN_ROLLOUT_061218,0,0,67.5775000000001,2025-03-20,0,2025-03-20T06:00:00,0,0,0,0,0,0,6473.6099999999997,2025-03-20T10:30:00,2025-03-20T10:20:00,0.95489999999999997,6879.0749999999998,-0,0,63,1422.3441728850894,0,1361.5244228850893,0
P3_MAIN_MEAN_ROLLOUT_061218,0,0,135.71306666666669,2025-03-20,0,2025-03-20T06:00:00,0,0,0,0,0,0,6454.2353000000003,2025-03-20T10:40:00,2025-03-20T10:30:00,0.9839,7268.5137000000004,-0,0,64,1544.4859328850894,0,1422.3441728850894,0
P3_MAIN_MEAN_ROLLOUT_061218,0,0,183.83656666666661,2025-03-20,0,2025-03-20T06:00:00,0,0,0,0,0,0,6352.3360000000002,2025-03-20T10:50:00,2025-03-20T10:40:00,0.79900000000000004,7455.3554000000004,-0,0,65,1709.9388428850893,0,1544.4859328850894,0
P3_MAIN_MEAN_ROLLOUT_061218,597.89515244954407,14.880386019968766,761.74515244954432,2025-03-20,0,2025-03-20T06:00:00,2.8563817977556024e-13,1.1368683772161603e-13,657.12056944444464,0,597.89515244954407,0,6279.8999999999996,2025-03-20T11:00:00,2025-03-20T10:50:00,0.50249999999999995,7263,0,300.44231410589589,66,2395.5094800896795,0,1709.9388428850893,315.32270012586491
P3_MAIN_MEAN_ROLLOUT_061218,617.56872638888865,0,727.50610972222194,2025-03-20,0,2025-03-20T06:00:00,0,0,617.56872638888865,1.1368683772161603e-13,617.56872638888854,0,6362.0436,2025-03-20T11:10:00,2025-03-20T11:00:00,0.4662,7021.6679000000004,0,287.91054024249991,67,3050.2649788396793,0,2395.5094800896795,287.91054024249991
P3_MAIN_MEAN_ROLLOUT_061218,573.07721249999975,0,682.91836249999983,2025-03-20,0,2025-03-20T06:00:00,2.8461499823606576e-13,1.1368683772161603e-13,573.07721249999975,0,573.07721249999975,0,6393.8373000000001,2025-03-20T11:20:00,2025-03-20T11:10:00,0.50070000000000003,7052.8842000000004,0,286.93976029874989,68,3664.8915050896794,0,3050.2649788396793,286.93976029875017
P3_MAIN_MEAN_ROLLOUT_061218,582.61053194444446,0,742.18761527777792,2025-03-20,0,2025-03-20T06:00:00,2.7438318284112029e-13,1.1368683772161603e-13,582.61053194444446,0,582.61053194444446,0,6360.1000000000004,2025-03-20T11:30:00,2025-03-20T11:20:00,0.48270000000000002,7317.5625,0,281.22610376958335,69,4332.86035883968,0,3664.8915050896794,281.22610376958363
P3_MAIN_MEAN_ROLLOUT_061218,585.3624791666665,0,765.63009583333314,2025-03-20,0,2025-03-20T06:00:00,0,0,585.3624791666665,1.1368683772161603e-13,585.36247916666639,0,6424.0276000000003,2025-03-20T11:40:00,2025-03-20T11:30:00,0.47849999999999998,7505.6333000000004,0,280.09594628124989,70,5021.9274450896801,0,4332.86035883968,280.09594628124989
P3_MAIN_MEAN_ROLLOUT_061218,600.41378458659176,2.7133118741154183,809.6489012532586,2025-03-20,0,2025-03-20T06:00:00,2.6500401872908696e-13,1.1368683772161603e-13,612.05390416666648,0,600.41378458659176,0,6379.6216000000004,2025-03-20T11:50:00,2025-03-20T11:40:00,0.4662,7635.0322999999999,0,279.91290637426908,71,5750.6114562176126,0,5021.9274450896801,282.62621824838476
P3_MAIN_MEAN_ROLLOUT_061218,541.72504555119383,11.489588882522115,816.74671221786048,2025-03-20,0,2025-03-20T06:00:00,0,0,593.57337083333334,1.1368683772161603e-13,541.72504555119372,0,6168.3199999999997,2025-03-20T12:00:00,2025-03-20T11:50:00,0.44319999999999998,7818.4499999999998,0,240.09254018828909,72,6485.6834972136867,0,5750.6114562176126,251.58212907081122
P3_MAIN_MEAN_ROLLOUT_061218,499.14167533223701,23.729801182905621,833.33333333333337,2025-03-20,0,2025-03-20T06:00:00,0,0,606.73542361111083,19.829658665570378,479.31201666666664,0,5958.8116,2025-03-20T12:10:00,2025-03-20T12:00:00,0.44109999999999999,8082.9395000000004,0,220.17139298904974,73,7235.6834972136867,0,6485.6834972136867,243.90119417195535
P3_MAIN_MEAN_ROLLOUT_061218,502.83474941388738,35.211073859619937,833.33333333333337,2025-03-20,0,2025-03-20T06:00:00,0,0,657.57469166666669,42.058216080554075,460.7765333333333,0,5855.2299000000003,2025-03-20T12:20:00,2025-03-20T12:10:00,0.4551,8090.5707000000002,0,228.84009445826015,74,7985.6834972136867,0,7235.6834972136867,264.05116831788007
P3_MAIN_MEAN_ROLLOUT_061218,525.63563602782972,43.704278359973102,829.91938602782977,2025-03-20,0,2025-03-20T06:00:00,2.5369217837578617e-13,1.1368683772161603e-13,721.48720833333323,0,525.63563602782972,0,5883.6599999999999,2025-03-20T12:30:00,2025-03-20T12:20:00,0.44629999999999997,7709.3625000000002,0,234.59118435922039,75,8732.6109446387327,0,7985.6834972136867,278.29546271919372
P3_MAIN_MEAN_ROLLOUT_061218,506.59443274722082,51.420852081159047,706.42386608055415,2025-03-20,0,2025-03-20T06:00:00,2.3379698177450334e-13,1.1368683772161603e-13,756.63504583333338,0,506.59443274722082,0,6006.2794000000004,2025-03-20T12:40:00,2025-03-20T12:30:00,0.4113,7205.2560000000003,0,208.36229018893192,76,9368.3924241112309,0,8732.6109446387327,259.78314227009122
P3_MAIN_MEAN_ROLLOUT_061218,0,205.09829904666702,173.09823333333316,2025-03-20,0,2025-03-20T06:00:00,0,0,721.92291111111228,0,0,0,6168.3548000000001,2025-03-20T12:50:00,2025-03-20T12:40:00,0.56820000000000004,7206.9441999999999,-0,0,77,9524.1808341112301,0,9368.3924241112309,205.09829904666702
P3_MAIN_MEAN_ROLLOUT_061218,0,29.295479521250002,195.73666666666668,2025-03-20,0,2025-03-20T06:00:00,0,0,70.770575000000008,0,0,0,6351.3800000000001,2025-03-20T13:00:00,2025-03-20T12:50:00,0.82789999999999997,7525.8000000000002,-0,0,78,9700.3438341112305,0,9524.1808341112301,29.295479521250002
P3_MAIN_MEAN_ROLLOUT_061218,0,70.747832603055414,138.07556666666642,2025-03-20,0,2025-03-20T06:00:00,0,0,163.84398472222188,0,0,0,6510.6216000000004,2025-03-20T13:10:00,2025-03-20T13:00:00,0.86360000000000003,7339.0749999999998,-0,0,79,9824.6118441112303,0,9700.3438341112305,70.747832603055414
P3_MAIN_MEAN_ROLLOUT_061218,0,52.21885163333333,90.30038333333323,2025-03-20,0,2025-03-20T06:00:00,0,0,124.09422916666665,0,0,0,6358.8315000000002,2025-03-20T13:20:00,2025-03-20T13:10:00,0.84160000000000001,6900.6337999999996,-0,0,80,9905.8821891112311,0,9824.6118441112303,52.21885163333333
P3_MAIN_MEAN_ROLLOUT_061218,0,58.853727811250067,95.118749999999977,2025-03-20,0,2025-03-20T06:00:00,0,0,136.58326250000016,0,0,0,6039.3000000000002,2025-03-20T13:30:00,2025-03-20T13:20:00,0.86180000000000001,6610.0124999999998,-0,0,81,9991.4890641112306,0,9905.8821891112311,58.853727811250067
P3_MAIN_MEAN_ROLLOUT_061218,0,63.996188528888851,102.19911666666655,2025-03-20,0,2025-03-20T06:00:00,0,0,148.4313777777777,0,0,0,6028.9848000000002,2025-03-20T13:40:00,2025-03-20T13:30:00,0.86229999999999996,6642.1795000000002,-0,0,82,10083.46826911123,0,9991.4890641112306,63.996188528888851
P3_MAIN_MEAN_ROLLOUT_061218,0,0,104.79273333333322,2025-03-20,0,2025-03-20T06:00:00,0,0,0,0,0,0,6177.7812999999996,2025-03-20T13:50:00,2025-03-20T13:40:00,0.90259999999999996,6806.5376999999999,-0,0,83,10177.78172911123,0,10083.46826911123,0
P3_MAIN_MEAN_ROLLOUT_061218,0,0,86.654999999999973,2025-03-20,0,2025-03-20T06:00:00,0,0,0,0,0,0,6280.0200000000004,2025-03-20T14:00:00,2025-03-20T13:50:00,0.97540000000000004,6799.9499999999998,-0,0,84,10255.771229111229,0,10177.78172911123,0
P3_MAIN_MEAN_ROLLOUT_061218,0,0,28.355233333333445,2025-03-20,0,2025-03-20T06:00:00,0,0,0,0,0,0,6283.4822999999997,2025-03-20T14:10:00,2025-03-20T14:00:00,1.0002,6453.6136999999999,-0,0,85,10281.29093911123,0,10255.771229111229,0
P3_MAIN_MEAN_ROLLOUT_061218,0,0,0,2025-03-20,18.553899999999885,2025-03-20T06:00:00,0,0,0,0,0,0,6314.9120000000003,2025-03-20T14:20:00,2025-03-20T14:10:00,0.99780000000000002,6203.5886,-0,0,86,10260.675494666786,0,10281.29093911123,0
P3_MAIN_MEAN_ROLLOUT_061218,0,0,0,2025-03-20,39.517083333333403,2025-03-20T06:00:00,0,0,0,0,0,0,6352.79,2025-03-20T14:30:00,2025-03-20T14:20:00,1.0270999999999999,6115.6875,-0,0,87,10216.767624296415,0,10260.675494666786,0
P3_MAIN_MEAN_ROLLOUT_061218,0,0,0,2025-03-20,70.293283333333193,2025-03-20T06:00:00,0,0,0,0,0,0,6259.4213,2025-03-20T14:40:00,2025-03-20T14:30:00,1.0906,5837.6616000000004,-0,0,88,10138.663976148267,0,10216.767624296415,0
P3_MAIN_MEAN_ROLLOUT_061218,0,0,0,2025-03-20,126.35851666666679,2025-03-20T06:00:00,0,0,0,0,0,0,6190.1145999999999,2025-03-20T14:50:00,2025-03-20T14:40:00,0.93759999999999999,5431.9634999999998,-0,0,89,9998.2656242964149,0,10138.663976148267,0
P3_MAIN_MEAN_ROLLOUT_061218,206.56323945937811,362.88600909350168,25.919072792711404,2025-03-20,0,2025-03-20T06:00:00,3.8050984585424885e-13,1.1368683772161603e-13,1290.7759944444444,0,206.56323945937811,0,6156.6400000000003,2025-03-20T15:00:00,2025-03-20T14:50:00,0.6694,5072.7749999999996,0,138.27343249410771,90,10021.592789809854,0,9998.2656242964149,501.15944158760982
P3_MAIN_MEAN_ROLLOUT_061218,560.23881645238953,247.79476615404485,362.92024978572272,2025-03-20,0,2025-03-20T06:00:00,0,0,1311.1320472222224,1.1368683772161603e-13,560.23881645238941,0,6039.3658999999998,2025-03-20T15:10:00,2025-03-20T15:00:00,0.66000000000000003,4855.4544999999998,0,369.75761885857713,91,10348.221014617005,0,10021.592789809854,617.55238501262193
P3_MAIN_MEAN_ROLLOUT_061218,298.42516162320067,204.59994510536532,49.618394956533962,2025-03-20,0,2025-03-20T06:00:00,0,0,865.41960558984977,1.1368683772161603e-13,298.42516162320055,0,6054.6788999999999,2025-03-20T15:20:00,2025-03-20T15:10:00,0.72170000000000001,4561.8383000000003,0,215.37343914346391,92,10392.877570077886,0,10348.221014617005,419.97338424882923
P3_MAIN_MEAN_ROLLOUT_061218,352.89305890382263,73.62697567904317,12.750558903822593,2025-03-20,0,2025-03-20T06:00:00,0,0,554.38998194444434,-0,352.89305890382263,0,6187.6800000000003,2025-03-20T15:30:00,2025-03-20T15:20:00,0.73080000000000001,4146.8249999999998,0,257.8942474469136,93,10404.353073091326,0,10392.877570077886,331.52122312595679
P3_MAIN_MEAN_ROLLOUT_061218,426.89049501493389,66.364508054818899,24.108228348267403,2025-03-20,0,2025-03-20T06:00:00,0,0,603.06386388888905,-0,426.89049501493389,0,6195.3720999999996,2025-03-20T15:40:00,2025-03-20T15:30:00,0.75339999999999996,3778.6785,0,321.61929894425117,94,10426.050478604768,0,10404.353073091326,387.98380699907005
P3_MAIN_MEAN_ROLLOUT_061218,455.51499063535437,61.768949739856232,3.062540635354253,2025-03-20,0,2025-03-20T06:00:00,0,0,613.43126250000023,-0,455.51499063535437,0,6186.1376,2025-03-20T15:50:00,2025-03-20T15:40:00,0.7823,3471.4229,0,356.34937717403773,95,10428.806765176587,0,10426.050478604768,418.11832691389395
P3_MAIN_MEAN_ROLLOUT_061218,480.4742060676449,58.630063103130965,0,2025-03-20,26.849960599021756,2025-03-20T06:00:00,0,0,626.04854027777765,-0,480.4742060676449,0,6200.1700000000001,2025-03-20T16:00:00,2025-03-20T15:50:00,0.80549999999999999,3156.2249999999999,0,387.02197298748797,96,10398.973475622119,0,10428.806765176587,445.65203609061894
P3_MAIN_MEAN_ROLLOUT_061218,537.93952412320073,58.50697914572531,0,2025-03-20,24.322025876799444,2025-03-20T06:00:00,0,0,679.41450694444438,-0,537.93952412320073,0,6153.3743000000004,2025-03-20T16:10:00,2025-03-20T16:00:00,0.82709999999999995,2779.8049999999998,0,444.92978040229929,97,10371.949002425676,0,10398.973475622119,503.43675954802461
P3_MAIN_MEAN_ROLLOUT_061218,628.47631090930167,41.16180138818293,29.409094242634978,2025-03-20,0,2025-03-20T06:00:00,0,0,725.11159999999995,-0,628.47631090930167,0,6101.7592000000004,2025-03-20T16:20:00,2025-03-20T16:10:00,0.85189999999999999,2507.3559,0,535.39896926363406,98,10398.417187244047,0,10371.949002425676,576.56077065181694
P3_MAIN_MEAN_ROLLOUT_061218,661.47312479819061,44.534892298844177,30.716874798190588,2025-03-20,0,2025-03-20T06:00:00,0,0,762.79241111111105,1.1368683772161603e-13,661.4731247981905,0,6118.9499999999998,2025-03-20T16:30:00,2025-03-20T16:20:00,0.87909999999999999,2334.4124999999999,0,581.5010240100894,99,10426.06237456242,0,10398.417187244047,626.03591630893357
P3_MAIN_MEAN_ROLLOUT_061218,707.54431881616165,39.675999056814547,18.808768816161773,2025-03-20,0,2025-03-20T06:00:00,0,0,795.47871388888893,-0,707.54431881616165,0,6209.4948999999997,2025-03-20T16:40:00,2025-03-20T16:30:00,0.90239999999999998,2077.0816,0,638.48799329970427,100,10442.990266496965,0,10426.06237456242,678.16399235651886
P3_MAIN_MEAN_ROLLOUT_061218,760.89031435873767,22.546583850085959,18.166031025404436,2025-03-20,0,2025-03-20T06:00:00,5.2085624702158385e-13,1.1368683772161603e-13,810.10254583333324,0,760.89031435873767,0,6190.1989999999996,2025-03-20T16:50:00,2025-03-20T16:40:00,0.9163,1733.8533,0,697.2037950469113,101,10459.339694419828,0,10442.990266496965,719.75037889699786
P3_MAIN_MEAN_ROLLOUT_061218,854.75044979819063,2.1121753668113805,67.337533131524083,2025-03-20,0,2025-03-20T06:00:00,5.2659743232652541e-13,1.1368683772161603e-13,859.31041388888877,0,854.75044979819063,0,6102.1899999999996,2025-03-20T17:00:00,2025-03-20T16:50:00,0.9264,1377.7125000000001,0,791.84081669304385,102,10519.9434742382,0,10459.339694419828,793.95299205985577
P3_MAIN_MEAN_ROLLOUT_061218,911.81591746944298,8.6569877731232143,68.583467469442894,2025-03-20,0,2025-03-20T06:00:00,0,0,930.11434861111115,-0,911.81591746944298,0,6143.2969000000003,2025-03-20T17:10:00,2025-03-20T17:00:00,0.94620000000000004,1083.9022,0,862.76022110958695,103,10581.668594960698,0,10519.9434742382,871.41720888271016
P3_MAIN_MEAN_ROLLOUT_061218,933.91743112604479,5.9275128568368531,60.062247792711446,2025-03-20,0,2025-03-20T06:00:00,0,0,946.08641666666654,1.1368683772161603e-13,933.91743112604468,0,6075.0133999999998,2025-03-20T17:20:00,2025-03-20T17:10:00,0.97419999999999995,831.88229999999999,0,909.82236140299278,104,10635.724617974138,0,10581.668594960698,915.74987425982965
P3_MAIN_MEAN_ROLLOUT_061218,949.48449007596844,2.046974625901016,44.760740075968329,2025-03-20,0,2025-03-20T06:00:00,0,0,953.63572638888877,-0,949.48449007596844,0,6025.6800000000003,2025-03-20T17:30:00,2025-03-20T17:20:00,0.98619999999999997,597.33749999999998,0,936.38160411292006,105,10676.00928404251,0,10635.724617974138,938.4285787388211
P3_MAIN_MEAN_ROLLOUT_061218,1039.0388361111111,0,65.948086111111252,2025-03-20,0,2025-03-20T06:00:00,1.1095835361629724e-12,2.2737367544323206e-13,1039.0388361111111,0,1039.0388361111111,0,6213.4416000000001,2025-03-20T17:40:00,2025-03-20T17:30:00,0.97599999999999998,374.89710000000002,0,1014.1019040444444,106,10735.36256154251,0,10676.00928404251,1014.1019040444455
P3_MAIN_MEAN_ROLLOUT_061218,956.66224999999997,0,71.819376063877925,2025-03-20,0,2025-03-20T06:00:00,0,0,956.66224999999997,11.839690602788664,944.82255939721131,0,5394.1467000000002,2025-03-20T17:50:00,2025-03-20T17:40:00,1.0742,156.1276,0,1027.64658895,107,10800,0,10735.36256154251,1027.64658895
P3_MAIN_MEAN_ROLLOUT_061218,750.32566249999991,0,0,2025-03-20,-0,2025-03-20T06:00:00,0,0,750.32566249999991,67.972329166666555,682.35333333333335,0,4094.1199999999999,2025-03-20T18:00:00,2025-03-20T17:50:00,1.2313000000000001,0,0,923.8759882362499,108,10800,0,10800,923.8759882362499
P3_MAIN_MEAN_ROLLOUT_061218,715.14598333333345,0,0,2025-03-20,-0,2025-03-20T18:00:00,0,0,715.14598333333345,17.14870000000019,697.99728333333326,0,4187.9836999999998,2025-03-20T18:10:00,2025-03-20T18:00:00,1.2561,0,0,898.29486966500019,109,10800,0,10800,898.29486966500019
P3_MAIN_MEAN_ROLLOUT_061218,743.94611666666663,0,0,2025-03-20,-0,2025-03-20T18:00:00,0,0,743.94611666666663,4.6378999999999451,739.30821666666668,0,4441.4267,2025-03-20T18:20:00,2025-03-20T18:10:00,1.2446999999999999,5.5773999999999999,0,925.98973141499994,110,10800,0,10800,925.98973141499994
P3_MAIN_MEAN_ROLLOUT_061218,751.88,0,0,2025-03-20,-0,2025-03-20T18:00:00,0,0,751.88,42.638333333333321,709.24166666666667,0,4255.4499999999998,2025-03-20T18:30:00,2025-03-20T18:20:00,1.2544999999999999,0,0,943.23345999999992,111,10800,0,10800,943.23345999999992
P3_MAIN_MEAN_ROLLOUT_061218,743.57406666666668,0,0,2025-03-20,-0,2025-03-20T18:00:00,0,0,743.57406666666668,29.151250000000005,714.42281666666668,0,4286.5369000000001,2025-03-20T18:40:00,2025-03-20T18:30:00,1.2522,0,0,931.10344627999996,112,10800,0,10800,931.10344627999996
P3_MAIN_MEAN_ROLLOUT_061218,412.78853333333302,0,0,2025-03-20,332.18580000000031,2025-03-20T18:00:00,0,0,412.78853333333302,-0,412.78853333333302,0,4470.2464,2025-03-20T18:50:00,2025-03-20T18:40:00,1.2881,0.40039999999999998,0,531.71290978666627,113,10430.904666666665,0,10800,531.71290978666627
P3_MAIN_MEAN_ROLLOUT_061218,0,0,0,2025-03-20,763.20666666666659,2025-03-20T18:00:00,0,0,0,0,0,0,4579.2399999999998,2025-03-20T19:00:00,2025-03-20T18:50:00,1.3466,0,-0,0,114,9582.8972592592581,0,10430.904666666665,0
P3_MAIN_MEAN_ROLLOUT_061218,0,0,0,2025-03-20,746.71803333333344,2025-03-20T18:00:00,0,0,0,0,0,0,4480.3082000000004,2025-03-20T19:10:00,2025-03-20T19:00:00,1.3523000000000001,0,-0,0,115,8753.2105555555536,0,9582.8972592592581,0
P3_MAIN_MEAN_ROLLOUT_061218,0,0,0,2025-03-20,714.25549999999998,2025-03-20T18:00:00,0,0,0,0,0,0,4285.5618000000004,2025-03-20T19:20:00,2025-03-20T19:10:00,1.3445,0.028799999999999999,-0,0,116,7959.5933333333314,0,8753.2105555555536,0
P3_MAIN_MEAN_ROLLOUT_061218,0,0,0,2025-03-20,699.46333333333325,2025-03-20T18:00:00,0,0,0,0,0,0,4196.7799999999997,2025-03-20T19:30:00,2025-03-20T19:20:00,1.3483000000000001,0,-0,0,117,7182.4118518518499,0,7959.5933333333314,0
P3_MAIN_MEAN_ROLLOUT_061218,0,0,0,2025-03-20,721.81140000000005,2025-03-20T18:00:00,0,0,0,0,0,0,4330.8684000000003,2025-03-20T19:40:00,2025-03-20T19:30:00,1.349,0,-0,0,118,6380.3991851851833,0,7182.4118518518499,0
P3_MAIN_MEAN_ROLLOUT_061218,0,0,0,2025-03-20,728.49099999999987,2025-03-20T18:00:00,0,0,0,0,0,0,4370.9480999999996,2025-03-20T19:50:00,2025-03-20T19:40:00,1.3472999999999999,0.0020999999999999999,-0,0,119,5570.9647407407392,0,6380.3991851851833,0
P3_MAIN_MEAN_ROLLOUT_061218,0,0,0,2025-03-20,726.36833333333334,2025-03-20T18:00:00,0,0,0,0,0,0,4358.21,2025-03-20T20:00:00,2025-03-20T19:50:00,1.3482000000000001,0,-0,0,120,4763.8888148148135,0,5570.9647407407392,0
P3_MAIN_MEAN_ROLLOUT_061218,0,0,0,2025-03-20,764.33651666666674,2025-03-20T18:00:00,0,0,0,0,0,0,4586.0191000000004,2025-03-20T20:10:00,2025-03-20T20:00:00,1.3512999999999999,0,-0,0,121,3914.6260185185174,0,4763.8888148148135,0
P3_MAIN_MEAN_ROLLOUT_061218,0,0,0,2025-03-20,753.94381666666675,2025-03-20T18:00:00,0,0,0,0,0,0,4523.6629000000003,2025-03-20T20:20:00,2025-03-20T20:10:00,1.3400000000000001,0,-0,0,122,3076.9106666666657,0,3914.6260185185174,0
P3_MAIN_MEAN_ROLLOUT_061218,0,0,0,2025-03-20,702.56166666666661,2025-03-20T18:00:00,0,0,0,0,0,0,4215.3699999999999,2025-03-20T20:30:00,2025-03-20T20:20:00,1.3489,0,-0,0,123,2296.2865925925917,0,3076.9106666666657,0
P3_MAIN_MEAN_ROLLOUT_061218,0,0,0,2025-03-20,709.37448333333339,2025-03-20T18:00:00,0,0,0,0,0,0,4256.2469000000001,2025-03-20T20:40:00,2025-03-20T20:30:00,1.3952,0,-0,0,124,1508.0927222222213,0,2296.2865925925917,0
P3_MAIN_MEAN_ROLLOUT_061218,769.78474999999992,0,49.948766666666529,2025-03-20,0,2025-03-20T18:00:00,0,0,769.78474999999992,-0,769.78474999999992,0,4319.0159000000003,2025-03-20T20:50:00,2025-03-20T20:40:00,1.2225999999999999,0,0,941.13883534999979,125,1553.046612222221,0,1508.0927222222213,941.13883534999979
P3_MAIN_MEAN_ROLLOUT_061218,775.99666666666656,0,66.454999999999927,2025-03-20,0,2025-03-20T18:00:00,0,0,775.99666666666656,-0,775.99666666666656,0,4257.25,2025-03-20T21:00:00,2025-03-20T20:50:00,0.93320000000000003,0,0,724.1600893333333,126,1612.8561122222209,0,1553.046612222221,724.1600893333333
P3_MAIN_MEAN_ROLLOUT_061218,732.24035000000003,0,17.195666666666625,2025-03-20,0,2025-03-20T18:00:00,0,0,732.24035000000003,-0,732.24035000000003,0,4290.2681000000002,2025-03-20T21:10:00,2025-03-20T21:00:00,0.90680000000000005,0,0,663.99554938000006,127,1628.3322122222207,0,1612.8561122222209,663.99554938000006
P3_MAIN_MEAN_ROLLOUT_061218,729.00503333333336,0,0,2025-03-20,7.4455666666666502,2025-03-20T18:00:00,0,0,729.00503333333336,-0,729.00503333333336,0,4418.7035999999998,2025-03-20T21:20:00,2025-03-20T21:10:00,0.93710000000000004,0,0,683.15061673666673,128,1620.0593603703689,0,1628.3322122222207,683.15061673666673
P3_MAIN_MEAN_ROLLOUT_061218,757.20666666666659,0,0,2025-03-20,1.7266666666668016,2025-03-20T18:00:00,0,0,757.20666666666659,-0,757.20666666666659,0,4553.6000000000004,2025-03-20T21:30:00,2025-03-20T21:20:00,0.93710000000000004,0,0,709.57836733333329,129,1618.1408418518504,0,1620.0593603703689,709.57836733333329
P3_MAIN_MEAN_ROLLOUT_061218,743.93968333333339,0,0,2025-03-20,10.435783333333347,2025-03-20T18:00:00,0,0,743.93968333333339,-0,743.93968333333339,0,4526.2528000000002,2025-03-20T21:40:00,2025-03-20T21:30:00,0.98709999999999998,0,0,734.34286141833343,130,1606.5455270370355,0,1618.1408418518504,734.34286141833343
P3_MAIN_MEAN_ROLLOUT_061218,670.23041666666666,0,3.2928833333332932,2025-03-20,0,2025-03-20T18:00:00,0,0,670.23041666666666,-0,670.23041666666666,0,4001.6251999999999,2025-03-20T21:50:00,2025-03-20T21:40:00,0.77639999999999998,0,0,520.36689549999994,131,1609.5091220370355,0,1606.5455270370355,520.36689549999994
P3_MAIN_MEAN_ROLLOUT_061218,588.5383333333333,0,35.381666666666661,2025-03-20,0,2025-03-20T18:00:00,0,0,588.5383333333333,-0,588.5383333333333,0,3318.9400000000001,2025-03-20T22:00:00,2025-03-20T21:50:00,0.4209,0,0,247.71578449999998,132,1641.3526220370354,0,1609.5091220370355,247.71578449999998
P3_MAIN_MEAN_ROLLOUT_061218,589.26689999999996,0,50.365433333333272,2025-03-20,0,2025-03-20T18:00:00,0,0,589.26689999999996,-0,589.26689999999996,0,3233.4088000000002,2025-03-20T22:10:00,2025-03-20T22:00:00,0.38590000000000002,0,0,227.39809671,133,1686.6815120370354,0,1641.3526220370354,227.39809671
P3_MAIN_MEAN_ROLLOUT_061218,592.18349999999998,0,38.855000000000018,2025-03-20,0,2025-03-20T18:00:00,0,0,592.18349999999998,-0,592.18349999999998,0,3319.971,2025-03-20T22:20:00,2025-03-20T22:10:00,0.43680000000000002,0,0,258.66575280000001,134,1721.6510120370353,0,1686.6815120370354,258.66575280000001
P3_MAIN_MEAN_ROLLOUT_061218,586.01666666666677,0,43.376666666666779,2025-03-20,0,2025-03-20T18:00:00,0,0,586.01666666666677,-0,586.01666666666677,0,3255.8400000000001,2025-03-20T22:30:00,2025-03-20T22:20:00,0.41980000000000001,0,0,246.00979666666672,135,1760.6900120370356,0,1721.6510120370353,246.00979666666672
P3_MAIN_MEAN_ROLLOUT_061218,589.52303333333327,0,65.500933333333251,2025-03-20,0,2025-03-20T18:00:00,0,0,589.52303333333327,-0,589.52303333333327,0,3144.1325999999999,2025-03-20T22:40:00,2025-03-20T22:30:00,0.41860000000000003,0,0,246.77434175333332,136,1819.6408520370355,0,1760.6900120370356,246.77434175333332
P3_MAIN_MEAN_ROLLOUT_061218,582.46486666666669,0,55.495300000000043,2025-03-20,0,2025-03-20T18:00:00,0,0,582.46486666666669,-0,582.46486666666669,0,3161.8173999999999,2025-03-20T22:50:00,2025-03-20T22:40:00,0.42409999999999998,0,0,247.02334995333334,137,1869.5866220370356,0,1819.6408520370355,247.02334995333334
P3_MAIN_MEAN_ROLLOUT_061218,577.16499999999996,0,27.764999999999986,2025-03-20,0,2025-03-20T18:00:00,0,0,577.16499999999996,-0,577.16499999999996,0,3296.4000000000001,2025-03-20T23:00:00,2025-03-20T22:50:00,0.42370000000000002,0,0,244.54481049999998,138,1894.5751220370355,0,1869.5866220370356,244.54481049999998
P3_MAIN_MEAN_ROLLOUT_061218,602.39448333333337,0,42.99313333333339,2025-03-20,0,2025-03-20T18:00:00,0,0,602.39448333333337,-0,602.39448333333337,0,3356.4081000000001,2025-03-20T23:10:00,2025-03-20T23:00:00,0.42480000000000001,0,0,255.89717652000002,139,1933.2689420370355,0,1894.5751220370355,255.89717652000002
P3_MAIN_MEAN_ROLLOUT_061218,612.1030833333333,0,68.475149999999985,2025-03-20,0,2025-03-20T18:00:00,0,0,612.1030833333333,-0,612.1030833333333,0,3261.7676000000001,2025-03-20T23:20:00,2025-03-20T23:10:00,0.42399999999999999,0,0,259.53170733333332,140,1994.8965770370355,0,1933.2689420370355,259.53170733333332
P3_MAIN_MEAN_ROLLOUT_061218,592.83333333333326,0,48.211666666666588,2025-03-20,0,2025-03-20T18:00:00,0,0,592.83333333333326,-0,592.83333333333326,0,3267.73,2025-03-20T23:30:00,2025-03-20T23:20:00,0.42199999999999999,0,0,250.17566666666661,141,2038.2870770370355,0,1994.8965770370355,250.17566666666661
P3_MAIN_MEAN_ROLLOUT_061218,593.5495166666667,0,0,2025-03-20,7.1298166666666702,2025-03-20T18:00:00,0,0,593.5495166666667,-0,593.5495166666667,0,3604.076,2025-03-20T23:40:00,2025-03-20T23:30:00,0.42399999999999999,0,0,251.66499506666668,142,2030.3650585185169,0,2038.2870770370355,251.66499506666668
P3_MAIN_MEAN_ROLLOUT_061218,541.61254999999994,0,0.63436666666666497,2025-03-20,0,2025-03-20T18:00:00,0,0,541.61254999999994,-0,541.61254999999994,0,3245.8690999999999,2025-03-20T23:50:00,2025-03-20T23:40:00,0.42709999999999998,0,0,231.32272010499997,143,2030.935988518517,0,2030.3650585185169,231.32272010499997
P3_MAIN_MEAN_ROLLOUT_061218,434.75833333333327,0,34.591666666666583,2025-03-20,0,2025-03-20T18:00:00,0,0,434.75833333333327,-0,434.75833333333327,0,2401,2025-03-21T00:00:00,2025-03-20T23:50:00,0.42759999999999998,0,0,185.90266333333329,144,2062.0684885185169,0,2030.935988518517,185.90266333333329
P3_MAIN_MEAN_ROLLOUT_061218,628.69313333333332,0,114.0291666666667,2025-06-21,0,2025-06-21T00:00:00,0,0,628.69313333333332,-0,628.69313333333332,0,3087.9838,2025-06-21T00:10:00,2025-06-21T00:00:00,0.42480000000000001,0,0,267.06884303999999,1,4211.8062983333348,0,4109.1800483333345,267.06884303999999
P3_MAIN_MEAN_ROLLOUT_061218,623.67843333333337,0,90.329783333333353,2025-06-21,0,2025-06-21T00:00:00,0,0,623.67843333333337,-0,623.67843333333337,0,3200.0918999999999,2025-06-21T00:20:00,2025-06-21T00:10:00,0.42449999999999999,0,0,264.75149494999999,2,4293.1031033333347,0,4211.8062983333348,264.75149494999999
P3_MAIN_MEAN_ROLLOUT_061218,603.0200000000001,0,36.110000000000127,2025-06-21,0,2025-06-21T00:00:00,0,0,603.0200000000001,-0,603.0200000000001,0,3401.46,2025-06-21T00:30:00,2025-06-21T00:20:00,0.4269,0,0,257.42923800000005,3,4325.6021033333345,0,4293.1031033333347,257.42923800000005
P3_MAIN_MEAN_ROLLOUT_061218,608.0723333333334,0,97.484650000000045,2025-06-21,0,2025-06-21T00:00:00,0,0,608.0723333333334,-0,608.0723333333334,0,3063.5261,2025-06-21T00:40:00,2025-06-21T00:30:00,0.42720000000000002,0,0,259.76850080000003,4,4413.3382883333343,0,4325.6021033333345,259.76850080000003
P3_MAIN_MEAN_ROLLOUT_061218,599.01781666666659,0,128.97494999999992,2025-06-21,0,2025-06-21T00:00:00,0,0,599.01781666666659,-0,599.01781666666659,0,2820.2572,2025-06-21T00:50:00,2025-06-21T00:40:00,0.42709999999999998,0,0,255.84050949833329,5,4529.4157433333339,0,4413.3382883333343,255.84050949833329
P3_MAIN_MEAN_ROLLOUT_061218,592.81000000000006,0,112.24666666666673,2025-06-21,0,2025-06-21T00:00:00,0,0,592.81000000000006,-0,592.81000000000006,0,2883.3800000000001,2025-06-21T01:00:00,2025-06-21T00:50:00,0.42849999999999999,0,0,254.01908500000002,6,4630.4377433333339,0,4529.4157433333339,254.01908500000002
P3_MAIN_MEAN_ROLLOUT_061218,594.94984999999997,0,116.6199166666666,2025-06-21,0,2025-06-21T00:00:00,0,0,594.94984999999997,-0,594.94984999999997,0,2869.9796000000001,2025-06-21T01:10:00,2025-06-21T01:00:00,0.43109999999999998,0,0,256.482880335,7,4735.3956683333336,0,4630.4377433333339,256.482880335
P3_MAIN_MEAN_ROLLOUT_061218,571.93953333333332,0,74.301416666666626,2025-06-21,0,2025-06-21T00:00:00,0,0,571.93953333333332,-0,571.93953333333332,0,2985.8287,2025-06-21T01:20:00,2025-06-21T01:10:00,0.43020000000000003,0,0,246.04838724000001,8,4802.266943333334,0,4735.3956683333336,246.04838724000001
P3_MAIN_MEAN_ROLLOUT_061218,530.57666666666671,0,3.2133333333333667,2025-06-21,0,2025-06-21T00:00:00,0,0,530.57666666666671,-0,530.57666666666671,0,3164.1799999999998,2025-06-21T01:30:00,2025-06-21T01:20:00,0.4279,0,0,227.03375566666668,9,4805.1589433333338,0,4802.266943333334,227.03375566666668
P3_MAIN_MEAN_ROLLOUT_061218,551.26848333333339,0,40.460866666666732,2025-06-21,0,2025-06-21T00:00:00,0,0,551.26848333333339,-0,551.26848333333339,0,3064.8456999999999,2025-06-21T01:40:00,2025-06-21T01:30:00,0.43120000000000003,0,0,237.70697001333338,10,4841.5737233333339,0,4805.1589433333338,237.70697001333338
P3_MAIN_MEAN_ROLLOUT_061218,552.08203333333336,0,59.74105000000003,2025-06-21,0,2025-06-21T00:00:00,0,0,552.08203333333336,-0,552.08203333333336,0,2954.0459000000001,2025-06-21T01:50:00,2025-06-21T01:40:00,0.43330000000000002,0,0,239.21714504333335,11,4895.3406683333342,0,4841.5737233333339,239.21714504333335
P3_MAIN_MEAN_ROLLOUT_061218,542.86000000000001,0,43.756666666666717,2025-06-21,0,2025-06-21T00:00:00,0,0,542.86000000000001,-0,542.86000000000001,0,2994.6199999999999,2025-06-21T02:00:00,2025-06-21T01:50:00,0.43109999999999998,0,0,234.02694600000001,12,4934.7216683333345,0,4895.3406683333342,234.02694600000001
P3_MAIN_MEAN_ROLLOUT_061218,559.84876666666662,0,47.781866666666588,2025-06-21,0,2025-06-21T00:00:00,0,0,559.84876666666662,-0,559.84876666666662,0,3072.4014000000002,2025-06-21T02:10:00,2025-06-21T02:00:00,0.42930000000000001,0,0,240.34307552999999,13,4977.7253483333343,0,4934.7216683333345,240.34307552999999
P3_MAIN_MEAN_ROLLOUT_061218,541.70401666666658,0,39.520433333333187,2025-06-21,0,2025-06-21T00:00:00,0,0,541.70401666666658,-0,541.70401666666658,0,3013.1015000000002,2025-06-21T02:20:00,2025-06-21T02:10:00,0.43240000000000001,0,0,234.23281680666662,14,5013.2937383333337,0,4977.7253483333343,234.23281680666662
P3_MAIN_MEAN_ROLLOUT_061218,499.1583333333333,0,26.033333333333303,2025-06-21,0,2025-06-21T00:00:00,0,0,499.1583333333333,-0,499.1583333333333,0,2838.75,2025-06-21T02:30:00,2025-06-21T02:20:00,0.43669999999999998,0,0,217.98244416666665,15,5036.723738333334,0,5013.2937383333337,217.98244416666665
P3_MAIN_MEAN_ROLLOUT_061218,511.64173333333338,0,53.321750000000065,2025-06-21,0,2025-06-21T00:00:00,0,0,511.64173333333338,-0,511.64173333333338,0,2749.9198999999999,2025-06-21T02:40:00,2025-06-21T02:30:00,0.43480000000000002,0,0,222.46182565333336,16,5084.7133133333336,0,5036.723738333334,222.46182565333336
P3_MAIN_MEAN_ROLLOUT_061218,513.06115,0,42.963700000000017,2025-06-21,0,2025-06-21T00:00:00,0,0,513.06115,-0,513.06115,0,2820.5846999999999,2025-06-21T02:50:00,2025-06-21T02:40:00,0.4335,0,0,222.412008525,17,5123.3806433333339,0,5084.7133133333336,222.412008525
P3_MAIN_MEAN_ROLLOUT_061218,497.43833333333328,0,8.0649999999999977,2025-06-21,0,2025-06-21T00:00:00,0,0,497.43833333333328,-0,497.43833333333328,0,2936.2399999999998,2025-06-21T03:00:00,2025-06-21T02:50:00,0.43569999999999998,0,0,216.7338818333333,18,5130.6391433333338,0,5123.3806433333339,216.7338818333333
P3_MAIN_MEAN_ROLLOUT_061218,480.69334999999995,0,0,2025-06-21,6.0046833333333893,2025-06-21T00:00:00,0,0,480.69334999999995,-0,480.69334999999995,0,2920.1894000000002,2025-06-21T03:10:00,2025-06-21T03:00:00,0.43740000000000001,0.0011999999999999999,0,210.25527129,19,5123.9672729629638,0,5130.6391433333338,210.25527129
P3_MAIN_MEAN_ROLLOUT_061218,496.53428333333341,0,4.6954833333334136,2025-06-21,0,2025-06-21T00:00:00,0,0,496.53428333333341,-0,496.53428333333341,0,2951.0328,2025-06-21T03:20:00,2025-06-21T03:10:00,0.43709999999999999,0,0,217.03513524500002,20,5128.1932079629642,0,5123.9672729629638,217.03513524500002
P3_MAIN_MEAN_ROLLOUT_061218,506.49166666666662,0,10.239999999999895,2025-06-21,0,2025-06-21T00:00:00,0,0,506.49166666666662,-0,506.49166666666662,0,2977.5100000000002,2025-06-21T03:30:00,2025-06-21T03:20:00,0.43559999999999999,0,0,220.62776999999997,21,5137.4092079629645,0,5128.1932079629642,220.62776999999997
P3_MAIN_MEAN_ROLLOUT_061218,515.27588333333324,0,51.895583333333263,2025-06-21,0,2025-06-21T00:00:00,0,0,515.27588333333324,-0,515.27588333333324,0,2780.2979999999998,2025-06-21T03:40:00,2025-06-21T03:30:00,0.43530000000000002,0.016199999999999999,0,224.29959201499997,22,5184.115232962964,0,5137.4092079629645,224.29959201499997
P3_MAIN_MEAN_ROLLOUT_061218,530.21979999999996,0,75.502149999999972,2025-06-21,0,2025-06-21T00:00:00,0,0,530.21979999999996,-0,530.21979999999996,0,2728.3058999999998,2025-06-21T03:50:00,2025-06-21T03:40:00,0.436,0,0,231.17583279999999,23,5252.067167962964,0,5184.115232962964,231.17583279999999
P3_MAIN_MEAN_ROLLOUT_061218,506.43166666666667,0,29.399999999999977,2025-06-21,0,2025-06-21T00:00:00,0,0,506.43166666666667,-0,506.43166666666667,0,2862.1900000000001,2025-06-21T04:00:00,2025-06-21T03:50:00,0.43780000000000002,0,0,221.71578366666668,24,5278.5271679629641,0,5252.067167962964,221.71578366666668
P3_MAIN_MEAN_ROLLOUT_061218,473.67452361111106,0,0,2025-06-21,0.60745972222230193,2025-06-21T00:00:00,0,0,473.67452361111106,-0,473.67452361111106,0,2845.9182000000001,2025-06-21T04:10:00,2025-06-21T04:00:00,0.44009999999999999,0.2263,0,208.46415784124997,25,5277.8522127160504,0,5278.5271679629641,208.46415784124997
P3_MAIN_MEAN_ROLLOUT_061218,465.35052083333335,0,7.1920208333333449,2025-06-21,0,2025-06-21T00:00:00,0,0,465.35052083333335,-0,465.35052083333335,0,2748.951,2025-06-21T04:20:00,2025-06-21T04:10:00,0.43890000000000001,0,0,204.24234359375001,26,5284.3250314660509,0,5277.8522127160504,204.24234359375001
P3_MAIN_MEAN_ROLLOUT_061218,493.20628472222222,0,46.987951388888916,2025-06-21,0,2025-06-21T00:00:00,0,0,493.20628472222222,-0,493.20628472222222,0,2677.3099999999999,2025-06-21T04:30:00,2025-06-21T04:20:00,0.43640000000000001,0,0,215.23522265277779,27,5326.6141877160508,0,5284.3250314660509,215.23522265277779
P3_MAIN_MEAN_ROLLOUT_061218,468.79589861111117,0,25.842615277777838,2025-06-21,0,2025-06-21T00:00:00,0,0,468.79589861111117,-0,468.79589861111117,0,2660.8712999999998,2025-06-21T04:40:00,2025-06-21T04:30:00,0.43930000000000002,3.1516000000000002,0,205.94203825986114,28,5349.8725414660512,0,5326.6141877160508,205.94203825986114
P3_MAIN_MEAN_ROLLOUT_061218,464.64914583333336,0,14.262395833333414,2025-06-21,0,2025-06-21T00:00:00,0,0,464.64914583333336,-0,464.64914583333336,0,2702.3204999999998,2025-06-21T04:50:00,2025-06-21T04:40:00,0.44219999999999998,0,0,205.46785228749999,29,5362.7086977160516,0,5349.8725414660512,205.46785228749999
P3_MAIN_MEAN_ROLLOUT_061218,456.14915972222218,0,1.9749930555554442,2025-06-21,0,2025-06-21T00:00:00,0,0,456.14915972222218,-0,456.14915972222218,0,2732.3200000000002,2025-06-21T05:00:00,2025-06-21T04:50:00,0.4395,7.2750000000000004,0,200.47755569791664,30,5364.4861914660514,0,5362.7086977160516,200.47755569791664
P3_MAIN_MEAN_ROLLOUT_061218,439.50143750000007,0,14.842720833333431,2025-06-21,0,2025-06-21T00:00:00,0,0,439.50143750000007,-0,439.50143750000007,0,2664.7177999999999,2025-06-21T05:10:00,2025-06-21T05:00:00,0.43330000000000002,116.7655,0,190.43597286875004,31,5377.8446402160516,0,5364.4861914660514,190.43597286875004
P3_MAIN_MEAN_ROLLOUT_061218,28.1707523333327,0,0,2025-06-21,362.3126976666673,2025-06-21T00:00:00,0,0,28.1707523333327,-0,28.1707523333327,0,2606.8710000000001,2025-06-21T05:20:00,2025-06-21T05:10:00,0.44390000000000002,263.97030000000001,0,12.504996960766386,32,4975.2749761419773,0,5377.8446402160516,12.504996960766386
P3_MAIN_MEAN_ROLLOUT_061218,436.61811111111115,0,65.772277777777788,2025-06-21,0,2025-06-21T00:00:00,0,0,436.61811111111115,-0,436.61811111111115,0,2642.1500000000001,2025-06-21T05:30:00,2025-06-21T05:20:00,0.43009999999999998,417.07499999999999,0,187.78944958888889,33,5034.4700261419775,0,4975.2749761419773,187.78944958888889
P3_MAIN_MEAN_ROLLOUT_061218,428.63054027777787,0,69.052540277777837,2025-06-21,0,2025-06-21T00:00:00,0,0,428.63054027777787,-0,428.63054027777787,0,2745.0641000000001,2025-06-21T05:40:00,2025-06-21T05:30:00,0.37130000000000002,587.59609999999998,0,159.15051960513892,34,5096.617312391978,0,5034.4700261419775,159.15051960513892
P3_MAIN_MEAN_ROLLOUT_061218,0,0,0,2025-06-21,337.03491666666662,2025-06-21T00:00:00,0,0,0,0,0,0,2758.0419999999999,2025-06-21T05:50:00,2025-06-21T05:40:00,0.57079999999999997,735.83249999999998,-0,0,35,4722.1340716512377,0,5096.617312391978,0
P3_MAIN_MEAN_ROLLOUT_061218,0,0,0,2025-06-21,308.49000000000001,2025-06-21T00:00:00,0,0,0,0,0,0,2741.6399999999999,2025-06-21T06:00:00,2025-06-21T05:50:00,0.90990000000000004,890.70000000000005,-0,0,36,4379.3674049845713,0,4722.1340716512377,0
P3_MAIN_MEAN_ROLLOUT_061218,0,0,0,2025-06-21,291.96249999999998,2025-06-21T00:00:00,0,0,0,0,0,0,2888.7303999999999,2025-06-21T06:10:00,2025-06-21T06:00:00,0.93679999999999997,1136.9554000000001,-0,0,37,4054.9646272067935,0,4379.3674049845713,0
P3_MAIN_MEAN_ROLLOUT_061218,0,0,0,2025-06-21,246.47136666666668,2025-06-21T00:00:00,0,0,0,0,0,0,2932.2310000000002,2025-06-21T06:20:00,2025-06-21T06:10:00,0.87580000000000002,1453.4028000000001,-0,0,38,3781.1075531327192,0,4054.9646272067935,0
P3_MAIN_MEAN_ROLLOUT_061218,0,0,0,2025-06-21,166.35125000000005,2025-06-21T00:00:00,0,0,0,0,0,0,2764.02,2025-06-21T06:30:00,2025-06-21T06:20:00,0.87590000000000001,1765.9124999999999,-0,0,39,3596.2728309104969,0,3781.1075531327192,0
P3_MAIN_MEAN_ROLLOUT_061218,0,0,0,2025-06-21,97.385183333333316,2025-06-21T00:00:00,0,0,0,0,0,0,2606.6136999999999,2025-06-21T06:40:00,2025-06-21T06:30:00,0.86009999999999998,2022.3026,-0,0,40,3488.0670716512377,0,3596.2728309104969,0
P3_MAIN_MEAN_ROLLOUT_061218,0,0,0,2025-06-21,86.212100000000021,2025-06-21T00:00:00,0,0,0,0,0,0,2867.7649000000001,2025-06-21T06:50:00,2025-06-21T06:40:00,0.84419999999999995,2350.4922999999999,-0,0,41,3392.2758494290156,0,3488.0670716512377,0
P3_MAIN_MEAN_ROLLOUT_061218,0,0,0,2025-06-21,100.8366666666667,2025-06-21T00:00:00,0,0,0,0,0,0,3304.27,2025-06-21T07:00:00,2025-06-21T06:50:00,0.83340000000000003,2699.25,-0,0,42,3280.235108688275,0,3392.2758494290156,0
P3_MAIN_MEAN_ROLLOUT_061218,0,0,0,2025-06-21,63.282299999999964,2025-06-21T00:00:00,0,0,0,0,0,0,3254.3168999999998,2025-06-21T07:10:00,2025-06-21T07:00:00,0.80920000000000003,2874.6230999999998,-0,0,43,3209.9214420216085,0,3280.235108688275,0
P3_MAIN_MEAN_ROLLOUT_061218,0,0,0,2025-06-21,21.927683333333334,2025-06-21T00:00:00,0,0,0,0,0,0,3137.5947999999999,2025-06-21T07:20:00,2025-06-21T07:10:00,0.79720000000000002,3006.0286999999998,-0,0,44,3185.5573494290161,0,3209.9214420216085,0
P3_MAIN_MEAN_ROLLOUT_061218,0,0,8.3395833333332803,2025-06-21,0,2025-06-21T00:00:00,0,0,0,0,0,0,3174.8499999999999,2025-06-21T07:30:00,2025-06-21T07:20:00,0.76439999999999997,3224.8874999999998,-0,0,45,3193.0629744290159,0,3185.5573494290161,0
P3_MAIN_MEAN_ROLLOUT_061218,0,0,62.96678333333341,2025-06-21,0,2025-06-21T00:00:00,0,0,0,0,0,0,3159.7262999999998,2025-06-21T07:40:00,2025-06-21T07:30:00,0.68989999999999996,3537.527,-0,0,46,3249.733079429016,0,3193.0629744290159,0
P3_MAIN_MEAN_ROLLOUT_061218,0,0,116.30371666666667,2025-06-21,0,2025-06-21T00:00:00,0,0,0,0,0,0,3087.5763000000002,2025-06-21T07:50:00,2025-06-21T07:40:00,0.85999999999999999,3785.3986,-0,0,47,3354.4064244290162,0,3249.733079429016,0
P3_MAIN_MEAN_ROLLOUT_061218,0,0,156.84416666666669,2025-06-21,0,2025-06-21T00:00:00,0,0,0,0,0,0,3062.3600000000001,2025-06-21T08:00:00,2025-06-21T07:50:00,1.1617,4003.4250000000002,-0,0,48,3495.5661744290164,0,3354.4064244290162,0
P3_MAIN_MEAN_ROLLOUT_061218,0,0,195.4521166666666,2025-06-21,0,2025-06-21T00:00:00,0,0,0,0,0,0,3162.0196999999998,2025-06-21T08:10:00,2025-06-21T08:00:00,1.1682999999999999,4334.7323999999999,-0,0,49,3671.4730794290163,0,3495.5661744290164,0
P3_MAIN_MEAN_ROLLOUT_061218,0,0,213.46854999999994,2025-06-21,0,2025-06-21T00:00:00,0,0,0,0,0,0,3160.9922000000001,2025-06-21T08:20:00,2025-06-21T08:10:00,1.0955999999999999,4441.8035,-0,0,50,3863.5947744290161,0,3671.4730794290163,0
P3_MAIN_MEAN_ROLLOUT_061218,0,0,220.18499999999989,2025-06-21,0,2025-06-21T00:00:00,0,0,0,0,0,0,3037.5900000000001,2025-06-21T08:30:00,2025-06-21T08:20:00,1.0849,4358.6999999999998,-0,0,51,4061.7612744290159,0,3863.5947744290161,0
P3_MAIN_MEAN_ROLLOUT_061218,0,0,241.48293333333334,2025-06-21,0,2025-06-21T00:00:00,0,0,0,0,0,0,3030.9974000000002,2025-06-21T08:40:00,2025-06-21T08:30:00,1.0609999999999999,4479.8950000000004,-0,0,52,4279.0959144290155,0,4061.7612744290159,0
P3_MAIN_MEAN_ROLLOUT_061218,0,0,229.76293333333331,2025-06-21,0,2025-06-21T00:00:00,0,0,0,0,0,0,3289.9389999999999,2025-06-21T08:50:00,2025-06-21T08:40:00,1.0429999999999999,4668.5165999999999,-0,0,53,4485.8825544290157,0,4279.0959144290155,0
P3_MAIN_MEAN_ROLLOUT_061218,0,0,182.57583333333332,2025-06-21,0,2025-06-21T00:00:00,0,0,0,0,0,0,3650.6199999999999,2025-06-21T09:00:00,2025-06-21T08:50:00,1.036,4746.0749999999998,-0,0,54,4650.200804429016,0,4485.8825544290157,0
P3_MAIN_MEAN_ROLLOUT_061218,0,0,160.17538333333334,2025-06-21,0,2025-06-21T00:00:00,0,0,0,0,0,0,3785.9011,2025-06-21T09:10:00,2025-06-21T09:00:00,1.0146999999999999,4746.9534000000003,-0,0,55,4794.3586494290157,0,4650.200804429016,0
P3_MAIN_MEAN_ROLLOUT_061218,0,0,214.96996666666666,2025-06-21,0,2025-06-21T00:00:00,0,0,0,0,0,0,3849.6183000000001,2025-06-21T09:20:00,2025-06-21T09:10:00,0.99219999999999997,5139.4381000000003,-0,0,56,4987.8316194290155,0,4794.3586494290157,0
P3_MAIN_MEAN_ROLLOUT_061218,0,0,328.28541666666672,2025-06-21,0,2025-06-21T00:00:00,0,0,0,0,0,0,3824.5999999999999,2025-06-21T09:30:00,2025-06-21T09:20:00,0.96999999999999997,5794.3125,-0,0,57,5283.2884944290154,0,4987.8316194290155,0
P3_MAIN_MEAN_ROLLOUT_061218,0,0,421.11823333333336,2025-06-21,0,2025-06-21T00:00:00,0,0,0,0,0,0,3582.3586,2025-06-21T09:40:00,2025-06-21T09:30:00,0.94220000000000004,6109.0680000000002,-0,0,58,5662.2949044290153,0,5283.2884944290154,0
P3_MAIN_MEAN_ROLLOUT_061218,0,0,449.52618333333328,2025-06-21,0,2025-06-21T00:00:00,0,0,0,0,0,0,3687.9447,2025-06-21T09:50:00,2025-06-21T09:40:00,0.95689999999999997,6385.1018000000004,-0,0,59,6066.868469429015,0,5662.2949044290153,0
P3_MAIN_MEAN_ROLLOUT_061218,0,0,440.5662500000002,2025-06-21,0,2025-06-21T00:00:00,0,0,0,0,0,0,4000.1399999999999,2025-06-21T10:00:00,2025-06-21T09:50:00,0.99770000000000003,6643.5375000000004,-0,0,60,6463.3780944290156,0,6066.868469429015,0
P3_MAIN_MEAN_ROLLOUT_061218,0,0,460.63086666666652,2025-06-21,0,2025-06-21T00:00:00,0,0,0,0,0,0,3826.1041,2025-06-21T10:10:00,2025-06-21T10:00:00,0.9919,6589.8892999999998,-0,0,61,6877.945874429015,0,6463.3780944290156,0
P3_MAIN_MEAN_ROLLOUT_061218,0,0,489.01713333333339,2025-06-21,0,2025-06-21T00:00:00,0,0,0,0,0,0,3761.4976000000001,2025-06-21T10:20:00,2025-06-21T10:10:00,0.95879999999999999,6695.6004000000003,-0,0,62,7318.0612944290151,0,6877.945874429015,0
P3_MAIN_MEAN_ROLLOUT_061218,0,0,516.51291666666668,2025-06-21,0,2025-06-21T00:00:00,0,0,0,0,0,0,3901.9099999999999,2025-06-21T10:30:00,2025-06-21T10:20:00,0.95489999999999997,7000.9875000000002,-0,0,63,7782.9229194290147,0,7318.0612944290151,0
P3_MAIN_MEAN_ROLLOUT_061218,0,0,561.18123333333335,2025-06-21,0,2025-06-21T00:00:00,0,0,0,0,0,0,3726.7534999999998,2025-06-21T10:40:00,2025-06-21T10:30:00,0.9839,7093.8409000000001,-0,0,64,8287.9860294290156,0,7782.9229194290147,0
P3_MAIN_MEAN_ROLLOUT_061218,0,0,612.92631666666682,2025-06-21,0,2025-06-21T00:00:00,0,0,0,0,0,0,3565.5608999999999,2025-06-21T10:50:00,2025-06-21T10:40:00,0.79900000000000004,7243.1188000000002,-0,0,65,8839.6197144290163,0,8287.9860294290156,0
P3_MAIN_MEAN_ROLLOUT_061218,0,0,620.14833333333343,2025-06-21,0,2025-06-21T00:00:00,0,0,0,0,0,0,3679.21,2025-06-21T11:00:00,2025-06-21T10:50:00,0.50249999999999995,7400.1000000000004,-0,0,66,9397.7532144290162,0,8839.6197144290163,0
P3_MAIN_MEAN_ROLLOUT_061218,0,0,560.16083333333336,2025-06-21,0,2025-06-21T00:00:00,0,0,0,0,0,0,3945.6165999999998,2025-06-21T11:10:00,2025-06-21T11:00:00,0.4662,7306.5816000000004,-0,0,67,9901.8979644290157,0,9397.7532144290162,0
P3_MAIN_MEAN_ROLLOUT_061218,0,0,647.04251666666664,2025-06-21,0,2025-06-21T00:00:00,0,0,0,0,0,0,3900.6403,2025-06-21T11:20:00,2025-06-21T11:10:00,0.50070000000000003,7782.8954000000003,-0,0,68,10484.236229429016,0,9901.8979644290157,0
P3_MAIN_MEAN_ROLLOUT_061218,0,0,350.84863396775995,2025-06-21,0,2025-06-21T00:00:00,0,0,0,0,0,0,3645.7600000000002,2025-06-21T11:30:00,2025-06-21T11:20:00,0.48270000000000002,8490.2250000000004,456.56219936557352,0,69,10800,0,10484.236229429016,0
P3_MAIN_MEAN_ROLLOUT_061218,0,0,0,2025-06-21,-0,2025-06-21T00:00:00,0,0,0,0,0,0,3705.1426999999999,2025-06-21T11:40:00,2025-06-21T11:30:00,0.47849999999999998,8180.7164000000002,745.92894999999999,0,70,10800,0,10800,0
P3_MAIN_MEAN_ROLLOUT_061218,0,0,0,2025-06-21,-0,2025-06-21T00:00:00,0,0,0,0,0,0,3724.3132999999998,2025-06-21T11:50:00,2025-06-21T11:40:00,0.4662,7677.6706000000004,658.89288333333332,0,71,10800,0,10800,0
P3_MAIN_MEAN_ROLLOUT_061218,0,0,0,2025-06-21,-0,2025-06-21T00:00:00,0,0,0,0,0,0,3631.0799999999999,2025-06-21T12:00:00,2025-06-21T11:50:00,0.44319999999999998,7665.1125000000002,672.33875,0,72,10800,0,10800,0
P3_MAIN_MEAN_ROLLOUT_061218,0,0,0,2025-06-21,-0,2025-06-21T00:00:00,0,0,0,0,0,0,3735.5414999999998,2025-06-21T12:10:00,2025-06-21T12:00:00,0.44109999999999999,8044.2631000000001,718.12026666666679,0,73,10800,0,10800,0
P3_MAIN_MEAN_ROLLOUT_061218,0,0,0,2025-06-21,-0,2025-06-21T00:00:00,0,0,0,0,0,0,3852.2352000000001,2025-06-21T12:20:00,2025-06-21T12:10:00,0.4551,8300.9755000000005,741.45671666666669,0,74,10800,0,10800,0
P3_MAIN_MEAN_ROLLOUT_061218,0,0,0,2025-06-21,-0,2025-06-21T00:00:00,0,0,0,0,0,0,3928.5599999999999,2025-06-21T12:30:00,2025-06-21T12:20:00,0.44629999999999997,8383.0125000000007,742.40875000000005,0,75,10800,0,10800,0
P3_MAIN_MEAN_ROLLOUT_061218,0,0,0,2025-06-21,-0,2025-06-21T00:00:00,0,0,0,0,0,0,4059.9043999999999,2025-06-21T12:40:00,2025-06-21T12:30:00,0.4113,8605.7877000000008,757.64721666666685,0,76,10800,0,10800,0
P3_MAIN_MEAN_ROLLOUT_061218,0,0,0,2025-06-21,-0,2025-06-21T00:00:00,0,0,0,0,0,0,3912.5927999999999,2025-06-21T12:50:00,2025-06-21T12:40:00,0.56820000000000004,8542.7209000000003,771.68801666666673,0,77,10800,0,10800,0
P3_MAIN_MEAN_ROLLOUT_061218,0,0,0,2025-06-21,-0,2025-06-21T00:00:00,0,0,0,0,0,0,3688.0100000000002,2025-06-21T13:00:00,2025-06-21T12:50:00,0.82789999999999997,8049.6000000000004,726.93166666666673,0,78,10800,0,10800,0
P3_MAIN_MEAN_ROLLOUT_061218,0,0,0,2025-06-21,-0,2025-06-21T00:00:00,0,0,0,0,0,0,3910.4683,2025-06-21T13:10:00,2025-06-21T13:00:00,0.86360000000000003,7493.4161999999997,597.15798333333316,0,79,10800,0,10800,0
P3_MAIN_MEAN_ROLLOUT_061218,0,0,0,2025-06-21,-0,2025-06-21T00:00:00,0,0,0,0,0,0,3862.6154000000001,2025-06-21T13:20:00,2025-06-21T13:10:00,0.84160000000000001,7354.9231,582.05128333333334,0,80,10800,0,10800,0
P3_MAIN_MEAN_ROLLOUT_061218,0,0,0,2025-06-21,-0,2025-06-21T00:00:00,0,0,0,0,0,0,3589.29,2025-06-21T13:30:00,2025-06-21T13:20:00,0.86180000000000001,7340.8874999999998,625.26625000000001,0,81,10800,0,10800,0
P3_MAIN_MEAN_ROLLOUT_061218,0,0,0,2025-06-21,-0,2025-06-21T00:00:00,0,0,0,0,0,0,3849.2221,2025-06-21T13:40:00,2025-06-21T13:30:00,0.86229999999999996,6714.7448999999997,477.58713333333321,0,82,10800,0,10800,0
P3_MAIN_MEAN_ROLLOUT_061218,0,0,0,2025-06-21,-0,2025-06-21T00:00:00,0,0,0,0,0,0,3978.2381999999998,2025-06-21T13:50:00,2025-06-21T13:40:00,0.90259999999999996,6127.7550000000001,358.25280000000009,0,83,10800,0,10800,0
P3_MAIN_MEAN_ROLLOUT_061218,0,0,0,2025-06-21,-0,2025-06-21T00:00:00,0,0,0,0,0,0,3861.8499999999999,2025-06-21T14:00:00,2025-06-21T13:50:00,0.97540000000000004,5956.1999999999998,349.05833333333328,0,84,10800,0,10800,0
P3_MAIN_MEAN_ROLLOUT_061218,0,0,0,2025-06-21,-0,2025-06-21T00:00:00,0,0,0,0,0,0,4047.8905,2025-06-21T14:10:00,2025-06-21T14:00:00,1.0002,5941.7978000000003,315.65121666666676,0,85,10800,0,10800,0
P3_MAIN_MEAN_ROLLOUT_061218,0,0,0,2025-06-21,-0,2025-06-21T00:00:00,0,0,0,0,0,0,4095.2280999999998,2025-06-21T14:20:00,2025-06-21T14:10:00,0.99780000000000002,5827.2939999999999,288.67764999999997,0,86,10800,0,10800,0
P3_MAIN_MEAN_ROLLOUT_061218,0,0,0,2025-06-21,-0,2025-06-21T00:00:00,0,0,0,0,0,0,4007.3899999999999,2025-06-21T14:30:00,2025-06-21T14:20:00,1.0270999999999999,5738.1374999999998,288.45791666666662,0,87,10800,0,10800,0
P3_MAIN_MEAN_ROLLOUT_061218,0,0,0,2025-06-21,-0,2025-06-21T00:00:00,0,0,0,0,0,0,4227.0513000000001,2025-06-21T14:40:00,2025-06-21T14:30:00,1.0906,5964.2606999999998,289.53489999999999,0,88,10800,0,10800,0
P3_MAIN_MEAN_ROLLOUT_061218,0,0,0,2025-06-21,-0,2025-06-21T00:00:00,0,0,0,0,0,0,4182.4485999999997,2025-06-21T14:50:00,2025-06-21T14:40:00,0.93759999999999999,5979.2451000000001,299.46608333333336,0,89,10800,0,10800,0
P3_MAIN_MEAN_ROLLOUT_061218,0,0,0,2025-06-21,-0,2025-06-21T00:00:00,0,0,0,0,0,0,3879.6799999999998,2025-06-21T15:00:00,2025-06-21T14:50:00,0.6694,5680.4624999999996,300.13041666666663,0,90,10800,0,10800,0
P3_MAIN_MEAN_ROLLOUT_061218,0,0,0,2025-06-21,-0,2025-06-21T00:00:00,0,0,0,0,0,0,3916.2334999999998,2025-06-21T15:10:00,2025-06-21T15:00:00,0.66000000000000003,5457.1539000000002,256.82006666666678,0,91,10800,0,10800,0
P3_MAIN_MEAN_ROLLOUT_061218,0,0,0,2025-06-21,-0,2025-06-21T00:00:00,0,0,0,0,0,0,3924.3398000000002,2025-06-21T15:20:00,2025-06-21T15:10:00,0.72170000000000001,5153.0688,204.7881666666666,0,92,10800,0,10800,0
P3_MAIN_MEAN_ROLLOUT_061218,0,0,0,2025-06-21,-0,2025-06-21T00:00:00,0,0,0,0,0,0,3875.5,2025-06-21T15:30:00,2025-06-21T15:20:00,0.73080000000000001,4811.1000000000004,155.93333333333339,0,93,10800,0,10800,0
P3_MAIN_MEAN_ROLLOUT_061218,0,0,0,2025-06-21,-0,2025-06-21T00:00:00,0,0,0,0,0,0,4137.0155000000004,2025-06-21T15:40:00,2025-06-21T15:30:00,0.75339999999999996,4680.9531999999999,90.656283333333249,0,94,10800,0,10800,0
P3_MAIN_MEAN_ROLLOUT_061218,111.99632083333358,0,0,2025-06-21,-0,2025-06-21T00:00:00,0,0,111.99632083333358,111.99632083333358,0,0,4317.2601999999997,2025-06-21T15:50:00,2025-06-21T15:40:00,0.7823,4481.2340999999997,27.328983333333326,87.614721787916864,95,10800,0,10800,87.614721787916864
P3_MAIN_MEAN_ROLLOUT_061218,195.78611111111127,0,0,2025-06-21,-0,2025-06-21T00:00:00,0,0,195.78611111111127,168.78111111111116,27.005000000000109,0,4217.4300000000003,2025-06-21T16:00:00,2025-06-21T15:50:00,0.80549999999999999,4055.4000000000001,0,157.70571250000012,96,10800,0,10800,157.70571250000012
P3_MAIN_MEAN_ROLLOUT_061218,262.76901249999992,0,0,2025-06-21,-0,2025-06-21T00:00:00,0,0,262.76901249999992,184.1974624999998,78.571550000000116,0,4034.2858000000001,2025-06-21T16:10:00,2025-06-21T16:00:00,0.82709999999999995,3562.8564999999999,0,217.33625023874993,97,10800,0,10800,217.33625023874993
P3_MAIN_MEAN_ROLLOUT_061218,253.44349583333337,0,0,2025-06-21,-0,2025-06-21T00:00:00,0,0,253.44349583333337,150.2391958333335,103.20429999999988,0,3980.7145999999998,2025-06-21T16:20:00,2025-06-21T16:10:00,0.85189999999999999,3361.4888000000001,0,215.90851410041671,98,10800,0,10800,215.90851410041671
P3_MAIN_MEAN_ROLLOUT_061218,242.72689444444427,0,0,2025-06-21,-0,2025-06-21T00:00:00,0,0,242.72689444444427,136.81939444444424,105.90750000000003,0,4042.02,2025-06-21T16:30:00,2025-06-21T16:20:00,0.87909999999999999,3406.5749999999998,0,213.38121290611096,99,10800,0,10800,213.38121290611096
P3_MAIN_MEAN_ROLLOUT_061218,343.35155833333329,0,0,2025-06-21,-0,2025-06-21T00:00:00,0,0,343.35155833333329,227.92752500000006,115.42403333333323,0,3983.7739999999999,2025-06-21T16:40:00,2025-06-21T16:30:00,0.90239999999999998,3291.2298000000001,0,309.84044623999995,100,10800,0,10800,309.84044623999995
P3_MAIN_MEAN_ROLLOUT_061218,347.22409166666688,0,0,2025-06-21,-0,2025-06-21T00:00:00,0,0,347.22409166666688,237.60440833333365,109.61968333333323,0,3621.8930999999998,2025-06-21T16:50:00,2025-06-21T16:40:00,0.9163,2964.1750000000002,0,318.16143519416687,101,10800,0,10800,318.16143519416687
P3_MAIN_MEAN_ROLLOUT_061218,255.27190277777777,0,0,2025-06-21,-0,2025-06-21T00:00:00,0,0,255.27190277777777,152.49065277777771,102.78125000000006,0,3240.3000000000002,2025-06-21T17:00:00,2025-06-21T16:50:00,0.9264,2623.6125000000002,0,236.48389073333331,102,10800,0,10800,236.48389073333331
P3_MAIN_MEAN_ROLLOUT_061218,263.54535694444445,0,0,2025-06-21,-0,2025-06-21T00:00:00,0,0,263.54535694444445,120.91792361111118,142.62743333333327,0,3335.0072,2025-06-21T17:10:00,2025-06-21T17:00:00,0.94620000000000004,2479.2426,0,249.36661674083334,103,10800,0,10800,249.36661674083334
P3_MAIN_MEAN_ROLLOUT_061218,324.2363125,0,0,2025-06-21,-0,2025-06-21T00:00:00,0,0,324.2363125,111.44131249999998,212.79500000000002,0,3462.6248000000001,2025-06-21T17:20:00,2025-06-21T17:10:00,0.97419999999999995,2185.8548000000001,0,315.87101563749997,104,10800,0,10800,315.87101563749997
P3_MAIN_MEAN_ROLLOUT_061218,379.64282777777771,0,0,2025-06-21,-0,2025-06-21T00:00:00,0,0,379.64282777777771,90.674911111111044,288.96791666666667,0,3484.27,2025-06-21T17:30:00,2025-06-21T17:20:00,0.98619999999999997,1750.4625000000001,0,374.40375675444437,105,10800,0,10800,374.40375675444437
P3_MAIN_MEAN_ROLLOUT_061218,409.42031111111106,0,0,2025-06-21,-0,2025-06-21T00:00:00,0,0,409.42031111111106,55.950144444444447,353.47016666666661,0,3649.2080999999998,2025-06-21T17:40:00,2025-06-21T17:30:00,0.97599999999999998,1528.3870999999999,0,399.59422364444441,106,10800,0,10800,399.59422364444441
P3_MAIN_MEAN_ROLLOUT_061218,469.63823333333346,0,0,2025-06-21,-0,2025-06-21T00:00:00,0,0,469.63823333333346,87.317316666666898,382.32091666666656,0,3604.3528999999999,2025-06-21T17:50:00,2025-06-21T17:40:00,1.0742,1310.4274,0,504.48539024666684,107,10800,0,10800,504.48539024666684
P3_MAIN_MEAN_ROLLOUT_061218,481.72470277777779,0,0,2025-06-21,-0,2025-06-21T00:00:00,0,0,481.72470277777779,95.823036111111151,385.90166666666664,0,3349.5100000000002,2025-06-21T18:00:00,2025-06-21T17:50:00,1.2313000000000001,1034.0999999999999,0,593.14762653027788,108,10800,0,10800,593.14762653027788
P3_MAIN_MEAN_ROLLOUT_061218,198.45849166666704,0,0,2025-06-21,203.90054166666636,2025-06-21T00:00:00,0,0,198.45849166666704,-0,198.45849166666704,0,3274.4828000000002,2025-06-21T18:10:00,2025-06-21T18:00:00,1.2561,860.32860000000005,0,249.28371138250048,109,10573.443842592593,0,10800,249.28371138250048
P3_MAIN_MEAN_ROLLOUT_061218,588.10237916666665,0,151.47762916666659,2025-06-21,0,2025-06-21T00:00:00,0,0,588.10237916666665,-0,588.10237916666665,0,3297.0032000000001,2025-06-21T18:20:00,2025-06-21T18:10:00,1.2446999999999999,677.25469999999996,0,732.01103134874995,110,10709.773708842593,0,10573.443842592593,732.01103134874995
P3_MAIN_MEAN_ROLLOUT_061218,610.52419305555543,0,100.25143461934123,2025-06-21,0,2025-06-21T00:00:00,0,0,610.52419305555543,28.591091769547575,581.93310128600785,0,3342.79,2025-06-21T18:30:00,2025-06-21T18:20:00,1.2544999999999999,452.69999999999999,0,765.90260018819424,111,10800,0,10709.773708842593,765.90260018819424
P3_MAIN_MEAN_ROLLOUT_061218,649.41618194444447,0,0,2025-06-21,-0,2025-06-21T00:00:00,0,0,649.41618194444447,119.28701527777787,530.12916666666661,0,3456.8314,2025-06-21T18:40:00,2025-06-21T18:30:00,1.2522,276.0564,0,813.19894303083333,112,10800,0,10800,813.19894303083333
P3_MAIN_MEAN_ROLLOUT_061218,0,0,0,2025-06-21,585.45468333333338,2025-06-21T00:00:00,0,0,0,0,0,0,3634.5648000000001,2025-06-21T18:50:00,2025-06-21T18:40:00,1.2881,121.83669999999999,-0,0,113,10149.494796296296,0,10800,0
P3_MAIN_MEAN_ROLLOUT_061218,0,0,0,2025-06-21,640.82624999999996,2025-06-21T00:00:00,0,0,0,0,0,0,3852.7199999999998,2025-06-21T19:00:00,2025-06-21T18:50:00,1.3466,7.7625000000000002,-0,0,114,9437.4656296296289,0,10149.494796296296,0
P3_MAIN_MEAN_ROLLOUT_061218,0,0,0,2025-06-21,667.49069999999995,2025-06-21T00:00:00,0,0,0,0,0,0,4004.9441999999999,2025-06-21T19:10:00,2025-06-21T19:00:00,1.3523000000000001,0,-0,0,115,8695.8092962962965,0,9437.4656296296289,0
P3_MAIN_MEAN_ROLLOUT_061218,0,0,0,2025-06-21,617.24691666666672,2025-06-21T00:00:00,0,0,0,0,0,0,3706.7433999999998,2025-06-21T19:20:00,2025-06-21T19:10:00,1.3445,3.2618999999999998,-0,0,116,8009.9793888888889,0,8695.8092962962965,0
P3_MAIN_MEAN_ROLLOUT_061218,0,0,0,2025-06-21,548.9133333333333,2025-06-21T00:00:00,0,0,0,0,0,0,3293.48,2025-06-21T19:30:00,2025-06-21T19:20:00,1.3483000000000001,0,-0,0,117,7400.0756851851856,0,8009.9793888888889,0
P3_MAIN_MEAN_ROLLOUT_061218,0,0,0,2025-06-21,582.0875666666667,2025-06-21T00:00:00,0,0,0,0,0,0,3492.5254,2025-06-21T19:40:00,2025-06-21T19:30:00,1.349,0,-0,0,118,6753.3117222222227,0,7400.0756851851856,0
P3_MAIN_MEAN_ROLLOUT_061218,0,0,0,2025-06-21,581.73874999999998,2025-06-21T00:00:00,0,0,0,0,0,0,3490.6667000000002,2025-06-21T19:50:00,2025-06-21T19:40:00,1.3472999999999999,0.23419999999999999,-0,0,119,6106.9353333333338,0,6753.3117222222227,0
P3_MAIN_MEAN_ROLLOUT_061218,0,0,0,2025-06-21,531.60333333333335,2025-06-21T00:00:00,0,0,0,0,0,0,3189.6199999999999,2025-06-21T20:00:00,2025-06-21T19:50:00,1.3482000000000001,0,-0,0,120,5516.2649629629632,0,6106.9353333333338,0
P3_MAIN_MEAN_ROLLOUT_061218,0,0,0,2025-06-21,558.03943333333336,2025-06-21T00:00:00,0,0,0,0,0,0,3348.2366000000002,2025-06-21T20:10:00,2025-06-21T20:00:00,1.3512999999999999,0,-0,0,121,4896.2211481481481,0,5516.2649629629632,0
P3_MAIN_MEAN_ROLLOUT_061218,0,0,0,2025-06-21,620.86473333333333,2025-06-21T00:00:00,0,0,0,0,0,0,3725.2051999999999,2025-06-21T20:20:00,2025-06-21T20:10:00,1.3400000000000001,0.016799999999999999,-0,0,122,4206.3714444444449,0,4896.2211481481481,0
P3_MAIN_MEAN_ROLLOUT_061218,0,0,0,2025-06-21,660.02166666666665,2025-06-21T00:00:00,0,0,0,0,0,0,3960.1300000000001,2025-06-21T20:30:00,2025-06-21T20:20:00,1.3489,0,-0,0,123,3473.0140370370377,0,4206.3714444444449,0
P3_MAIN_MEAN_ROLLOUT_061218,0,0,0,2025-06-21,646.97075000000007,2025-06-21T00:00:00,0,0,0,0,0,0,3881.8245000000002,2025-06-21T20:40:00,2025-06-21T20:30:00,1.3952,0,-0,0,124,2754.1576481481488,0,3473.0140370370377,0
P3_MAIN_MEAN_ROLLOUT_061218,732.86440000000005,0,147.25244999999995,2025-06-21,0,2025-06-21T00:00:00,0,0,732.86440000000005,-0,732.86440000000005,0,3513.6729,2025-06-21T20:50:00,2025-06-21T20:40:00,1.2225999999999999,0.0011999999999999999,0,896.00001543999997,125,2886.6848531481487,0,2754.1576481481488,896.00001543999997
P3_MAIN_MEAN_ROLLOUT_061218,725.45166666666648,0,198.73166666666646,2025-06-21,0,2025-06-21T00:00:00,0,0,725.45166666666648,-0,725.45166666666648,0,3160.3200000000002,2025-06-21T21:00:00,2025-06-21T20:50:00,0.93320000000000003,0,0,676.99149533333321,126,3065.5433531481485,0,2886.6848531481487,676.99149533333321
P3_MAIN_MEAN_ROLLOUT_061218,649.35498333333328,0,113.56988333333334,2025-06-21,0,2025-06-21T00:00:00,0,0,649.35498333333328,-0,649.35498333333328,0,3214.7105999999999,2025-06-21T21:10:00,2025-06-21T21:00:00,0.90680000000000005,0,0,588.83509888666663,127,3167.7562481481486,0,3065.5433531481485,588.83509888666663
P3_MAIN_MEAN_ROLLOUT_061218,638.14653333333342,0,56.629383333333408,2025-06-21,0,2025-06-21T00:00:00,0,0,638.14653333333342,-0,638.14653333333342,0,3489.1028999999999,2025-06-21T21:20:00,2025-06-21T21:10:00,0.93710000000000004,0,0,598.00711638666678,128,3218.7226931481487,0,3167.7562481481486,598.00711638666678
P3_MAIN_MEAN_ROLLOUT_061218,659.59000000000003,0,40.675000000000068,2025-06-21,0,2025-06-21T00:00:00,0,0,659.59000000000003,-0,659.59000000000003,0,3713.4899999999998,2025-06-21T21:30:00,2025-06-21T21:20:00,0.93710000000000004,0,0,618.10178900000005,129,3255.3301931481487,0,3218.7226931481487,618.10178900000005
P3_MAIN_MEAN_ROLLOUT_061218,652.4667833333333,0,33.225499999999897,2025-06-21,0,2025-06-21T00:00:00,0,0,652.4667833333333,-0,652.4667833333333,0,3715.4477000000002,2025-06-21T21:40:00,2025-06-21T21:30:00,0.98709999999999998,0,0,644.04996182833327,130,3285.2331431481484,0,3255.3301931481487,644.04996182833327
P3_MAIN_MEAN_ROLLOUT_061218,633.30233333333342,0,56.522866666666687,2025-06-21,0,2025-06-21T00:00:00,0,0,633.30233333333342,-0,633.30233333333342,0,3460.6768000000002,2025-06-21T21:50:00,2025-06-21T21:40:00,0.77639999999999998,0,0,491.69593160000005,131,3336.1037231481487,0,3285.2331431481484,491.69593160000005
P3_MAIN_MEAN_ROLLOUT_061218,626.84333333333336,0,98.563333333333389,2025-06-21,0,2025-06-21T00:00:00,0,0,626.84333333333336,-0,626.84333333333336,0,3169.6799999999998,2025-06-21T22:00:00,2025-06-21T21:50:00,0.4209,0,0,263.83835900000003,132,3424.8107231481486,0,3336.1037231481487,263.83835900000003
P3_MAIN_MEAN_ROLLOUT_061218,632.10063333333335,0,105.2269,2025-06-21,0,2025-06-21T00:00:00,0,0,632.10063333333335,-0,632.10063333333335,0,3161.2424000000001,2025-06-21T22:10:00,2025-06-21T22:00:00,0.38590000000000002,0,0,243.92763440333334,133,3519.5149331481484,0,3424.8107231481486,243.92763440333334
P3_MAIN_MEAN_ROLLOUT_061218,605.84491666666668,0,61.103833333333341,2025-06-21,0,2025-06-21T00:00:00,0,0,605.84491666666668,-0,605.84491666666668,0,3268.4465,2025-06-21T22:20:00,2025-06-21T22:10:00,0.43680000000000002,0,0,264.63305960000002,134,3574.5083831481484,0,3519.5149331481484,264.63305960000002
P3_MAIN_MEAN_ROLLOUT_061218,612.35500000000002,0,59.490000000000009,2025-06-21,0,2025-06-21T00:00:00,0,0,612.35500000000002,-0,612.35500000000002,0,3317.1900000000001,2025-06-21T22:30:00,2025-06-21T22:20:00,0.41980000000000001,0,0,257.06662900000003,135,3628.0493831481485,0,3574.5083831481484,257.06662900000003
P3_MAIN_MEAN_ROLLOUT_061218,631.16006666666669,0,84.320216666666738,2025-06-21,0,2025-06-21T00:00:00,0,0,631.16006666666669,-0,631.16006666666669,0,3281.0391,2025-06-21T22:40:00,2025-06-21T22:30:00,0.41860000000000003,0,0,264.20360390666667,136,3703.9375781481485,0,3628.0493831481485,264.20360390666667
P3_MAIN_MEAN_ROLLOUT_061218,670.22428333333335,0,128.43138333333332,2025-06-21,0,2025-06-21T00:00:00,0,0,670.22428333333335,-0,670.22428333333335,0,3250.7574,2025-06-21T22:50:00,2025-06-21T22:40:00,0.42409999999999998,0,0,284.24211856166664,137,3819.5258231481484,0,3703.9375781481485,284.24211856166664
P3_MAIN_MEAN_ROLLOUT_061218,651.80499999999995,0,120.07333333333327,2025-06-21,0,2025-06-21T00:00:00,0,0,651.80499999999995,-0,651.80499999999995,0,3190.3899999999999,2025-06-21T23:00:00,2025-06-21T22:50:00,0.42370000000000002,0,0,276.16977850000001,138,3927.5918231481483,0,3819.5258231481484,276.16977850000001
P3_MAIN_MEAN_ROLLOUT_061218,593.86003333333338,0,94.037316666666754,2025-06-21,0,2025-06-21T00:00:00,0,0,593.86003333333338,-0,593.86003333333338,0,2998.9362999999998,2025-06-21T23:10:00,2025-06-21T23:00:00,0.42480000000000001,0,0,252.27174216000003,139,4012.2254081481483,0,3927.5918231481483,252.27174216000003
P3_MAIN_MEAN_ROLLOUT_061218,600.71019999999987,0,113.88114999999988,2025-06-21,0,2025-06-21T00:00:00,0,0,600.71019999999987,-0,600.71019999999987,0,2920.9742999999999,2025-06-21T23:20:00,2025-06-21T23:10:00,0.42399999999999999,0,0,254.70112479999995,140,4114.7184431481483,0,4012.2254081481483,254.70112479999995
P3_MAIN_MEAN_ROLLOUT_061218,594.9083333333333,0,96.691666666666606,2025-06-21,0,2025-06-21T00:00:00,0,0,594.9083333333333,-0,594.9083333333333,0,2989.3000000000002,2025-06-21T23:30:00,2025-06-21T23:20:00,0.42199999999999999,0,0,251.05131666666665,141,4201.7409431481483,0,4114.7184431481483,251.05131666666665
P3_MAIN_MEAN_ROLLOUT_061218,608.70648333333338,0,104.61131666666671,2025-06-21,0,2025-06-21T00:00:00,0,0,608.70648333333338,-0,608.70648333333338,0,3024.5709999999999,2025-06-21T23:40:00,2025-06-21T23:30:00,0.42399999999999999,0,0,258.09154893333334,142,4295.8911281481487,0,4201.7409431481483,258.09154893333334
P3_MAIN_MEAN_ROLLOUT_061218,656.4580666666667,0,124.23905000000002,2025-06-21,0,2025-06-21T00:00:00,0,0,656.4580666666667,-0,656.4580666666667,0,3193.3141000000001,2025-06-21T23:50:00,2025-06-21T23:40:00,0.42709999999999998,0,0,280.37324027333335,143,4407.7062731481483,0,4295.8911281481487,280.37324027333335
P3_MAIN_MEAN_ROLLOUT_061218,745.32999999999993,0,139.30666666666662,2025-06-21,0,2025-06-21T00:00:00,0,0,745.32999999999993,-0,745.32999999999993,0,3636.1399999999999,2025-06-22T00:00:00,2025-06-21T23:50:00,0.42759999999999998,0,0,318.70310799999993,144,4533.0822731481485,0,4407.7062731481483,318.70310799999993
P3_MAIN_MEAN_ROLLOUT_061218,1515.93805,0,833.33333333333337,2025-09-23,0,2025-09-23T00:00:00,0,0,1515.93805,112.42038333333335,1403.5176666666666,0,3421.1060000000002,2025-09-23T00:10:00,2025-09-23T00:00:00,0.42480000000000001,0,0,643.97048364,1,2341.5677072222215,0,1591.5677072222218,643.97048364
P3_MAIN_MEAN_ROLLOUT_061218,1509.2229500000001,0,833.33333333333337,2025-09-23,0,2025-09-23T00:00:00,0,0,1509.2229500000001,115.57143333333329,1393.6515166666668,0,3361.9090999999999,2025-09-23T00:20:00,2025-09-23T00:10:00,0.42449999999999999,0,0,640.66514227499999,2,3091.5677072222215,0,2341.5677072222215,640.66514227499999
P3_MAIN_MEAN_ROLLOUT_061218,1464.0866666666668,0,833.33333333333337,2025-09-23,0,2025-09-23T00:00:00,0,0,1464.0866666666668,65.986666666666906,1398.0999999999999,0,3388.5999999999999,2025-09-23T00:30:00,2025-09-23T00:20:00,0.4269,0,0,625.01859800000011,3,3841.5677072222215,0,3091.5677072222215,625.01859800000011
P3_MAIN_MEAN_ROLLOUT_061218,1432.7273666666667,0,833.33333333333337,2025-09-23,0,2025-09-23T00:00:00,0,0,1432.7273666666667,0.88511666666659039,1431.8422500000001,0,3591.0535,2025-09-23T00:40:00,2025-09-23T00:30:00,0.42720000000000002,0,0,612.06113104000008,4,4591.5677072222215,0,3841.5677072222215,612.06113104000008
P3_MAIN_MEAN_ROLLOUT_061218,1425.7202666666667,0,819.20961666666665,2025-09-23,0,2025-09-23T00:00:00,0,0,1425.7202666666667,-0,1425.7202666666667,0,3639.0639000000001,2025-09-23T00:50:00,2025-09-23T00:40:00,0.42709999999999998,0,0,608.9251258933333,5,5328.8563622222218,0,4591.5677072222215,608.9251258933333
P3_MAIN_MEAN_ROLLOUT_061218,1426.4333333333334,0,833.33333333333337,2025-09-23,0,2025-09-23T00:00:00,0,0,1426.4333333333334,3.3299999999999272,1423.1033333333335,0,3538.6199999999999,2025-09-23T01:00:00,2025-09-23T00:50:00,0.42849999999999999,0,0,611.22668333333331,6,6078.8563622222218,0,5328.8563622222218,611.22668333333331
P3_MAIN_MEAN_ROLLOUT_061218,836.49508641975376,0,239.14173641975378,2025-09-23,0,2025-09-23T00:00:00,0,0,836.49508641975376,-0,836.49508641975376,0,3584.1201000000001,2025-09-23T01:10:00,2025-09-23T01:00:00,0.43109999999999998,0,0,360.61303175555582,7,6294.0839249999999,0,6078.8563622222218,360.61303175555582
P3_MAIN_MEAN_ROLLOUT_061218,1431.4961166666667,0,833.33333333333337,2025-09-23,0,2025-09-23T00:00:00,0,0,1431.4961166666667,18.19111666666663,1413.3050000000001,0,3479.8299999999999,2025-09-23T01:20:00,2025-09-23T01:10:00,0.43020000000000003,0,0,615.82962939000004,8,7044.0839249999999,0,6294.0839249999999,615.82962939000004
P3_MAIN_MEAN_ROLLOUT_061218,1410.6000000000001,0,833.33333333333337,2025-09-23,0,2025-09-23T00:00:00,0,0,1410.6000000000001,24.586666666666815,1386.0133333333333,0,3316.0799999999999,2025-09-23T01:30:00,2025-09-23T01:20:00,0.4279,0,0,603.59574000000009,9,7794.0839249999999,0,7044.0839249999999,603.59574000000009
P3_MAIN_MEAN_ROLLOUT_061218,591.81363333333331,0,7.760283333333291,2025-09-23,0,2025-09-23T00:00:00,0,0,591.81363333333331,-0,591.81363333333331,0,3504.3200999999999,2025-09-23T01:40:00,2025-09-23T01:30:00,0.43120000000000003,0,0,255.19003869333335,10,7801.0681800000002,0,7794.0839249999999,255.19003869333335
P3_MAIN_MEAN_ROLLOUT_061218,616.12395000000004,0,14.262333333333345,2025-09-23,0,2025-09-23T00:00:00,0,0,616.12395000000004,-0,616.12395000000004,0,3611.1696999999999,2025-09-23T01:50:00,2025-09-23T01:40:00,0.43330000000000002,0,0,266.96650753500001,11,7813.9042800000007,0,7801.0681800000002,266.96650753500001
P3_MAIN_MEAN_ROLLOUT_061218,1470.5633333333333,0,833.33333333333337,2025-09-23,0,2025-09-23T00:00:00,0,0,1470.5633333333333,46.623333333333221,1423.9400000000001,0,3543.6399999999999,2025-09-23T02:00:00,2025-09-23T01:50:00,0.43109999999999998,0,0,633.95985299999995,12,8563.9042800000007,0,7813.9042800000007,633.95985299999995
P3_MAIN_MEAN_ROLLOUT_061218,1445.6761333333334,0,833.33333333333337,2025-09-23,0,2025-09-23T00:00:00,0,0,1445.6761333333334,7.7797500000001492,1437.8963833333332,0,3627.3782999999999,2025-09-23T02:10:00,2025-09-23T02:00:00,0.42930000000000001,0,0,620.62876404000008,13,9313.9042800000007,0,8563.9042800000007,620.62876404000008
P3_MAIN_MEAN_ROLLOUT_061218,593.57298333333335,0,0,2025-09-23,14.226566666666713,2025-09-23T00:00:00,0,0,593.57298333333335,-0,593.57298333333335,0,3646.7973000000002,2025-09-23T02:20:00,2025-09-23T02:10:00,0.43240000000000001,0,0,256.66095799333334,14,9298.0969837037046,0,9313.9042800000007,256.66095799333334
P3_MAIN_MEAN_ROLLOUT_061218,612.745,0,17.758333333333326,2025-09-23,0,2025-09-23T00:00:00,0,0,612.745,-0,612.745,0,3569.9200000000001,2025-09-23T02:30:00,2025-09-23T02:20:00,0.43669999999999998,0,0,267.58574149999998,15,9314.0794837037047,0,9298.0969837037046,267.58574149999998
P3_MAIN_MEAN_ROLLOUT_061218,647.99955,0,49.487150000000042,2025-09-23,0,2025-09-23T00:00:00,0,0,647.99955,-0,647.99955,0,3591.0744,2025-09-23T02:40:00,2025-09-23T02:30:00,0.43480000000000002,0,0,281.75020434000004,16,9358.6179187037051,0,9314.0794837037047,281.75020434000004
P3_MAIN_MEAN_ROLLOUT_061218,636.09078333333332,0,48.81101666666666,2025-09-23,0,2025-09-23T00:00:00,0,0,636.09078333333332,-0,636.09078333333332,0,3523.6786000000002,2025-09-23T02:50:00,2025-09-23T02:40:00,0.4335,0,0,275.74535457499996,17,9402.5478337037057,0,9358.6179187037051,275.74535457499996
P3_MAIN_MEAN_ROLLOUT_061218,609.06000000000006,0,42.055000000000064,2025-09-23,0,2025-09-23T00:00:00,0,0,609.06000000000006,-0,609.06000000000006,0,3402.0300000000002,2025-09-23T03:00:00,2025-09-23T02:50:00,0.43569999999999998,0,0,265.36744200000004,18,9440.397333703706,0,9402.5478337037057,265.36744200000004
P3_MAIN_MEAN_ROLLOUT_061218,649.11541666666665,0,70.635483333333241,2025-09-23,0,2025-09-23T00:00:00,0,0,649.11541666666665,-0,649.11541666666665,0,3470.8796000000002,2025-09-23T03:10:00,2025-09-23T03:00:00,0.43740000000000001,0,0,283.92308324999999,19,9503.9692687037059,0,9440.397333703706,283.92308324999999
P3_MAIN_MEAN_ROLLOUT_061218,631.35160000000008,0,40.299633333333418,2025-09-23,0,2025-09-23T00:00:00,0,0,631.35160000000008,-0,631.35160000000008,0,3546.3117999999999,2025-09-23T03:20:00,2025-09-23T03:10:00,0.43709999999999999,0,0,275.96378436000003,20,9540.2389387037056,0,9503.9692687037059,275.96378436000003
P3_MAIN_MEAN_ROLLOUT_061218,593.58166666666659,0,6.7316666666665697,2025-09-23,0,2025-09-23T00:00:00,0,0,593.58166666666659,-0,593.58166666666659,0,3521.0999999999999,2025-09-23T03:30:00,2025-09-23T03:20:00,0.43559999999999999,0,0,258.56417399999998,21,9546.2974387037048,0,9540.2389387037056,258.56417399999998
P3_MAIN_MEAN_ROLLOUT_061218,607.64353333333327,0,25.469949999999926,2025-09-23,0,2025-09-23T00:00:00,0,0,607.64353333333327,-0,607.64353333333327,0,3493.0414999999998,2025-09-23T03:40:00,2025-09-23T03:30:00,0.43530000000000002,0,0,264.50723005999998,22,9569.2203937037048,0,9546.2974387037048,264.50723005999998
P3_MAIN_MEAN_ROLLOUT_061218,630.78721666666672,0,28.033883333333392,2025-09-23,0,2025-09-23T00:00:00,0,0,630.78721666666672,-0,630.78721666666672,0,3616.52,2025-09-23T03:50:00,2025-09-23T03:40:00,0.436,0,0,275.0232264666667,23,9594.4508887037045,0,9569.2203937037048,275.0232264666667
P3_MAIN_MEAN_ROLLOUT_061218,645.74000000000001,0,22.611666666666679,2025-09-23,0,2025-09-23T00:00:00,0,0,645.74000000000001,-0,645.74000000000001,0,3738.77,2025-09-23T04:00:00,2025-09-23T03:50:00,0.43780000000000002,0,0,282.704972,24,9614.801388703705,0,9594.4508887037045,282.704972
P3_MAIN_MEAN_ROLLOUT_061218,667.31058333333328,0,71.787899999999922,2025-09-23,0,2025-09-23T00:00:00,0,0,667.31058333333328,-0,667.31058333333328,0,3573.1379999999999,2025-09-23T04:10:00,2025-09-23T04:00:00,0.44009999999999999,0.0019,0,293.68338772499999,25,9679.4104987037044,0,9614.801388703705,293.68338772499999
P3_MAIN_MEAN_ROLLOUT_061218,675.4629000000001,0,83.991966666666713,2025-09-23,0,2025-09-23T00:00:00,0,0,675.4629000000001,-0,675.4629000000001,0,3548.8256000000001,2025-09-23T04:20:00,2025-09-23T04:10:00,0.43890000000000001,0,0,296.46066681000008,26,9755.0032687037037,0,9679.4104987037044,296.46066681000008
P3_MAIN_MEAN_ROLLOUT_061218,643.745,0,27.673333333333403,2025-09-23,0,2025-09-23T00:00:00,0,0,643.745,-0,643.745,0,3696.4299999999998,2025-09-23T04:30:00,2025-09-23T04:20:00,0.43640000000000001,0,0,280.930318,27,9779.9092687037046,0,9755.0032687037037,280.930318
P3_MAIN_MEAN_ROLLOUT_061218,658.26184999999998,0,53.365549999999985,2025-09-23,0,2025-09-23T00:00:00,0,0,658.26184999999998,-0,658.26184999999998,0,3629.4045999999998,2025-09-23T04:40:00,2025-09-23T04:30:00,0.43930000000000002,0.026800000000000001,0,289.17443070500002,28,9827.9382637037052,0,9779.9092687037046,289.17443070500002
P3_MAIN_MEAN_ROLLOUT_061218,629.11503333333337,0,28.699216666666644,2025-09-23,0,2025-09-23T00:00:00,0,0,629.11503333333337,-0,629.11503333333337,0,3602.4949000000001,2025-09-23T04:50:00,2025-09-23T04:40:00,0.44219999999999998,0,0,278.19466774,29,9853.7675587037047,0,9827.9382637037052,278.19466774
P3_MAIN_MEAN_ROLLOUT_061218,603.18333333333339,0,0,2025-09-23,14.939999999999941,2025-09-23T00:00:00,0,0,603.18333333333339,-0,603.18333333333339,0,3708.7399999999998,2025-09-23T05:00:00,2025-09-23T04:50:00,0.4395,0,0,265.09907500000003,30,9837.1675587037043,0,9853.7675587037047,265.09907500000003
P3_MAIN_MEAN_ROLLOUT_061218,589.94370000000004,0,0,2025-09-23,35.221566666666604,2025-09-23T00:00:00,0,0,589.94370000000004,-0,589.94370000000004,0,3751.3647000000001,2025-09-23T05:10:00,2025-09-23T05:00:00,0.43330000000000002,0.37309999999999999,0,255.62260521000002,31,9798.0324846296298,0,9837.1675587037043,255.62260521000002
P3_MAIN_MEAN_ROLLOUT_061218,630.15853333333337,0,15.250400000000013,2025-09-23,0,2025-09-23T00:00:00,0,0,630.15853333333337,-0,630.15853333333337,0,3689.4488000000001,2025-09-23T05:20:00,2025-09-23T05:10:00,0.44390000000000002,0,0,279.72737294666672,32,9811.7578446296302,0,9798.0324846296298,279.72737294666672
P3_MAIN_MEAN_ROLLOUT_061218,1489.6399999999999,0,833.33333333333337,2025-09-23,0,2025-09-23T00:00:00,0,0,1489.6399999999999,63.3599999999999,1426.28,0,3557.6799999999998,2025-09-23T05:30:00,2025-09-23T05:20:00,0.43009999999999998,0,0,640.69416399999989,33,10561.75784462963,0,9811.7578446296302,640.69416399999989
P3_MAIN_MEAN_ROLLOUT_061218,1439.9023500000001,0,264.71350596707754,2025-09-23,0,2025-09-23T00:00:00,0,0,1439.9023500000001,591.21079403292242,848.69155596707765,0,3509.0644000000002,2025-09-23T05:40:00,2025-09-23T05:30:00,0.37130000000000002,5.1961000000000004,0,534.63574255500009,34,10800,0,10561.75784462963,534.63574255500009
P3_MAIN_MEAN_ROLLOUT_061218,674.32800000000009,0,0,2025-09-23,-0,2025-09-23T00:00:00,0,0,674.32800000000009,7.4145666666668149,666.91343333333327,0,4001.4805999999999,2025-09-23T05:50:00,2025-09-23T05:40:00,0.57079999999999997,0,0,384.90642240000005,35,10800,0,10800,384.90642240000005
P3_MAIN_MEAN_ROLLOUT_061218,0,0,0,2025-09-23,790.62333333333333,2025-09-23T00:00:00,0,0,0,0,0,0,4743.7399999999998,2025-09-23T06:00:00,2025-09-23T05:50:00,0.90990000000000004,0,-0,0,36,9921.5296296296292,0,10800,0
P3_MAIN_MEAN_ROLLOUT_061218,0,0,0,2025-09-23,793.77208333333328,2025-09-23T06:00:00,0,0,0,0,0,0,4911.4157999999998,2025-09-23T06:10:00,2025-09-23T06:00:00,0.93679999999999997,148.7833,-0,0,37,9039.5606481481482,0,9921.5296296296292,0
P3_MAIN_MEAN_ROLLOUT_061218,0,0,0,2025-09-23,742.65981666666676,2025-09-23T06:00:00,0,0,0,0,0,0,4831.9735000000001,2025-09-23T06:20:00,2025-09-23T06:10:00,0.87580000000000002,376.01459999999997,-0,0,38,8214.3830740740741,0,9039.5606481481482,0
P3_MAIN_MEAN_ROLLOUT_061218,0,0,0,2025-09-23,690.46874999999989,2025-09-23T06:00:00,0,0,0,0,0,0,4792.1999999999998,2025-09-23T06:30:00,2025-09-23T06:20:00,0.87590000000000001,649.38750000000005,-0,0,39,7447.1955740740741,0,8214.3830740740741,0
P3_MAIN_MEAN_ROLLOUT_061218,0,0,0,2025-09-23,630.58401666666668,2025-09-23T06:00:00,0,0,0,0,0,0,4757.3085000000001,2025-09-23T06:40:00,2025-09-23T06:30:00,0.86009999999999998,973.80439999999999,-0,0,40,6746.5466666666671,0,7447.1955740740741,0
P3_MAIN_MEAN_ROLLOUT_061218,0,0,0,2025-09-23,584.88215000000002,2025-09-23T06:00:00,0,0,0,0,0,0,4755.1526000000003,2025-09-23T06:50:00,2025-09-23T06:40:00,0.84419999999999995,1245.8597,-0,0,41,6096.6776111111112,0,6746.5466666666671,0
P3_MAIN_MEAN_ROLLOUT_061218,0,35.843324412500287,0,2025-09-23,546.21250000000009,2025-09-23T06:00:00,0,0,86.017097222222901,0,0,0,4789.0500000000002,2025-09-23T07:00:00,2025-09-23T06:50:00,0.83340000000000003,1511.7750000000001,-0,0,42,5489.7748333333329,0,6096.6776111111112,35.843324412500287
P3_MAIN_MEAN_ROLLOUT_061218,123.79639992583617,147.43221650778452,0,2025-09-23,360.92643340749714,2025-09-23T06:00:00,0,0,488.18645555555565,-0,123.79639992583617,0,4816.2820000000002,2025-09-23T07:10:00,2025-09-23T07:00:00,0.80920000000000003,1907.9449999999999,0,100.17604681998664,43,5088.7454628805581,0,5489.7748333333329,247.60826332777117
P3_MAIN_MEAN_ROLLOUT_061218,455.93806666666654,0,30.629716666666695,2025-09-23,0,2025-09-23T06:00:00,2.2657786757918076e-13,5.6843418860808015e-14,455.93806666666654,0,455.93806666666654,0,4786.2178999999996,2025-09-23T07:20:00,2025-09-23T07:10:00,0.79720000000000002,2234.3678,0,363.47382674666659,44,5116.3122078805582,0,5088.7454628805581,363.47382674666682
P3_MAIN_MEAN_ROLLOUT_061218,426.99028888888876,0,65.669872222222125,2025-09-23,0,2025-09-23T06:00:00,0,0,426.99028888888876,-0,426.99028888888876,0,4660.5100000000002,2025-09-23T07:30:00,2025-09-23T07:20:00,0.76439999999999997,2492.5875000000001,0,326.39137682666654,45,5175.4150928805584,0,5116.3122078805582,326.39137682666654
P3_MAIN_MEAN_ROLLOUT_061218,351.40957777777788,0,65.94131111111119,2025-09-23,0,2025-09-23T06:00:00,0,0,351.40957777777788,-0,351.40957777777788,0,4606.8822,2025-09-23T07:40:00,2025-09-23T07:30:00,0.68989999999999996,2894.0726,0,242.43746770888896,46,5234.7622728805582,0,5175.4150928805584,242.43746770888896
P3_MAIN_MEAN_ROLLOUT_061218,0,0,0,2025-09-23,357.73021666666671,2025-09-23T06:00:00,0,0,0,0,0,0,5489.8416999999999,2025-09-23T07:50:00,2025-09-23T07:40:00,0.85999999999999999,3343.4603999999999,-0,0,47,4837.28425436204,0,5234.7622728805582,0
P3_MAIN_MEAN_ROLLOUT_061218,0,0,0,2025-09-23,491.32458333333341,2025-09-23T06:00:00,0,0,0,0,0,0,6701.0600000000004,2025-09-23T08:00:00,2025-09-23T07:50:00,1.1617,3753.1125000000002,-0,0,48,4291.368050658336,0,4837.28425436204,0
P3_MAIN_MEAN_ROLLOUT_061218,0,0,0,2025-09-23,424.22699999999998,2025-09-23T06:00:00,0,0,0,0,0,0,6664.9868999999999,2025-09-23T08:10:00,2025-09-23T08:00:00,1.1682999999999999,4119.6248999999998,-0,0,49,3820.0047173250027,0,4291.368050658336,0
P3_MAIN_MEAN_ROLLOUT_061218,0,0,0,2025-09-23,340.29964999999982,2025-09-23T06:00:00,0,0,0,0,0,0,6469.7028,2025-09-23T08:20:00,2025-09-23T08:10:00,1.0955999999999999,4427.9049000000005,-0,0,50,3441.8939951027805,0,3820.0047173250027,0
P3_MAIN_MEAN_ROLLOUT_061218,0,0,0,2025-09-23,322.88875000000019,2025-09-23T06:00:00,0,0,0,0,0,0,6635.9700000000003,2025-09-23T08:30:00,2025-09-23T08:20:00,1.0849,4698.6374999999998,-0,0,51,3083.1287173250025,0,3441.8939951027805,0
P3_MAIN_MEAN_ROLLOUT_061218,0,0,0,2025-09-23,267.16475000000003,2025-09-23T06:00:00,0,0,0,0,0,0,6600.0815000000002,2025-09-23T08:40:00,2025-09-23T08:30:00,1.0609999999999999,4997.0929999999998,-0,0,52,2786.2789951027803,0,3083.1287173250025,0
P3_MAIN_MEAN_ROLLOUT_061218,0,0,0,2025-09-23,177.01698333333354,2025-09-23T06:00:00,0,0,0,0,0,0,6462.4233000000004,2025-09-23T08:50:00,2025-09-23T08:40:00,1.0429999999999999,5400.3213999999998,-0,0,53,2589.5934580657431,0,2786.2789951027803,0
P3_MAIN_MEAN_ROLLOUT_061218,0,0,0,2025-09-23,103.28666666666652,2025-09-23T06:00:00,0,0,0,0,0,0,6427.5699999999997,2025-09-23T09:00:00,2025-09-23T08:50:00,1.036,5807.8500000000004,-0,0,54,2474.8304951027803,0,2589.5934580657431,0
P3_MAIN_MEAN_ROLLOUT_061218,0,0,0,2025-09-23,88.530533333333324,2025-09-23T06:00:00,0,0,0,0,0,0,6551.7343000000001,2025-09-23T09:10:00,2025-09-23T09:00:00,1.0146999999999999,6020.5510999999997,-0,0,55,2376.463235843521,0,2474.8304951027803,0
P3_MAIN_MEAN_ROLLOUT_061218,0,0,0,2025-09-23,75.39373333333333,2025-09-23T06:00:00,0,0,0,0,0,0,6611.8297000000002,2025-09-23T09:20:00,2025-09-23T09:10:00,0.99219999999999997,6159.4673000000003,-0,0,56,2292.6924210287061,0,2376.463235843521,0
P3_MAIN_MEAN_ROLLOUT_061218,0,0,0,2025-09-23,46.359583333333376,2025-09-23T06:00:00,0,0,0,0,0,0,6584.4200000000001,2025-09-23T09:30:00,2025-09-23T09:20:00,0.96999999999999997,6306.2624999999998,-0,0,57,2241.1817728805581,0,2292.6924210287061,0
P3_MAIN_MEAN_ROLLOUT_061218,0,0,0,2025-09-23,34.08066666666673,2025-09-23T06:00:00,0,0,0,0,0,0,6627.8892999999998,2025-09-23T09:40:00,2025-09-23T09:30:00,0.94220000000000004,6423.4053000000004,-0,0,58,2203.3143654731507,0,2241.1817728805581,0
P3_MAIN_MEAN_ROLLOUT_061218,0,0,0,2025-09-23,13.978433333333214,2025-09-23T06:00:00,0,0,0,0,0,0,6567.1755999999996,2025-09-23T09:50:00,2025-09-23T09:40:00,0.95689999999999997,6483.3050000000003,-0,0,59,2187.7827728805582,0,2203.3143654731507,0
P3_MAIN_MEAN_ROLLOUT_061218,0,0,5.3004166666667061,2025-09-23,0,2025-09-23T06:00:00,0,0,0,0,0,0,6455.96,2025-09-23T10:00:00,2025-09-23T09:50:00,0.99770000000000003,6487.7624999999998,-0,0,60,2192.5531478805583,0,2187.7827728805582,0
P3_MAIN_MEAN_ROLLOUT_061218,0,0,0,2025-09-23,3.3889666666666471,2025-09-23T06:00:00,0,0,0,0,0,0,6527.0911999999998,2025-09-23T10:10:00,2025-09-23T10:00:00,0.9919,6506.7574000000004,-0,0,61,2188.7876293620398,0,2192.5531478805583,0
P3_MAIN_MEAN_ROLLOUT_061218,0,0,45.913566666666611,2025-09-23,0,2025-09-23T06:00:00,0,0,0,0,0,0,6488.4498999999996,2025-09-23T10:20:00,2025-09-23T10:10:00,0.95879999999999999,6763.9313000000002,-0,0,62,2230.1098393620396,0,2188.7876293620398,0
P3_MAIN_MEAN_ROLLOUT_061218,0,0,133.93166666666684,2025-09-23,0,2025-09-23T06:00:00,0,0,0,0,0,0,6336.1099999999997,2025-09-23T10:30:00,2025-09-23T10:20:00,0.95489999999999997,7139.6999999999998,-0,0,63,2350.6483393620397,0,2230.1098393620396,0
P3_MAIN_MEAN_ROLLOUT_061218,0,0,146.78905000000009,2025-09-23,0,2025-09-23T06:00:00,0,0,0,0,0,0,6376.9431999999997,2025-09-23T10:40:00,2025-09-23T10:30:00,0.9839,7257.6774999999998,-0,0,64,2482.7584843620398,0,2350.6483393620397,0
P3_MAIN_MEAN_ROLLOUT_061218,0,0,127.8130666666666,2025-09-23,0,2025-09-23T06:00:00,0,0,0,0,0,0,6473.6947,2025-09-23T10:50:00,2025-09-23T10:40:00,0.79900000000000004,7240.5730999999996,-0,0,65,2597.7902443620396,0,2482.7584843620398,0
P3_MAIN_MEAN_ROLLOUT_061218,763.40887439534151,11.537199500878783,833.33333333333337,2025-09-23,0,2025-09-23T06:00:00,0,0,809.32807638888892,78.261374395341363,685.14750000000015,0,6470.5600000000004,2025-09-23T11:00:00,2025-09-23T10:50:00,0.50249999999999995,7359.6750000000002,0,383.61295938365907,66,3347.7902443620396,0,2597.7902443620396,395.15015888453786
P3_MAIN_MEAN_ROLLOUT_061218,730.32372460132854,12.378395834180413,833.33333333333337,2025-09-23,0,2025-09-23T06:00:00,0,0,783.42709583333374,134.93210793466187,595.39161666666666,0,6357.1346000000003,2025-09-23T11:10:00,2025-09-23T11:00:00,0.4662,7784.7848999999997,0,340.47692040913938,67,4097.7902443620396,0,3347.7902443620396,352.85531624331981
P3_MAIN_MEAN_ROLLOUT_061218,725.13843015688383,0.16350855272402712,833.33333333333337,2025-09-23,0,2025-09-23T06:00:00,0,0,725.79154999999957,208.303613490217,516.83481666666682,0,6310.6975000000002,2025-09-23T11:20:00,2025-09-23T11:10:00,0.50070000000000003,8209.6885999999995,0,363.07681197955174,68,4847.7902443620396,0,4097.7902443620396,363.24032053227575
P3_MAIN_MEAN_ROLLOUT_061218,660.34304257765928,9.7383097040902964,833.33333333333337,2025-09-23,0,2025-09-23T06:00:00,0,0,700.69236805555568,155.04595924432579,505.29708333333349,0,6431.5200000000004,2025-09-23T11:30:00,2025-09-23T11:20:00,0.48270000000000002,8399.7374999999993,0,318.74758665223612,69,5597.7902443620396,0,4847.7902443620396,328.48589635632641
P3_MAIN_MEAN_ROLLOUT_061218,619.10797865325583,6.5093370113751785,833.33333333333337,2025-09-23,0,2025-09-23T06:00:00,0,0,646.31523888888876,81.715195319922486,537.39278333333334,0,6604.0357000000004,2025-09-23T11:40:00,2025-09-23T11:30:00,0.47849999999999998,8379.6790000000001,0,296.2431677855829,70,6347.7902443620396,0,5597.7902443620396,302.75250479695808
P3_MAIN_MEAN_ROLLOUT_061218,526.40335643103356,10.626603064676042,833.33333333333337,2025-09-23,0,2025-09-23T06:00:00,0,0,571.99152916666651,37.0464730977003,489.35688333333326,0,6371.5522000000001,2025-09-23T11:50:00,2025-09-23T11:40:00,0.4662,8435.4109000000008,0,245.40924476814786,71,7097.7902443620396,0,6347.7902443620396,256.03584783282389
P3_MAIN_MEAN_ROLLOUT_061218,441.74136117964963,8.5698558392563449,833.33333333333337,2025-09-23,0,2025-09-23T06:00:00,0,0,480.4139958333335,61.720111179649621,380.02125000000001,0,5893.6899999999996,2025-09-23T12:00:00,2025-09-23T11:50:00,0.44319999999999998,8613.5625,0,195.77977127482072,72,7847.7902443620396,0,7097.7902443620396,204.34962711407707
P3_MAIN_MEAN_ROLLOUT_061218,0,99.506956857916748,479.13870000000009,2025-09-23,0,2025-09-23T12:00:00,0,0,451.17640833333371,0,0,0,5815.5592999999999,2025-09-23T12:10:00,2025-09-23T12:00:00,0.44109999999999999,8690.3914999999997,-0,0,73,8279.0150743620397,0,7847.7902443620396,99.506956857916748
P3_MAIN_MEAN_ROLLOUT_061218,0,111.00748285687493,441.90403333333336,2025-09-23,0,2025-09-23T12:00:00,0,0,487.83776249999971,0,0,0,5929.8451999999997,2025-09-23T12:20:00,2025-09-23T12:10:00,0.4551,8581.2693999999992,-0,0,74,8676.7287043620399,0,8279.0150743620397,111.00748285687493
P3_MAIN_MEAN_ROLLOUT_061218,0,122.5256932580556,421.00958333333324,2025-09-23,0,2025-09-23T12:00:00,0,0,549.07323888888914,0,0,0,5958.4300000000003,2025-09-23T12:30:00,2025-09-23T12:20:00,0.44629999999999997,8484.4874999999993,-0,0,75,9055.63732936204,0,8676.7287043620399,122.5256932580556
P3_MAIN_MEAN_ROLLOUT_061218,96.2562401336844,100.73323591025787,556.718756800351,2025-09-23,0,2025-09-23T12:00:00,0,0,586.08476388888926,1.1368683772161603e-13,96.256240133684287,0,5882.5546000000004,2025-09-23T12:40:00,2025-09-23T12:30:00,0.4113,8645.3297000000002,0,39.590191566984394,76,9556.6842104823554,0,9055.63732936204,140.32342747724226
P3_MAIN_MEAN_ROLLOUT_061218,0,185.59728125250001,409.17880000000025,2025-09-23,0,2025-09-23T12:00:00,0,0,653.28152499999999,0,0,0,6091.5911999999998,2025-09-23T12:50:00,2025-09-23T12:40:00,0.56820000000000004,8546.6640000000007,-0,0,77,9924.945130482356,0,9556.6842104823554,185.59728125250001
P3_MAIN_MEAN_ROLLOUT_061218,0,0,287.76791666666668,2025-09-23,0,2025-09-23T12:00:00,0,0,0,0,0,0,6408.5299999999997,2025-09-23T13:00:00,2025-09-23T12:50:00,0.82789999999999997,8135.1374999999998,-0,0,78,10183.936255482357,0,9924.945130482356,0
P3_MAIN_MEAN_ROLLOUT_061218,0,0,271.91091666666671,2025-09-23,0,2025-09-23T12:00:00,0,0,0,0,0,0,6253.4832999999999,2025-09-23T13:10:00,2025-09-23T13:00:00,0.86360000000000003,7884.9488000000001,-0,0,79,10428.656080482357,0,10183.936255482357,0
P3_MAIN_MEAN_ROLLOUT_061218,0,0,278.94561666666652,2025-09-23,0,2025-09-23T12:00:00,0,0,0,0,0,0,6080.4251000000004,2025-09-23T13:20:00,2025-09-23T13:10:00,0.84160000000000001,7754.0987999999998,-0,0,80,10679.707135482357,0,10428.656080482357,0
P3_MAIN_MEAN_ROLLOUT_061218,0,0,133.65873835293718,2025-09-23,0,2025-09-23T12:00:00,0,0,0,0,0,0,6115.6300000000001,2025-09-23T13:30:00,2025-09-23T13:20:00,0.86180000000000001,7607.2875000000004,114.95084498039631,0,81,10800,0,10679.707135482357,0
P3_MAIN_MEAN_ROLLOUT_061218,0,0,0,2025-09-23,-0,2025-09-23T12:00:00,0,0,0,0,0,0,6161.9413999999997,2025-09-23T13:40:00,2025-09-23T13:30:00,0.86229999999999996,7394.5585000000001,205.43618333333347,0,82,10800,0,10800,0
P3_MAIN_MEAN_ROLLOUT_061218,0,0,0,2025-09-23,-0,2025-09-23T12:00:00,0,0,0,0,0,0,6291.8498,2025-09-23T13:50:00,2025-09-23T13:40:00,0.90259999999999996,7228.1769000000004,156.05451666666659,0,83,10800,0,10800,0
P3_MAIN_MEAN_ROLLOUT_061218,0,0,0,2025-09-23,-0,2025-09-23T12:00:00,0,0,0,0,0,0,6409.5299999999997,2025-09-23T14:00:00,2025-09-23T13:50:00,0.97540000000000004,7094.9624999999996,114.23874999999998,0,84,10800,0,10800,0
P3_MAIN_MEAN_ROLLOUT_061218,0,0,0,2025-09-23,-0,2025-09-23T12:00:00,0,0,0,0,0,0,6298.6605,2025-09-23T14:10:00,2025-09-23T14:00:00,1.0002,6838.0168000000003,89.892716666666729,0,85,10800,0,10800,0
P3_MAIN_MEAN_ROLLOUT_061218,0,0,0,2025-09-23,-0,2025-09-23T12:00:00,0,0,0,0,0,0,6212.8258999999998,2025-09-23T14:20:00,2025-09-23T14:10:00,0.99780000000000002,6393.4647000000004,30.10646666666662,0,86,10800,0,10800,0
P3_MAIN_MEAN_ROLLOUT_061218,0,0,0,2025-09-23,63.758333333333326,2025-09-23T12:00:00,0,0,0,0,0,0,6236.6000000000004,2025-09-23T14:30:00,2025-09-23T14:20:00,1.0270999999999999,5854.0500000000002,-0,0,87,10729.157407407407,0,10800,0
P3_MAIN_MEAN_ROLLOUT_061218,0,0,0,2025-09-23,137.28546666666682,2025-09-23T12:00:00,0,0,0,0,0,0,6217.1274000000003,2025-09-23T14:40:00,2025-09-23T14:30:00,1.0906,5393.4146000000001,-0,0,88,10576.617999999999,0,10729.157407407407,0
P3_MAIN_MEAN_ROLLOUT_061218,0,0,0,2025-09-23,202.5811166666665,2025-09-23T12:00:00,0,0,0,0,0,0,6206.2875999999997,2025-09-23T14:50:00,2025-09-23T14:40:00,0.93759999999999999,4990.8009000000002,-0,0,89,10351.52787037037,0,10576.617999999999,0
P3_MAIN_MEAN_ROLLOUT_061218,256.20006177969947,236.5160730281749,6.0263117796994266,2025-09-23,0,2025-09-23T12:00:00,0,0,962.85101196845028,-0,256.20006177969947,0,6262.6800000000003,2025-09-23T15:00:00,2025-09-23T14:50:00,0.6694,4761.6374999999998,0,171.50032135533081,90,10356.951550972099,0,10351.52787037037,408.01639438350571
P3_MAIN_MEAN_ROLLOUT_061218,739.12648447289666,163.5599456239442,483.24263447289673,2025-09-23,0,2025-09-23T12:00:00,0,0,1234.7626833333336,-0,739.12648447289666,0,6377.3851000000004,2025-09-23T15:10:00,2025-09-23T15:00:00,0.66000000000000003,4842.0820000000003,0,487.82347975211184,91,10791.869921997706,0,10356.951550972099,651.38342537605604
P3_MAIN_MEAN_ROLLOUT_061218,371.62427037037048,31.68119729185177,9.0334200025487608,2025-09-23,0,2025-09-23T12:00:00,0,0,459.42029999999988,74.806650367821874,296.81762000254861,0,6461.0016999999998,2025-09-23T15:20:00,2025-09-23T15:10:00,0.72170000000000001,4734.2965000000004,0,268.20123592629636,92,10800,0,10791.869921997706,299.88243321814815
P3_MAIN_MEAN_ROLLOUT_061218,448.08191425230495,31.569427127207778,0,2025-09-23,-0,2025-09-23T12:00:00,0,0,534.47881388888891,120.54649758563846,327.53541666666649,0,6382.4499999999998,2025-09-23T15:30:00,2025-09-23T15:20:00,0.73080000000000001,4417.2375000000002,0,327.45826293558446,93,10800,0,10800,359.02769006279226
P3_MAIN_MEAN_ROLLOUT_061218,481.0492353484625,17.949978691317494,0,2025-09-23,-0,2025-09-23T12:00:00,0,0,528.69982916666663,178.74196868179581,302.30726666666669,0,6120.1976000000004,2025-09-23T15:40:00,2025-09-23T15:30:00,0.75339999999999996,4306.3540000000003,0,362.4224939115316,94,10800,0,10800,380.37247260284909
P3_MAIN_MEAN_ROLLOUT_061218,481.49458748243228,7.9788553541632501,0,2025-09-23,-0,2025-09-23T12:00:00,0,0,501.89304166666659,128.54540414909877,352.94918333333351,0,6153.6297000000004,2025-09-23T15:50:00,2025-09-23T15:40:00,0.7823,4035.9346,0,376.67321578750676,95,10800,0,10800,384.65207114167004
P3_MAIN_MEAN_ROLLOUT_061218,468.87076668216775,30.721273828131995,0,2025-09-23,24.711733317832113,2025-09-23T12:00:00,0,0,545.14953472222237,-0,468.87076668216775,0,6505.1700000000001,2025-09-23T16:00:00,2025-09-23T15:50:00,0.80549999999999999,3543.6750000000002,0,377.67540256248611,96,10772.542518535742,0,10800,408.3966763906181
P3_MAIN_MEAN_ROLLOUT_061218,600.18122395730006,14.099910714958483,10.748573957300096,2025-09-23,0,2025-09-23T12:00:00,4.7015191739774304e-13,1.1368683772161603e-13,634.27603888888871,0,600.18122395730006,0,6704.9712,2025-09-23T16:10:00,2025-09-23T16:00:00,0.82709999999999995,3168.3753000000002,0,496.40989033508288,97,10782.216235097312,0,10772.542518535742,510.5098010500418
P3_MAIN_MEAN_ROLLOUT_061218,651.30066600425744,14.854250470903173,15.487016004257384,2025-09-23,0,2025-09-23T12:00:00,0,0,686.17389166666658,-0,651.30066600425744,0,6651.3841000000002,2025-09-23T16:20:00,2025-09-23T16:10:00,0.85189999999999999,2836.5021999999999,0,554.84303736902689,98,10796.154549501143,0,10782.216235097312,569.69728783993003
P3_MAIN_MEAN_ROLLOUT_061218,681.07619090401795,5.0858728273749438,4.2727227765074831,2025-09-23,0,2025-09-23T12:00:00,0,0,692.64682638888871,8.5680514608437761,672.50813944317417,0,6512.9499999999998,2025-09-23T16:30:00,2025-09-23T16:20:00,0.87909999999999999,2503.5374999999999,0,598.73407942372216,99,10800,0,10796.154549501143,603.81995225109711
P3_MAIN_MEAN_ROLLOUT_061218,738.61386526020988,4.5033281945932826,0,2025-09-23,-0,2025-09-23T12:00:00,0,0,748.59464583333329,22.266331926876546,716.34753333333333,0,6516.7552999999998,2025-09-23T16:40:00,2025-09-23T16:30:00,0.90239999999999998,2218.6700999999998,0,666.52515201081337,100,10800,0,10800,671.02848020540671
P3_MAIN_MEAN_ROLLOUT_061218,826.03192011303281,2.8807387193807088,0,2025-09-23,-0,2025-09-23T12:00:00,0,0,832.31968333333339,61.209236779699609,764.8226833333332,0,6452.5285999999996,2025-09-23T16:50:00,2025-09-23T16:40:00,0.9163,1863.5925,0,756.89304839957197,101,10800,0,10800,759.77378711895267
P3_MAIN_MEAN_ROLLOUT_061218,901.12487913669804,7.3905760338815201,0,2025-09-23,-0,2025-09-23T12:00:00,0,0,917.08035416666678,87.071129136698005,814.05375000000004,0,6349.71,2025-09-23T17:00:00,2025-09-23T16:50:00,0.9264,1465.3875,0,834.80208803223707,102,10800,0,10800,842.1926640661186
P3_MAIN_MEAN_ROLLOUT_061218,921.13896250000005,0,0,2025-09-23,-0,2025-09-23T12:00:00,0,0,921.13896250000005,44.05197916666657,877.08698333333348,0,6441.2731000000003,2025-09-23T17:10:00,2025-09-23T17:00:00,0.94620000000000004,1178.7511999999999,0,871.58168631750004,103,10800,0,10800,871.58168631750004
P3_MAIN_MEAN_ROLLOUT_061218,948.33667083333353,0,0,2025-09-23,-0,2025-09-23T12:00:00,0,0,948.33667083333353,35.000054166666928,913.3366166666666,0,6397.9350999999997,2025-09-23T17:20:00,2025-09-23T17:10:00,0.97419999999999995,917.91539999999998,0,923.86958472583353,104,10800,0,10800,923.86958472583353
P3_MAIN_MEAN_ROLLOUT_061218,1012.3110902777778,0,0,2025-09-23,-0,2025-09-23T12:00:00,0,0,1012.3110902777778,55.92734027777783,956.38374999999996,0,6368.4899999999998,2025-09-23T17:30:00,2025-09-23T17:20:00,0.98619999999999997,630.1875,0,998.34119723194442,105,10800,0,10800,998.34119723194442
P3_MAIN_MEAN_ROLLOUT_061218,1077.415751388889,0,0,2025-09-23,-0,2025-09-23T12:00:00,0,0,1077.415751388889,25.553084722222366,1051.8626666666667,0,6667.634,2025-09-23T17:40:00,2025-09-23T17:30:00,0.97599999999999998,356.45800000000003,0,1051.5577733555556,106,10800,0,10800,1051.5577733555556
P3_MAIN_MEAN_ROLLOUT_061218,997.58761666666669,0,0,2025-09-23,-0,2025-09-23T12:00:00,0,0,997.58761666666669,38.422300000000064,959.16531666666663,0,5886.4358000000002,2025-09-23T17:50:00,2025-09-23T17:40:00,1.0742,131.44390000000001,0,1071.6086178233334,107,10800,0,10800,1071.6086178233334
P3_MAIN_MEAN_ROLLOUT_061218,822.42499999999984,0,0,2025-09-23,-0,2025-09-23T12:00:00,0,0,822.42499999999984,69.779999999999859,752.64499999999998,0,4515.8699999999999,2025-09-23T18:00:00,2025-09-23T17:50:00,1.2313000000000001,0,0,1012.6519024999999,108,10800,0,10800,1012.6519024999999
P3_MAIN_MEAN_ROLLOUT_061218,778.35803779881905,0.13811585795168449,0,2025-09-23,-0,2025-09-23T12:00:00,0,0,778.57794999999999,14.02818779881909,764.32984999999996,0,4585.9790999999996,2025-09-23T18:10:00,2025-09-23T18:00:00,1.2561,0,0,977.6955312790966,109,10800,0,10800,977.83364713704827
P3_MAIN_MEAN_ROLLOUT_061218,812.46771666666655,0,0,2025-09-23,17.759550000000218,2025-09-23T12:00:00,0,0,812.46771666666655,-0,812.46771666666655,0,4985.7870000000003,2025-09-23T18:20:00,2025-09-23T18:10:00,1.2446999999999999,4.4234,0,1011.2785669349997,110,10780.267166666667,0,10800,1011.2785669349997
P3_MAIN_MEAN_ROLLOUT_061218,852.60833333333323,0,18.191666666666606,2025-09-23,0,2025-09-23T12:00:00,0,0,852.60833333333323,-0,852.60833333333323,0,5006.5,2025-09-23T18:30:00,2025-09-23T18:20:00,1.2544999999999999,0,0,1069.5971541666665,111,10796.639666666666,0,10780.267166666667,1069.5971541666665
P3_MAIN_MEAN_ROLLOUT_061218,855.93081666666683,0,3.7337037037044256,2025-09-23,0,2025-09-23T12:00:00,0,0,855.93081666666683,16.037462962962309,839.89335370370452,0,5016.9579000000003,2025-09-23T18:40:00,2025-09-23T18:30:00,1.2522,0,0,1071.7965686300001,112,10800,0,10796.639666666666,1071.7965686300001
P3_MAIN_MEAN_ROLLOUT_061218,810.72031666666669,0,0,2025-09-23,-0,2025-09-23T12:00:00,0,0,810.72031666666669,0.35561666666671954,810.36469999999997,0,4862.5057999999999,2025-09-23T18:50:00,2025-09-23T18:40:00,1.2881,0.31759999999999999,0,1044.2888398983334,113,10800,0,10800,1044.2888398983334
P3_MAIN_MEAN_ROLLOUT_061218,0,0,0,2025-09-23,777.42666666666673,2025-09-23T12:00:00,0,0,0,0,0,0,4664.5600000000004,2025-09-23T19:00:00,2025-09-23T18:50:00,1.3466,0,-0,0,114,9936.1925925925934,0,10800,0
P3_MAIN_MEAN_ROLLOUT_061218,5.5551333333334014,0,0,2025-09-23,793.54375000000005,2025-09-23T12:00:00,0,0,5.5551333333334014,-0,5.5551333333334014,0,4794.5933000000005,2025-09-23T19:10:00,2025-09-23T19:00:00,1.3523000000000001,0,0,7.5122068066667591,115,9054.4773148148161,0,9936.1925925925934,7.5122068066667591
P3_MAIN_MEAN_ROLLOUT_061218,29.564849999999979,0,0,2025-09-23,796.03101666666669,2025-09-23T12:00:00,0,0,29.564849999999979,-0,29.564849999999979,0,4953.598,2025-09-23T19:20:00,2025-09-23T19:10:00,1.3445,0.022800000000000001,0,39.749940824999975,116,8169.9984074074091,0,9054.4773148148161,39.749940824999975
P3_MAIN_MEAN_ROLLOUT_061218,0,0,0,2025-09-23,817.81666666666661,2025-09-23T12:00:00,0,0,0,0,0,0,4906.8999999999996,2025-09-23T19:30:00,2025-09-23T19:20:00,1.3483000000000001,0,-0,0,117,7261.3132222222239,0,8169.9984074074091,0
P3_MAIN_MEAN_ROLLOUT_061218,0,0,0,2025-09-23,786.83635000000004,2025-09-23T12:00:00,0,0,0,0,0,0,4721.0181000000002,2025-09-23T19:40:00,2025-09-23T19:30:00,1.349,0,-0,0,118,6387.0506111111126,0,7261.3132222222239,0
P3_MAIN_MEAN_ROLLOUT_061218,0,0,0,2025-09-23,784.21889999999996,2025-09-23T12:00:00,0,0,0,0,0,0,4705.3149999999996,2025-09-23T19:50:00,2025-09-23T19:40:00,1.3472999999999999,0.0016000000000000001,-0,0,119,5515.696277777779,0,6387.0506111111126,0
P3_MAIN_MEAN_ROLLOUT_061218,0.0050000000001091394,0,0,2025-09-23,811.90666666666664,2025-09-23T12:00:00,0,0,0.0050000000001091394,-0,0.0050000000001091394,0,4871.4700000000003,2025-09-23T20:00:00,2025-09-23T19:50:00,1.3482000000000001,0,0,0.0067410000001471423,120,4613.5777592592603,0,5515.696277777779,0.0067410000001471423
P3_MAIN_MEAN_ROLLOUT_061218,0,0,0,2025-09-23,827.1781166666666,2025-09-23T12:00:00,0,0,0,0,0,0,4963.0686999999998,2025-09-23T20:10:00,2025-09-23T20:00:00,1.3512999999999999,0,-0,0,121,3694.4909629629642,0,4613.5777592592603,0
P3_MAIN_MEAN_ROLLOUT_061218,379.40801666666624,0,0,2025-09-23,464.15968333333382,2025-09-23T12:00:00,0,0,379.40801666666624,-0,379.40801666666624,0,5061.4062000000004,2025-09-23T20:20:00,2025-09-23T20:10:00,1.3400000000000001,0,0,508.40674233333277,122,3178.7579814814821,0,3694.4909629629642,508.40674233333277
P3_MAIN_MEAN_ROLLOUT_061218,0,0,0,2025-09-23,833.33333333333337,2025-09-23T12:00:00,42.996187500000005,6.375,0,0,0,0,5038.25,2025-09-23T20:30:00,2025-09-23T20:20:00,1.3489,0,0,0,123,2252.8320555555561,0,3178.7579814814821,42.996187500000005
P3_MAIN_MEAN_ROLLOUT_061218,17.501866666666615,0,0,2025-09-23,767.39341666666667,2025-09-23T12:00:00,0,0,17.501866666666615,-0,17.501866666666615,0,4709.3716999999997,2025-09-23T20:40:00,2025-09-23T20:30:00,1.3952,0,0,24.41860437333326,124,1400.1727037037042,0,2252.8320555555561,24.41860437333326
P3_MAIN_MEAN_ROLLOUT_061218,840.29604999999992,0,38.634249999999952,2025-09-23,0,2025-09-23T12:00:00,0,0,840.29604999999992,-0,840.29604999999992,0,4809.9708000000001,2025-09-23T20:50:00,2025-09-23T20:40:00,1.2225999999999999,0,0,1027.3459507299999,125,1434.9435287037043,0,1400.1727037037042,1027.3459507299999
P3_MAIN_MEAN_ROLLOUT_061218,811.05833333333328,0,0,2025-09-23,58.158333333333417,2025-09-23T12:00:00,0,0,811.05833333333328,-0,811.05833333333328,0,5215.3000000000002,2025-09-23T21:00:00,2025-09-23T20:50:00,0.93320000000000003,0,0,756.87963666666667,126,1370.3231583333338,0,1434.9435287037043,756.87963666666667
P3_MAIN_MEAN_ROLLOUT_061218,827.3172166666667,0,0,2025-09-23,15.207166666666694,2025-09-23T12:00:00,0,0,827.3172166666667,-0,827.3172166666667,0,5055.1463000000003,2025-09-23T21:10:00,2025-09-23T21:00:00,0.90680000000000005,0,0,750.21125207333341,127,1353.426306481482,0,1370.3231583333338,750.21125207333341
P3_MAIN_MEAN_ROLLOUT_061218,825.90966666666679,0,21.314483333333442,2025-09-23,0,2025-09-23T12:00:00,0,0,825.90966666666679,-0,825.90966666666679,0,4827.5711000000001,2025-09-23T21:20:00,2025-09-23T21:10:00,0.93710000000000004,0,0,773.95994863333351,128,1372.609341481482,0,1353.426306481482,773.95994863333351
P3_MAIN_MEAN_ROLLOUT_061218,784.36166666666668,0,0,2025-09-23,29.019999999999982,2025-09-23T12:00:00,0,0,784.36166666666668,-0,784.36166666666668,0,4880.29,2025-09-23T21:30:00,2025-09-23T21:20:00,0.93710000000000004,0,0,735.02531783333336,129,1340.3648970370375,0,1372.609341481482,735.02531783333336
P3_MAIN_MEAN_ROLLOUT_061218,846.94958333333341,0,17.080450000000155,2025-09-23,0,2025-09-23T12:00:00,0,0,846.94958333333341,-0,846.94958333333341,0,4979.2147999999997,2025-09-23T21:40:00,2025-09-23T21:30:00,0.98709999999999998,0,0,836.0239337083334,130,1355.7373020370376,0,1340.3648970370375,836.0239337083334
P3_MAIN_MEAN_ROLLOUT_061218,815.15475000000004,0,46.968250000000126,2025-09-23,0,2025-09-23T12:00:00,0,0,815.15475000000004,-0,815.15475000000004,0,4609.1189999999997,2025-09-23T21:50:00,2025-09-23T21:40:00,0.77639999999999998,0,0,632.88614789999997,131,1398.0087270370377,0,1355.7373020370376,632.88614789999997
P3_MAIN_MEAN_ROLLOUT_061218,663.09333333333325,0,23.849999999999909,2025-09-23,0,2025-09-23T12:00:00,0,0,663.09333333333325,-0,663.09333333333325,0,3835.46,2025-09-23T22:00:00,2025-09-23T21:50:00,0.4209,0,0,279.09598399999999,132,1419.4737270370376,0,1398.0087270370377,279.09598399999999
P3_MAIN_MEAN_ROLLOUT_061218,603.01149999999996,0,49.569933333333324,2025-09-23,0,2025-09-23T12:00:00,0,0,603.01149999999996,-0,603.01149999999996,0,3320.6493999999998,2025-09-23T22:10:00,2025-09-23T22:00:00,0.38590000000000002,0,0,232.70213784999999,133,1464.0866670370376,0,1419.4737270370376,232.70213784999999
P3_MAIN_MEAN_ROLLOUT_061218,614.43228333333343,0,31.753716666666833,2025-09-23,0,2025-09-23T12:00:00,0,0,614.43228333333343,-0,614.43228333333343,0,3496.0713999999998,2025-09-23T22:20:00,2025-09-23T22:10:00,0.43680000000000002,0,0,268.38402136000008,134,1492.6650120370377,0,1464.0866670370376,268.38402136000008
P3_MAIN_MEAN_ROLLOUT_061218,633.97833333333324,0,0,2025-09-23,13.228333333333353,2025-09-23T12:00:00,0,0,633.97833333333324,-0,633.97833333333324,0,3883.2399999999998,2025-09-23T22:30:00,2025-09-23T22:20:00,0.41980000000000001,0,0,266.1441043333333,135,1477.9668638888895,0,1492.6650120370377,266.1441043333333
P3_MAIN_MEAN_ROLLOUT_061218,639.45928333333336,0,42.759433333333391,2025-09-23,0,2025-09-23T12:00:00,0,0,639.45928333333336,-0,639.45928333333336,0,3580.1990999999998,2025-09-23T22:40:00,2025-09-23T22:30:00,0.41860000000000003,0,0,267.67765600333337,136,1516.4503538888896,0,1477.9668638888895,267.67765600333337
P3_MAIN_MEAN_ROLLOUT_061218,646.56948333333332,0,91.217200000000048,2025-09-23,0,2025-09-23T12:00:00,0,0,646.56948333333332,-0,646.56948333333332,0,3332.1136999999999,2025-09-23T22:50:00,2025-09-23T22:40:00,0.42409999999999998,0,0,274.21011788166663,137,1598.5458338888895,0,1516.4503538888896,274.21011788166663
P3_MAIN_MEAN_ROLLOUT_061218,653.51499999999999,0,84.164999999999964,2025-09-23,0,2025-09-23T12:00:00,0,0,653.51499999999999,-0,653.51499999999999,0,3416.0999999999999,2025-09-23T23:00:00,2025-09-23T22:50:00,0.42370000000000002,0,0,276.89430550000003,138,1674.2943338888895,0,1598.5458338888895,276.89430550000003
P3_MAIN_MEAN_ROLLOUT_061218,617.25278333333324,0,52.59691666666663,2025-09-23,0,2025-09-23T12:00:00,0,0,617.25278333333324,-0,617.25278333333324,0,3387.9351999999999,2025-09-23T23:10:00,2025-09-23T23:00:00,0.42480000000000001,0,0,262.20898235999999,139,1721.6315588888895,0,1674.2943338888895,262.20898235999999
P3_MAIN_MEAN_ROLLOUT_061218,619.46456666666666,0,42.962999999999965,2025-09-23,0,2025-09-23T12:00:00,0,0,619.46456666666666,-0,619.46456666666666,0,3459.0093999999999,2025-09-23T23:20:00,2025-09-23T23:10:00,0.42399999999999999,0,0,262.65297626666666,140,1760.2982588888894,0,1721.6315588888895,262.65297626666666
P3_MAIN_MEAN_ROLLOUT_061218,664.69999999999993,0,54.375,2025-09-23,0,2025-09-23T12:00:00,0,0,664.69999999999993,-0,664.69999999999993,0,3661.9499999999998,2025-09-23T23:30:00,2025-09-23T23:20:00,0.42199999999999999,0,0,280.50339999999994,141,1809.2357588888894,0,1760.2982588888894,280.50339999999994
P3_MAIN_MEAN_ROLLOUT_061218,617.76163333333341,0,0.69433333333336122,2025-09-23,0,2025-09-23T12:00:00,0,0,617.76163333333341,-0,617.76163333333341,0,3702.4038,2025-09-23T23:40:00,2025-09-23T23:30:00,0.42399999999999999,0,0,261.93093253333336,142,1809.8606588888895,0,1809.2357588888894,261.93093253333336
P3_MAIN_MEAN_ROLLOUT_061218,628.11286666666672,0,59.814783333333366,2025-09-23,0,2025-09-23T12:00:00,0,0,628.11286666666672,-0,628.11286666666672,0,3409.7885000000001,2025-09-23T23:50:00,2025-09-23T23:40:00,0.42709999999999998,0,0,268.26700535333333,143,1863.6939638888896,0,1809.8606588888895,268.26700535333333
P3_MAIN_MEAN_ROLLOUT_061218,675.20500000000004,0,150.60333333333335,2025-09-23,0,2025-09-23T12:00:00,0,0,675.20500000000004,-0,675.20500000000004,0,3147.6100000000001,2025-09-24T00:00:00,2025-09-23T23:50:00,0.42759999999999998,0,0,288.71765800000003,144,1999.2369638888897,0,1863.6939638888896,288.71765800000003
P3_MAIN_MEAN_ROLLOUT_061218,1471.63825,0,833.33333333333337,2025-12-21,0,2025-12-21T00:00:00,0,0,1471.63825,42.287199999999984,1429.35105,0,3576.1062999999999,2025-12-21T00:10:00,2025-12-21T00:00:00,0.42480000000000001,0,0,625.15192860000002,1,2800.7989442592616,0,2050.7989442592616,625.15192860000002
P3_MAIN_MEAN_ROLLOUT_061218,1428.82945,0,833.33333333333337,2025-12-21,0,2025-12-21T00:00:00,0,0,1428.82945,5.8509499999997843,1422.9785000000002,0,3537.8710000000001,2025-12-21T00:20:00,2025-12-21T00:10:00,0.42449999999999999,0,0,606.538101525,2,3550.7989442592616,0,2800.7989442592616,606.538101525
P3_MAIN_MEAN_ROLLOUT_061218,1440.2366666666667,0,833.33333333333337,2025-12-21,0,2025-12-21T00:00:00,0,0,1440.2366666666667,28.220000000000027,1412.0166666666667,0,3472.0999999999999,2025-12-21T00:30:00,2025-12-21T00:20:00,0.4269,0,0,614.83703300000002,3,4300.7989442592616,0,3550.7989442592616,614.83703300000002
P3_MAIN_MEAN_ROLLOUT_061218,1483.5726333333334,0,833.33333333333337,2025-12-21,0,2025-12-21T00:00:00,0,0,1483.5726333333334,85.529266666666672,1398.0433666666668,0,3388.2602000000002,2025-12-21T00:40:00,2025-12-21T00:30:00,0.42720000000000002,0,0,633.78222896000011,4,5050.7989442592616,0,4300.7989442592616,633.78222896000011
P3_MAIN_MEAN_ROLLOUT_061218,1493.9933833333334,0,833.33333333333337,2025-12-21,0,2025-12-21T00:00:00,0,0,1493.9933833333334,110.75616666666679,1383.2372166666667,0,3299.4232999999999,2025-12-21T00:50:00,2025-12-21T00:40:00,0.42709999999999998,0,0,638.08457402166664,5,5800.7989442592616,0,5050.7989442592616,638.08457402166664
P3_MAIN_MEAN_ROLLOUT_061218,1472.585,0,833.33333333333337,2025-12-21,0,2025-12-21T00:00:00,0,0,1472.585,81.041666666666515,1391.5433333333335,0,3349.2600000000002,2025-12-21T01:00:00,2025-12-21T00:50:00,0.42849999999999999,0,0,631.00267250000002,6,6550.7989442592616,0,5800.7989442592616,631.00267250000002
P3_MAIN_MEAN_ROLLOUT_061218,640.91759999999999,0,30.56908333333331,2025-12-21,0,2025-12-21T00:00:00,0,0,640.91759999999999,-0,640.91759999999999,0,3662.0911000000001,2025-12-21T01:10:00,2025-12-21T01:00:00,0.43109999999999998,0,0,276.29957736,7,6578.3111192592614,0,6550.7989442592616,276.29957736
P3_MAIN_MEAN_ROLLOUT_061218,1470.8469333333333,0,833.33333333333337,2025-12-21,0,2025-12-21T00:00:00,0,0,1470.8469333333333,4.2776499999999942,1466.5692833333333,0,3799.4157,2025-12-21T01:20:00,2025-12-21T01:10:00,0.43020000000000003,0,0,632.75835071999995,8,7328.3111192592614,0,6578.3111192592614,632.75835071999995
P3_MAIN_MEAN_ROLLOUT_061218,1487.7816666666668,0,833.33333333333337,2025-12-21,0,2025-12-21T00:00:00,0,0,1487.7816666666668,31.751666666666779,1456.03,0,3736.1799999999998,2025-12-21T01:30:00,2025-12-21T01:20:00,0.4279,0,0,636.62177516666668,9,8078.3111192592614,0,7328.3111192592614,636.62177516666668
P3_MAIN_MEAN_ROLLOUT_061218,639.59961666666675,0,2.1103500000001532,2025-12-21,0,2025-12-21T00:00:00,0,0,639.59961666666675,-0,639.59961666666675,0,3824.9355999999998,2025-12-21T01:40:00,2025-12-21T01:30:00,0.43120000000000003,0,0,275.79535470666673,10,8080.210434259262,0,8078.3111192592614,275.79535470666673
P3_MAIN_MEAN_ROLLOUT_061218,652.90025000000003,0,30.532249999999976,2025-12-21,0,2025-12-21T00:00:00,0,0,652.90025000000003,-0,652.90025000000003,0,3734.2080000000001,2025-12-21T01:50:00,2025-12-21T01:40:00,0.43330000000000002,0,0,282.90167832500003,11,8107.6894592592616,0,8080.210434259262,282.90167832500003
P3_MAIN_MEAN_ROLLOUT_061218,1223.4645063785983,0,625.606173045265,2025-12-21,0,2025-12-21T00:00:00,0,0,1223.4645063785983,-0,1223.4645063785983,0,3587.1500000000001,2025-12-21T02:00:00,2025-12-21T01:50:00,0.43109999999999998,0,0,527.43554869981369,12,8670.7350150000002,0,8107.6894592592616,527.43554869981369
P3_MAIN_MEAN_ROLLOUT_061218,1504.5465666666666,0,833.33333333333337,2025-12-21,0,2025-12-21T00:00:00,0,0,1504.5465666666666,28.466999999999871,1476.0795666666668,0,3856.4774000000002,2025-12-21T02:10:00,2025-12-21T02:00:00,0.42930000000000001,0,0,645.90184107000005,13,9420.7350150000002,0,8670.7350150000002,645.90184107000005
P3_MAIN_MEAN_ROLLOUT_061218,670.74775,0,16.878633333333369,2025-12-21,0,2025-12-21T00:00:00,0,0,670.74775,-0,670.74775,0,3923.2147,2025-12-21T02:20:00,2025-12-21T02:10:00,0.43240000000000001,0,0,290.0313271,14,9435.9257849999995,0,9420.7350150000002,290.0313271
P3_MAIN_MEAN_ROLLOUT_061218,705.08333333333337,0,83.333333333333371,2025-12-21,0,2025-12-21T00:00:00,0,0,705.08333333333337,-0,705.08333333333337,0,3730.5,2025-12-21T02:30:00,2025-12-21T02:20:00,0.43669999999999998,0,0,307.90989166666668,15,9510.9257849999995,0,9435.9257849999995,307.90989166666668
P3_MAIN_MEAN_ROLLOUT_061218,717.79599999999994,0,81.152666666666619,2025-12-21,0,2025-12-21T00:00:00,0,0,717.79599999999994,-0,717.79599999999994,0,3819.8600000000001,2025-12-21T02:40:00,2025-12-21T02:30:00,0.43480000000000002,0,0,312.09770079999998,16,9583.9631849999987,0,9510.9257849999995,312.09770079999998
P3_MAIN_MEAN_ROLLOUT_061218,737.94659999999988,0,106.03586666666661,2025-12-21,0,2025-12-21T00:00:00,0,0,737.94659999999988,-0,737.94659999999988,0,3791.4643999999998,2025-12-21T02:50:00,2025-12-21T02:40:00,0.4335,0,0,319.89985109999992,17,9679.3954649999978,0,9583.9631849999987,319.89985109999992
P3_MAIN_MEAN_ROLLOUT_061218,712.73000000000013,0,87.441666666666833,2025-12-21,0,2025-12-21T00:00:00,0,0,712.73000000000013,-0,712.73000000000013,0,3751.73,2025-12-21T03:00:00,2025-12-21T02:50:00,0.43569999999999998,0,0,310.53646100000003,18,9758.092964999998,0,9679.3954649999978,310.53646100000003
P3_MAIN_MEAN_ROLLOUT_061218,701.61553333333325,0,4.8578499999999849,2025-12-21,0,2025-12-21T00:00:00,0,0,701.61553333333325,-0,701.61553333333325,0,4180.5460999999996,2025-12-21T03:10:00,2025-12-21T03:00:00,0.43740000000000001,0,0,306.88663427999995,19,9762.4650299999976,0,9758.092964999998,306.88663427999995
P3_MAIN_MEAN_ROLLOUT_061218,717.26229999999998,0,31.37351666666666,2025-12-21,0,2025-12-21T00:00:00,0,0,717.26229999999998,-0,717.26229999999998,0,4115.3326999999999,2025-12-21T03:20:00,2025-12-21T03:10:00,0.43709999999999999,0,0,313.51535132999999,20,9790.7011949999978,0,9762.4650299999976,313.51535132999999
P3_MAIN_MEAN_ROLLOUT_061218,716.49166666666679,0,91.701666666666824,2025-12-21,0,2025-12-21T00:00:00,0,0,716.49166666666679,-0,716.49166666666679,0,3748.7399999999998,2025-12-21T03:30:00,2025-12-21T03:20:00,0.43559999999999999,0,0,312.10377000000005,21,9873.2326949999988,0,9790.7011949999978,312.10377000000005
P3_MAIN_MEAN_ROLLOUT_061218,685.04539999999997,0,0,2025-12-21,18.368900000000053,2025-12-21T00:00:00,0,0,685.04539999999997,-0,685.04539999999997,0,4220.4858000000004,2025-12-21T03:40:00,2025-12-21T03:30:00,0.43530000000000002,0,0,298.20026261999999,22,9852.8228061111095,0,9873.2326949999988,298.20026261999999
P3_MAIN_MEAN_ROLLOUT_061218,689.30276666666668,0,0,2025-12-21,48.018183333333241,2025-12-21T00:00:00,0,0,689.30276666666668,-0,689.30276666666668,0,4423.9256999999998,2025-12-21T03:50:00,2025-12-21T03:40:00,0.436,0,0,300.53600626666667,23,9799.4692690740721,0,9852.8228061111095,300.53600626666667
P3_MAIN_MEAN_ROLLOUT_061218,719.51666666666677,0,39.658333333333417,2025-12-21,0,2025-12-21T00:00:00,0,0,719.51666666666677,-0,719.51666666666677,0,4079.1500000000001,2025-12-21T04:00:00,2025-12-21T03:50:00,0.43780000000000002,0,0,315.00439666666671,24,9835.1617690740713,0,9799.4692690740721,315.00439666666671
P3_MAIN_MEAN_ROLLOUT_061218,723.61380000000008,0,50.456733333333432,2025-12-21,0,2025-12-21T00:00:00,0,0,723.61380000000008,-0,723.61380000000008,0,4038.9423999999999,2025-12-21T04:10:00,2025-12-21T04:00:00,0.44009999999999999,0,0,318.46243338000005,25,9880.5728290740717,0,9835.1617690740713,318.46243338000005
P3_MAIN_MEAN_ROLLOUT_061218,735.1591833333332,0,54.75994999999989,2025-12-21,0,2025-12-21T00:00:00,0,0,735.1591833333332,-0,735.1591833333332,0,4082.3953999999999,2025-12-21T04:20:00,2025-12-21T04:10:00,0.43890000000000001,0,0,322.66136556499993,26,9929.8567840740725,0,9880.5728290740717,322.66136556499993
P3_MAIN_MEAN_ROLLOUT_061218,755.92500000000007,0,78.446666666666715,2025-12-21,0,2025-12-21T00:00:00,0,0,755.92500000000007,-0,755.92500000000007,0,4064.8699999999999,2025-12-21T04:30:00,2025-12-21T04:20:00,0.43640000000000001,0,0,329.88567000000006,27,10000.458784074073,0,9929.8567840740725,329.88567000000006
P3_MAIN_MEAN_ROLLOUT_061218,793.05793333333338,0,106.07820000000015,2025-12-21,0,2025-12-21T00:00:00,0,0,793.05793333333338,-0,793.05793333333338,0,4121.8783999999996,2025-12-21T04:40:00,2025-12-21T04:30:00,0.43930000000000002,0,0,348.3903501133334,28,10095.929164074074,0,10000.458784074073,348.3903501133334
P3_MAIN_MEAN_ROLLOUT_061218,778.38841666666667,0,97.785849999999982,2025-12-21,0,2025-12-21T00:00:00,0,0,778.38841666666667,-0,778.38841666666667,0,4083.6154000000001,2025-12-21T04:50:00,2025-12-21T04:40:00,0.44219999999999998,0,0,344.20335784999997,29,10183.936429074074,0,10095.929164074074,344.20335784999997
P3_MAIN_MEAN_ROLLOUT_061218,743.90166666666664,0,71.850000000000023,2025-12-21,0,2025-12-21T00:00:00,0,0,743.90166666666664,-0,743.90166666666664,0,4032.3099999999999,2025-12-21T05:00:00,2025-12-21T04:50:00,0.4395,0,0,326.94478249999997,30,10248.601429074075,0,10183.936429074074,326.94478249999997
P3_MAIN_MEAN_ROLLOUT_061218,758.56083333333333,0,55.57084999999995,2025-12-21,0,2025-12-21T00:00:00,0,0,758.56083333333333,-0,758.56083333333333,0,4217.9422000000004,2025-12-21T05:10:00,2025-12-21T05:00:00,0.43330000000000002,0.0023,0,328.68440908333332,31,10298.615194074075,0,10248.601429074075,328.68440908333332
P3_MAIN_MEAN_ROLLOUT_061218,743.72096666666675,0,34.846233333333316,2025-12-21,0,2025-12-21T00:00:00,0,0,743.72096666666675,-0,743.72096666666675,0,4253.2484000000004,2025-12-21T05:20:00,2025-12-21T05:10:00,0.44390000000000002,0,0,330.13773710333339,32,10329.976804074075,0,10298.615194074075,330.13773710333339
P3_MAIN_MEAN_ROLLOUT_061218,1563.8866666666668,0,522.2479954732504,2025-12-21,0,2025-12-21T00:00:00,0,0,1563.8866666666668,363.87533786008316,1200.0113288065836,0,4066.5799999999999,2025-12-21T05:30:00,2025-12-21T05:20:00,0.43009999999999998,0,0,672.62765533333334,33,10800,0,10329.976804074075,672.62765533333334
P3_MAIN_MEAN_ROLLOUT_061218,1584.1842999999999,0,0,2025-12-21,-0,2025-12-21T00:00:00,0,0,1584.1842999999999,904.55988333333323,679.62441666666666,0,4077.7781,2025-12-21T05:40:00,2025-12-21T05:30:00,0.37130000000000002,0.031600000000000003,0,588.20763059000001,34,10800,0,10800,588.20763059000001
P3_MAIN_MEAN_ROLLOUT_061218,848.36766666666665,0,0,2025-12-21,-0,2025-12-21T00:00:00,0,0,848.36766666666665,62.081899999999905,786.28576666666675,0,4717.7146000000002,2025-12-21T05:50:00,2025-12-21T05:40:00,0.57079999999999997,0,0,484.24826413333329,35,10800,0,10800,484.24826413333329
P3_MAIN_MEAN_ROLLOUT_061218,948.96166666666704,0,0,2025-12-21,-0,2025-12-21T00:00:00,0,0,948.96166666666704,33.853333333333808,915.10833333333323,0,5490.6499999999996,2025-12-21T06:00:00,2025-12-21T05:50:00,0.90990000000000004,0,0,863.46022050000033,36,10800,0,10800,863.46022050000033
P3_MAIN_MEAN_ROLLOUT_061218,289.31964999999957,0,0,2025-12-21,617.15991666666707,2025-12-21T06:00:00,0,0,289.31964999999957,-0,289.31964999999957,0,5439.3180000000002,2025-12-21T06:10:00,2025-12-21T06:00:00,0.93679999999999997,0.44059999999999999,0,271.03464811999959,37,10114.266759259259,0,10800,271.03464811999959
P3_MAIN_MEAN_ROLLOUT_061218,950.37581666666665,0,49.07039999999995,2025-12-21,0,2025-12-21T06:00:00,0,0,950.37581666666665,-0,950.37581666666665,0,5407.8325000000004,2025-12-21T06:20:00,2025-12-21T06:10:00,0.87580000000000002,0,0,832.33914023666671,38,10158.430119259259,0,10114.266759259259,832.33914023666671
P3_MAIN_MEAN_ROLLOUT_061218,963.62166666666656,0,32.446666666666488,2025-12-21,0,2025-12-21T06:00:00,0,0,963.62166666666656,-0,963.62166666666656,0,5587.0500000000002,2025-12-21T06:30:00,2025-12-21T06:20:00,0.87590000000000001,0,0,844.03621783333324,39,10187.632119259259,0,10158.430119259259,844.03621783333324
P3_MAIN_MEAN_ROLLOUT_061218,965.76873333333333,0,74.910399999999981,2025-12-21,0,2025-12-21T06:00:00,0,0,965.76873333333333,-0,965.76873333333333,0,5351.2866000000004,2025-12-21T06:40:00,2025-12-21T06:30:00,0.86009999999999998,6.1365999999999996,0,830.65768753999998,40,10255.051479259258,0,10187.632119259259,830.65768753999998
P3_MAIN_MEAN_ROLLOUT_061218,987.91908333333322,0,115.71091666666655,2025-12-21,0,2025-12-21T06:00:00,0,0,987.91908333333322,-0,987.91908333333322,0,5233.2489999999998,2025-12-21T06:50:00,2025-12-21T06:40:00,0.84419999999999995,0,0,834.00129014999982,41,10359.191304259259,0,10255.051479259258,834.00129014999982
P3_MAIN_MEAN_ROLLOUT_061218,1005.7307722222223,0,110.03077222222237,2025-12-21,0,2025-12-21T06:00:00,0,0,1005.7307722222223,-0,1005.7307722222223,0,5374.1999999999998,2025-12-21T07:00:00,2025-12-21T06:50:00,0.83340000000000003,0,0,838.17602557000009,42,10458.218999259259,0,10359.191304259259,838.17602557000009
P3_MAIN_MEAN_ROLLOUT_061218,930.64285694444447,0,65.959323611111131,2025-12-21,0,2025-12-21T06:00:00,0,0,930.64285694444447,-0,930.64285694444447,0,5360.7840999999999,2025-12-21T07:10:00,2025-12-21T07:00:00,0.80920000000000003,172.68289999999999,0,753.07619983944448,43,10517.58239050926,0,10458.218999259259,753.07619983944448
P3_MAIN_MEAN_ROLLOUT_061218,871.7560125,0,54.877012500000092,2025-12-21,0,2025-12-21T06:00:00,0,0,871.7560125,-0,871.7560125,0,5321.3095999999996,2025-12-21T07:20:00,2025-12-21T07:10:00,0.79720000000000002,420.03559999999999,0,694.96389316500006,44,10566.971701759261,0,10517.58239050926,694.96389316500006
P3_MAIN_MEAN_ROLLOUT_061218,841.53012499999988,0,84.689291666666463,2025-12-21,0,2025-12-21T06:00:00,0,0,841.53012499999988,-0,841.53012499999988,0,5231.7200000000003,2025-12-21T07:30:00,2025-12-21T07:20:00,0.76439999999999997,690.67499999999995,0,643.26562754999986,45,10643.192064259261,0,10566.971701759261,643.26562754999986
P3_MAIN_MEAN_ROLLOUT_061218,1609.4297263888889,0,174.23103971193186,2025-12-21,0,2025-12-21T06:00:00,0,0,1609.4297263888889,757.00752001029048,852.42220637859839,0,5065.8846999999996,2025-12-21T07:40:00,2025-12-21T07:30:00,0.68989999999999996,996.73770000000002,0,1110.3455682356944,46,10800,0,10643.192064259261,1110.3455682356944
P3_MAIN_MEAN_ROLLOUT_061218,818.72721249999984,0,0,2025-12-21,-0,2025-12-21T06:00:00,0,0,818.72721249999984,49.991862499999911,768.73534999999993,0,5889.1246000000001,2025-12-21T07:50:00,2025-12-21T07:40:00,0.85999999999999999,1276.7125000000001,0,704.10540274999983,47,10800,0,10800,704.10540274999983
P3_MAIN_MEAN_ROLLOUT_061218,108.40343472222219,0,0,2025-12-21,831.75114861111115,2025-12-21T06:00:00,6.6034999690600666e-13,1.1368683772161603e-13,108.40343472222219,0,108.40343472222219,0,7180.79,2025-12-21T08:00:00,2025-12-21T07:50:00,1.1617,1539.8625,0,125.93227011680551,48,9875.8320570987653,0,10800,125.93227011680617
P3_MAIN_MEAN_ROLLOUT_061218,117.68914305555552,0,0,2025-12-21,781.34367361111094,2025-12-21T06:00:00,6.6410166255082003e-13,1.1368683772161603e-13,117.68914305555552,0,117.68914305555552,0,7254.3509999999997,2025-12-21T08:10:00,2025-12-21T08:00:00,1.1682999999999999,1860.1541,0,137.4962258318055,49,9007.6724197530857,0,9875.8320570987653,137.49622583180616
P3_MAIN_MEAN_ROLLOUT_061218,79.757079166666813,0,0,2025-12-21,743.7887374999998,2025-12-21T06:00:00,0,0,79.757079166666813,1.1368683772161603e-13,79.757079166666699,0,7152.8954999999996,2025-12-21T08:20:00,2025-12-21T08:10:00,1.0955999999999999,2211.6206000000002,0,87.381855935000146,50,8181.2404891975302,0,9007.6724197530857,87.381855935000146
P3_MAIN_MEAN_ROLLOUT_061218,39.35154861111107,0,0,2025-12-21,758.54595138888897,2025-12-21T06:00:00,0,0,39.35154861111107,-0,39.35154861111107,0,7367.0100000000002,2025-12-21T08:30:00,2025-12-21T08:20:00,1.0849,2579.625,0,42.692495088194399,51,7338.4116543209866,0,8181.2404891975302,42.692495088194399
P3_MAIN_MEAN_ROLLOUT_061218,0,0,0,2025-12-21,729.99231666666674,2025-12-21T06:00:00,0,0,0,0,0,0,7333.1325999999999,2025-12-21T08:40:00,2025-12-21T08:30:00,1.0609999999999999,2953.1786999999999,-0,0,52,6527.3090802469123,0,7338.4116543209866,0
P3_MAIN_MEAN_ROLLOUT_061218,0,0,0,2025-12-21,680.07613333333325,2025-12-21T06:00:00,0,0,0,0,0,0,7276.0603000000001,2025-12-21T08:50:00,2025-12-21T08:40:00,1.0429999999999999,3195.6035000000002,-0,0,53,5771.6689320987643,0,6527.3090802469123,0
P3_MAIN_MEAN_ROLLOUT_061218,0,0,0,2025-12-21,652.34374999999989,2025-12-21T06:00:00,0,0,0,0,0,0,7255.6499999999996,2025-12-21T09:00:00,2025-12-21T08:50:00,1.036,3341.5875000000001,-0,0,54,5046.8425432098757,0,5771.6689320987643,0
P3_MAIN_MEAN_ROLLOUT_061218,0,0,0,2025-12-21,584.00364999999999,2025-12-21T06:00:00,0,0,0,0,0,0,7076.8086000000003,2025-12-21T09:10:00,2025-12-21T09:00:00,1.0146999999999999,3572.7867000000001,-0,0,55,4397.9495987654309,0,5046.8425432098757,0
P3_MAIN_MEAN_ROLLOUT_061218,0,0,0,2025-12-21,527.68536666666682,2025-12-21T06:00:00,0,0,0,0,0,0,7014.1683000000003,2025-12-21T09:20:00,2025-12-21T09:10:00,0.99219999999999997,3848.0560999999998,-0,0,56,3811.6325246913566,0,4397.9495987654309,0
P3_MAIN_MEAN_ROLLOUT_061218,410.59938611110931,0,0,2025-12-21,95.065613888890766,2025-12-21T06:00:00,0,0,410.59938611110931,-0,410.59938611110931,0,7150.5900000000001,2025-12-21T09:30:00,2025-12-21T09:20:00,0.96999999999999997,4116.6000000000004,0,398.28140452777603,57,3706.0040648148115,0,3811.6325246913566,398.28140452777603
P3_MAIN_MEAN_ROLLOUT_061218,540.44356699915465,24.03325532892066,58.984700332488046,2025-12-21,0,2025-12-21T06:00:00,0,0,591.45875555555597,-0,540.44356699915465,0,7259.4501,2025-12-21T09:40:00,2025-12-21T09:30:00,0.94220000000000004,4370.6968999999999,0,509.20592882660355,58,3759.0902951140506,0,3706.0040648148115,533.23918415552419
P3_MAIN_MEAN_ROLLOUT_061218,468.18682451234713,20.029063519775818,41.58637451234722,2025-12-21,0,2025-12-21T06:00:00,0,0,510.04922083333327,1.1368683772161603e-13,468.18682451234702,0,7142.6819999999998,2025-12-21T09:50:00,2025-12-21T09:40:00,0.95689999999999997,4583.0793000000003,0,448.00797237586494,59,3796.5180321751632,0,3759.0902951140506,468.03703589564077
P3_MAIN_MEAN_ROLLOUT_061218,0,0,0,2025-12-21,360.30708333333325,2025-12-21T06:00:00,0,0,0,0,0,0,6912.2299999999996,2025-12-21T10:00:00,2025-12-21T09:50:00,0.99770000000000003,4750.3874999999998,-0,0,60,3396.1768284714594,0,3796.5180321751632,0
P3_MAIN_MEAN_ROLLOUT_061218,0,0,0,2025-12-21,331.19361666666657,2025-12-21T06:00:00,0,0,0,0,0,0,6873.3728000000001,2025-12-21T10:10:00,2025-12-21T10:00:00,0.9919,4886.2111000000004,-0,0,61,3028.1839210640519,0,3396.1768284714594,0
P3_MAIN_MEAN_ROLLOUT_061218,475.36767034568072,17.88860948628064,149.27423701234738,2025-12-21,0,2025-12-21T06:00:00,0,0,512.68224999999995,-0,475.36767034568072,0,6913.1885000000002,2025-12-21T10:20:00,2025-12-21T10:10:00,0.95879999999999999,4956.6279000000004,0,455.78252232743864,62,3162.5307343751647,0,3028.1839210640519,473.67113181371928
P3_MAIN_MEAN_ROLLOUT_061218,392.41095403179986,35.47487922626722,60.626370698466417,2025-12-21,0,2025-12-21T06:00:00,0,0,466.71167500000013,-0,392.41095403179986,0,6951.4700000000003,2025-12-21T10:30:00,2025-12-21T10:20:00,0.95489999999999997,4960.7624999999998,0,374.71322000496565,63,3217.0944680037846,0,3162.5307343751647,410.18809923123285
P3_MAIN_MEAN_ROLLOUT_061218,0,0,0,2025-12-21,349.07950000000005,2025-12-21T06:00:00,0,0,0,0,0,0,7040.6918999999998,2025-12-21T10:40:00,2025-12-21T10:30:00,0.9839,4946.2148999999999,-0,0,64,2829.2283568926737,0,3217.0944680037846,0
P3_MAIN_MEAN_ROLLOUT_061218,408.37176828681982,13.513381483998787,37.311018286819717,2025-12-21,0,2025-12-21T06:00:00,0,0,442.19750416666659,-0,408.37176828681982,0,7195.1724000000004,2025-12-21T10:50:00,2025-12-21T10:40:00,0.79900000000000004,4968.8078999999998,0,326.28904286116904,65,2862.8082733508113,0,2829.2283568926737,339.80242434516782
P3_MAIN_MEAN_ROLLOUT_061218,1228.2811105804522,18.299596023953111,833.33333333333337,2025-12-21,0,2025-12-21T06:00:00,0,0,1301.1153236111113,13.713193913785517,1214.5679166666666,0,7266.6199999999999,2025-12-21T11:00:00,2025-12-21T10:50:00,0.50249999999999995,4979.2124999999996,0,617.21125806667715,66,3612.8082733508113,0,2862.8082733508113,635.51085409063023
P3_MAIN_MEAN_ROLLOUT_061218,1175.2312478072447,16.885210898631279,813.13361447391139,2025-12-21,0,2025-12-21T06:00:00,0,0,1247.6688750000001,-0,1175.2312478072447,0,7080.5803999999998,2025-12-21T11:10:00,2025-12-21T11:00:00,0.4662,4907.9946,0,547.89280772773748,67,4344.6285263773316,0,3612.8082733508113,564.77801862636875
P3_MAIN_MEAN_ROLLOUT_061218,1078.8526033628002,25.933683682497929,756.60145336280016,2025-12-21,0,2025-12-21T06:00:00,0,0,1182.4423124999998,-0,1078.8526033628002,0,6948.6094000000003,2025-12-21T11:20:00,2025-12-21T11:10:00,0.50070000000000003,5015.1025,0,540.18149850375414,68,5025.5698344038519,0,4344.6285263773316,566.11518218625201
P3_MAIN_MEAN_ROLLOUT_061218,1056.8416231234582,19.040279278111765,773.8712064567917,2025-12-21,0,2025-12-21T06:00:00,0,0,1135.7323597222226,-0,1056.8416231234582,0,6954.1599999999999,2025-12-21T11:30:00,2025-12-21T11:20:00,0.48270000000000002,5256.3374999999996,0,510.13745148169329,69,5722.0539202149648,0,5025.5698344038519,529.17773075980506
P3_MAIN_MEAN_ROLLOUT_061218,1065.8166406102657,19.606818539202262,813.80790727693238,2025-12-21,0,2025-12-21T06:00:00,0,0,1147.7678152777778,2.2737367544323206e-13,1065.8166406102655,0,6860.0706,2025-12-21T11:40:00,2025-12-21T11:30:00,0.47849999999999998,5348.0182000000004,0,509.99326253201212,70,6454.481036764204,0,5722.0539202149648,529.60008107121439
P3_MAIN_MEAN_ROLLOUT_061218,1015.8584746485749,26.15031775441717,833.33333333333337,2025-12-21,0,2025-12-21T06:00:00,0,0,1128.0434499999999,17.817724648574995,998.04074999999989,0,6565.9336999999996,2025-12-21T11:50:00,2025-12-21T11:40:00,0.4662,5577.6891999999998,0,473.59322088116562,71,7204.481036764204,0,6454.481036764204,499.74353863558281
P3_MAIN_MEAN_ROLLOUT_061218,928.43907628924137,36.898460594304098,833.33333333333337,2025-12-21,0,2025-12-21T06:00:00,0,0,1094.9483749999999,21.755742955908204,906.68333333333317,0,6330.8999999999996,2025-12-21T12:00:00,2025-12-21T11:50:00,0.44319999999999998,5890.8000000000002,0,411.48419861139178,72,7954.481036764204,0,7204.481036764204,448.38265920569586
P3_MAIN_MEAN_ROLLOUT_061218,980.00307622121193,14.921024797258932,833.33333333333337,2025-12-21,0,2025-12-21T12:00:00,0,0,1047.6567819444444,47.17504288787859,932.82803333333334,0,6501.8630000000003,2025-12-21T12:10:00,2025-12-21T12:00:00,0.44109999999999999,5904.8948,0,432.2793569211766,73,8704.481036764204,0,7954.481036764204,447.20038171843555
P3_MAIN_MEAN_ROLLOUT_061218,828.51172348411319,46.93144072244003,719.81674015078011,2025-12-21,0,2025-12-21T12:00:00,2.5869439923553728e-13,1.1368683772161603e-13,1034.7584416666666,0,828.51172348411319,0,6520.3343999999997,2025-12-21T12:20:00,2025-12-21T12:10:00,0.4551,5868.1644999999999,0,377.05568535761989,74,9352.3161028999057,0,8704.481036764204,423.98712608006019
P3_MAIN_MEAN_ROLLOUT_061218,1032.2603484434342,3.1461646135282071,833.33333333333337,2025-12-21,0,2025-12-21T12:00:00,0,0,1046.3592263888888,130.825348443434,901.43500000000017,0,6273.3100000000004,2025-12-21T12:30:00,2025-12-21T12:20:00,0.44629999999999997,5864.6999999999998,0,460.69779351030462,75,10102.316102899906,0,9352.3161028999057,463.84395812383281
P3_MAIN_MEAN_ROLLOUT_061218,981.28847222222214,0,775.20433011121588,2025-12-21,0,2025-12-21T12:00:00,0,0,981.28847222222214,120.75237544433969,860.53609677788245,0,6234.7566999999999,2025-12-21T12:40:00,2025-12-21T12:30:00,0.4113,5722.7660999999998,0,403.60394862499999,76,10800,0,10102.316102899906,403.60394862499999
P3_MAIN_MEAN_ROLLOUT_061218,193.0391619042058,228.96290084801515,0,2025-12-21,-0,2025-12-21T12:00:00,0,0,998.96278333333339,32.557061904205852,160.48209999999995,0,6512.7629999999999,2025-12-21T12:50:00,2025-12-21T12:40:00,0.56820000000000004,5549.8703999999998,0,109.68485179396974,77,10800,0,10800,338.64775264198488
P3_MAIN_MEAN_ROLLOUT_061218,246.67309305555557,0,0,2025-12-21,-0,2025-12-21T12:00:00,0,0,246.67309305555557,5.6726763888890446,241.00041666666652,0,6836.4399999999996,2025-12-21T13:00:00,2025-12-21T12:50:00,0.82789999999999997,5390.4375,0,204.22065374069444,78,10800,0,10800,204.22065374069444
P3_MAIN_MEAN_ROLLOUT_061218,252.48406249999994,0,0,2025-12-21,11.828420833333439,2025-12-21T12:00:00,0,0,252.48406249999994,-0,252.48406249999994,0,6797.3346000000001,2025-12-21T13:10:00,2025-12-21T13:00:00,0.86360000000000003,5211.4597000000003,0,218.04523637499994,79,10786.857310185185,0,10800,218.04523637499994
P3_MAIN_MEAN_ROLLOUT_061218,259.45439166666654,0,14.602988683127478,2025-12-21,0,2025-12-21T12:00:00,0,0,259.45439166666654,19.465236316872279,239.98915534979426,0,6554.3855999999996,2025-12-21T13:20:00,2025-12-21T13:10:00,0.84160000000000001,5202.0685999999996,0,218.35681602666656,80,10800,0,10786.857310185185,218.35681602666656
P3_MAIN_MEAN_ROLLOUT_061218,312.211234722222,0,0,2025-12-21,-0,2025-12-21T12:00:00,0,0,312.211234722222,135.18956805555536,177.02166666666665,0,6350.0799999999999,2025-12-21T13:30:00,2025-12-21T13:20:00,0.86180000000000001,5287.9499999999998,0,269.06364208361094,81,10800,0,10800,269.06364208361094
P3_MAIN_MEAN_ROLLOUT_061218,308.03498194444467,0,0,2025-12-21,-0,2025-12-21T12:00:00,0,0,308.03498194444467,115.52528194444471,192.50969999999995,0,6333.4080000000004,2025-12-21T13:40:00,2025-12-21T13:30:00,0.86229999999999996,5178.3498,0,265.61856493069462,82,10800,0,10800,265.61856493069462
P3_MAIN_MEAN_ROLLOUT_061218,296.87008333333398,0,0,2025-12-21,-0,2025-12-21T12:00:00,0,0,296.87008333333398,43.245966666667357,253.62411666666662,0,6515.4463999999998,2025-12-21T13:50:00,2025-12-21T13:40:00,0.90259999999999996,4993.7016999999996,0,267.95493721666725,83,10800,0,10800,267.95493721666725
P3_MAIN_MEAN_ROLLOUT_061218,0,0,0,2025-12-21,301.8829166666668,2025-12-21T12:00:00,0,0,0,0,0,0,6658.8100000000004,2025-12-21T14:00:00,2025-12-21T13:50:00,0.97540000000000004,4847.5124999999998,-0,0,84,10464.574537037037,0,10800,0
P3_MAIN_MEAN_ROLLOUT_061218,0,0,0,2025-12-21,294.8965833333333,2025-12-21T12:00:00,0,0,0,0,0,0,6474.7834000000003,2025-12-21T14:10:00,2025-12-21T14:00:00,1.0002,4705.4039000000002,-0,0,85,10136.911666666667,0,10464.574537037037,0
P3_MAIN_MEAN_ROLLOUT_061218,0,0,0,2025-12-21,317.71574999999996,2025-12-21T12:00:00,0,0,0,0,0,0,6311.1097,2025-12-21T14:20:00,2025-12-21T14:10:00,0.99780000000000002,4404.8152,-0,0,86,9783.8941666666669,0,10136.911666666667,0
P3_MAIN_MEAN_ROLLOUT_061218,0,0,0,2025-12-21,384.19708333333335,2025-12-21T12:00:00,0,0,0,0,0,0,6293.5699999999997,2025-12-21T14:30:00,2025-12-21T14:20:00,1.0270999999999999,3988.3874999999998,-0,0,87,9357.008518518518,0,9783.8941666666669,0
P3_MAIN_MEAN_ROLLOUT_061218,0,0,0,2025-12-21,430.38433333333319,2025-12-21T12:00:00,0,0,0,0,0,0,6241.0874999999996,2025-12-21T14:40:00,2025-12-21T14:30:00,1.0906,3658.7815000000001,-0,0,88,8878.8037037037029,0,9357.008518518518,0
P3_MAIN_MEAN_ROLLOUT_061218,0,0,0,2025-12-21,491.03274999999996,2025-12-21T12:00:00,0,0,0,0,0,0,6267.6329999999998,2025-12-21T14:50:00,2025-12-21T14:40:00,0.93759999999999999,3321.4364999999998,-0,0,89,8333.2117592592585,0,8878.8037037037029,0
P3_MAIN_MEAN_ROLLOUT_061218,1453.0492763888888,0,833.33333333333337,2025-12-21,0,2025-12-21T12:00:00,0,0,1453.0492763888888,61.175526388889011,1391.8737499999997,0,6308.8299999999999,2025-12-21T15:00:00,2025-12-21T14:50:00,0.6694,2957.5875000000001,0,972.67118561472216,90,9083.2117592592585,0,8333.2117592592585,972.67118561472216
P3_MAIN_MEAN_ROLLOUT_061218,1483.8389527777776,0,833.33333333333337,2025-12-21,0,2025-12-21T12:00:00,0,0,1483.8389527777776,64.052036111111192,1419.7869166666665,0,6184.3164999999999,2025-12-21T15:10:00,2025-12-21T15:00:00,0.66000000000000003,2665.5949999999998,0,979.33370883333328,91,9833.2117592592585,0,9083.2117592592585,979.33370883333328
P3_MAIN_MEAN_ROLLOUT_061218,1496.7669375,0,833.33333333333337,2025-12-21,0,2025-12-21T12:00:00,0,0,1496.7669375,22.627520833333165,1474.1394166666669,0,6249.4409999999998,2025-12-21T15:20:00,2025-12-21T15:10:00,0.72170000000000001,2404.6044999999999,0,1080.2166987937501,92,10583.211759259259,0,9833.2117592592585,1080.2166987937501
P3_MAIN_MEAN_ROLLOUT_061218,1536.6353763888887,0,240.87582304526828,2025-12-21,0,2025-12-21T12:00:00,0,0,1536.6353763888887,588.07163667695374,948.563739711935,0,6412.9899999999998,2025-12-21T15:30:00,2025-12-21T15:20:00,0.73080000000000001,2166.8625000000002,0,1122.973133065,93,10800,0,10583.211759259259,1122.973133065
P3_MAIN_MEAN_ROLLOUT_061218,1461.9392523942431,1.7570486203625322,0,2025-12-21,-0,2025-12-21T12:00:00,0,0,1466.6035704732517,753.24468572757655,708.69456666666656,0,6229.2354999999998,2025-12-21T15:40:00,2025-12-21T15:30:00,0.75339999999999996,1977.0681,0,1101.4250327538227,94,10800,0,10800,1103.1820813741854
P3_MAIN_MEAN_ROLLOUT_061218,845.79218749999995,0,0,2025-12-21,-0,2025-12-21T12:00:00,0,0,845.79218749999995,108.94703750000008,736.84514999999988,0,6140.1247999999996,2025-12-21T15:50:00,2025-12-21T15:40:00,0.7823,1719.0539000000001,0,661.66322828124999,95,10800,0,10800,661.66322828124999
P3_MAIN_MEAN_ROLLOUT_061218,848.1224680555556,0,0,2025-12-21,-0,2025-12-21T12:00:00,0,0,848.1224680555556,52.192051388888899,795.9304166666667,0,6190.4200000000001,2025-12-21T16:00:00,2025-12-21T15:50:00,0.80549999999999999,1414.8375000000001,0,683.16264801875002,96,10800,0,10800,683.16264801875002
P3_MAIN_MEAN_ROLLOUT_061218,861.76640000000043,0,0,2025-12-21,-0,2025-12-21T12:00:00,0,0,861.76640000000043,60.384533333333707,801.38186666666672,0,6007.3440000000001,2025-12-21T16:10:00,2025-12-21T16:00:00,0.82709999999999995,1199.0527999999999,0,712.76698944000032,97,10800,0,10800,712.76698944000032
P3_MAIN_MEAN_ROLLOUT_061218,905.81456666666668,0,0,2025-12-21,-0,2025-12-21T12:00:00,0,0,905.81456666666668,63.171416666666687,842.64314999999999,0,6021.8302000000003,2025-12-21T16:20:00,2025-12-21T16:10:00,0.85189999999999999,965.97130000000004,0,771.66342934333329,98,10800,0,10800,771.66342934333329
P3_MAIN_MEAN_ROLLOUT_061218,957.23731666666674,0,0,2025-12-21,-0,2025-12-21T12:00:00,0,0,957.23731666666674,32.128150000000119,925.10916666666662,0,6231.2799999999997,2025-12-21T16:30:00,2025-12-21T16:20:00,0.87909999999999999,680.625,0,841.50732508166675,99,10800,0,10800,841.50732508166675
P3_MAIN_MEAN_ROLLOUT_061218,1042.3837666666666,0,0,2025-12-21,-0,2025-12-21T12:00:00,0,0,1042.3837666666666,82.590966666666532,959.79280000000006,0,6177.7882,2025-12-21T16:40:00,2025-12-21T16:30:00,0.90239999999999998,419.03140000000002,0,940.64711103999991,100,10800,0,10800,940.64711103999991
P3_MAIN_MEAN_ROLLOUT_061218,1053.0661541666668,0,0,2025-12-21,-0,2025-12-21T12:00:00,0,0,1053.0661541666668,60.201970833333576,992.86418333333324,0,6130.9975999999997,2025-12-21T16:50:00,2025-12-21T16:40:00,0.9163,173.8125,0,964.92451706291683,101,10800,0,10800,964.92451706291683
P3_MAIN_MEAN_ROLLOUT_061218,1036.2483750000001,0,0,2025-12-21,-0,2025-12-21T12:00:00,0,0,1036.2483750000001,7.4517083333334995,1028.7966666666666,0,6172.7799999999997,2025-12-21T17:00:00,2025-12-21T16:50:00,0.9264,0,0,959.98049460000016,102,10800,0,10800,959.98049460000016
P3_MAIN_MEAN_ROLLOUT_061218,1059.3026333333335,0,0,2025-12-21,-0,2025-12-21T12:00:00,0,0,1059.3026333333335,40.606933333333359,1018.6957000000001,0,6112.1742000000004,2025-12-21T17:10:00,2025-12-21T17:00:00,0.94620000000000004,0,0,1002.3121516600002,103,10800,0,10800,1002.3121516600002
P3_MAIN_MEAN_ROLLOUT_061218,1077.7524500000002,0,0,2025-12-21,-0,2025-12-21T12:00:00,0,0,1077.7524500000002,52.002150000000256,1025.7502999999999,0,6160.7026999999998,2025-12-21T17:20:00,2025-12-21T17:10:00,0.97419999999999995,6.2008999999999999,0,1049.9464367900002,104,10800,0,10800,1049.9464367900002
P3_MAIN_MEAN_ROLLOUT_061218,1078.6433333333332,0,0,2025-12-21,-0,2025-12-21T12:00:00,0,0,1078.6433333333332,22.181666666666388,1056.4616666666668,0,6338.7700000000004,2025-12-21T17:30:00,2025-12-21T17:20:00,0.98619999999999997,0,0,1063.7580553333332,105,10800,0,10800,1063.7580553333332
P3_MAIN_MEAN_ROLLOUT_061218,1083.2467666666666,0,0,2025-12-21,-0,2025-12-21T12:00:00,0,0,1083.2467666666666,34.89763333333326,1048.3491333333334,0,6290.0947999999999,2025-12-21T17:40:00,2025-12-21T17:30:00,0.97599999999999998,0,0,1057.2488442666665,106,10800,0,10800,1057.2488442666665
P3_MAIN_MEAN_ROLLOUT_061218,942.25045000000011,0,0,2025-12-21,-0,2025-12-21T12:00:00,0,0,942.25045000000011,43.507016666666686,898.74343333333343,0,5392.9058000000005,2025-12-21T17:50:00,2025-12-21T17:40:00,1.0742,0.44519999999999998,0,1012.1654333900002,107,10800,0,10800,1012.1654333900002
P3_MAIN_MEAN_ROLLOUT_061218,741.28333333333285,0,0,2025-12-21,-0,2025-12-21T12:00:00,0,0,741.28333333333285,28.649999999999523,712.63333333333333,0,4275.8000000000002,2025-12-21T18:00:00,2025-12-21T17:50:00,1.2313000000000001,0,0,912.74216833333276,108,10800,0,10800,912.74216833333276
P3_MAIN_MEAN_ROLLOUT_061218,750.30226666666545,0,0,2025-12-21,-0,2025-12-21T12:00:00,0,0,750.30226666666545,34.887816666665344,715.4144500000001,0,4292.4867000000004,2025-12-21T18:10:00,2025-12-21T18:00:00,1.2561,0,0,942.45467715999848,109,10800,0,10800,942.45467715999848
P3_MAIN_MEAN_ROLLOUT_061218,766.27821666666784,0,0,2025-12-21,-0,2025-12-21T12:00:00,0,0,766.27821666666784,18.010283333334428,748.26793333333342,0,4489.6396000000004,2025-12-21T18:20:00,2025-12-21T18:10:00,1.2446999999999999,0.032000000000000001,0,953.78649628500136,110,10800,0,10800,953.78649628500136
P3_MAIN_MEAN_ROLLOUT_061218,726.74833333333345,0,0,2025-12-21,3.2599999999998772,2025-12-21T12:00:00,0,0,726.74833333333345,-0,726.74833333333345,0,4380.0500000000002,2025-12-21T18:30:00,2025-12-21T18:20:00,1.2544999999999999,0,0,911.70578416666672,111,10796.377777777778,0,10800,911.70578416666672
P3_MAIN_MEAN_ROLLOUT_061218,716.36526666666646,0,0,2025-12-21,17.979116666666982,2025-12-21T12:00:00,0,0,716.36526666666646,-0,716.36526666666646,0,4406.0663000000004,2025-12-21T18:40:00,2025-12-21T18:30:00,1.2522,0,0,897.03258691999974,112,10776.400981481482,0,10796.377777777778,897.03258691999974
P3_MAIN_MEAN_ROLLOUT_061218,409.84201666666718,0,0,2025-12-21,340.24119999999942,2025-12-21T12:00:00,0,0,409.84201666666718,5.6843418860808015e-14,409.84201666666712,0,4500.5015999999996,2025-12-21T18:50:00,2025-12-21T18:40:00,1.2881,0.0023,0,527.91750166833401,113,10398.355203703704,0,10776.400981481482,527.91750166833401
P3_MAIN_MEAN_ROLLOUT_061218,0,0,0,2025-12-21,748.46000000000004,2025-12-21T12:00:00,0,0,0,0,0,0,4490.7600000000002,2025-12-21T19:00:00,2025-12-21T18:50:00,1.3466,0,-0,0,114,9566.7329814814821,0,10398.355203703704,0
P3_MAIN_MEAN_ROLLOUT_061218,0,0,0,2025-12-21,722.48323333333337,2025-12-21T12:00:00,0,0,0,0,0,0,4334.8994000000002,2025-12-21T19:10:00,2025-12-21T19:00:00,1.3523000000000001,0,-0,0,115,8763.9738333333335,0,9566.7329814814821,0
P3_MAIN_MEAN_ROLLOUT_061218,0,0,0,2025-12-21,726.16551666666658,2025-12-21T12:00:00,0,0,0,0,0,0,4356.9930999999997,2025-12-21T19:20:00,2025-12-21T19:10:00,1.3445,0,-0,0,116,7957.1232592592596,0,8763.9738333333335,0
P3_MAIN_MEAN_ROLLOUT_061218,0,0,0,2025-12-21,744.43166666666673,2025-12-21T12:00:00,0,0,0,0,0,0,4466.5900000000001,2025-12-21T19:30:00,2025-12-21T19:20:00,1.3483000000000001,0,-0,0,117,7129.9769629629636,0,7957.1232592592596,0
P3_MAIN_MEAN_ROLLOUT_061218,0,0,0,2025-12-21,716.92869999999994,2025-12-21T12:00:00,0,0,0,0,0,0,4301.5721999999996,2025-12-21T19:40:00,2025-12-21T19:30:00,1.349,0,-0,0,118,6333.3895185185193,0,7129.9769629629636,0
P3_MAIN_MEAN_ROLLOUT_061218,0,0,0,2025-12-21,733.1194999999999,2025-12-21T12:00:00,0,0,0,0,0,0,4398.7169999999996,2025-12-21T19:50:00,2025-12-21T19:40:00,1.3472999999999999,0,-0,0,119,5518.8122962962971,0,6333.3895185185193,0
P3_MAIN_MEAN_ROLLOUT_061218,0,0,0,2025-12-21,780.26833333333332,2025-12-21T12:00:00,0,0,0,0,0,0,4681.6099999999997,2025-12-21T20:00:00,2025-12-21T19:50:00,1.3482000000000001,0,-0,0,120,4651.8474814814826,0,5518.8122962962971,0
P3_MAIN_MEAN_ROLLOUT_061218,0,0,0,2025-12-21,747.58590000000004,2025-12-21T12:00:00,0,0,0,0,0,0,4485.5154000000002,2025-12-21T20:10:00,2025-12-21T20:00:00,1.3512999999999999,0,-0,0,121,3821.1964814814828,0,4651.8474814814826,0
P3_MAIN_MEAN_ROLLOUT_061218,0,0,0,2025-12-21,692.8171000000001,2025-12-21T12:00:00,0,0,0,0,0,0,4156.9026000000003,2025-12-21T20:20:00,2025-12-21T20:10:00,1.3400000000000001,0,-0,0,122,3051.3997037037052,0,3821.1964814814828,0
P3_MAIN_MEAN_ROLLOUT_061218,0,0,0,2025-12-21,681.75166666666667,2025-12-21T12:00:00,0,0,0,0,0,0,4090.5100000000002,2025-12-21T20:30:00,2025-12-21T20:20:00,1.3489,0,-0,0,123,2293.8978518518534,0,3051.3997037037052,0
P3_MAIN_MEAN_ROLLOUT_061218,0,0,0,2025-12-21,720.37109999999996,2025-12-21T12:00:00,0,0,0,0,0,0,4322.2266,2025-12-21T20:40:00,2025-12-21T20:30:00,1.3952,0,-0,0,124,1493.4855185185202,0,2293.8978518518534,0
P3_MAIN_MEAN_ROLLOUT_061218,746.90571666666574,0,24.105549999998971,2025-12-21,0,2025-12-21T12:00:00,0,0,746.90571666666574,-0,746.90571666666574,0,4336.8010000000004,2025-12-21T20:50:00,2025-12-21T20:40:00,1.2225999999999999,0,0,913.16692919666548,125,1515.1805135185193,0,1493.4855185185202,913.16692919666548
P3_MAIN_MEAN_ROLLOUT_061218,756.58333333333337,0,65.840000000000032,2025-12-21,0,2025-12-21T12:00:00,0,0,756.58333333333337,-0,756.58333333333337,0,4144.46,2025-12-21T21:00:00,2025-12-21T20:50:00,0.93320000000000003,0,0,706.04356666666672,126,1574.4365135185194,0,1515.1805135185193,706.04356666666672
P3_MAIN_MEAN_ROLLOUT_061218,753.17698333333328,0,48.633483333333174,2025-12-21,0,2025-12-21T12:00:00,0,0,753.17698333333328,-0,753.17698333333328,0,4227.2610000000004,2025-12-21T21:10:00,2025-12-21T21:00:00,0.90680000000000005,0,0,682.98088848666669,127,1618.2066485185192,0,1574.4365135185194,682.98088848666669
P3_MAIN_MEAN_ROLLOUT_061218,747.16091666666659,0,26.00019999999995,2025-12-21,0,2025-12-21T12:00:00,0,0,747.16091666666659,-0,747.16091666666659,0,4326.9642999999996,2025-12-21T21:20:00,2025-12-21T21:10:00,0.93710000000000004,0,0,700.16449500833335,128,1641.606828518519,0,1618.2066485185192,700.16449500833335
P3_MAIN_MEAN_ROLLOUT_061218,759.80000000000007,0,33.495000000000118,2025-12-21,0,2025-12-21T12:00:00,0,0,759.80000000000007,-0,759.80000000000007,0,4357.8299999999999,2025-12-21T21:30:00,2025-12-21T21:20:00,0.93710000000000004,0,0,712.00858000000005,129,1671.7523285185191,0,1641.606828518519,712.00858000000005
P3_MAIN_MEAN_ROLLOUT_061218,787.93848333333335,0,48.419449999999983,2025-12-21,0,2025-12-21T12:00:00,0,0,787.93848333333335,-0,787.93848333333335,0,4437.1142,2025-12-21T21:40:00,2025-12-21T21:30:00,0.98709999999999998,0,0,777.77407689833331,130,1715.3298335185191,0,1671.7523285185191,777.77407689833331
P3_MAIN_MEAN_ROLLOUT_061218,705.15161666666665,0,26.652383333333319,2025-12-21,0,2025-12-21T12:00:00,0,0,705.15161666666665,-0,705.15161666666665,0,4070.9953999999998,2025-12-21T21:50:00,2025-12-21T21:40:00,0.77639999999999998,0,0,547.47971517999997,131,1739.3169785185191,0,1715.3298335185191,547.47971517999997
P3_MAIN_MEAN_ROLLOUT_061218,592.47833333333335,0,20.078333333333376,2025-12-21,0,2025-12-21T12:00:00,0,0,592.47833333333335,-0,592.47833333333335,0,3434.4000000000001,2025-12-21T22:00:00,2025-12-21T21:50:00,0.4209,0,0,249.37413050000001,132,1757.3874785185192,0,1739.3169785185191,249.37413050000001
P3_MAIN_MEAN_ROLLOUT_061218,577.67036666666661,0,32.578049999999962,2025-12-21,0,2025-12-21T12:00:00,0,0,577.67036666666661,-0,577.67036666666661,0,3270.5538999999999,2025-12-21T22:10:00,2025-12-21T22:00:00,0.38590000000000002,0,0,222.92299449666666,133,1786.7077235185191,0,1757.3874785185192,222.92299449666666
P3_MAIN_MEAN_ROLLOUT_061218,590.5405833333333,0,39.704449999999952,2025-12-21,0,2025-12-21T12:00:00,0,0,590.5405833333333,-0,590.5405833333333,0,3305.0167999999999,2025-12-21T22:20:00,2025-12-21T22:10:00,0.43680000000000002,0,0,257.94812680000001,134,1822.4417285185191,0,1786.7077235185191,257.94812680000001
P3_MAIN_MEAN_ROLLOUT_061218,586.62666666666667,0,44.026666666666642,2025-12-21,0,2025-12-21T12:00:00,0,0,586.62666666666667,-0,586.62666666666667,0,3255.5999999999999,2025-12-21T22:30:00,2025-12-21T22:20:00,0.41980000000000001,0,0,246.26587466666666,135,1862.0657285185191,0,1822.4417285185191,246.26587466666666
P3_MAIN_MEAN_ROLLOUT_061218,567.51851666666664,0,41.599516666666659,2025-12-21,0,2025-12-21T12:00:00,0,0,567.51851666666664,-0,567.51851666666664,0,3155.5140000000001,2025-12-21T22:40:00,2025-12-21T22:30:00,0.41860000000000003,0,0,237.56325107666666,136,1899.505293518519,0,1862.0657285185191,237.56325107666666
P3_MAIN_MEAN_ROLLOUT_061218,574.88353333333305,0,31.489616666666393,2025-12-21,0,2025-12-21T12:00:00,0,0,574.88353333333305,-0,574.88353333333305,0,3260.3634999999999,2025-12-21T22:50:00,2025-12-21T22:40:00,0.42409999999999998,0,0,243.80810648666653,137,1927.8459485185188,0,1899.505293518519,243.80810648666653
P3_MAIN_MEAN_ROLLOUT_061218,589.53999999999996,0,4.7116666666667015,2025-12-21,0,2025-12-21T12:00:00,0,0,589.53999999999996,-0,589.53999999999996,0,3508.9699999999998,2025-12-21T23:00:00,2025-12-21T22:50:00,0.42370000000000002,0,0,249.78809799999999,138,1932.0864485185189,0,1927.8459485185188,249.78809799999999
P3_MAIN_MEAN_ROLLOUT_061218,605.21565000000021,0,12.763083333333498,2025-12-21,0,2025-12-21T12:00:00,0,0,605.21565000000021,-0,605.21565000000021,0,3554.7154,2025-12-21T23:10:00,2025-12-21T23:00:00,0.42480000000000001,0,0,257.09560812000012,139,1943.5732235185189,0,1932.0864485185189,257.09560812000012
P3_MAIN_MEAN_ROLLOUT_061218,621.30219999999997,0,55.358399999999961,2025-12-21,0,2025-12-21T12:00:00,0,0,621.30219999999997,-0,621.30219999999997,0,3395.6628000000001,2025-12-21T23:20:00,2025-12-21T23:10:00,0.42399999999999999,0,0,263.43213279999998,140,1993.395783518519,0,1943.5732235185189,263.43213279999998
P3_MAIN_MEAN_ROLLOUT_061218,608.97833333333335,0,58.046666666666624,2025-12-21,0,2025-12-21T12:00:00,0,0,608.97833333333335,-0,608.97833333333335,0,3305.5900000000001,2025-12-21T23:30:00,2025-12-21T23:20:00,0.42199999999999999,0,0,256.98885666666666,141,2045.637783518519,0,1993.395783518519,256.98885666666666
P3_MAIN_MEAN_ROLLOUT_061218,598.02398333333338,0,8.0637666666666519,2025-12-21,0,2025-12-21T12:00:00,0,0,598.02398333333338,-0,598.02398333333338,0,3539.7613000000001,2025-12-21T23:40:00,2025-12-21T23:30:00,0.42399999999999999,0,0,253.56216893333334,142,2052.8951735185192,0,2045.637783518519,253.56216893333334
P3_MAIN_MEAN_ROLLOUT_061218,606.31254999999999,0,10.980716666666694,2025-12-21,0,2025-12-21T12:00:00,0,0,606.31254999999999,-0,606.31254999999999,0,3571.991,2025-12-21T23:50:00,2025-12-21T23:40:00,0.42709999999999998,0,0,258.95609010499999,143,2062.7778185185193,0,2052.8951735185192,258.95609010499999
P3_MAIN_MEAN_ROLLOUT_061218,636.96333333333325,0,59.563333333333276,2025-12-21,0,2025-12-21T12:00:00,0,0,636.96333333333325,-0,636.96333333333325,0,3464.4000000000001,2025-12-22T00:00:00,2025-12-21T23:50:00,0.42759999999999998,0,0,272.36552133333328,144,2116.3848185185193,0,2062.7778185185193,272.36552133333328
