date,soc_start_kwh,soc_end_kwh,initial_contract_kwh,final_contract_kwh,settlement_cost,emergency_kwh,emergency_cost,charge_kwh,discharge_kwh,curtailment_kwh,grid_spill_kwh,total_cost,mean_lp_objective,block_0_charge_kwh,block_0_discharge_kwh,block_1_charge_kwh,block_1_discharge_kwh,block_2_charge_kwh,block_2_discharge_kwh,block_3_charge_kwh,block_3_discharge_kwh,block_4_charge_kwh,block_4_discharge_kwh,block_5_charge_kwh,block_5_discharge_kwh
2025-02-01,9772.270384262949,9848.604730604751,45855.54757114898,40993.51531824992,24469.47237389457,0.0,0.0,19525.206553202395,15750.181530987958,1380.8642906977057,1282.816388671104,24469.47237389457,5799.699238884373,1159.3676776408672,14.131164725758367,0.0,6766.691686699482,4936.263866666666,677.7272833333333,4318.119500394173,51.63155728646473,9.749155729024153,5338.142092695815,9105.984296724302,2901.857746247106
2025-02-02,9848.604730604751,9850.486324846845,90823.28091449518,87906.93783996115,67549.90203262364,300.66630178075934,2026.9976955806887,18310.76573766482,14826.561678088987,3199.427455101186,3213.1460770648887,69576.89972820433,15055.861155417999,1202.6380441854637,117.88107333449943,0.0,1442.4495024950404,2392.954992128977,6085.081770437336,4691.78090533273,13.459153945886328,407.4623800129691,7167.690177876224,9611.651472052048,0.0
2025-02-03,9850.486324846845,9957.164109617512,93361.0201711132,89927.33241776255,69136.84709957997,114.85078288105899,778.6711831913408,18816.21508855192,15145.124215433463,3695.3521119208654,2455.9338322709445,69915.51828277131,15758.334592452542,1178.1258620438496,99.71964061767858,9.25937053638538,2446.406514890565,3465.798748174435,5984.621423729876,4296.329494341815,0.0,113.24203393363234,6595.522075438442,9753.459579521803,18.85456075690024
2025-02-04,9957.164109617512,10019.486728466412,96250.70757659123,91229.71423254453,72274.41002569831,0.0,0.0,18511.834746776964,14976.546962653203,2366.4549372086167,4097.634861212148,72274.41002569831,16456.30053935246,950.0175039383884,10.96187684585584,1.047239777161849,1636.5378940417504,4825.429091665643,6411.3447166666665,2909.1492861256593,944.0284690086713,53.862229214834656,5954.058651254619,9819.306154978574,19.61535483563887
2025-02-05,10019.486728466412,10161.658071827755,90096.43189224874,87073.30551825001,65812.8422104884,140.8775375515705,829.7683514888281,19330.576929208633,15592.254166550894,1805.8574842084906,930.1642422686875,66642.61056197723,14587.832464967158,910.5836800827533,38.153604612497816,49.073944502035246,806.7581946828492,5133.277652512462,5790.510878970137,3336.0033639836843,299.55567662984254,21.328162537739445,8465.583742185816,9957.397857586393,191.69206946975126
2025-02-06,10161.658071827755,10277.789324938787,95372.22114366843,88340.95793781846,68620.63792522317,21.05289999999991,122.98051534999946,18878.367160547485,15291.477400043466,1421.8380030387132,3278.9615576090723,68743.61844057318,16032.11783787232,788.4763162836347,72.27476789614968,17.568041313683757,1812.7160446297032,5023.200157451518,6109.419382318862,3356.675610935345,1256.8319518129028,0.0,5998.3329310977215,9821.481760242228,41.90232228812317
2025-02-07,10277.789324938787,9431.500637226387,46617.414100934955,41273.155089127424,24570.220654516193,57.4183377393755,249.04347208645862,18954.21948346334,15909.567235101558,5542.636820024697,933.5638918136495,24819.26412660265,5872.4328901008375,660.2338679474545,64.79982548234659,7.77392262584423,6055.970810988197,6575.320251434269,1115.3134500000003,2273.5958466467514,24.84072229107187,38.08455906994278,5748.400055378744,9146.11181914043,2900.2423709612003
2025-02-08,9431.500637226387,9420.484097809947,36504.25370106094,36976.84702170129,21351.320383302384,232.41280545496713,1211.4922202216112,21013.7144292015,17031.02357312801,1172.338508591059,298.5056124916979,22562.812603523995,4978.04130948025,1213.1765427460093,228.048705942173,0.0,7948.930434624762,6100.109028695319,214.04443256108195,4566.557637971349,12.711208243118676,0.0,5926.254113106259,9133.871219788829,2701.034678650618
2025-02-09,9420.484097809947,9385.375109139144,87505.2817145335,85877.55231555476,62839.49605690479,18.221236848275883,89.12922250772634,19896.56224129903,16165.210474330048,2555.897291666789,58.69692710060667,62928.62527941252,14303.647774048333,1698.2729319320028,166.3858526641868,123.23738206931682,1132.02312056955,5352.421823899648,5930.108766666666,3643.3551462260984,291.92064827147453,0.0,8173.250027458589,9100.752696769627,471.5220586995822
2025-02-10,9385.375109139144,9210.189667740025,85071.57909575444,78812.27508896618,58260.84023849076,280.51926353038397,1240.065924655309,20715.69018414363,16945.65502978262,631.5503124651476,358.9747023370843,59500.90616314607,13392.774432947803,1687.5080318570397,93.71910402943104,43.431524422198095,1809.6602258832138,4734.537512260684,5010.381803320694,5352.515794664628,1385.650684187576,6.471200391125194,8053.857861687917,8901.44721112459,592.3853506737885
2025-02-11,9210.189667740025,9243.12610385856,84966.13515247696,79256.07603388342,58158.45789572475,520.9021805967204,2928.2282452170157,21136.66960367498,17065.383534028868,318.8459342459073,189.61906058812036,61086.68614094177,13183.930404098268,1811.9691402996914,78.71047780472043,78.7219709889772,2729.9776951477,4919.7290590200955,5403.935444529829,5311.196713831573,175.05675963744693,46.547107295275055,8180.208189297565,8936.806782065067,497.4949676116061
2025-02-12,9243.12610385856,9237.601220205754,85240.38254624132,79845.50770840308,57467.814956290764,314.9873324619905,1543.5020182275703,21915.29286086152,17776.639802436115,323.63805855454484,385.1071405517961,59011.31697451833,13335.852952332909,1779.8241072205958,43.08686466968345,109.70124928185581,2951.844076309948,4847.964527824008,5157.37753234289,6244.835001401675,962.1881775899749,27.337224103236316,8124.9973118056205,8930.668022450835,537.1458397180014
2025-02-13,9237.601220205754,9288.162489723369,80098.32242375519,76714.19861433933,55533.72027787018,423.4205913739502,2308.7305359029397,20051.396845690924,16385.755775202517,2104.551708961109,211.89944293041785,57842.450813773125,12616.738409711994,1873.3292961297407,265.55772788994125,125.07022600497476,2932.111521239992,5401.856939844644,4283.323966666667,3866.126450241022,238.61804128708457,17.249535743267124,8145.430560705239,9001.874857923232,520.7139574135969
2025-02-14,9288.162489723369,9173.83150368493,37441.198570832734,37353.61369754159,21272.110578184034,0.0,0.0,20420.17542878547,16531.824560444446,3575.0419159400412,94.54877992719209,21272.110578184034,5017.045224124789,1715.3269809337755,147.79555353111687,146.6269611342841,7561.046350232764,5173.872783333333,213.09401666666668,4424.160533462204,0.0,16.12251818827983,5834.864566608423,8806.51574518251,2775.024073405478
2025-02-15,9173.83150368493,8867.227703251914,38011.04103364228,37019.67954447437,21176.004423437535,182.38371012883516,808.351427514663,20185.05556663092,16552.87379000199,3987.901950536207,116.68257743808118,21984.355850952197,4974.957446107124,1917.6447217408588,264.50949134392687,133.6826403109023,7460.7837202141745,5909.7378499999995,159.00708333333336,3579.4927405099606,28.573495110555996,35.2759198895754,5758.830646509864,8519.141892502126,2881.1693534901387
2025-02-16,8867.227703251914,9024.252656400939,85778.45803003668,82763.03107985848,63627.15893646896,0.0,0.0,20801.577917894287,16780.222527467176,1128.9839545797308,2260.3383515183086,63627.15893646896,14370.120305692924,2251.743888331159,112.03152454157578,118.1927533654605,2344.048130009828,1485.0704785615783,5426.973654157563,8302.377146257932,689.0016734285696,0.2067757328763946,8100.320029096533,8733.205235900745,107.84751623310456
2025-02-17,9024.252656400939,9092.076567130342,85695.24209669147,75786.19481008567,54766.4691749452,73.11493596751616,367.36389176610703,21635.01806336582,17467.03464352734,425.44273717212127,78.91395570924708,55133.83306671131,12932.612226021725,2052.3552543019455,200.76598225694318,176.99622529754018,4158.336544469152,5147.3185095077715,3962.2251623261336,5435.079035171464,458.0164113743791,49.97037809672145,8311.838290474276,8777.880799086048,375.8522526264589
2025-02-18,9092.076567130342,9613.389523988193,76909.99935030323,78790.42167956852,56659.41742924136,0.0,0.0,19509.581964722962,15325.048193097275,1353.2605999672155,1185.6471079756172,56659.41742924136,12829.132370053701,1966.499763228696,129.98136854124982,36.99371772885672,2452.2010893306083,1831.937844089995,4377.94912417241,6414.104518485259,22.89081338584515,243.07522302300333,8070.200264746898,9006.43813624584,271.8255329202631
2025-02-19,9613.389523988193,9235.384985818442,76752.21422320566,78302.2168497552,54885.85296000802,94.3739634950709,390.10566902181847,21138.23389225798,17369.19707162923,1594.3032667208568,131.55932590066902,55275.95862902984,12938.034922702795,1342.5875134515336,374.42244085075924,218.15204564278918,3073.1956949572536,4422.991576587066,5219.205326779798,6054.317322556321,16.0463601740978,35.56185315067468,8142.65269435251,8949.837821051698,543.6745545148132
2025-02-20,9235.384985818442,9291.579728997825,79328.27715309823,76007.13729869496,54393.941890093505,0.0,0.0,20391.100074592385,16597.350811019372,953.7381026430643,438.8021491455371,54393.941890093505,12522.914982826416,1817.2584029561717,86.91201827040743,88.41706100920999,3241.167939491927,4986.644570131829,4517.17630200075,4723.064601983289,155.05178269872306,8.091397523424702,8222.000099823159,8929.519126742754,375.0426687344028
2025-02-21,9291.579728997825,9227.25064592234,34776.14260754061,34888.08358345351,19680.3240599622,0.0,0.0,20434.01240938943,16506.146403956234,5416.212694686976,0.0,19680.3240599622,4619.741619873149,939.9348363496247,278.0184560321947,8.491772731585684,7508.537344058513,7218.217866666667,125.67031666666679,3277.5584386463574,104.81271666666686,9.691661558737337,5728.072996014381,8852.587188477026,2761.0345745178142
2025-02-22,9227.25064592234,9334.926515723817,35752.45520088901,35373.85015908484,20512.83709055312,304.51160131961865,1701.9066747118543,20508.692500493333,16499.770231147824,3522.5574496546915,77.71794140425322,22214.743765264975,4809.791876868397,904.6963205112668,307.17944760308984,0.0,7650.1501533411465,6503.709066666666,0.0,4162.957599999998,0.0,0.0,5653.525611939154,8918.363573277795,2888.9150182644257
2025-02-23,9334.926515723817,9314.028739324616,79036.95258065633,75182.27511715767,57285.443497072745,446.0388650728996,2061.384396652637,21463.17284084008,17391.505214226385,0.0,83.84842228353553,59346.827893725385,12458.949638843456,1800.4628825035622,194.42181377687518,152.42665827899452,4097.284044191976,4799.479114637278,4611.568534216454,5093.835288128588,54.204527996999104,578.9301552684941,8165.526647792916,9022.640241265937,268.499646251168
2025-02-24,9314.028739324616,9544.672111017484,76028.26961941569,73534.4707138117,51830.328655070254,0.0,0.0,21135.56097061126,16950.260620306268,694.1394575489256,409.69425595777943,51830.328655070254,12038.771496549723,1745.9305479607153,76.82960924033102,88.56226359387097,3899.13330388354,3974.4351316889024,3639.0998999999993,6171.305667174753,751.5522767070546,12.139536995877682,8176.134313213964,9190.144944968408,407.51121726137114
2025-02-25,9544.672111017484,9347.983846352108,78872.6313954689,70854.49757886106,50789.10622371084,220.88802704867277,970.2447702683946,21653.721144493575,17693.69544024353,1224.8438782906524,99.07065670236575,51759.350993979235,11882.147456156757,1529.4421318400762,212.8376914942944,142.9230032791562,5379.985796658767,5675.101683333334,3066.2635666666665,5185.537537456791,610.2732000000004,39.206187705204115,8119.275188914891,9053.315384835674,305.05999650891266
2025-02-26,9347.983846352108,9479.275188515123,72501.56565689479,73464.43052611288,50595.149539847676,346.4909059938658,1678.4204569105682,21688.467861931476,17448.433929175524,484.42309404636876,275.6031386377481,52273.56999675825,11642.430310786332,1735.3561418622496,117.25278030114873,119.99490839258033,5702.000254782689,5093.5106898900485,3016.766777339468,5580.044155354647,5.5794246482025756,17.408171535904934,8162.728547832213,9140.84165780685,444.1061442718069
2025-02-27,9479.275188515123,9562.012081644314,72607.70388106076,71606.69481093132,49048.06618112633,80.26942882660994,377.97324015242157,21969.88654125641,17823.48922948834,321.7606256885833,437.4683023012785,49426.03942127875,11513.012266605827,1611.4081322260608,180.07544430823418,113.7596626327114,3941.5545358510076,5572.80006423383,4645.2863333333335,5415.146550741457,342.05402813662545,62.89596094126336,8269.214295073447,9320.227201205673,445.30459278568804
2025-02-28,9562.012081644314,9422.815402096527,34037.295381455486,33369.55878799897,18919.79671504547,465.71967632498445,2173.759849829877,20883.69062728083,17009.251236911114,6503.190350000002,114.72529062090985,21093.556564875347,4436.335658933789,1033.701121731215,213.48952497922585,0.0,8149.619257102939,8612.842900000001,0.0,2053.8237666666637,39.414399999999944,7.583277566606398,5840.921739678527,9136.461557885028,2765.806315150424
2025-03-01,9422.815402096527,9126.819493568813,39007.507640331474,36138.16165962424,21043.219716542353,286.2167088297002,1328.0850139055472,17982.03860304252,14747.18412143447,8180.599283539093,1223.2503699734557,22371.3047304479,4970.750075875852,1581.3996955967134,41.46761532021128,0.0,6026.081433333333,6449.632250000001,27.87639999999999,1024.3897664609062,137.26119999999997,7.903998160522292,6124.188557011558,8814.190096892391,2390.3089157693685
2025-03-02,9126.819493568813,9280.465145680513,81611.64142162207,79989.25526053896,61718.22529876305,116.60305471176565,620.5578225985496,18067.914641526604,14579.557910638634,2730.5527255222505,1518.1089921738374,62338.7831213616,13985.155575318357,1888.3408044623893,23.693595826466094,8.536010058871106,2789.2781083693726,3746.2586687189505,4084.2151999999996,3319.9939258548707,552.1003544629692,156.63901138006236,7071.862706137989,9050.403181425063,58.40794584183839
2025-03-03,9280.465145680513,9246.710326449316,84356.43193436386,77025.25362775775,56553.14500442564,162.86090678566566,859.3537106200782,21235.826674090444,17148.570805418723,431.01200354214325,655.6302789961958,57412.49871504572,13205.17893333223,1873.7225972661645,150.13393489805605,0.0,3110.4146407289727,5386.922906664638,4826.674266666667,4804.510969176633,659.5061174180116,48.24926726209537,8337.548321100076,9020.163973347315,64.29352460693983
2025-03-04,9246.710326449316,9218.91722180485,75790.68735273377,73383.12954542633,52733.05845976612,46.5648528998958,219.16317424365968,19501.571098539014,15867.742127399308,0.6392833333333334,595.0745771865147,52952.22163400978,12396.580689913852,1904.4234720827312,148.9316210743017,11.17929461364972,2445.5762739622696,4119.78913027799,4370.5409666666665,4559.580079301546,994.2261166666666,36.84339426030044,7828.551129401334,8927.108497635738,79.91601962806722
2025-03-05,9218.91722180485,9245.187663403432,79053.88380443,71216.54247536426,55577.78415666114,99.05289023077871,633.3057610139624,19374.24445588656,15683.740857934792,611.9014147242449,884.317469585693,56211.089917675105,12400.448591404776,1771.4215750040723,11.876975377662347,0.0,3600.0629627185685,5488.629866666667,3157.9047833333325,3107.4015976508845,1189.2895500000006,61.98012777713268,7694.704659823773,8962.399246942634,29.901926681456693
2025-03-06,9245.187663403432,9366.931585034212,73460.22246897937,70633.64494290993,50145.91620495696,0.0,0.0,20524.52788603823,16664.073098599696,460.638837509499,510.1720012952204,50145.91620495696,11716.80787114196,1862.6429204635535,109.40966263857104,0.0,4348.519440986173,5118.518911237639,3131.0269666666672,4813.230693952777,565.1707725513928,10.691825271015887,8443.879203309283,8903.116424466854,66.06705244760485
2025-03-07,9366.931585034212,9266.429799319136,35312.24031212738,33247.76194381601,20153.471734787166,0.0,0.0,18940.66046563969,15238.218880211032,8632.275291720676,0.0,20153.471734787166,4813.975054650383,1077.8806096278129,61.460720885478,76.0443896492809,6522.16421426601,8566.305258279323,0.0,0.0,162.57720000000012,113.5189982008859,6233.03983153587,8867.197994943268,2258.9769135236693
2025-03-08,9266.429799319136,9279.028085857426,31492.287227151508,31883.484169322255,18648.945731083542,121.95375240172072,452.82009619311646,20421.47429473273,16514.74639506523,8768.200598732954,138.0523233235292,19101.76582727666,4356.749309317224,915.6126008537617,393.23540975577157,22.09311539962141,7608.197616322999,9730.278433333335,0.0,914.2951179337124,26.399999999999977,43.77974096241712,5568.205834682985,8776.514884047636,2918.707534303475
2025-03-09,9279.028085857426,9440.698174766681,74529.71768503544,68676.6982293771,50525.78170684079,0.0,0.0,22371.74810854507,18014.552963288777,900.5812329585356,52.69895116227431,50525.78170684079,11675.470293847437,1789.367365153632,321.0738128346253,166.26173259613404,5067.605123301795,5072.6764126656235,3177.3516666666674,6137.092319458769,729.0669166666665,103.47656810169383,8110.373888469046,9150.947877711931,609.0815553499749
2025-03-10,9440.698174766681,9285.399930821746,72475.31815879002,73075.26974391713,51282.472884840325,35.54752296906506,166.16563041670275,20967.330570552193,17103.11730364287,1061.1956751396124,139.66129150392686,51448.63851525703,11763.617324002324,1598.6331203709099,71.52118479044645,10.624664642210064,4406.938749864036,4540.995723573676,3918.296783333333,5774.04812409274,38.55596177261418,0.0,8328.759050800065,9018.104397064208,339.0455730823706
2025-03-11,9285.399930821746,9545.02801520742,64065.15125505082,69932.14941064865,48965.79177567146,39.764811469455935,195.63334344997094,22637.20581218386,18117.639677019473,1029.940516038112,515.0042209155923,49161.42511912143,11552.166722948843,1799.3755772837335,94.35415533939431,9.12842388840348,6246.967051485728,5616.514522270804,2473.9290718638767,6073.643241699207,899.8960499999996,10.814323706778623,8213.994992887405,9146.455951850548,188.49835544306325
2025-03-12,9545.02801520742,9318.42182409477,73376.35978899279,67702.36684391793,49213.01497750311,0.0,0.0,22015.221627130013,18035.645398264274,1082.3327603447717,155.66892137407677,49213.01497750311,11585.122463564714,1466.0665251928413,353.11203247202934,143.97949381483102,5942.315992577226,5978.491284164474,2414.235483333334,5347.61367793392,639.1440000000001,3.9792974679261937,8199.413389835987,9074.313951380183,487.42450004568843
2025-03-13,9318.42182409477,9295.93214997921,72675.22942001992,74814.56346911151,52081.91215730756,304.10540129147967,1677.173424083258,19622.09841402383,15983.047264827419,4001.0782281191837,143.27569308738202,53759.08558139082,11943.228066054322,1719.756858585,155.1571113121356,89.5717480421431,3866.251527474947,3554.9533770947332,3202.0870701333147,5241.562830798509,33.818232526411066,52.223164188666374,8259.649963833006,9049.100611566762,466.08335954760173
2025-03-14,9295.93214997921,9484.840686716907,30742.72328425097,31129.382620386416,17814.772153502694,91.1670513896956,337.93480221532366,20733.23722164967,16552.320279134583,10978.482295927683,0.0,18152.70695571802,4110.477079428946,916.1032782187134,299.30239837224707,17.649019842397934,7729.080191966198,10649.017646824264,0.0,0.0,0.0,0.4700003859074463,5757.138838796133,9061.621736455267,2766.7988499999997
2025-03-15,9484.840686716907,9179.396144483211,30754.511578971636,31103.963375925126,17276.426543445144,349.36963378300885,1493.6973676685238,20479.243460283542,16858.980715182268,6616.843650000001,137.40024794018632,18770.123911113667,4049.9728317662994,895.2871339094038,306.4525669221605,26.892693539085712,7877.297073856333,7808.677833333335,0.0,2833.825083333331,3.2937500000000455,43.4951535849051,5922.807535449298,8865.995716092455,2749.129788954477
2025-03-16,9179.396144483211,9416.669049617529,70162.21935631428,69670.03005471385,48501.07251267831,0.0,0.0,21291.701072311735,17020.66181447634,2058.035763561255,2.843433317208363,48501.07251267831,11276.458521326545,1822.5077409087921,117.6359320981594,171.44251225392915,6242.704341467616,5667.458900000001,2268.2894166666674,4816.143058092672,19.644130919318286,0.0,8029.2920570909555,8799.247083926377,343.09593623363435
2025-03-17,9416.669049617529,9828.905415311336,66574.97976834269,63690.31459622084,44815.78349608714,0.0,0.0,21292.38132900733,16861.38075636218,1066.7710511945209,349.3542223811521,44815.78349608714,10696.466833261764,1611.195388168629,137.2998761124951,141.44966480886762,6376.046578121716,5391.275370224941,1631.6284,4622.359753231845,140.71423333333337,72.15522855458867,7888.677634212294,9436.124453636567,687.014034582341
2025-03-18,9828.905415311336,9778.151357069271,74481.09576666652,66832.42250030692,47572.99799787611,0.0,0.0,21298.23605816079,17313.802333882337,1500.5500508191435,200.66437520932155,47572.99799787611,11152.946498752082,1118.3152996100325,109.27544225540612,209.33570821890453,5075.171172687127,5721.970341564433,3301.299416666667,4720.618045430551,174.1627519783775,52.26649845287409,8215.741763612486,9496.16531840774,438.15178668226827
2025-03-19,9778.151357069271,10329.76613836953,61722.09551029475,66681.26552140074,45793.013041457634,0.0,0.0,21269.99328344197,16967.47827959612,2341.113298436682,594.1899357848724,45793.013041457634,10764.029513118141,1252.5945203021106,115.51465176776298,71.2260566303754,5407.822787334173,5799.698964118077,3034.7983166666663,4691.35353081847,92.247653807662,22.753447056420214,7887.760656372328,9722.782842514476,429.3342136475219
2025-03-20,10329.76613836953,10101.52012432921,69588.1732392275,66770.82282278698,48279.05751288921,0.0,0.0,21828.11488808633,17787.52831148278,350.11614320240716,327.76515298101464,48279.05751288921,11246.763150235402,662.8186323233798,404.31065247368497,81.0646435244164,5519.361905690512,4709.323324579463,2777.3772166666668,6348.802288829883,435.3669500000001,118.61411702015135,7951.384692074469,9785.681807113435,699.7268945774488
2025-03-21,10101.52012432921,9720.47774821204,30269.902911110916,29445.093514406974,17046.302248350486,770.0314066791741,3249.216272083595,21114.35431081344,17292.44179323521,14272.274487831428,75.6593156764859,20295.51852043408,4003.1060473961593,781.818913344802,1586.646652487148,195.8051298019982,7057.994779218431,10470.861536864668,0.0,0.0,0.0,9.630075962508675,5944.758377450478,9467.197498013378,2703.0419840791546
2025-03-22,9720.47774821204,9788.720846737806,32035.019820011366,30923.649184432266,17833.04115021543,0.0,0.0,20469.827389754133,16519.676650378533,10658.658174890767,263.59065349923594,17833.04115021543,4111.819918568678,1191.7837398957693,761.5452217202323,70.23628333333329,7610.433325793466,10273.22513000899,0.0,0.0,33.57000000000005,41.44444444444428,5319.353372271104,8893.798598677606,2794.774730593732
2025-03-23,9788.720846737806,9844.482340572944,71248.34464978927,64672.3563679559,45738.71397747697,143.13744456913145,728.2579331680827,19444.073455195867,15729.490284076162,2112.6865707885368,202.3883872834543,46466.97191064505,10731.976204040548,1235.0115773068287,139.14582910865113,51.531399863957176,4323.207404967514,5268.212047104407,2550.772233333333,3321.3456201842323,76.36481666666668,0.0,8264.506075152347,9604.980378414382,375.4939248476531
2025-03-24,9844.482340572944,9738.723004023788,67586.04170012902,63921.24061737064,43471.35268082847,60.27784373758152,290.40127107727034,21229.115341944667,17290.963070129234,1723.6244832024076,338.47483942372156,43761.75395190575,10235.102078731185,1138.6037454922455,98.38352718993474,94.39297336601044,6303.959182005148,6473.247772174354,2376.418739595752,4227.947434950407,27.968117771052448,0.0,7949.431996778067,9295.165687887365,534.8015067892874
2025-03-25,9738.723004023788,9550.66536256788,74395.99253737631,65748.20197442513,49470.10843487519,44.983260498321364,214.23545464052077,21834.398897606483,17824.407360941746,701.4262418731043,157.48325638560368,49684.34388951571,11165.210349970246,1270.9653341841727,282.1577574723857,138.27050767762785,5634.141323330403,5058.816347204754,2910.032654726676,5945.0940659611715,318.8230166666666,104.82492684923977,8030.423254928648,9278.517069519865,648.8293538169672
2025-03-26,9550.66536256788,9544.01787749202,63900.1197570396,60455.30447262592,42159.709042307,84.78338814825061,424.4653816451495,21499.26583398639,17434.500713061432,781.6562905693552,91.89856594651968,42584.17442395214,9762.540421382373,1516.0791171580834,150.6548935245587,18.995443417695355,6462.162881667829,6890.530694539179,2146.191445185083,3867.0474947612283,73.63833333333332,0.0,7905.241082232004,9224.036109991901,696.612077118617
2025-03-27,9544.01787749202,9532.574934652517,67876.9827381676,63618.35034888697,43572.28101596785,0.0,0.0,21394.66749454296,17467.6541351853,887.7162734582613,257.16131607103983,43572.28101596785,10288.230376375664,1540.477856426732,276.0443882199954,64.2411908901039,6111.851182219592,5448.481165628481,2361.6196000000004,5364.107520425176,178.12018333333333,7.263038277737792,7981.962857531174,9127.719952586016,558.0559238812003
2025-03-28,9532.574934652517,9301.86306770932,30445.88605325071,29920.82062457726,16496.44036291021,66.6341078197084,209.19689591153764,20143.72072805075,16419.511695770252,15325.874207855984,70.71120892715726,16705.637258821745,3859.3626430620534,872.9142200593249,384.7360020891983,4.685000000000059,7374.288558199714,10109.693519572338,0.0,0.0,0.0,25.29275985350619,5617.627375657474,9002.070075232581,3042.8597598238653
2025-03-29,9301.86306770932,9174.239749356233,28882.347018598455,29468.554940131853,16128.148236433935,386.9182541159182,1657.6599637841791,20440.961814166374,16654.6188189326,18017.164883333327,178.80049901398752,17785.808200218115,3804.394030547664,878.2981979212996,1009.5342127086424,164.60080000000005,6993.564088546001,10502.065866666666,0.0,0.0,0.0,0.0,6089.915157667902,8874.489249504391,2561.605360010048
2025-03-30,9174.239749356233,9114.617966310214,67025.99006818308,59718.93714361343,41092.95990326112,48.38251254332549,228.10527939590256,21355.25433451949,17344.163239948637,279.8154991837263,132.41956240218258,41321.065182657025,9749.087712293895,1969.3298846776634,311.44771234738334,63.394519157861964,5926.183620551666,5809.0399485286725,2082.798849999999,4622.27932065445,312.2609666666666,88.23714862089759,8193.120776972182,8794.019962566905,518.3513134107482
2025-03-31,9114.617966310214,9333.776050396777,58798.115788332885,61813.41636414806,44611.32843216592,10.45419139971425,22.000845800698638,21897.875523575756,17594.547583121275,452.04725992361,124.09795516966983,44633.32927796662,10570.36934723106,1853.917304375507,83.25196257364871,108.62168993219154,7071.043310886477,6606.521516666668,1297.1399833333332,4292.600719533693,561.8782666666665,56.750597097563855,7975.700174992839,9046.760837578535,605.5338846683064
2025-04-01,9333.776050396777,9454.824528621042,72126.96375661764,65727.85550150205,46202.34037134094,67.12464693385091,299.807096976108,20238.01838590216,16301.028978240212,1585.7779363163577,58.263071124261614,46502.14746831705,10624.536590165037,1747.575707542707,328.7091835606077,53.65314573452929,5345.704211705491,5865.753906595374,1632.0572833333335,3330.117733842207,281.579166666667,5.792232002382257,8115.8911253161805,9256.332717050773,597.0880076579347
2025-04-02,9454.824528621042,9408.46437235848,67900.0275483063,65680.749295641,45164.88608388867,356.9082849727867,1871.2102903233922,20012.82168813616,16202.050283461473,1708.882738435552,109.30677083689933,47036.09637421206,10467.150028294162,1541.3747425083,216.3097543858056,0.0,3859.7729179228195,5255.492568360595,3417.256417746594,4006.9407314721893,47.08749999999998,25.971521645975827,8134.022875604515,9121.240365426724,527.6008178017391
2025-04-03,9408.46437235848,9493.658505599002,68681.35271966594,61596.358961310245,43186.745631760285,49.53323322591675,230.35938698670304,21143.087895863428,17172.94343960913,1788.2987569346365,209.82921468054747,43417.10501874699,10243.383847351215,1599.6218040512642,139.70683029781037,76.91039750533253,5916.913956710313,6786.0923218299,2262.297733333334,3577.8018781182277,181.4448,40.222369466259536,8140.413284756094,9215.176117332227,532.1668345115768
2025-04-04,9493.658505599002,9439.431635419916,28261.38385691774,28464.73411683104,15830.158107476158,304.025860889857,1280.7717337617157,20966.404592178147,16873.67488274942,18146.761909510176,94.44829211530873,17110.929841237874,3693.5679031947034,908.8045201896914,1451.2164128605468,226.55645772731276,6749.207903532204,10440.110208939352,0.0,0.0,0.0,0.0,5962.974169604185,9195.974121277268,2710.2763967524775
2025-04-05,9439.431635419916,9274.017268354084,28416.409561167173,29140.31529102618,16634.908557248742,47.402974863773125,191.79243629882606,20580.108454474826,16818.760778483862,12951.839736766238,249.55333646608335,16826.70099354757,3841.34783175159,991.1738202715867,1825.4471222902105,320.4679681266581,6392.892144007699,10346.198698540009,0.0,0.0,0.0,0.0,5669.273818486965,8922.267967536576,2931.147693698986
2025-04-06,9274.017268354084,9333.137432896248,65219.89860884082,59928.95927141293,40354.21392461221,274.5049064497031,1308.2101606325232,20778.158086559753,16777.09990202546,1648.2920312945917,150.68822870041086,41662.42408524473,9507.860397506653,1854.3954984797847,156.3780870917991,59.39153679208084,5971.614418011941,6699.190096031393,1729.0060333333336,2879.7674228925885,210.12955934803756,223.82665576923887,8028.894116157189,9061.586876594669,681.0776880831526
2025-04-07,9333.137432896248,9070.550993971387,57372.137362178626,58479.43130035745,39391.7061403123,350.65779205593344,1880.3727190500276,21299.927473304928,17500.434785095167,1661.1372555238177,88.53844867981445,41272.07885936233,9268.07901721466,1692.8293661674163,223.83794292315383,60.742188781418236,6898.833635937426,8094.546133333335,1375.9573333333333,2584.6801585334133,251.76103333333333,72.32763228760906,8170.546167220969,8808.586854307663,579.4986723469575
2025-04-08,9070.550993971387,8986.988325321287,66742.50281576451,60495.98229481843,41605.58869412892,170.01892351365697,795.5950834415225,20786.13124168816,16910.45706019136,2043.4690674998028,416.8875193354912,42401.18377757044,9831.293569263978,1964.1685777551613,37.05666203833994,43.50465998421107,5936.207617056373,6369.894016666668,2133.4674333333332,3643.0946021311593,143.63743841504754,111.38896521231524,8266.04881818507,8652.209250356984,394.0390911631948
2025-04-09,8986.988325321287,9008.378507732457,64785.71524340781,64150.48560183336,43610.29321569394,0.0,0.0,19548.81153773931,15858.253650036067,1242.5281991721472,108.80773162463294,43610.29321569394,10093.020126709187,2161.5566566879797,143.93753591831705,64.82693809213137,5114.852912909059,5133.926679986056,1897.9170833333342,3494.4089838199834,3.904560083235765,34.762170723130225,8151.287019146091,8712.376366006909,546.3545386460298
2025-04-10,9008.378507732457,9145.492486798263,62788.898828964884,60463.45454318019,41507.38959044114,274.95651937579555,1288.7570885771158,20745.705973895005,16862.04552547032,2270.977658047236,281.57140608405257,42796.14667901825,9676.64122622414,2077.258480818704,121.38161321931659,36.38302847946102,5895.951922399852,6086.270283333333,1971.0340333333338,3866.6285719692805,191.9475828815872,53.15607106120217,8338.009863059473,8849.992584868323,343.72051057674815
2025-04-11,9145.492486798263,8868.650112423009,26807.183457104104,27677.73550677219,15598.56012533533,344.4629244574852,1492.599375444325,20159.839141228917,16458.777793332563,18994.368733333333,0.0,17091.159500779657,3702.018598888507,805.2293250167247,1548.7598800247947,384.6124833333334,6254.4191113571915,10282.054183333335,0.0,0.0,0.0,0.0,6566.35603377073,8539.980127322582,2089.2427681798545
2025-04-12,8868.650112423009,8848.907536517763,29004.360795241242,28083.72210562344,15729.098317288106,0.0,0.0,19920.000836453444,16053.070319569095,14996.202788674911,12.598966730847678,15729.098317288106,3701.423286097014,984.3237869569241,1272.0976433018272,539.8217166666666,6183.596871477285,9826.35994526333,0.0,0.0,0.0,0.0,5817.778576791002,8446.163688464161,2779.59722799898
2025-04-13,8848.907536517763,9091.032464061009,60419.3767291345,59456.83175024087,39947.84696025999,0.0,0.0,20407.685126937507,16379.14180195064,1014.4507108291207,178.68071442487621,39947.84696025999,9451.193200087682,2281.5886611089845,92.10359836426323,0.0,5857.344644748419,5975.301977188494,1701.5809833333337,3412.113475506776,44.880888601414995,27.416341178474113,8318.834717473697,8793.769960745129,364.39696942951264
2025-04-14,9091.032464061009,9321.0875266286,64242.51923382698,56415.12004871528,40077.470945286215,173.5562084994722,1161.4755754115931,19817.261416556372,15780.461850096142,0.0,0.565057421186907,41238.946520697806,9548.348403653492,1901.0103462517425,139.78992742902085,80.2510934311548,5600.173258662387,4339.21892037901,1491.0586,4255.645370358565,123.35017842778177,42.15412489183382,8348.363935938687,9119.388547659275,77.72594963827109
2025-04-15,9321.0875266286,9523.791834589041,56236.61761958341,57007.861121752416,39039.820410358145,144.0367694426631,601.1903371134435,20719.833245252205,16598.15588397366,2515.6250509848437,372.3403122650235,39641.01074747159,9146.839950817317,1773.0464696936813,125.87369060924766,25.589229866202043,6736.985186652095,8038.674648586204,845.33375,1444.8034625069172,99.2983333333334,115.47480292952125,8252.391302165222,9319.18886930396,538.2736212137639
2025-04-16,9523.791834589041,9497.509291508872,62498.63553398594,60508.76409064219,41347.065805448685,219.86020601701205,1028.351483331603,19678.356210961265,15982.274422556253,1223.187063041898,39.68642854561347,42375.417288780285,9730.842372361512,1437.8464123075182,193.56473911651608,108.86492796215555,5379.382280290933,5762.395183333334,1550.0392499999998,3167.1164512259725,214.16699133416637,6.3224219933747206,8074.0754035225455,9219.45476834319,571.0457582920881
2025-04-17,9497.509291508872,9514.51145528105,56203.34875906531,57911.32833020038,39837.19176125575,254.25192366767476,1440.8552705319405,21438.929205785407,17472.117171779133,1118.2472686546573,366.08755120711976,41278.04703178769,9364.423420585432,1562.3971493971621,142.05315615871268,70.17395465019604,7134.218002533381,6676.241133333334,1400.9938499999998,4015.118005007098,132.87684999999976,20.46326140906092,8286.535762317315,9245.012816171167,375.43955076972213
2025-04-18,9514.51145528105,9567.034423080013,27460.444567756665,27196.376327995065,14444.540352632113,236.08367070456703,941.2936771764325,20741.71059115135,16664.63904396554,16875.4647948244,96.58435668942047,15385.834029808546,3397.9415267723957,755.1776160745187,1818.4872229976959,545.4898500000002,6206.151820967847,10034.614921842269,0.0,0.0,0.0,0.0,5882.641927755035,9296.70491453335,2757.358072244964
2025-04-19,9567.034423080013,9258.634512169929,26486.47990120433,26687.100366705097,14392.339030141207,649.9828183917305,2748.969476446414,20646.930936423083,16935.232899913102,16472.84750102189,233.97851423163195,17141.308506587622,3356.1354689213513,944.3233569643123,2160.9786511661996,172.20108022753993,6134.254248746905,10494.465586439128,0.0,0.0,0.0,0.0,6035.800438482448,8954.038346855474,2604.1995615175492
2025-04-20,9258.634512169929,9192.291334829491,57227.08434377028,57683.84264828163,37977.86293243287,126.91901089262691,592.2041048249972,21312.856302574684,17381.336739435414,1837.316883120849,74.78751291413838,38570.06703725787,8881.243760460258,1825.1513488889511,203.28784107118292,34.4791256869031,6522.7187686944935,7145.318000000002,1957.4118166666667,3430.4263593493356,2.0062500000001364,22.147044166124235,7995.03962834533,8927.20389947537,700.8724346577395
2025-04-21,9192.291334829491,9167.430423366952,61507.738455943705,55405.61573030207,38058.9605513379,121.0926948130511,562.6792087191243,18374.955855561853,14888.736528164489,3392.505642211252,148.30238883982932,38621.63976005702,9041.220638699506,1882.2318255656671,151.70875031185687,26.66742133393086,4906.17841081877,4055.866116666666,1148.3090333333334,3509.765920303301,21.236346816931473,17.088120953589144,7914.225793043533,8861.913567828953,747.0781938400672
2025-04-22,9167.430423366952,8954.410231339389,53750.24091938697,58187.95708873547,39551.08784290578,171.41443134123153,809.9383860086093,20073.320484186017,16469.16666757531,2556.0821701326545,0.0,40361.02622891439,9382.210192574976,1836.8592690782204,251.0639703501447,32.084088604153976,6255.955606541155,6958.663800000001,1107.84085,2587.448967389946,196.6041967225151,42.69355712959724,8109.74199116708,8637.865743415983,547.9600527944169
2025-04-23,8954.410231339389,9181.048944152302,52637.89205674779,57019.87606082193,38058.884589674926,103.93217070515357,438.24865867262633,21522.166103305728,17290.990902444228,1514.8648139989223,0.0,38497.133248347556,9013.39138456266,2137.425948608502,103.35454717176651,39.97154291182551,7271.964253491927,7618.2326935860865,1185.8100666666664,2880.865361138335,45.80173333333312,38.780724732887506,7913.510689882682,8883.446869733294,770.5496118978556
2025-04-24,9181.048944152302,9172.26735877387,53613.5599655497,53777.77615726908,36035.80158606653,115.51019971572252,524.6359698144621,20606.195164913817,16746.158897266545,3002.103504140097,122.30346853077094,36560.43755588099,8507.788534713325,1870.6192768766568,150.26788036142136,66.16008693459969,6866.11495266308,4307.7928833333335,1077.02905,5546.128781605314,0.0,15.737054619808191,7964.683749363044,8858.074843082079,688.0632648790003
2025-04-25,9172.26735877387,8899.84963106188,26110.877463960343,26003.240140848335,13872.365193149999,141.0983930240195,610.2658215895663,20433.946925238524,16628.503735093575,20318.80778333333,28.69186039406395,14482.631014739565,3228.5937387433914,1000.4233638235669,1986.5083208467881,494.85411666666664,5998.8752267467835,10171.812549999997,0.0,0.0,0.0,3.8520833333333258,5767.748975089413,8555.388478957642,2875.371212410588
2025-04-26,8899.84963106188,8724.113939704152,26089.51050037187,26491.442065176707,14333.942132100983,329.1424950053666,1466.790919366057,20000.939314097766,16358.922966641156,22799.5344059827,146.8401567427585,15800.73305146704,3345.3442553970303,990.4626839857265,2154.9944285253655,788.4124,5536.108923612785,9827.59242735064,0.0,0.0,0.0,0.0,6139.014725244684,8394.471802761402,2528.8048892583197
2025-04-27,8724.113939704152,9010.88662538767,52617.8298085776,56271.16669070205,37966.46159817857,0.0,0.0,21585.84952202739,17331.21553853723,3384.4067501470095,26.041423731542324,37966.46159817857,8947.813521016278,2324.42891230233,108.3349362338779,124.70499006588045,7049.862898824742,7750.607566666668,1460.7626666666667,2841.315435446599,168.77688440867644,9.227507955426518,8363.580901574644,8664.914298245063,179.8972508286198
2025-04-28,9010.88662538767,9096.923115497122,64815.31710689219,64896.2758530561,43702.054185924404,274.9745896742873,1298.1187991356112,18487.984224433214,14875.219865287516,3854.395831632732,1102.0773019519606,45000.17298506002,9815.945464917208,2167.2832239121344,187.16831611893133,74.68944246980216,3661.141513193157,3183.882832237291,2264.646683333334,4225.772251117747,94.6599274904296,0.0,7974.830761162996,8808.437319875402,692.7726639886695
2025-04-29,9096.923115497122,9313.497031704774,54960.99819281602,54444.333445305405,35769.37724320652,372.556335661234,2166.4570692396633,20634.09477405044,16458.33359431888,2946.002183442345,246.91790112606282,37935.83431244619,8415.44412166794,1913.3083268370362,38.0280185145773,67.04200747403317,6852.922289558134,6842.913624879564,748.4452499999999,2593.8054491945118,75.6614666666668,127.50193775247092,8149.1115732770295,9014.996701894192,594.1649963024722
2025-04-30,9313.497031704774,9287.388199824289,51614.90562751323,52632.22231563744,34297.55448646243,308.0349735369973,1469.3018293761506,20815.509199355318,16875.09209640678,728.4407195592239,0.0,35766.85631583858,8006.103603684802,1343.8973081174468,240.21338734503092,155.2464053389267,7363.019042125421,4809.993274724846,583.3332666666661,5395.161393793153,48.52640026966287,114.15194873239108,7804.753399203021,8985.986888693655,835.2466007969766
2025-05-01,9287.388199824289,8846.980938692494,53663.90751372905,54812.59815061199,37597.47567652194,1450.970242788201,8746.96788143456,19864.201038956064,16640.055233136263,2117.992750240953,88.06200400611876,46344.4435579565,8873.830498611194,1717.530022535911,174.517204119423,64.26369458641943,6428.005562865133,5941.712267413223,1362.2728999999997,3831.6987938299185,33.569583333333526,0.0,8640.0,8498.73188597731,1.6899828183776435
2025-05-02,8846.980938692494,8438.406363406299,27739.63081506682,28326.442120201584,16076.251034053248,1198.045333382892,5817.331837439544,19486.211977682506,16128.401788629499,11883.730297864802,0.0,21893.582871492792,3753.749891812617,748.2949923534055,1238.62779325222,272.8761999999998,6249.773995377286,10393.790466666665,0.0,0.0,0.0,0.0,6529.528477933337,8042.673737118111,2110.471522066661
2025-05-03,8438.406363406299,8275.075420755682,26825.77635331673,28001.548916003438,16065.030946256891,1162.2006223112921,5817.528087083033,19369.927253894162,15805.442890713812,16544.427991801043,0.0,21882.559033339923,3774.3529612024577,927.4121123543059,1273.7063144977017,429.1715666666666,5891.736576216106,10113.635041532285,0.0,0.0,0.0,0.0,6979.382426437453,7861.194911950759,1660.617573562548
2025-05-04,8275.075420755682,8118.513138706734,57664.05845961306,54552.33905609136,37806.764187318986,1261.823204731345,7262.692676205602,19281.609822781338,15845.925838181023,623.1881762223935,0.0,45069.45686352459,8891.814451570055,2948.93866092713,251.8268255621034,49.89049429067063,6081.769423238336,5370.916643591765,844.7216666666666,3331.9306944014374,50.42909531920941,0.0,8617.17882739471,7687.236820785259,0.0
2025-05-05,8118.513138706734,7811.486139278186,59458.603787146465,59040.777667777,41234.22684027241,894.3171419700896,5712.9986992846,19112.55208095519,15780.879459428634,1379.6857192102327,196.00385234363912,46947.22553955701,9609.515387987509,3166.296706662426,191.5043669735445,49.558283630768,5164.664749776942,6190.388101410041,1729.9067333333332,2372.8584293295276,102.2020766671335,8.438005078194692,8586.290914234982,7353.886597275386,6.310618442697933
2025-05-06,7811.486139278186,7420.813799555321,50814.1368913568,57443.1126342645,40794.17075517771,1125.4197319048799,6239.973157943994,20770.576057254286,17213.05673748957,2133.428613071337,0.0,47034.143913121705,9659.224649093185,3244.7499455274096,185.3239001487965,1.9871898461383353,6514.89105023192,6849.603136392729,1829.3643166666668,3762.013923208695,21.042666448827504,18.540136069278358,8639.999999999998,6939.7126217199375,22.434803993359424
2025-05-07,7420.813799555321,7307.589040363284,54284.85446027496,59739.64342334703,42031.24386928905,1056.5391747550116,6343.226856828226,21040.63495780434,17220.716467309398,1894.8018409404367,0.0,48374.47072611727,9974.163860972107,3712.560299774691,124.08717380275436,16.722153915905437,6788.36437410437,6784.396283333334,1466.8686666666665,3815.060968705283,185.69136666666645,15.314529573740174,8652.40476895473,6790.284263507611,3.3001171142089336
2025-05-08,7307.589040363284,7650.467656857292,62707.988636033944,61092.70814705456,41539.33027032424,5.422322959634947,11.411278668551745,19223.812621023593,15377.989093692911,1379.48483295886,206.70602639132417,41550.74154899279,9797.574509299482,4002.8314638007378,99.12362200555174,0.0,4749.525680040052,6014.3687663641895,1345.925733333334,2019.8674641379225,412.27993333333336,147.62347758024248,8093.337631176661,7181.456789274323,677.7964938039753
2025-05-09,7650.467656857292,7995.665421500655,28464.951715048683,28628.500475508634,16420.798803163987,348.72382746102153,1558.3484098286635,18765.61634065905,14781.419022818098,16535.727251795364,0.0,17979.14721299265,3784.1092707819053,397.5971925053168,445.98884999729756,340.78268333333335,5681.4857671035725,10325.883983333333,0.0,0.0,0.0,2.918898659805336,5907.137477167393,7565.035774263425,2746.8069285498327
2025-05-10,7995.665421500655,7753.566160093959,28250.040003985378,28635.305739614218,16916.401309182835,116.17614515080163,542.0778932736405,18866.81551843026,15333.63112460526,12908.13360760669,0.0,17458.479202456474,3913.6940254832048,669.1859825550727,878.9815386252692,62.17541666666659,5731.0327927801845,10545.077430475621,0.0,0.0,0.0,83.63569673449257,6212.156755491692,7301.33509003634,2511.460037708113
2025-05-11,7753.566160093959,7983.3937679228975,61114.35381581969,60914.30815396385,41847.182523787626,372.99618653949824,2349.3684957542355,19013.230290538108,15256.824525824017,1891.216133834599,144.1586586213259,44196.55101954186,9659.76902444927,3474.073940981522,329.4633328977343,44.005355750682384,4660.341054184084,5510.565868825408,1309.3334666666674,2459.481924562461,264.4546333333336,65.7185663483923,8424.563143486392,7537.104186580999,268.66889525580984
2025-05-12,7983.3937679228975,8314.75327643503,54359.87682898458,58916.59353686718,40990.6147203879,152.44111923775063,738.1410819062704,19935.006948519604,15872.078123991714,3065.3741825157736,44.39348239460071,41728.755802294174,9739.865039648601,3352.1578124897696,315.15465452100557,51.911282414963125,6294.8907760373095,7789.281583333334,533.245983333333,755.0900906027166,0.0,50.96891703657367,8228.93733991375,7963.92572357033,499.84937018631615
2025-05-13,8314.75327643503,8814.530130785854,63890.40802639874,58972.439008495516,40531.05830648422,112.66374466229172,519.6117908535352,18482.11599432973,14451.05313378934,1367.4259843903112,563.4536248937799,41050.67009733776,9582.032600633067,2789.7001182679,22.93504458852601,0.0,4285.669432309651,3452.703221510501,1461.508816666667,3651.309534427337,40.9398402244982,41.81204554464736,8027.277090137994,8460.589034206503,612.7229098620044
2025-05-14,8814.530130785854,8875.584490859868,61696.2230432017,59012.335891048904,42368.693254036094,0.0,0.0,21362.673050637724,17160.50948159378,1437.228742265087,338.50566307319895,42368.693254036094,9758.831278560525,2226.3600350552356,164.96654426298278,58.63195305896102,7349.029277722251,6757.715183333335,933.5708000000002,3608.4260755938035,43.5612563130594,112.71360632581866,8068.992594756006,8489.805499299997,600.3890085394816
2025-05-15,8875.584490859868,9396.116302274104,59026.968446270796,58479.675402031455,42076.48164337875,0.0,0.0,22082.924668862517,17511.124335881836,1077.2429742455947,222.3367448051783,42076.48164337875,9864.595216743803,2190.230929365748,156.20493071935596,83.01853741073262,7655.753505463627,6952.716383333334,858.7055833333335,3807.1020624801,181.61949164057637,300.67155891440177,8099.618836260423,8863.301227452042,559.2219884645193
2025-05-16,9396.116302274104,8748.426671861836,28146.52054457036,26854.364315295632,15717.826799563438,436.50153405671534,1755.7100277703787,20093.230170479095,16730.851491111865,21198.800359339766,0.7993106453545806,17473.536827333817,3606.956073134445,764.3979257092192,2678.6509450904023,742.2675500000001,5302.490241715547,9906.466023993566,0.0,0.0,0.0,135.44482013076748,5817.8902194725515,8387.140746513152,2931.8200848333677
2025-05-17,8748.426671861836,8612.634765143514,28545.609561884616,28475.0131445946,16781.17792639523,359.69196381741625,1561.5058328375023,19873.45384884,16161.834554546767,14508.879290930947,3.5658398544943566,18342.683759232732,3853.3871573598008,918.7036533447299,2389.1261354277444,950.0354899004094,5096.752432156085,9652.612168987176,0.0,0.0,0.0,44.39010736164232,6103.328311241876,8236.260850159459,2572.6276757210567
2025-05-18,8612.634765143514,8865.589398728118,64100.48111292513,60916.52471738607,41204.022889638036,0.0,0.0,18404.102785121784,14811.690388937985,3615.436139697047,27.349148171883737,41204.022889638036,9638.302673849988,2526.8198758911362,248.94638628020573,30.975289089887724,4638.727436040909,7355.088379120933,1330.2297166666667,248.9263587505877,44.53377095194605,0.0,7758.998036809841,8405.288318337729,790.2550421884172
2025-05-19,8865.589398728118,8832.094760755283,58093.29273064819,55939.4787364403,37551.21726400157,268.58738350582945,1351.1230310157416,18912.865984444423,15354.867395061736,4791.419071643956,348.4429255861617,38902.34029501731,8864.811371432115,2198.2143980296523,61.716587168565866,27.324031986718563,5694.786019298719,5622.493902658613,855.9667000000004,2481.2964361698787,76.83768259636406,78.42003388148773,7904.294953121686,8511.661346515853,761.265452876401
2025-05-20,8832.094760755283,8557.646576908412,57589.637092852216,58390.36782393593,39862.62817399876,547.250995595787,3225.0109974152524,19846.08558325931,16333.029119289933,806.9616306815929,100.21137488074783,43087.63917141401,9378.910758873128,2209.2807208981344,105.58789061542927,107.63607655332116,6307.771579208781,7134.883233333334,976.4611333333334,2049.8163262977796,155.37393075908756,45.48301003978637,8348.653567891673,8312.19168698598,439.181017481627
2025-05-21,8557.646576908412,8473.178689615814,53338.24875137944,56635.545659679985,40146.21032335141,491.26762969509156,2652.5689685012853,19397.48428625399,15810.56351481035,2182.19431793144,0.0,42798.7792918527,9469.88338892684,957.41774999133,195.76333214751287,31.053599248671617,5809.658133292937,6087.445000000001,833.273366666667,3992.332980498073,253.89304722960037,253.89173711298167,8282.576968806494,8103.219940861293,435.3986666671353
2025-05-22,8473.178689615814,8819.99028516684,55199.52463618935,54726.556162424706,36480.9145578558,605.483254592305,3791.5167252544975,20692.6189979982,16537.80777127673,479.7171457387013,53.23249455683449,40272.4312831103,8542.051934955442,2698.9335258997785,123.32092954250152,96.50484715909998,6704.164523289427,5563.056934055048,942.0987,3839.557322222445,99.2315781780328,137.68434674078225,8421.03076933061,8466.6558724076,247.9612709361624
2025-05-23,8819.99028516684,9194.356253800652,27488.782739298997,28004.89162938646,16128.95619753024,354.7322756581056,1614.6345132622846,20350.967423720613,16041.281013022935,17598.681513031624,0.3039479819283315,17743.590710792523,3694.089512584293,666.6691263203397,2093.8550426002876,776.2665833333335,5304.138206369349,9890.400083333332,0.0,0.0,0.0,4.058967967034227,6014.315933634735,8882.618059778502,2628.9718304185635
2025-05-24,9194.356253800652,8946.663283119633,28751.774321349647,27635.36583555306,15830.145530692998,269.9499927589168,1209.6995114775393,20196.71355380581,16419.50046938176,20067.05024734592,150.0520798753397,17039.84504217054,3662.087237599863,706.2541496740873,2622.0018819638863,684.9670694819977,5144.984607692709,9981.699597184666,0.0,0.0,0.0,15.449357685383916,5851.7898494870815,8607.403647910704,2800.7241302380817
2025-05-25,8946.663283119633,9259.06898338328,58009.82708231805,57479.76049489948,37741.77057072702,333.839547035035,1764.7677836170342,19236.074939840808,15325.23728593464,4892.047970409889,510.44300095178926,39506.538354344055,8858.18969107597,2120.4472917369353,49.559261114588594,28.741651314774444,5711.351463194641,7274.462839920801,773.8803166666668,767.5898009514307,52.11159681016727,46.04696391043235,8288.848374248571,9029.874928921083,449.48627390000195
2025-05-26,9259.06898338328,9329.768557039575,56010.35811241072,60761.91001868805,40797.29580648619,208.4049399468754,975.6751706200919,21166.725303056806,17111.101462034974,1844.1629681908514,428.1316160889055,41772.97097710628,9552.26768932213,1818.6562844836997,86.27367547675192,0.0,6803.5490590662685,5407.756121545631,1396.1616333333332,4774.538457548527,47.94791666666674,107.92950742264657,8297.666773812343,9094.49133063608,479.5024036796059
2025-05-27,9329.768557039575,9380.289135116831,52794.46037720482,55776.14956083748,40267.27947361999,227.42734877735916,1094.4295526583717,20732.251244624273,16727.17726186848,2643.9034935257146,0.0,41361.70902627836,9543.287616857,1018.7990633904126,181.81802652284034,19.71005017151765,6852.275350942723,6636.374000000001,949.3682166666665,3814.832803470925,0.0,128.04403424228713,8047.9128485312785,9089.210150129813,695.8028192049738
2025-05-28,9380.289135116831,9582.029251234355,60245.65493289703,59479.99000318068,39583.04934578537,0.0,0.0,19698.81033583256,15823.53065357521,3089.8719177424687,205.84385318085526,39583.04934578537,9263.966114557714,1650.1356235136216,166.43934211543126,61.006840373748446,5941.689815740809,5666.245961316552,1132.4931666666669,3139.1079981513303,0.0,10.022530450205409,7873.026395477719,9232.859759874762,709.8819335745841
2025-05-29,9582.029251234355,9731.049653869159,58504.80396637665,59598.25197870907,43315.98530242079,110.34398410560524,664.2543666571025,20450.905108512303,16472.268710476008,1610.0634982552524,230.17398318979042,43980.23966907789,10233.776880050289,1410.3405166924122,137.23979387624263,23.2391798282614,6019.268784098757,5799.476300000001,1543.490483333333,3679.4761906874423,81.56353580307302,8.56932782673573,8608.355956177751,9580.610920579133,82.35015718685409
2025-05-30,9731.049653869159,9570.258010588277,28519.576783088007,28313.443440501374,16341.33561713903,0.0,0.0,20960.75173444641,16996.350444395903,17592.46581350739,113.26825361014699,16341.33561713903,3796.3039078281163,898.6418293353756,2776.6082191802093,548.615,5460.257566666666,9909.435883460466,0.0,0.0,0.0,159.50749953482585,5873.926387419038,9288.291103031197,2885.5582711299908
2025-05-31,9570.258010588277,9612.861211548294,30416.865267936977,28541.320363317638,16705.18545230299,0.0,0.0,20649.437204848986,16792.55564039806,16009.139832200044,0.0,16705.18545230299,3839.8633956978147,1125.994560069987,2492.61841125794,602.08345,5731.2621500000005,9791.240942681232,0.0,0.0,0.0,124.30839117379526,5726.545025614679,9135.259719361493,2842.1300535254377
2025-06-01,9612.861211548294,8883.450202946502,74054.25363013645,75608.45092341313,60414.91038009401,615.6700540580758,3481.07964343738,16476.583692528497,14026.059744574413,2571.904829517102,0.0,63895.99002353138,13962.02260826356,787.5928455881032,944.6617476108423,203.93368143769453,2333.9208709489403,3879.1200260686483,2967.0205153956194,3064.021485631559,881.9381243640735,0.0,6871.114943442056,8570.998426499664,27.403542812876232
2025-06-02,8883.450202946502,8272.831849092674,75532.00451787014,71319.60704344808,56126.09996932003,369.1087019287291,1915.5876279518209,18806.383233369583,15789.201206255082,39.79588492897551,0.0,58041.68759727185,13068.798357331689,1562.8161871993843,830.8946971958935,78.13382525706936,4330.538511448539,6187.255403191284,2561.4914333333327,3069.6243681218466,540.1580560432606,0.0,7351.035499034027,7916.546373991701,175.08300920003293
2025-06-03,8272.831849092674,8121.245356517148,70202.14356403914,73887.89706955205,60664.35582162437,149.74563967395255,610.6147212205274,18240.46694256742,15071.676472435764,1182.0379166666667,1504.5663890943533,61274.970542844894,14004.22850610455,2302.9312901325893,701.5362801864285,422.5725599637336,2384.6364574053696,3432.4177365195987,3269.3242833333325,4433.252953372907,731.4729910544199,0.0,7782.184700311555,7847.4040144775845,202.52176014465925
2025-06-04,8121.245356517148,7445.133501033458,80008.77832395484,73198.12775563066,61112.97239219276,714.815161991306,4231.047425327388,17344.71619850499,14675.768984586395,1007.1618530235295,576.5870006798356,65344.019817520144,13998.644691386522,2494.5704810032503,982.1511466610502,0.0,3448.0821328774173,5240.762975681729,2124.8815333333337,2507.8042717537037,1044.00603030989,172.5432695756149,7066.70158607532,6951.316921308016,9.946555329382864
2025-06-05,7445.133501033458,6742.0110109917705,68894.6673566603,73279.42305923135,55412.26427074094,783.1925438995628,4383.261039808553,18889.317079073448,16141.804676300499,354.0881170246421,0.0,59795.52531054949,12864.597103025164,3360.6844135671076,1129.6764956942854,51.38417842243177,3600.9906782956523,5438.967733333335,2830.16535,4093.673933089126,905.9689756585897,20.001213760233668,7655.234943741089,6182.195238028979,19.768232910878126
2025-06-06,6742.0110109917705,6241.119856339963,30572.93579377954,34969.12165370223,26648.212691006112,760.6667863955163,4258.456725736901,16686.58201019535,13979.950234784958,2167.5190646873493,0.0,30906.669416743014,6311.4944901735635,303.96032005746514,1401.777402442053,209.5912899531731,3904.9704281876334,8222.732650000002,0.0,2324.132926084537,681.928585436445,0.0,7958.071414563557,5642.23490723609,33.20240415526782
2025-06-07,6241.119856339963,5947.861469896449,35478.7359623044,39282.15755874774,26490.25606417858,233.0930184363309,977.9536761486628,15138.687114165357,12503.785210196458,5562.1259732151675,0.0,27468.209740327242,6201.087872880233,3927.0023656721273,571.3740771470402,139.78284468442024,3269.25190264345,5740.150726784832,0.0,0.0,165.9782333333335,0.0,8160.796278213156,5303.993275694779,336.3847188594779
2025-06-08,5947.861469896449,6647.291962664723,74554.78488656411,70747.87876667283,51092.04637945506,21.737006585991935,146.28105050356905,19227.140969052933,15014.07166886807,951.9081426881764,443.9380137191184,51238.32742995863,11960.473510404725,5399.17528274709,6.4073019319477,97.58271577092725,5007.047417316791,6578.905200000001,724.718533333333,1528.4731549905362,914.2525166666669,37.504885772774436,8180.870614848508,5671.394701903254,180.77528477082342
2025-06-09,6647.291962664723,6910.880699746913,84491.53258779446,76325.53162270818,56611.80461006725,205.05505698556902,1083.113501860813,19611.463215733285,15599.00487628948,1256.046375562129,285.1399980211503,57694.91811192806,12900.957734707206,4666.21913479577,219.37979484362893,139.99779023006897,4014.022092912659,6066.90923354093,2292.610966666666,2245.649417790633,362.758128824795,78.24934831691631,8111.900587515588,6353.882161329934,598.3333055261421
2025-06-10,6910.880699746913,6731.733077594874,78121.6940387146,77217.07741380789,56747.18978507368,364.3621973649887,2061.4561800566667,19057.67152986326,15544.992554315731,1085.27825,1388.6500856253415,58808.645965130345,12654.421837184016,4417.297662840303,104.39435092099563,127.76794787752706,4374.616119750659,4795.591508647815,3020.463083333333,2866.2515458715525,41.120809350405125,591.5944630488751,7721.946892442409,6193.7927907002195,282.45129851793047
2025-06-11,6731.733077594874,7263.813034606107,83302.7464679974,84410.36190164542,65728.85800961455,12.095784527557498,81.6918461936444,21159.306988118322,16650.510915861327,2628.2072873731463,1221.819493209504,65810.54985580819,14464.221096661939,4610.280778387805,72.88720032951096,0.0,3847.6587686647786,2257.6197175356315,4689.8689,6814.13018122952,0.0,750.9222126995865,7986.145967571619,6714.433378260335,53.95007929541862
2025-06-12,7263.813034606107,7567.818292727444,80954.97180501657,79036.8034670456,59826.133665706984,0.0,0.0,20059.37564691947,15939.217672551142,2021.2068725439942,636.3867367999235,59826.133665706984,12968.471207792196,3955.881177234598,139.83826341709675,145.85528235996924,4464.496558326095,2846.459479160832,2613.634516666667,5482.891360691269,277.3913412252343,532.3832385039805,7878.173786198942,7052.359591506561,565.6832067171043
2025-06-13,7567.818292727444,7744.636852744754,37330.50845506286,36284.970235267596,23954.085201829734,192.40498448750017,897.7616576186758,18038.11267602036,14412.529431866324,4435.657242267717,0.0,24851.84685944841,5576.343540931897,897.146574006271,82.20244731315017,90.22445082896292,5657.33588076363,6567.932666666667,13.859816666666802,3138.969989101485,0.0,23.61887299120656,6965.751495896386,7271.818725271947,1693.379791226491
2025-06-14,7744.636852744754,7551.02018689969,37804.9458954731,36392.52676318336,23235.769918476613,111.53353674455565,516.9511110382184,16887.541627786923,13704.741486197641,6992.546141671966,0.0,23752.721029514832,5399.463345375387,546.4098013881315,102.66542782998226,279.18200112721854,4910.104286923437,8757.860724994704,0.0,0.0,221.37276666666685,53.17504667363676,6840.6911737321725,7067.676730676908,1629.9078310453788
2025-06-15,7551.02018689969,8011.767902952277,74515.01851342172,81406.18099547332,61737.03165244043,0.0,0.0,18591.087270628534,14727.502972421018,3203.160515363458,3721.0077319023317,61737.03165244043,13779.315149772692,3689.283218557941,103.53459354347638,87.10433559607523,4055.7351348493394,2321.1868255278036,3328.0633666666663,4504.56384034669,57.00991529170278,505.79950528899155,7024.045644309346,7586.106616495273,159.11431776048528
2025-06-16,8011.767902952277,8282.829838288202,79054.81063297916,78592.30402091307,56930.88702248516,21.9842590062563,103.00724557381389,21236.980505698306,16847.362668216294,1068.9086497919795,476.33652597867086,57033.894268058975,12882.000077117045,3207.8968799440063,88.9875854116948,30.358048245455997,4727.427618534748,5288.637133333334,3330.8536000000004,4243.102236905303,357.6819107532458,457.329521125459,7658.066894882641,7873.0692792348655,684.345058633962
2025-06-17,8282.829838288202,8374.383462131542,79717.65638808077,81934.8246255418,59234.53868395472,163.7929279603739,825.2283462210014,19923.584262394517,16016.671261682353,1964.2686639892863,1598.4477721340702,60059.767030175724,13515.115856813294,2873.3725621835456,104.06881968586458,140.263527575465,4576.203924284836,2968.139892055274,2667.2855499999996,5537.190681073294,0.0,353.4281131182625,7895.264318423671,8002.999697008176,773.8486492879798
2025-06-18,8374.383462131542,8428.444106879868,80648.90586766836,78358.76407351524,58454.21051787685,53.12219959877716,257.3282177283825,19816.793090739815,16045.910585379872,2886.4093948825143,780.0736562048988,58711.53873560523,13259.084405498194,2769.4649938749108,69.66557888902537,50.056632807033715,4717.504169393699,4597.005113143829,2298.2555000000007,4102.317524592352,688.5345925222998,303.08854902526537,7857.5183284619825,8047.900724400281,414.432416112868
2025-06-19,8428.444106879868,8637.856441154667,75938.17178594589,74566.24171746067,52197.48966906905,273.97699413974277,1454.9182606247787,21176.935029456465,17068.889338842815,2303.951814403576,342.93602324984636,53652.40792969383,12333.689886384967,2819.5572603667492,149.44107708894785,25.85959121480846,5284.065427752943,5019.275396206497,2859.568966666666,5073.009560441253,52.062689349070524,72.05639771749466,8068.858616304846,8295.625052929892,654.8925616803381
2025-06-20,8637.856441154667,8250.927842379746,36115.49382853824,34082.84949162487,21548.868457899458,267.2862956591494,1092.063379560672,18938.074529479807,15483.274259102407,8504.879683573285,0.0,22640.93183746013,5055.461741641825,877.9085256488423,1334.4888359170461,509.5599833333332,5410.883708515042,9342.533648293,0.0,0.0,73.97451666666677,120.86631440780481,6700.278897177649,7834.364269310829,1963.6483008260068
2025-06-21,8250.927842379746,8620.349606910802,35741.18443222863,34751.42331886197,21510.135215196347,0.0,0.0,19440.209149944432,15418.658501486856,11199.276979193035,3.5271078780191374,21510.135215196347,4986.7769524459245,933.8744331919347,1154.9802211247836,344.45425000000006,5731.58683057619,10055.908345893498,0.0,0.0,27.00500000000011,48.88087957734113,6618.744662457647,8062.731584627105,1886.3417873282347
2025-06-22,8620.349606910802,8761.17839460007,72751.07540626176,71439.45417832662,50848.289204406436,302.40052738314904,1824.1995822077847,19732.32049266048,15841.816647269092,457.0139603183721,0.0,52672.48878661422,11771.68461453104,2479.3384156440634,267.64423745293425,121.95269324404671,4342.56138982012,5334.95246039339,1652.03455,3308.4072337092816,884.2416193692006,64.44870728280023,7940.686239376111,8405.17525045411,754.6486112507215
2025-06-23,8761.17839460007,8591.080982912294,75561.61744674321,71436.01751952365,51350.53966852686,230.6254371384516,1205.7494674258492,19073.15459613144,15601.673482390284,353.4853054934059,762.9544040941955,52556.289135952706,11966.016132853258,2323.889218404611,188.07358094743086,265.09158616904443,3830.4021268919905,5877.408834422145,2303.366383333334,2142.121026333083,881.6686654191111,202.70944945685164,7981.246045700214,8261.108048018315,416.9166800982005
2025-06-24,8591.080982912294,9435.267040093011,86619.01306577661,83055.43572316898,60757.01340782183,0.0,0.0,21174.652621406873,16467.082239575873,1830.22744316838,235.29661483626367,60757.01340782183,14179.524936589043,2744.6341714193127,340.5810585379468,147.8822899409198,2396.98589031705,3440.9037258965377,4951.601618383825,6035.43873929318,490.8859485159477,196.09003996375466,7574.83469737434,8702.766701435077,712.193026446763
2025-06-25,9435.267040093011,9285.095569764477,76937.51084452352,76096.08761931688,53714.86924011388,413.2959267211049,2001.8557945344983,19710.27306348672,15934.431765269392,2116.362455275673,155.03122587832368,55716.72503464838,12226.094779617888,1584.642718845997,138.10123595074515,163.04301080066065,3356.349414768876,4106.382834510639,2985.531226793486,4503.66100490189,681.5194095085471,101.68451389723202,8124.935609323716,9045.866709603708,647.9948689240188
2025-06-26,9285.095569764477,9229.057225331624,73251.58406016688,75110.08383745306,53088.6112729271,57.58943770927192,388.3530761864033,19492.68049421778,15947.557658638238,3020.3750665892458,1209.3256229935414,53476.9643491135,12086.022906376731,1822.5098093030354,112.81895832348857,75.80742638013137,3469.4305750188123,2988.3920239490258,3549.5156499999994,5448.506666423436,260.2721367691613,473.9832187881218,7712.7111797511625,8816.878816450913,842.8091587756148
2025-06-27,9229.057225331624,9225.403104434281,37271.56973097058,34084.5397921938,21661.439208255753,70.12108858203814,341.93136655069736,19423.255681592713,15639.399533926971,10655.736259933215,18.902673176882672,22003.37057480645,5029.571483950613,1021.231270961872,1274.07922125718,244.6261166666668,5626.860827474495,8999.313656733451,0.0,0.0,0.0,69.14555365603655,6694.138951400998,8969.523926820686,2044.3205337942961
2025-06-28,9225.403104434281,9176.102810783626,35743.911440494194,34089.14788853629,21107.529306096363,125.42840112985525,436.9417836505137,20687.891291017862,16767.951777513466,8281.882627182848,0.3942989788953355,21544.471089746876,4895.224617746371,1333.0216562606718,2100.282654051895,83.50708333333341,5883.898945059114,9908.8476,0.0,281.19008648026164,71.32026528174663,171.73786763304994,6480.514635028885,8868.092636203639,2231.935278091823
2025-06-29,9176.102810783626,9567.078394400858,71179.83037028796,75306.20986229609,54880.95174352343,101.86588480781975,556.8532332480296,20439.456309564943,16286.659764496775,993.275,1023.1908853690813,55437.80497677146,12374.049854921923,1976.660307896492,209.73319995536212,75.6285194887929,4614.449795749701,5431.100169194947,3194.489583333333,2996.201674588998,276.5043694775885,652.8322787627602,7900.578170634194,9408.981728774535,90.90464534660222
2025-06-30,9567.078394400858,9411.903380283606,78583.33161900473,76462.5388528549,57675.07602787158,1.923623710494212,12.97484192728346,19125.910085287323,15676.418355704976,1068.753427830448,1924.787402485932,57688.05086979886,12991.31258391549,1528.583208731331,128.52295403315043,98.08828321901751,5060.989627124518,4695.71983915224,3212.5017000000007,3338.6619445525903,128.4029701977122,445.3900646781468,7128.623237921479,9074.742885591915,17.377866428118296
2025-07-01,9411.903380283606,8801.186938225941,69193.0288662726,81367.79060823098,62502.847008537596,535.1918938836981,2982.6017406403566,18983.19295437605,15921.60786892804,0.0,0.0,65485.44874917795,14937.633550721623,1021.0913204648696,1582.1745765438486,109.77673737826922,2251.292937907423,4757.962417039897,3384.856627434912,4592.967463968571,1335.0571340942874,0.0,7327.588096744579,8495.934247662144,40.63849620298947
2025-07-02,8801.186938225941,8296.651894026192,65090.08621336474,75761.71132244737,57547.88065561793,365.05804446322236,2252.68278413354,19210.10323624837,16086.946566695322,68.30586402421909,0.0,59800.56343975147,13719.364200282553,1693.5199040645464,1835.1556811005385,165.18733971353367,3738.646499588388,5611.063594715105,1963.813333333333,3938.0063947571734,593.8784866931994,5.53353299073342,7788.495429195918,7886.522600321316,166.9571367839451
2025-07-03,8296.651894026192,7957.930551965261,72872.6841886724,82493.01521307522,65196.79532036453,457.842842633851,2427.773616191073,17933.931919808936,14946.109534783178,410.5009040166496,0.0,67624.5689365556,15536.97844220593,2085.015400876039,1994.6947243983002,343.59534254812934,1237.3220001428608,5290.487325829207,3014.7593166666675,2847.72023958564,799.5930671505027,0.0,7892.240230889482,7508.811724405847,7.500195535360694
2025-07-04,7957.930551965261,7278.680296690564,32851.23920899398,37732.344703380804,27335.188477589152,3588.0105103687642,11755.968576939573,17787.70942353348,15126.426649072673,9768.48027262209,0.0,39091.157054528725,6454.967589921624,450.14131433282614,3546.5988699397626,294.76520660970436,2915.699300468534,10391.094310711245,0.0,0.0,157.0740666666668,2.368643717663531,8484.844534744636,6781.50882009207,22.209877253069045
2025-07-05,7278.680296690564,6708.604593804593,33541.69191843568,39619.62934805576,29091.088640553633,2501.9296797928,8199.726651656496,17348.640081082915,14537.379895907019,10369.047142672656,0.0,37290.81529221013,6904.723051904282,317.97244240279656,2156.8206879470044,471.9065026188027,3708.727098977144,10364.115523994009,0.0,0.0,155.562,0.0,8484.438000000004,6159.970670872842,31.832108982869045
2025-07-06,6708.604593804593,6056.780062849146,66596.96575397126,82649.4212767866,64657.38136050588,682.8410101200384,4116.185140743103,19649.80112551688,16625.147272394286,545.7835171173791,0.0,68773.56650124899,15523.592221469384,3915.8998110446146,1540.4613661557778,226.3161384747798,3354.942428175158,5497.572416666668,2718.204199999999,4595.880953273805,692.2674650234189,137.9397107798129,8294.491989563918,5427.014666716347,24.779823476011074
2025-07-07,6056.780062849146,5750.87236117691,69520.67682209397,76079.64520980348,54907.72118292725,1337.056549917198,7399.5196956217815,20324.738868163022,16746.624978571803,421.8589367961303,0.0,62307.24087854903,12826.96444726546,4394.249463240576,1708.6271847132798,0.0,4783.820930371665,5507.903261566084,1450.8858567041545,5335.181188020069,130.00855416478316,41.089447676438795,8673.282452617917,5056.524845752121,0.0
2025-07-08,5750.87236117691,5987.503819601209,88261.48900404922,81156.63839704695,57836.627121535515,312.9228422393588,1742.067473449314,21426.269066441768,17205.561168024567,1189.8485297048537,510.93872783091933,59578.69459498483,13753.118341297588,5760.990875534334,122.18773424202641,19.7780844881961,5591.149014713633,5268.464712062479,2593.2400499999994,5072.871176280745,208.11325327981854,4.8489797528135465,8144.597728721988,5377.4035553461745,546.2733870671067
2025-07-09,5987.503819601209,6228.7622333563,87519.96651399121,79704.21912278752,57555.979091894726,170.88392711673356,798.5693227205628,21428.93868564046,17096.246292577853,1049.6088579361162,430.39039890552533,58354.54841461529,13409.07030395657,5472.714189146701,101.65193084991711,64.60168484936511,5434.623648061319,6305.923233333335,1867.5727333333325,3834.9238151122217,990.318356062921,105.09856008456443,8035.375417789978,5591.280326063243,666.7042064803884
2025-07-10,6228.7622333563,6474.216848064914,79649.31883988334,77490.9975144397,54833.39120644219,77.07401045712118,519.8743818245767,20724.384259242815,16578.967698769677,12.358037484991629,702.8463102720386,55353.26558826677,13017.50445937359,5263.202318332372,149.07988786989347,143.7417650721684,5210.571554597539,5922.047904091625,2219.6753833333332,3089.5178422691533,402.7471253009851,378.60408094474144,7874.52250346728,5943.474795471951,722.3712442006458
2025-07-11,6474.216848064914,6476.966105340617,46431.22326590803,43449.82884432335,28799.490387183192,206.8911130915498,964.5085316080823,15941.075911903812,12885.39707615915,8048.23955500356,0.0,29763.998918791276,6656.114736492877,746.5399101441553,83.3405296641912,296.8511913413587,4047.563632891586,8360.452566666665,0.0,502.4637383877618,19.597499999999968,114.7384587262106,8158.971368234899,5889.906489928009,575.9240453684686
2025-07-12,6476.966105340617,6458.408752132389,43452.76062028269,43304.3483952458,28627.341074822292,461.39318216436004,2073.2603554202124,16846.15395752872,13658.609250318374,9322.530353533137,0.0,30700.601430242503,6587.944406142118,572.795821441531,256.67822834975004,154.503756167657,4703.252781634175,9555.3019,0.0,644.1411337208996,0.0,39.204565158332926,8030.440326134235,5875.914098117714,668.2379142002113
2025-07-13,6458.408752132389,6958.139903098557,84347.82749546165,75499.27957627364,55863.092976372296,107.34367753079266,723.1576667013353,20073.31479541361,15829.042647589547,1568.7320919389936,551.4636640413769,56586.25064307363,13343.79689366567,4964.811205108858,114.06495305732471,31.695142639281066,4994.048398871153,5305.9002209203845,1851.4930666666667,3301.4977516330573,774.7873274227073,88.67938203392998,8089.166929793066,6404.701092058431,5.481971778627553
2025-07-14,6958.139903098557,7522.4204014692705,82941.06668478831,78325.16551979264,55959.89409155016,0.0,0.0,19382.004594053356,15148.209217572254,1332.0966389212701,916.0765877236049,55959.89409155016,13181.418160072597,4272.840771981244,64.97297694663621,116.90611692397611,4719.822929189022,5493.210625851861,1602.593166666666,2553.239616946985,228.25651666666658,37.45532372837402,8102.095145328953,6854.818737290888,430.4684827743067
2025-07-15,7522.4204014692705,7702.636132699224,85391.35435012323,77233.01579087983,56715.03745819668,141.04234867652505,917.0134281935779,19090.355535073377,15206.446162417176,190.31488473507218,590.342165498411,57632.05088639026,13247.190654804092,3839.583810764202,275.3782492108561,197.64536196861795,4953.903575358404,6082.9199904314155,1177.9008333333334,1361.4059652824337,578.0011698977085,189.2234745416929,8158.325201942618,7302.851422350071,62.93713267425564
2025-07-16,7702.636132699224,8327.769464057252,80886.19266704441,77327.73331269776,54420.21931111872,0.0,0.0,19601.13024151665,15296.393280984072,312.96285617979146,554.3200793187177,54420.21931111872,12956.112051555554,3641.3872218609404,161.89616913666362,46.34443146835952,5239.569440421101,5764.017235520454,1197.0075166666672,2570.8527051429974,352.87539941449677,72.99158389270957,7710.1258141190565,7483.435561875393,634.9189412260857
2025-07-17,8327.769464057252,8151.69175036898,78288.68502445435,76920.56661674897,54665.19919484635,162.8127914495289,755.1038394871398,20713.324616197195,16811.650713532028,494.82232894410333,187.36760992257754,55420.30303433349,12836.654933586808,2953.7039866169944,335.46545198218405,161.9153425283248,4457.4325992036265,5960.952862745411,2414.696233333333,3626.4851540363716,856.8746833333331,121.35397073296053,8033.641006690992,7735.071116935729,713.5407389885623
2025-07-18,8151.69175036898,8181.349988857605,46264.32648989489,42596.431490080475,28127.196459315026,0.0,0.0,18222.50160896036,14693.931336184974,7758.353133971772,0.0,28127.196459315026,6603.378479622464,1034.1623186901354,43.33495597598835,105.13526109101304,5875.793968961687,8429.1773,0.0,681.6564160282293,193.46433333333312,225.2618265496634,7776.853891541146,7698.216446560396,804.4841863728233
2025-07-19,8181.349988857605,8296.61190628015,45573.396564327064,42576.093362481915,28416.060834583684,52.209724126798704,240.9569572072757,19422.987080943894,15547.706030067842,11396.718119065996,0.0,28657.01779179096,6685.608899568678,1035.7164451734725,557.4915912381051,558.5383666666668,6296.957878133138,9777.63960717146,0.0,0.0,22.290833333333353,65.74884036616884,7846.389325859032,7885.124340311276,824.5764015042332
2025-07-20,8296.61190628015,9102.7670290008,82891.13093368572,77819.48965949859,56850.11845182196,0.0,0.0,19989.891169301154,15510.007626770095,932.7716747668964,332.7186755339649,56850.11845182196,12964.080523335178,2927.1728917180053,136.89819532682543,227.99615476296964,5262.805552493264,5713.399198913883,1609.5585666666668,2775.6666296212293,169.51864992841365,130.79268497640592,7614.17736917241,8268.857918055253,717.049293182515
2025-07-21,9102.7670290008,9037.573731867236,87040.1479424642,80606.59476958806,57294.53944461797,92.6400293779561,487.6960578425018,20888.361105591863,16826.75830271009,1845.6509381878204,777.198907896408,57782.23550246047,13708.414583349238,2112.7563421438363,183.82296323723108,43.07862426477253,5253.470661503901,6159.773161466595,2068.8479,3657.5640720923802,664.6182833333332,18.86294789462511,8052.15169253391,8709.303537680851,603.8468021017152
2025-07-22,9037.573731867236,9314.294631175931,80675.70764808722,81780.39441180906,63234.678944639025,21.68567648720432,146.18488763517163,19796.68286249447,15799.61152655157,2463.36105559135,1578.7258634286777,63380.8638322742,14494.914838140769,1999.4820923352704,33.39685347208149,89.26692828992782,4590.494179376732,4328.496668121841,1504.9361499999995,4390.14963784779,1038.9793903735144,182.74170830998958,7982.282944993329,8823.023873649985,649.5220083359138
2025-07-23,9314.294631175931,9315.222706159282,91157.84996098668,79531.39213750581,58432.946419853295,660.2420615889689,3736.8505654475716,21675.883151098038,17523.464839870558,1440.6817590878047,353.0299954461721,62169.79698530087,13979.262146780884,1813.5661113723288,187.1916636772678,147.5488670449662,5590.116220232411,5736.826286732405,2012.1121666666666,4911.646905258618,1087.211535512728,0.0,8263.405888895611,9025.350233734369,383.42736488587394
2025-07-24,9315.222706159282,9668.639870393024,88606.2703583493,79076.21379778098,58190.31997083494,0.0,0.0,19023.05302743846,15237.427142727736,1324.014947700614,542.768698702964,58190.31997083494,13599.368467980026,1705.6293465851404,184.7973330568601,172.2680577525214,4927.199859981606,6153.661460380499,1142.4290833333332,1913.808099237,465.02139997523545,34.05310781814501,7950.013700177759,9224.904114076213,567.9657662029484
2025-07-25,9668.639870393024,9540.508440265123,43313.72080699532,40949.664430024386,26520.186606181545,577.5003488836998,3122.5747883381227,21097.507111617364,17042.598989156875,10883.810535568426,88.17628754584155,29642.761394519668,6147.802478513116,1028.8206938797593,1535.4274395543,126.28443333333325,6754.623226128573,10336.592134921668,0.0,0.0,0.0,112.9061339098146,8082.164151800283,9293.274013883534,670.3841716737185
2025-07-26,9540.508440265123,9483.674348830586,43499.04356692592,42603.55738149439,27520.135001444545,99.66903570109706,465.556090919999,20516.917426258235,16671.951398822945,9830.603690194297,366.30394956590237,27985.691092364545,6348.435983977403,1182.1168347093605,1160.618328519744,392.7386833333336,6819.488453252223,9676.56322952935,0.0,0.0,37.83624999999995,51.048295886655815,7698.2406498910195,9217.040013988046,955.7677171599614
2025-07-27,9483.674348830586,9543.671574616385,80218.50874822831,78938.94738823504,55029.70062800933,151.89901584821746,884.95510599947,21918.549683742924,17716.115783871406,1059.192227697799,124.12370984725396,55914.6557340088,13048.075678046287,1799.8764214761516,277.98977210847625,38.87915279775609,5535.408087301267,5864.017883333334,2725.6517666666664,4785.647814919137,788.3631267542983,179.24399898456602,8267.13975398578,9270.746194018204,121.56327705491184
2025-07-28,9543.671574616385,9740.625004809026,84823.29995261486,82926.86925080774,60469.77982130343,0.0,0.0,20649.95270536377,16531.017959661753,61.73525125289784,850.5924205194912,60469.77982130343,13778.569356564745,1559.0748172027795,136.95510954970757,75.936848016761,4723.093358203153,5183.34602562645,3060.190166666666,4070.1706255536087,120.34547151379843,518.6811500584037,7747.567824456927,9220.291825931048,742.8660292715034
2025-07-29,9740.625004809026,9932.860494161405,82238.64817659145,84220.30185515745,59320.01540515531,382.338794619788,2224.157755171324,20015.72664403631,16058.310568710252,3737.2063461702937,818.506811614221,61544.17316032664,13793.319358953551,1455.7770912275123,225.95958873988866,50.25631138373803,4015.9457461635798,3759.3407886484347,2894.563966666667,5003.495092815256,227.8773228586938,66.62215343385873,8238.635447771048,9703.17832684601,455.3284965103803
2025-07-30,9932.860494161405,10424.014225798745,75247.26417003275,81259.80977233089,58222.61917304097,0.0,0.0,20715.64481508784,16655.662790508442,2219.505950392538,926.7028306922667,58222.61917304097,13849.793735123641,1099.1439988333038,149.67996635111024,106.89910848108252,4796.188247748776,5318.820081155943,2727.8983166666667,4609.362576165008,564.5307833333333,31.411496351667928,7919.115042828083,9942.635762447613,498.2504335804705
2025-07-31,10424.014225798745,10149.948597927618,78036.75111385528,80055.64180949418,56072.07466758709,358.62576614691193,2166.5719206126255,20005.071697024527,16208.82550501411,1204.648621384365,834.1359122463134,58238.646588199714,13164.951072167854,659.8792275945551,196.11497757046186,142.1402969076148,4332.138056561914,5637.458266666667,2697.59165,3038.721404076263,531.5157254325666,283.79179462556374,8175.143012402862,9944.387331030688,276.32208304630785
2025-08-01,10149.948597927618,10450.477949031047,43247.27845911986,41552.42450790676,27304.69915623301,0.0,0.0,21336.343942276242,17277.72116281953,15406.33627477605,843.4179370073243,27304.69915623301,6345.739979377882,860.8342014354856,2040.6442505265045,513.1333833333332,6569.518018102819,9978.141712137936,0.0,0.0,0.0,99.82888132565535,7683.146567036435,10212.503277091808,984.4123271537694
2025-08-02,10450.477949031047,10313.108546914707,44224.03622375567,41595.85680310596,27161.847782681874,324.8842829206211,1716.4114543265164,21218.025607879394,17186.600742382318,15724.037353400223,1053.4989171292855,28878.25923700839,6349.750718676252,470.0743547853108,1948.0975456356578,323.7259833333334,6510.07856033063,10036.750219706475,0.0,0.0,68.1089166666668,109.16621779755893,8052.541059075573,10125.676163238564,607.7746606737888
2025-08-03,10313.108546914707,9924.521095734108,67558.6608470391,67945.03387363782,48060.351749097325,273.3889486147379,1680.1162306932874,21408.491803243025,17453.809401466147,638.3168945427476,783.5397759329296,49740.467979790614,11422.348519138106,627.2765628749559,101.96605844654664,61.62833547799692,7858.256023616641,5970.02078336862,799.5885778259412,4719.857563926948,182.17490199573922,30.72325472269017,8480.32272596861,9706.642506299919,31.50111361267584
2025-08-04,9924.521095734108,10436.94882264697,75130.00309465508,73137.333777567,52762.11158727698,8.43872040864892,56.908102186413025,20772.0316062317,16712.41456020839,2338.2316002506404,1334.4145350350122,52819.01968946339,12474.14535374237,975.397756729306,127.37262283629002,164.90746246537753,6966.977083720361,7241.307833333334,940.3756666666668,2510.5553265616377,474.74626928054386,46.52986047539048,8202.942917704526,10263.276469607741,0.0
2025-08-05,10436.94882264697,10148.096443189119,73503.0917705898,72007.59679474645,50803.94869111666,0.0,0.0,20217.954235745903,16376.542930954176,2088.5654960866423,949.3334938680824,50803.94869111666,12004.404281474914,553.2366942989308,121.37566276440532,33.559472102186646,6321.326634711964,6504.749280029923,1338.103983333334,3040.2661513732314,295.4030434002834,175.7980336930293,7970.583528283734,9589.3975159621,329.75007846045423
2025-08-06,10148.096443189119,9720.731615577155,79178.2974353254,74536.63973821717,53613.898825948316,108.052324771788,580.2254935390238,21216.268744847348,17575.281895822296,2216.340294289117,633.1123363414686,54194.12431948734,12684.69579868192,923.3571860089627,192.445720153288,38.567408167684334,6751.131886163207,7038.124264740646,1218.978733333333,3755.5006434926995,772.7255561724713,0.0,7964.599807350099,9467.479572863507,675.4001926499021
2025-08-07,9720.731615577155,9220.02848585853,79422.18427741723,69950.62567963857,51140.75973884462,257.1980274064327,1468.0709338832403,18461.08435328278,15383.208928677723,3662.146228913799,291.8794368594725,52608.83067272786,12220.366423548274,1356.4426973005804,169.34019760594754,135.07840099675343,5244.904491814919,5085.62975,1111.0658000000003,2850.03466865916,139.36823333333336,0.0,8134.694520784988,9008.093633575554,583.8356851385345
2025-08-08,9220.02848585853,9084.43568473906,42429.42338422328,41184.12257700229,26214.141004946057,352.1180252834307,1389.4259732653038,19375.249377554224,15772.278750382586,22002.451325688686,141.244949425379,27603.566978211362,6075.1428795050215,1310.5396471411505,443.1971263929889,371.42415000000005,6573.78204531793,8736.497356486312,0.0,0.0,0.0,48.28894815933583,7830.650567229388,8854.540304849083,924.649011442277
2025-08-09,9084.43568473906,8941.56407563018,41568.82492033007,40801.02163051517,25916.65930123281,27.864365078292963,58.64055630726754,19863.71146931612,16189.037079500602,17887.96796526146,172.13230718315458,25975.299857540074,6033.479515141263,1081.9563779304438,899.9126528995646,603.4249333333335,6626.713546880602,9512.932372088093,0.0,0.0,0.0,27.6677527412805,7494.210869693167,8601.737861811307,1168.2000100272712
2025-08-10,8941.56407563018,9510.599317729808,75021.1822537531,71294.23739516204,50328.50868201376,0.0,0.0,20976.237580106226,16522.16855745048,1170.5256349397428,374.55975423321814,50328.50868201376,11975.606504554933,2238.1127916716455,161.3793586728616,26.04978932304256,6806.655063864048,6799.540188181834,1090.8280000000002,2950.438903008355,0.0,12.281231750560739,7697.319787498383,9003.577435990672,765.986347415188
2025-08-11,9510.599317729808,9278.017115789247,74056.77782388568,72561.92109588221,49923.54769261974,780.285624350112,4918.94883783553,19120.98001431162,15683.368604063464,4969.03708872819,342.39123792263683,54842.49653045527,11763.740658792509,1605.9003008391942,140.3186296365759,0.0,5092.418831577111,7429.088781498984,1596.6784000000002,1054.2563324467549,182.4123107189398,0.0,8222.607810435275,9014.513378198966,448.9326216955619
2025-08-12,9278.017115789247,9676.682768600951,77416.18008350128,74479.15236398042,52365.194755559714,348.6965086344732,1972.266247096398,18965.70366314031,15009.789555085756,2930.7834835073154,235.57414771969223,54337.46100265611,12450.873247107253,1830.6650707505146,228.41638156782062,158.41117163485194,4777.798561426933,5807.373620948042,949.4101666666668,1707.53110363256,374.40498724640065,51.048848929632896,8353.172397624981,9418.536409556611,326.5870605529548
2025-08-13,9676.682768600951,9758.317056885637,70528.2592062855,72328.49228884507,49632.905429411745,190.93348493594732,1034.8567581318864,20961.05839850416,16869.019121680878,1845.05505391171,432.60254304601716,50667.76218754363,11663.012987103808,1444.5335052238324,282.06434701688363,71.83414673138259,6693.37777716744,6022.816917788591,1041.2793666666662,3800.78036556624,157.6645984909976,67.44818807269655,8221.041673694173,9509.241174317374,473.59135864471017
2025-08-14,9758.317056885637,9906.50074763802,71848.8534814833,72569.20683625867,52467.1541448966,27.99358298281902,131.58013736886457,21006.708446011668,16997.626566498147,2270.7712107258712,573.2571456687612,52598.73428226547,12444.935259701928,1224.699025496224,293.33974250363747,225.17006710738565,6151.644082311979,6880.858183333334,1846.7398,3082.979954867849,15.864583333333258,61.77575104839434,8219.107458551662,9673.889719597802,470.9308997975362
2025-08-15,9906.50074763802,9497.513227602465,41236.521225934,39803.84830515412,26083.98235586801,187.185613142367,787.9931330344161,21081.897502402717,17349.771840582052,19064.431389809157,0.0,26871.975488902426,6108.086420483498,841.9414919974835,1986.7236673078608,403.01531666666665,6531.09961408432,10263.65135,0.0,0.0,0.0,205.57365043938756,7623.189217032987,9250.85902120517,1208.7593421568877
2025-08-16,9497.513227602465,9241.18007193599,43143.28878161304,39728.63073832253,26917.426607009307,770.4665081334659,4360.426155052204,20692.603556130016,16970.804578055453,19435.811939327214,286.09752905420885,31277.852762061513,6282.763634665625,1027.6161498738295,2154.3026317350177,741.5415333333333,6145.828354505003,9925.125133333333,0.0,0.0,0.0,0.0,7884.024630175067,8972.513156244213,786.6489616403566
2025-08-17,9241.18007193599,9488.342224421189,75049.01674536528,72047.48463143958,49785.047710603394,392.3541635861123,2063.8582394779164,19370.237441114525,15546.834453908155,5306.822459809664,79.17436467632626,51848.90595008131,11795.386651737743,1870.888757261303,351.2085672898887,156.17680989168514,5301.955097624896,7722.014366666668,985.5386833333331,337.8192183195397,128.74802972702332,149.80639388591447,8340.438153494362,9231.541850449994,438.94592243865367
2025-08-18,9488.342224421189,9722.196372702121,73385.8806330784,71781.86608950369,51151.32072765824,65.78928761082489,443.7294285109373,20891.86897068585,16632.55706896064,2650.8464467896774,574.6411119329574,51595.05015616918,12045.346100838164,1528.7619844788824,392.1334566257375,53.47538201802354,5749.899365104058,7198.267066666668,1603.411366666667,2447.2234718784725,283.96708715599334,53.276519491207296,8284.663830429134,9512.854590792034,318.4819629790553
2025-08-19,9722.196372702121,9515.02283624998,72563.7117581441,70163.43214380354,49240.9282538224,665.6261808547545,3868.3510377495836,20265.743236850398,16606.74179357353,2788.8624245208275,116.01684019392373,53109.279291571984,11656.483011664228,1352.7860930863094,297.835685627208,101.16330721294412,6232.444058321007,7315.859490996256,1131.449066666666,2225.4116336217335,274.3765500000002,16.379153783162614,8229.00454345559,9260.357865455882,441.6318895030521
2025-08-20,9515.02283624998,9573.565298615878,80598.18022132985,75354.55027099181,54850.7907111032,191.18837520255784,1287.5258953911605,21351.41998838655,17261.557142267196,460.5411841545807,283.49814925377484,56138.31660649436,12943.987986951568,1591.9356515043676,189.08823847559268,115.86698424201388,5721.429916794456,6220.351166666667,2565.4725166666667,3927.242143857531,530.8331286206607,141.21843114070134,8161.1535640974735,9378.99717616465,93.5797776123427
2025-08-21,9573.565298615878,9396.447652261291,75459.41819957641,70646.77868256532,50208.767530897196,570.1128811456525,3451.4185883278756,18333.18275355785,15080.967913563785,2162.751689664318,181.0821507192498,53660.18611922507,11900.832097853832,1544.7981049880182,300.6044787127165,90.80933242526396,4986.642690357048,6065.418666707443,771.2317000000003,1493.6936905074297,285.45293333333325,22.267113777424456,8335.520794298996,9204.694612390287,401.51531686168653
2025-08-22,9396.447652261291,9218.138281438125,41140.99992619357,40489.17514725093,26464.44535710622,622.1787947444434,3462.158901992911,20777.415131987258,16894.978793165283,15811.607683333328,158.34346984006254,29926.60425909913,6157.028797364685,1047.9939409158555,1704.376328756968,508.7844,6521.301650420036,10157.88226666667,0.0,0.0,3.380833333333385,11.037241351020839,7965.912409902665,8934.1791380102,700.0075707522799
2025-08-23,9218.138281438125,9164.341269116972,39792.70806513144,40761.13814436581,26287.09360331542,148.2793005304876,666.3806603118296,20260.526487511583,16478.49486406551,14326.205174569404,96.19708021414931,26953.47426362725,6163.827301703074,1063.5559782152466,890.181164764336,432.08335000000034,6851.931025231549,9820.148001045958,0.0,0.0,14.918333333333294,91.17568529050862,7487.845000482275,8877.083347147644,1233.619340254017
2025-08-24,9164.341269116972,9212.609942899619,71078.13178701574,69788.07643876623,51355.026931851135,175.19368896294213,819.184052782662,21935.637740953513,17704.266804977146,1885.4628645976875,135.85847715512287,52174.2109846338,12283.514547411969,1920.492743410564,148.0366547816468,107.64241345822147,7157.698012162204,5983.327249999999,1297.5173333333335,4946.478817088311,420.5875333333332,49.91021156373924,8082.888317221627,8902.899936555132,597.5389541449993
2025-08-25,9212.609942899619,9202.852252231516,93517.99649480823,76460.02400191536,57948.723633890935,189.59130338669894,985.5390260104111,20346.35721708632,16489.331267441215,1624.3551242612987,388.35209806231717,58934.262659901346,13756.491941050366,1832.7326094036293,75.18573111116939,181.0360863785505,5811.506501697181,6501.1413833333345,1071.3524499999999,2867.1818972614747,832.7987666666668,48.27797588423435,8093.959905361525,8915.9872648251,604.5279126046735
2025-08-26,9202.852252231516,10208.940565841818,72589.08186866695,72283.91571893895,50879.65640740768,0.0,0.0,21969.65383206516,17032.986603981153,1265.6107457204425,556.8815951344889,50879.65640740768,12035.014485125286,1881.7602977243814,107.97777377984448,110.55708665502206,6926.801035474266,7182.4834534685215,1429.1314000000004,3338.9957657476457,234.83206666666683,125.02028886562888,7809.263370829224,9507.43753498377,524.9809572311516
2025-08-27,10208.940565841818,9816.395251600841,73365.01807547382,75836.17760355669,55316.21182881381,398.16613607350786,2516.985613329329,19795.515252744946,16244.611655282653,4328.75752941489,470.78462941967217,57833.19744214314,13108.428619352871,829.4199950089244,187.49275649509843,79.54409475308,4641.981729904047,6907.645400000001,2083.4201833333336,2214.439885309818,680.3018333333335,14.092780514616202,8331.32430178093,9573.772501778712,320.09085043590886
2025-08-28,9816.395251600841,9862.150266512448,71921.76894222034,76848.94649712971,54715.66514986693,29.23971248374744,197.1049018529415,20656.86118003833,16833.066434424894,2048.7861685972525,379.4637120694257,54912.770051719875,12981.712820208724,1231.7262811873898,210.34699741793486,199.39807655234074,5268.553222772463,4865.340004137593,2242.004516666667,4813.58102135269,392.98775,162.80381145109925,8262.193504501933,9559.553210066217,456.9804430658917
2025-08-29,9862.150266512448,9666.765967551111,43664.596421253584,41765.206425555385,27326.706692099175,236.4899899954705,1170.089449363385,21097.324263399176,17152.16115344591,15241.200786334764,216.49280259615853,28496.79614146256,6363.064058395727,1180.111196870902,648.3902356235086,134.3033833333334,7747.045891520552,10092.376638663492,0.0,0.0,39.53425000000004,98.26491348434288,7670.063187109328,9453.357798982139,1047.1275891925238
2025-08-30,9666.765967551111,9502.157333840281,42632.733442253884,41348.75852259686,27317.07696560984,50.4134549104418,235.22918061212147,20587.498536203162,16794.350561622665,18781.78473974634,209.99499651378153,27552.30614622196,6376.883487399844,955.9253718611253,1211.66701303166,657.4275666666666,6862.9270430910265,9614.430623603912,0.0,0.0,45.90166666666664,90.17955570231327,7548.1547491439,9232.904525725131,1125.7000896894103
2025-08-31,9502.157333840281,9720.97330118649,72352.32083948271,71649.91144197182,52261.38780828059,213.3467240940033,1420.163276887804,21262.91953453272,17026.030452359926,139.2077347476773,934.0441491453514,53681.551085168394,12301.815085384838,1506.96973841497,52.587088572379,19.031070759814952,7286.1768966600275,6412.540150425447,948.1480166666666,3743.643498210172,535.2258793010212,104.94578629675209,8137.299081025817,9475.789290425571,66.59349013401473
2025-09-01,9720.97330118649,10578.363667021891,81945.12587654368,66947.50307482583,50113.1275531513,8.815119909485702,59.603433267987576,17222.358778900183,13653.986554976993,5549.667803143501,4221.719951001968,50172.73098641929,11981.722585751777,1198.9185542372322,0.0,0.0,4508.189166666667,4603.786538341605,770.0439999999999,1912.550704456743,0.0,0.0,8375.082445604836,10094.173689666704,0.6709427054897787
2025-09-02,10578.363667021891,10800.0,71858.78425720477,68713.16618942618,49154.059133724055,0.0,0.0,19519.14031369777,15810.503654095204,6926.668560666728,4042.526269156882,49154.059133724055,11500.742353633155,246.2625921978987,0.0,0.0,5705.515192345899,6771.685416666668,1530.127516666667,2251.732536846791,73.32583333333321,0.0,8407.939621954794,10495.722360184325,93.59548979451279
2025-09-03,10800.0,10800.0,75488.77085721359,66723.77257957327,48479.691307065616,0.0,0.0,16980.05316697379,13753.843065248775,3982.871281616171,4038.2198295654225,48479.691307065616,11508.851671194856,0.0,0.0,0.23028129652357165,4844.973578179631,4220.3879333333325,545.8599500000003,2587.399928348556,123.66116763288164,0.0,8029.91762412362,10172.03502399538,209.43074531263858
2025-09-04,10800.0,10800.0,74264.09318814974,64683.156614314175,47840.05139690428,47.84938482732525,322.42984558581486,20407.152656618597,16529.79365186107,2645.3602722237297,4396.077572160233,48162.481242490096,11330.292364092647,0.0,0.0,0.0,7149.229228601468,6215.175376019836,980.3952499999999,3887.7891036852907,53.776749959685844,0.0,8111.027307703449,10304.188176913476,235.3651155964668
2025-09-05,10800.0,10604.722429267269,40879.65997660869,36260.74571920568,23715.354315057546,0.0,0.0,19865.05784398185,16090.6968536253,22768.46288481095,2929.6889940381843,23715.354315057546,5522.807097675146,0.0,1045.580860076701,644.9651166666667,6509.965956855107,8682.870459792355,0.0,0.0,0.0,0.0,6485.254916666667,10320.247188930909,2049.8951200268266
2025-09-06,10604.722429267269,10800.0,41079.64545499069,37411.628879730975,24251.230941332054,0.0,0.0,20258.53246107882,16409.41129347385,21528.541897490366,4116.541897968986,24251.230941332054,5608.099664215467,216.97507859192328,1365.86096041812,176.1039166666667,6867.851340650403,9988.972998232746,0.0,0.0,0.0,0.0,6429.421433333333,10093.455546179413,1746.2775590719964
2025-09-07,10800.0,10764.87758589061,69587.85748425724,66942.54293209701,49771.78476151245,0.0,0.0,20126.634593282586,16302.574020558895,4585.447372725057,3580.0428533149397,49771.78476151245,11514.312869641532,0.0,0.0,0.0,6588.430622803161,7107.302016666668,1463.9639166666666,2833.925809839293,0.0,0.0,8140.256903703155,10146.381862210636,109.92257738591206
2025-09-08,10764.87758589061,10166.609683580124,67124.2487636293,65509.8420178443,45695.25220606289,0.0,0.0,19401.122425582817,15714.909164722085,2078.0292080999825,331.5653322169235,45695.25220606289,10760.967143448146,153.97803051689706,186.8015192197098,0.0,5451.079617514439,6245.969816666668,1186.5613666666666,2616.7195457108533,447.44791214521797,6.539237279336248,8131.491012339595,9713.173681730745,311.52773683645705
2025-09-09,10166.609683580124,9910.590041878464,56731.29266221136,60512.59737210478,44035.43081512069,184.64373191636236,936.9953935596944,21726.06942858031,17723.58522645944,3411.131771430233,212.4455304700248,44972.42620868039,10431.166173597281,822.7456100480789,362.3734493513574,20.901628469113007,7694.164749551603,8171.867928969638,696.7647795180791,2810.7325934138025,304.23783333333347,91.82200605902995,8389.08532644427,9678.433379864962,276.95908826079665
2025-09-10,9910.590041878464,9820.296393980077,68067.60710640589,66035.79779868523,46509.816071997164,88.00236003247535,423.55472944083874,21857.85067990335,17879.49228187766,612.446755196931,181.12865549509092,46933.370801438,11008.193071262065,1034.5475236239513,480.2594647676747,43.55565789992875,6083.548476656431,6158.556342462014,2148.986673300858,5123.171558772548,498.1995999999999,71.36683557170679,7902.810497851974,9541.923067804555,765.687569300725
2025-09-11,9820.296393980077,9624.850749517635,66101.7301323407,58603.842190026,42469.34004231615,126.23429633479363,589.7431972923165,20559.270085586635,16858.338735426056,1466.2355561160748,276.98713008412926,43059.083239608466,10070.507073521732,972.0387206096259,299.8253044936631,0.0,6033.183269828183,5134.527449999999,1728.5034000000003,4994.791637887159,181.06292430675808,133.2989579772768,8068.328358070012,9360.945277241817,547.4354787274422
2025-09-12,9624.850749517635,9515.769888258665,31886.563685169793,32636.18643848961,20472.031809906002,149.97258779699246,551.8707355024416,20574.067553364315,16752.530698742416,17238.969862991857,130.031292006184,21023.902545408444,4763.51371932635,721.2781708166117,1722.3182204400955,183.88343347115767,6444.282772487227,10482.78323319551,0.0,0.0,0.0,11.709075330653187,6018.612329890923,9161.281795345754,2567.3173759241663
2025-09-13,9515.769888258665,9272.615040313303,31885.475412019827,32643.776112857617,19915.966285558927,138.79506432893976,539.0242084750495,20754.70412194619,16947.852626431315,20563.945230945556,228.45935072611542,20454.990494033977,4593.241727123786,834.408287993691,1227.7818364775342,285.3243642788844,6932.281776230152,10381.34230238778,0.0,0.0,21.195833333333326,112.45338424308989,6024.451683013836,9039.574455269985,2742.1414973764495
2025-09-14,9272.615040313303,9425.829510055912,70850.65500587058,65713.98205437572,47297.642636924335,0.0,0.0,19859.96361754669,15985.548441296436,1664.6463450904864,75.42239970163868,47297.642636924335,11189.469281589314,1735.6874054384043,235.55187464760195,22.107104954135366,5069.943990387073,6243.260300000001,2010.214066666667,2867.8863661920436,113.48595761414015,22.6706986563089,8300.747981811506,9013.871413727984,255.60457016944974
2025-09-15,9425.829510055912,9317.692762777104,59633.093595865255,59459.69996774906,40982.67597577919,924.7817076924824,5321.843199482513,21865.22060007315,17787.400932762852,1061.1241040637,155.86663740086823,46304.5191752617,9696.77494161999,1621.6342469355263,246.39233963586912,132.5653409161539,7512.706334559134,6545.3160333333335,1065.0495510151752,4344.150449783267,313.8188384209881,176.27760028175365,8425.069319758088,9019.658625307893,224.3645493735945
2025-09-16,9317.692762777104,9135.475132306761,71921.86706946949,65761.31779490916,46837.807512339925,102.53269054705494,373.59635917183004,20448.980525377567,16745.385636833864,2677.4169944272226,29.267502485283444,47211.40387151176,11002.571308998284,1543.1918632323377,339.0246542846502,30.455654053555122,6009.5124377673055,7062.246200000002,1363.1868333333332,2926.6941084991545,319.8956999999998,43.539881826342935,7999.322028051711,8864.723859562124,714.4439833968621
2025-09-17,9135.475132306761,8862.79819884484,67457.73451246296,63996.42787204373,44968.47169800604,97.53921247538534,455.1351675296231,20142.965522897273,16528.474068702635,308.37483699925775,217.00990999188076,45423.606865535665,10584.33545624342,1882.6967009236448,184.82807285707372,8.375212166722008,5259.450198742432,5219.12360700016,2342.5835333333325,4398.688311324366,41.403761316014084,66.98400488905828,8085.322352748866,8526.681334790988,614.8861497049162
2025-09-18,8862.79819884484,9017.03881700735,58893.44229230415,65397.9414591911,47907.5588969016,383.48106604681317,1938.318165965705,20438.859019850886,16597.462515373536,3204.2434374272175,0.0,49845.87706286731,11316.280841555901,2152.6346781502443,301.7520927691228,20.264944738275858,5235.1688985192895,6265.223733333334,2155.261583333333,3432.8068441831483,179.78926666666655,79.72887247788952,8218.894410921486,8711.413855166229,506.5962631636377
2025-09-19,9017.03881700735,8960.128158845919,32747.386615959425,32843.44951095092,20367.48076923441,207.1237786678273,859.6104715030913,20417.963862844186,16479.230513266848,12925.503578007965,8.045012033445119,21227.091240737504,4870.618751924336,773.6194935320102,1056.0113445470574,31.082094674629502,6605.9553805204805,10635.584571992034,0.0,0.0,41.218333333333476,168.95945485790054,6481.375956741745,8672.249349044128,2294.669498124234
2025-09-20,8960.128158845919,9091.06392490119,32428.03540358832,33015.894609752926,20787.804907971473,432.52765094658145,1746.2473130784606,20360.849732180006,16273.220265037888,13551.492924711545,57.855352179187776,22534.052221049933,4828.137785907934,725.627848899746,1168.2600615709764,61.1051413782053,6403.6138389991465,10605.561525288458,0.0,0.0,54.98675000000003,65.05553514693713,5944.447071983458,8778.52952272816,2701.9125424843064
2025-09-21,9091.06392490119,9313.421974344312,66520.04447484131,65349.6387563521,45524.43315607845,310.97210582898754,1549.172226541284,19461.417470886554,15611.700060926212,3331.6368934858715,124.74162540153327,47073.60538261973,10520.514244089381,1866.5635636627558,330.5485886345149,59.270539857058566,5452.853930640459,6824.592733333335,1095.1527833333334,1706.173867094059,53.24880000000019,49.25426952827929,8133.109318412608,9014.913304827012,546.7866399052957
2025-09-22,9313.421974344312,9599.869882392059,72117.24399117735,65481.65657664977,47573.102904094274,0.0,0.0,21502.60678980237,17111.234228490044,468.5166554362961,79.23644323447797,47573.102904094274,11279.813912535003,1586.3040492341222,263.75103861592686,157.74194252085863,6410.9642039759365,6537.377399719919,1712.6139499999997,3944.117924181867,177.43904999999995,49.154086740114735,8244.550728845188,9168.560579989546,301.9152570529852
2025-09-23,9599.869882392059,9659.439862815301,71257.25102496264,67321.62308777242,46959.71606521595,209.386171446701,977.0381652786472,21973.85363259546,17745.20846002141,570.6256283150315,607.8015083300234,47936.7542304946,11047.411938426563,1437.0367862922608,90.42579190746801,29.638030625944403,6348.368959675634,5449.682001807248,1896.6157166666662,5514.910145180206,653.7986666666667,128.55952882897918,8066.345231462813,9414.027139860831,689.6540936421588
2025-09-24,9659.439862815301,9836.065386201088,60508.5511094469,66637.91037364889,47408.73053085502,0.0,0.0,21074.875889579795,16911.686499512434,1271.7569638696036,152.01223637859312,47408.73053085502,11090.09378819226,1295.8714769956346,457.91203360849136,0.0,5357.895569649582,5580.544289386124,2393.5189,4580.709121853462,44.44053274623025,35.99911550439742,8053.085922053553,9581.751885840178,604.833541454576
2025-09-25,9836.065386201088,9783.240257942714,65894.21194127956,66899.82861374569,47903.70210923011,0.0,0.0,19621.056149283788,16133.691683169152,3039.1767124706143,200.1850851604488,47903.70210923011,11170.481625402826,974.641605472667,434.62614004787247,149.71857906813932,5182.71039292268,6737.536233333334,1757.6831499999998,2576.006886598294,212.14084123310238,24.3660619006227,7898.898486300297,9397.173927128937,647.6326726652059
2025-09-26,9783.240257942714,9374.118110181214,34492.693341397346,32196.060650304156,19884.01941065516,504.6615234411113,2052.462820297135,21086.74595322109,17255.38056827769,11042.819474461972,120.63636433989859,21936.482230952297,4595.977222941549,972.7010078610867,830.7792911543191,65.90057200586477,7646.498850798751,10167.757166666668,0.0,389.1497840893761,0.0,145.9573050341698,6328.190200411009,9106.89297334572,2449.9122259136084
2025-09-27,9374.118110181214,9025.705719518426,32455.398691851417,33825.15988069903,21446.390631332182,694.2607756608811,3117.3172529342987,20462.934413631792,16915.39163750274,12794.114884908666,192.18569532218703,24563.70788426648,5116.055493348558,955.9280313510465,1304.6088127207877,199.8896849086628,6826.399191836653,10466.776981758,0.0,0.0,141.43508333333335,178.25139869790155,6307.954874593578,8695.228577242695,2334.9936750183906
2025-09-28,9025.705719518426,9502.15973998275,66627.72401419237,70651.34054902842,54329.61203218212,0.0,0.0,21062.673717346963,16605.11348176868,2676.954659521133,24.095587262339563,54329.61203218212,12042.449116562353,2009.6728704484162,279.07737513648965,84.5186448445653,5217.848521437831,5693.95405,2554.9510333333337,4620.312437597234,402.10919999999976,29.468752800131824,7940.439931952232,8591.606701330109,210.6874199087913
2025-09-29,9502.15973998275,9467.944492015788,72094.14895433193,67977.14031544604,48519.2262014603,478.166324283718,2426.016431021495,21725.123811092646,17714.337155104426,1218.3827908219405,433.50309291958513,50945.24263248179,11527.168976678737,1612.3503589952243,215.09869493860674,33.511814400721846,6428.1293489328145,5435.1695897065665,2161.864082563773,5543.4545460959025,252.68555000000003,5.248879400495298,7970.791154501267,9201.799912554367,685.768324167961
2025-09-30,9467.944492015788,9269.071549427255,70150.69834145764,70974.95237972672,50036.49094833484,333.1372704916236,1603.8172961004009,21310.858894378143,17357.997693017063,1971.3549327719884,42.28061608527378,51640.30824443524,11584.291177991045,1496.161901626862,244.1893309124739,64.37157208036285,5831.22640534615,4607.070721449705,2642.581956758439,6075.417595216965,0.0,0.0,7891.82821003894,8965.635054919174,748.1717899610586
2025-10-01,9269.071549427255,10800.0,65782.35431443149,62228.90553347913,42880.39263097706,0.0,0.0,20391.634499456457,15810.97882685407,6996.38551413145,954.9456967453001,42880.39263097706,10111.82013382265,1782.2506390259389,110.69969800800948,61.295755529076246,6741.533486240607,9106.022333333334,1124.8304333333335,735.6401277874728,110.11994999999968,0.0,7326.761642072676,9535.549702805094,397.03361719945167
2025-10-02,10800.0,10800.0,71724.23916773795,62018.64965530158,44961.04442683024,0.0,0.0,20353.7837831993,16486.56486439144,4480.014696682968,2157.2579898107506,44961.04442683024,10646.137522704737,41.578882778913126,371.5372221150134,61.03418380901735,6619.174329011269,7281.474600000001,1702.9469833333335,3393.182643444518,35.9304166666667,106.11731657732912,7609.050069457802,9470.396156589528,147.92584380735286
2025-10-03,10800.0,10800.0,31758.17239813255,31658.435530123897,18842.35412048201,58.26720914321277,225.99911708852395,20673.17399987034,16745.27093989498,18361.570848841235,1575.1321804505164,19068.353237570533,4410.189340926271,115.1139859135476,1342.608379032668,146.44690604621934,7390.633949557305,10520.219760620446,0.0,0.0,0.0,0.0,5513.486005142575,9891.393347290134,2498.5426061624353
2025-10-04,10800.0,10796.424037690333,34890.027053062404,33410.06202824658,20202.10130881943,0.0,0.0,20554.66183682929,16649.276087831724,14957.039797597126,1272.3609149852227,20202.10130881943,4646.789852090247,109.53722445671909,369.0986806722209,65.02496666666661,8221.170304989411,10430.708161545295,0.0,0.0,0.0,84.93889567850965,5523.152755499593,9860.479297026917,2535.854346670502
2025-10-05,10796.424037690333,10800.0,70477.52730468905,61313.34842472437,44045.48246866094,70.03640219120487,352.7132140170778,20534.105825393286,16632.62571856857,1042.220480778595,1706.5597393122562,44398.19568267802,10442.569311950658,136.11929858596272,431.1341111052802,6.557522248594296,6805.9725832165495,5949.187711190273,1515.2431644754615,4777.553101171267,48.66005801285087,0.0,7358.176222264786,9668.661483652382,473.4395794936422
2025-10-06,10800.0,10800.0,61838.074377603596,64058.24784430699,45211.75420168655,239.04147597026488,1200.412542825972,20861.361565277723,16897.70286787496,986.1860726144484,1626.106033593368,46412.16674451252,10561.564509935526,81.61319671720591,170.85689887856756,87.11174219243105,6977.9265109418375,6725.677238863607,1627.8837906964022,4152.788529783412,171.55727260408355,17.524110214064322,7698.3417480168155,9796.646747507008,251.13664673725634
2025-10-07,10800.0,10800.0,66669.27033124842,65215.263612211784,45348.51426097443,224.34553328674136,1106.9222708386155,20533.82282326346,16632.396486843405,1662.9564521979164,2108.5221402138814,46455.436531813044,10512.486300765935,172.14160399781167,201.7420267348615,76.92262653905485,6323.876999953405,6339.211703039158,2316.1230000465916,4536.883298540344,169.63695127939536,0.0,7382.713655501147,9408.663591147095,238.30385332800086
2025-10-08,10800.0,9941.948898811552,60394.13895212392,60165.91720681309,40597.14857518277,898.8680437125712,4729.68335146764,21493.195174102475,17506.734109092617,429.7775879508948,180.25689756490013,45326.83192665041,9483.15577002384,64.0170419935682,352.0309503312377,54.792149358160486,7248.095603921085,6447.060882796962,1136.1088907425778,4219.605783869709,130.49866409771505,161.1094618490305,8106.993628409279,9713.276554235055,533.0063715907212
2025-10-09,9941.948898811552,9965.766489941832,69573.85822127451,59507.00377104379,44283.93097248571,424.911734471184,2352.0164615817116,21163.590235495554,17330.86347529983,308.2566472023633,158.49676478354502,46635.94743406742,10529.742137638788,937.6223981601382,205.48641841718756,75.22044793938994,6710.4496798138425,4513.205911659146,1772.2206160399858,6153.460755007521,246.5532941932023,3.341680282479956,8303.92732838503,9739.740544379814,92.22613845057819
2025-10-10,9965.766489941832,9518.687759869888,31614.23435597922,31070.11413697939,17952.0837005557,406.0418436568671,1571.60095122849,20821.339302560173,17095.696863140394,18323.979874757017,80.21424979278322,19523.68465178419,4219.820448343729,612.821814522069,758.4484640079899,104.23712475701416,7627.127046702537,10562.42954190965,0.0,0.0,49.79291666666654,112.8851380130996,5769.442935878805,9216.6708327434,2890.8854998843935
2025-10-11,9518.687759869888,9458.08477253135,32161.83817968548,32430.403700259456,18446.26285864208,32.55067836176636,151.88146523600184,20327.028685358175,16481.603536177256,14181.765483304109,204.38069613618813,18598.14432387808,4298.142677470017,864.1764087495358,259.45450021320715,41.15250000000003,7486.081903288291,10080.741979668488,0.0,0.0,15.181666666666729,88.5104490067431,5924.4322920572295,9205.740696615441,2796.4531739518598
2025-10-12,9458.08477253135,9261.22305137904,64102.66412143407,63205.09877506995,43042.26015235804,200.92128229308847,1187.9488519411846,21455.65459709802,17556.255772686465,694.255241033311,273.607075251516,44230.20900429922,10152.572660853464,1559.4390055684037,213.9800555884483,134.1036422962925,6448.400185576959,6751.981639881621,2088.2217500000006,3976.3987887103995,149.80499115558837,21.433536901292882,8448.518848958685,9012.297983740003,207.329941406786
2025-10-13,9261.22305137904,9353.339396221683,67961.9190546209,62333.8095440396,44029.24463548193,136.0213006653326,561.5731135856172,21293.832346429448,17172.116563434545,1150.3867110383103,208.34190067171016,44590.81774906755,10322.901553649735,1829.469999404452,96.9714457587445,81.35512371147627,6030.141977743062,6935.151559494747,2267.0011166666673,3311.41801800204,277.5670807905807,75.67622921722273,8232.475995642679,9069.424469914407,267.95894683281045
2025-10-14,9353.339396221683,9144.815398771729,70277.61283892552,65654.42347765378,48384.69473683806,168.53519414523262,747.4939042473753,21504.674198390927,17613.32320504915,975.1505520001605,144.45197645707077,49132.188641085435,11465.27842339158,1742.1212704891705,261.36512273904555,45.29447304169537,5672.2548340682115,3991.9194304883954,2852.192252052264,6897.678409017778,180.5742499999999,3.954118228975858,8167.718407517588,8832.182431257668,479.2183386720408
2025-10-15,9144.815398771729,9160.65488100049,72969.11436669914,65631.46886146296,47252.529212454254,672.8876642332885,3253.6739195167456,22113.335731318322,17938.94778946835,227.42021717960006,0.0,50506.203131971,11090.083313171514,1886.2372427697549,169.46881467463254,37.81430145011234,6450.463213958412,5695.369049073775,2088.883581079602,5576.867376007358,527.2868666666666,122.98848819751339,8087.293578268689,8845.172090000544,615.5517348203435
2025-10-16,9160.65488100049,9289.718739485594,68777.66729345264,67198.49789468673,47721.73901748777,65.19141254097376,253.4370138885886,21489.359669179128,17365.240105964374,208.66086126466686,116.17066608162736,47975.17603137636,11095.798206558757,1806.3708791069926,196.3351352975792,31.702467243866863,5305.967339658828,5886.784353825295,2880.2508500000004,4790.307770087381,279.32009885749096,78.2304717907092,8227.879801698653,8988.576377206215,475.48688045182695
2025-10-17,9289.718739485594,9077.338755325227,30636.325605317117,31125.15398744301,17948.923688117804,738.7218900635776,3037.519333879961,20504.348311689326,16669.36391070782,12006.006440913681,51.02115227805348,20986.443021997766,4284.185623533075,849.6239128680913,170.6096414723255,3.403152112538123,7798.332593487857,10663.26351455413,0.0,0.0,60.36041666666665,74.59466141683994,5998.522256941697,8752.59861702803,2641.5390021392736
2025-10-18,9077.338755325227,9171.012977152906,32246.714012639608,32333.22460053113,19091.227209875768,91.28584547413453,396.5096858140508,20254.511103223518,16321.847193966143,12061.329233333334,181.34347008122154,19487.736895689817,4500.083409861495,975.694639591242,365.3230394317701,4.945711608010981,7518.600524832334,10666.666666666668,0.0,0.0,83.24848333333324,80.05596432744704,5482.791483712887,8527.148121030157,2871.8836626558227
2025-10-19,9171.012977152906,9420.02207886126,71004.86066081582,68643.64211581081,47755.07442194766,138.3220467997562,662.479725807555,22114.420369017753,17732.96525578471,478.58203271086774,0.0,48417.55414775522,11218.399787612985,1773.2907334963875,205.33445466316107,43.44562935877468,5877.817046950544,6112.5225406549,2562.316631736596,5060.323809333898,410.0055434909249,32.2036816010384,8176.744575436071,9147.440083730588,500.74700350741415
2025-10-20,9420.02207886126,9300.37874950445,75581.55789942856,69964.09358114592,49482.71166071601,0.0,0.0,21129.601056257685,17209.697591781398,1533.4010452068487,102.12563812944474,49482.71166071601,11639.563901036105,1592.9843704715527,230.06546402108415,210.22313467130596,4239.171779759078,5453.245157846087,3816.8157999999994,4769.597618385743,213.06755510847483,67.54610272159908,8081.877833783075,9020.006820052187,628.6991591096845
2025-10-21,9300.37874950445,9534.505947851167,74877.20311640538,71930.73743038501,50090.771197727874,0.0,0.0,22466.77030466003,17974.58421026463,808.2916248990116,151.0409777572722,50090.771197727874,11754.966295591066,1787.4874320855022,137.75789272220766,51.30977024236097,4882.714180654265,4988.203219788449,3533.4709000000003,6544.218177252978,927.0849666666669,9.22756650347867,8001.327532843698,9070.539869653987,492.2287373777991
2025-10-22,9534.505947851167,9512.38672109692,71070.73470899227,70586.5979900801,49430.56208977115,21.677578567820227,101.14758159744919,21666.481702794128,17559.289891277316,865.50013243338,83.74517469773187,49531.7096713686,11654.313879913869,1602.5020419043854,212.33920928293787,79.37118783580206,3982.235098817743,4970.136176463303,4453.4216166666665,5721.378995073826,235.50403333333315,8.029360755715844,8196.818019523755,9272.140987594741,478.97191365288757
2025-10-23,9512.38672109692,9635.23643222656,81824.90199790873,68371.42081790726,52536.97050023284,269.52731404063536,1294.9635932304147,22072.34623006037,17863.43905036142,911.5732789314994,314.9158566507764,53831.93409346326,12374.729829609076,1493.8762498448493,199.4524935849571,92.37522909976758,5367.11835072138,6438.042982832827,3199.440902626032,5025.569177660997,645.5258499999999,2.872616039124523,7986.650099884087,9137.39188079168,465.2513535449607
2025-10-24,9635.23643222656,9612.798764567942,32507.727376308972,33322.90062744856,19728.895508444526,159.55034385289687,828.7332349913772,20997.056791837826,16979.85617681195,10930.70056666667,133.6638562755786,20557.628743435904,4701.777976752111,905.9242567629881,204.07215703752047,0.0,8121.439279944402,10666.666666666666,0.0,0.0,173.40185000000008,17.709555345716126,6219.943008302884,9347.55418285327,2260.9998815271474
2025-10-25,9612.798764567942,9356.326655870642,33085.474113216194,33243.821032663276,18983.791444742357,302.52788482271063,1382.5266711630647,20583.396914636694,16880.091187876365,9997.272108909128,234.86961514987183,20366.318115905422,4439.635925322362,1074.0661010068216,270.7663344887419,4.109014887295416,7948.697919095121,10388.424100738863,0.0,1.4311776894040424,1.1592539284177974,20.3659060015141,5990.584168155715,9066.253440477078,2668.8835122083733
2025-10-26,9356.326655870642,9833.481534448672,76134.04921814072,70404.50955321846,51632.37331013107,340.46547116373563,1661.7574213849593,22332.35305002748,17627.420333902523,1385.294942683684,130.38928224023113,53294.13073151603,12146.530854953658,1651.9930939172714,223.70812379661902,143.91369574131807,5841.102103940817,5478.870754014401,2730.568262169598,5889.7575338027245,568.5889131318726,0.0,7923.453968601731,9127.884335638802,339.9989622618905
2025-10-27,9833.481534448672,9879.596657678738,70274.71216536802,71236.11915259897,50678.067099485655,8.835906557981843,42.38116223954528,21776.488935579422,17633.6326859507,3385.3750924021642,155.4729837927269,50720.4482617252,11852.219685311584,1235.7333096416478,184.65244796254046,17.528138346373794,5686.441379136209,6359.099933333334,2914.1813267753514,4631.599868796324,262.4668397250198,35.14135811072276,8056.932244745194,9542.053313818224,528.9584476063868
2025-10-28,9879.596657678738,9792.952770624346,69719.62142399976,70296.89636436514,49221.275776818635,33.442895614946835,156.04455093934195,21111.186697206722,17143.106843352594,198.6951095807751,210.97436321183636,49377.320327757974,11509.047983558497,1031.849631908426,228.23702808871155,238.64310721956656,3925.1238971269677,5629.082909694049,3554.106066666666,4602.90688200696,781.1808500000001,17.850619099065966,8175.251301742442,9547.725300693717,479.2076997278014
2025-10-29,9792.952770624346,9736.740922886993,77860.47466660565,75423.09074299544,52768.54987327634,0.0,0.0,20873.769970241978,16965.290590758872,1872.8295737973249,311.3293230483386,52768.54987327634,12374.67710612154,1199.9536386980403,161.19169611126142,110.30293105237979,3692.8138458293115,5209.976412843753,4359.268383333333,4889.437314063722,122.2165085808997,8.429653468794413,8076.4191235419385,9464.245639743993,553.3810333621313
2025-10-30,9736.740922886993,9745.058576779036,68400.22485020244,69687.4633293929,48329.18165167224,275.388878133555,1342.5137419205662,22145.248581919976,18064.746706603644,1105.5170068439838,162.12637536612633,49671.6953935928,11413.115871768996,1285.5500395364356,197.11333646941387,115.8744587830763,5657.424815901242,5587.6248862936445,2963.682521866445,5810.16567106167,592.2103514578106,0.0,8003.302403323603,9512.183209888713,651.0132775851238
2025-10-31,9745.058576779036,9523.308325611833,35131.5544758418,33968.313818824325,19962.230673937178,202.88255637227027,801.454046619117,20689.10794873517,16864.242710127404,6306.14110333506,151.16814992043783,20763.684720556295,4687.997575683791,811.3719525392635,208.3169269092774,0.0,7923.594944447609,8511.492833333334,46.735616666666544,1971.833760117382,20.611053329470565,30.844652807881744,5829.913988062655,9248.120361790925,2835.0701807117257
2025-11-01,9523.308325611833,9547.737631865415,34040.5393510428,34082.068305711764,20133.85489882931,99.49734512129677,561.595418917608,20897.310495396574,16855.571205086424,7243.632047910989,163.08541261192363,20695.45031774692,4722.567507655976,1019.3587761878232,397.6620987806021,25.670474618541675,7939.7890874232035,9496.129033333333,0.0,1187.6927068360847,13.89560953722912,12.849644505923038,5675.621266123542,9094.790204906747,2828.603143221848
2025-11-02,9547.737631865415,9520.004403650133,74348.2711104322,73990.77221651142,52248.05902105555,390.56129341755576,2212.8406235523253,22301.611475856385,18089.265200837428,1283.0748448183788,101.85559009165206,54460.89964460788,12212.099181924843,1452.2696310402089,157.75465457342034,77.83466933983186,4448.9004311721965,5433.393900000001,4145.69326624109,5966.221044745703,593.6881052440165,89.64862428484082,8201.487200956606,9282.243606445807,541.7415426500982
2025-11-03,9520.004403650133,9741.632303628623,80285.88458493026,74643.96904311117,54902.5890282911,0.0,0.0,19631.033205066673,15714.290085472148,1025.6950271955845,169.8287796544015,54902.5890282911,12480.70500774806,1457.143120735157,203.70348180020017,157.9286430328067,3030.4912895464313,5166.922966666668,3963.8820333333324,3645.0788056293795,95.85672281700306,0.0,8084.73247912773,9219.53781634684,335.62407884744994
2025-11-04,9741.632303628623,9609.218350186833,73796.64111062538,72045.61045055566,51188.466199659546,282.50506654316985,1745.1331062763998,20390.457917904656,16629.101907895376,767.5419976534674,248.28295943609567,52933.599305935946,11973.479433874083,1243.2964424711936,146.3430164527216,40.22628133120975,3664.1324412553417,5170.524916898684,3735.708616666667,4474.076947911754,428.4319598117128,110.92829364594115,8557.471142315762,9343.575944652037,97.01473139316963
2025-11-05,9609.218350186833,9550.567532493444,81977.68344382034,74481.05521193618,56028.64978670648,0.0,0.0,22212.569418354953,18038.69022914778,496.6293146059483,144.76707478973265,56028.64978670648,12702.277336340241,1260.0344029911398,259.50733349532527,137.93137165504277,3997.228898637846,5387.042331609525,4274.979166666667,6110.211178629055,1134.6020333333338,104.66623818387154,8001.999240253857,9204.93483893598,370.37355676075765
2025-11-06,9550.567532493444,9455.7768654837,76161.31670232557,75732.98492856564,52933.8994068815,440.761366493288,2099.9853194548896,21211.61976541127,17391.921427434696,1017.6250963185065,130.59787743049947,55033.88472633639,12378.400847359659,1444.4363563078073,296.467380655597,67.45874924435236,3156.5585457245384,4988.337959295472,5287.119888361216,5681.57169593952,2.626820740342282,0.7360629740709328,7981.343452513903,9183.644147999166,667.8053394390885
2025-11-07,9455.7768654837,9593.715691340045,33664.45552521935,34583.88514647899,20346.415983925075,209.53968419448728,1153.8525918970975,20779.336483923274,16662.30745804048,7227.335758641979,66.51807948203668,21500.268575822174,4763.719645545035,769.3736815639515,346.79708875252624,13.744170326968174,7621.7885010756045,7522.295816666668,116.07404913884601,3169.2288746913555,246.46356666666668,122.04363760527337,5693.471874776639,9127.329129406507,2637.712377630195
2025-11-08,9593.715691340045,9331.04096524729,34391.75361032639,34343.28367387937,19714.28974121629,115.4781502532721,446.68385615919004,20664.40252421795,16894.185631623903,6555.703583554743,266.4901479838478,20160.97359737548,4616.888239612118,1092.3163337789883,243.0915441311754,0.0,7916.046846983894,8001.972316666666,49.7587666666667,2380.468183598413,0.0,55.91169610144313,5775.232503657922,9034.489961385878,2910.055970184246
2025-11-09,9331.04096524729,9613.22894145753,78972.87006947273,76105.72039725597,54093.43327301037,0.0,0.0,20992.71010652157,16751.69523980772,336.8454958105888,142.71411806486796,54093.43327301037,12765.334362897867,1710.6850692598669,191.93902983174132,113.5379470973628,3207.982440985572,5004.027495819377,4545.3632333333335,5002.081206926173,546.0246109035086,19.85702167752936,8138.1180907293365,9144.458689339363,122.26783402422791
2025-11-10,9613.22894145753,9478.180278375468,80028.78408243877,80428.83579849542,60852.165735369425,299.4729699968362,1589.2579857815663,20477.450038366762,16706.709095736478,2749.2008534553433,339.9570724066204,62441.42372115099,13345.857395304014,1466.3062029469656,155.1485129493941,77.98218128583949,2584.601485684753,3584.9837686432256,5204.1210999999985,5996.6106265343005,0.0,54.96101768376627,8182.570377851822,9294.668917674571,580.2676192505115
2025-11-11,9478.180278375468,9662.282925925883,82185.1578732587,76723.0163212616,55681.30920777612,0.0,0.0,21784.33514459897,17481.550047286564,788.9238087482058,84.93349853432505,55681.30920777612,12905.62072400435,1575.6425556277486,135.99977990408354,108.11098425640523,3706.611470588803,5114.995187368132,4966.899633333333,5735.113678980194,153.27991576001443,74.05857054985597,7964.184493335402,9178.798072701522,554.5747543649206
2025-11-12,9662.282925925883,9574.594450975203,79068.18348744433,76789.28873879937,55171.05229501121,58.01773237124712,367.19954011209427,21047.909077545428,17137.81432158925,1637.8491265354464,340.76103867900054,55538.25183512331,12917.575175894632,1281.1037606518928,35.15582055197581,130.97255071768052,2691.4840694559584,5156.1923166666675,5179.281355488667,5122.842354130835,705.8246889304561,64.14789222300499,8189.19275121163,9305.104945528004,336.87563595057054
2025-11-13,9574.594450975203,9822.127821910224,76731.57462376739,76453.1123476194,54684.97073203734,0.0,0.0,19308.288488456135,15567.365974194567,7.217910904102382,477.3695224537337,54684.97073203734,12781.42658214947,1457.35280223275,165.38334203357226,223.09195091541835,2661.077854274894,4780.05305452051,4044.0057644678172,3406.5830751521735,545.1103488660254,69.21463973990114,8130.661214512762,9557.711894767752,21.127450039497035
2025-11-14,9822.127821910224,9768.761518961572,35671.75714513331,35309.05548759023,20636.982794511263,169.8799697563411,567.5490965889837,21001.9540927148,16897.16085108755,3637.221367049705,132.75894866961175,21204.531891100247,4847.896389680183,851.5764056892374,142.70494613935085,27.612127714951384,7981.64543828153,7079.943433333335,132.81046666666657,3321.418417667846,0.0,0.0,5660.643215531322,9520.846132179522,2979.3567844686777
2025-11-15,9768.761518961572,9356.584316305241,39570.39922186666,36577.78928377484,21465.5735145815,0.0,0.0,19529.30513052444,16230.062208156507,4606.608688697451,286.449839376119,21465.5735145815,5058.67605713392,1213.42551363831,245.56788806830724,21.82937059628796,7115.757961856297,6854.320816666667,291.4173333333334,2504.0759240277757,0.0,0.0,5628.720685334211,8985.487542683079,2948.5983395643657
2025-11-16,9356.584316305241,9563.276643848767,79394.79586022976,82157.65887271203,59343.62714550105,0.0,0.0,20785.512970764434,16609.876841489007,2565.63182316769,1010.380653602236,59343.62714550105,13674.679069334466,1713.1508942582018,96.55890995081666,70.52598592978427,2519.1224465664263,3458.786523922622,5521.198365184548,6409.887604377495,2.45047984829057,22.475249241205248,7990.44181417487,9060.852675947452,480.1048257640498
2025-11-17,9563.276643848767,9743.860018215506,77182.29202411018,81486.26969565157,63320.76535672782,0.0,0.0,20518.767616524765,16463.41992895733,2747.698108600927,1953.6577828165305,63320.76535672782,13762.538887675906,1497.4223647520544,183.69130207721616,231.77701884588993,2311.2377148894298,2576.534430202576,5555.734982263863,7007.4946056644385,0.0,26.32724084661686,7845.855653513485,9186.30232226546,566.9002762133381
2025-11-18,9743.860018215506,9745.407362290369,80617.62402631927,82195.43868756249,65485.04037872601,0.0,0.0,18850.91906604784,15277.79559021482,1017.9625,2729.9269950628036,65485.04037872601,14671.475415651545,1345.3508107273847,139.20817308313713,107.77139056818862,3613.536490823974,4320.027327906344,5086.254083333333,3644.5265660209675,553.7410925836614,40.376363161896506,5786.097078704881,9405.142850111759,98.95867168583095
2025-11-19,9745.407362290369,9639.044838118481,78984.4652771637,82041.3754473442,63322.8983233347,108.39184474172067,505.7563475648687,19469.248956624153,15857.205563146452,3143.616711449722,16.990420491822647,63828.654670899574,13993.473393084376,1124.508125491817,270.2790630140246,137.126904901829,614.2197474280509,3815.7299973214135,6158.471792763266,4900.141655485168,89.67643624817231,104.39323912708505,7999.017562429031,9376.716486798312,725.5409612639068
2025-11-20,9639.044838118481,9455.086329925618,79007.88424967059,81775.6835515195,61674.721290083966,71.7369816173998,384.2773482002683,19380.90150419915,15975.931661696746,1727.2615489838167,2102.744874984017,62058.99863828423,13753.048524263642,1420.117765616232,188.41738615157408,151.776970757399,3255.891160162547,5041.952033333334,5054.92529626258,3417.2693598064516,0.0,250.52427397269253,7424.0352385536835,9237.333675925209,52.66258056636309
2025-11-21,9455.086329925618,9215.405630228492,35773.62124656255,37532.74647604141,22198.599040137517,0.0,0.0,20264.124577509137,16548.54168783572,4822.093617535022,106.33226883297243,22198.599040137517,5210.34890213567,850.4674086304743,404.77142343390017,0.0,7240.7306375173885,8621.657581877153,267.8821166666666,1801.5577357630605,59.316540534506885,78.94190107991949,5485.121796063171,8811.361864141127,3090.7191736200894
2025-11-22,9215.405630228492,9240.018806115664,41353.64462756146,37839.716827312,22801.55828673023,0.0,0.0,19819.279439450533,15993.662961996752,3414.839293523601,222.64800633460928,22801.55828673023,5385.557732099314,1817.9763410506353,181.2621695138377,24.104864546176145,6907.175470887792,5785.320083333334,406.13419999999996,3405.0053977489874,59.56710617056751,0.0,5605.770345742907,8740.204202574203,2833.753669681647
2025-11-23,9240.018806115664,9292.27519211781,80352.8354231337,81427.73844723124,59752.71773416085,311.2445645344623,1524.3551825556783,20478.79726365345,16627.216767716367,2522.973122237346,111.49667692461495,61277.07291671653,13774.36792993362,1872.5336653886711,218.90049624618575,78.96719283146967,1132.609743475431,2808.354501857947,6593.842207637342,6782.534173076052,0.0,40.017167439433365,8170.470345651326,9003.084058811724,511.3939747060851
2025-11-24,9292.27519211781,9004.159783731147,78620.22417216096,77812.52237306949,54434.722640768174,357.08302321280894,1906.2531613287108,21471.646675953856,17564.915943511638,99.05197930929592,42.461317864092,56340.97580209689,12785.784185326342,1782.088819824975,118.65356133830926,70.27928100582449,3293.246550532059,4788.576417653916,5033.445966666665,5817.009548454679,498.18243866341595,230.5417864184136,8075.083714643444,8676.457326844205,546.3037116677299
2025-11-25,9004.159783731147,8962.81001523356,89869.84078224655,83250.89527727797,60844.84656181244,215.1672168913882,1033.2288635355121,20370.89210411224,16563.938685907415,2171.1229223186956,1336.5160869791757,61878.07542534795,14081.44260258766,2027.0008054676018,282.27823758794193,103.80986960161454,1738.585773993691,2930.1073195791814,5750.631450000001,6669.5077195754675,113.89317229773053,4.394876847778619,8038.193964243169,8668.542241347594,640.3560877848769
2025-11-26,8962.81001523356,9383.28932107769,85355.71974644501,84142.83047286971,64790.93315645653,0.0,0.0,20771.05284835082,16468.76887513317,2678.8794366396332,392.8014963457704,64790.93315645653,14089.734388703786,2186.228830440196,117.37436636676193,192.51561553203248,1792.3184157764442,3568.533710169964,6156.987198846166,5759.884450001015,26.719439567663585,244.10532167503823,7941.263207074147,8847.744726987787,434.1062475019845
2025-11-27,9383.28932107769,9395.231438606092,82301.85769169303,82281.43558799505,59971.78081850381,0.0,0.0,19071.963515977615,15554.753221584147,2327.400416463399,812.7763438048419,59971.78081850381,13746.452138453591,1708.7024718860841,112.40509207461912,53.73488760774123,1567.2581275905668,3106.7133250268007,5089.917848264602,5125.732774129471,51.23492254671578,111.59232326602887,7957.713376037457,9110.192276552645,776.2238550701857
2025-11-28,9395.231438606092,9361.962589241739,37518.74773791186,38607.72219698233,22419.236394277857,0.0,0.0,20821.031054788033,16735.312331521807,3333.1674209234952,244.7768194592719,22419.236394277857,5267.208821778387,1654.0388933386396,75.4797983497798,37.549026691598954,7489.018047638382,6664.011004073521,487.2436333333333,3194.355211136896,101.40575632259129,37.222456013218675,5774.8580488336775,9036.737442195374,2807.307047044044
2025-11-29,9361.962589241739,9033.382037532852,47795.46567722221,40524.10751768708,25252.54855224684,105.65527570335207,297.07272152098506,17640.95646820012,14581.856400513578,1973.6939264783614,508.17871589219425,25549.621273767825,6009.786444874948,1721.698369335702,108.53205914050034,103.93891430591964,5251.391170926778,4791.530488657266,493.2887999999999,2240.477568843111,88.64437044630245,75.79918996419413,5558.734131240233,8703.757819480945,3081.265868759766
2025-11-30,9033.382037532852,9024.361420879091,85298.479288245,86873.86225349906,64410.001951969716,32.948233757733234,222.2193625790318,20145.666001144473,16388.632200726082,2485.6230154048817,352.4542881001884,64632.22131454875,14669.683558026494,2101.7123999051055,242.21523364828442,124.62063717468493,2199.365211790045,4279.742293281803,6070.900680570185,4718.404269728402,87.78833378672937,184.0552751879892,7685.763188287957,8814.321477484611,102.59955264288233
2025-12-01,9024.361420879091,9522.285839878406,89098.85979355755,93507.92696448158,71347.34770725333,1342.7457731861305,6229.583198682602,20934.492049531975,16574.461283914934,3546.9097635880184,679.1538917959807,77576.93090593594,16203.359612217866,1855.6319128126697,1045.9736506426582,10.217175880679974,1519.4022498569386,2577.3997010209464,5987.887140133198,7383.508171260507,0.0,361.382470850553,7889.170253970151,8827.407803994796,132.02798931199243
2025-12-02,9522.285839878406,9482.268170525787,92270.43626407543,94072.32132930124,69335.95494724388,1087.8293265317084,5273.3723521503825,21206.69764622425,17164.829286956323,2340.0086423609077,161.63393753743713,74609.32729939427,16243.816925624398,1205.9979748435821,907.1378156337637,0.0,1395.9431758685232,4595.356104336053,6173.676226924223,6007.756148682996,15.502523522767888,135.0527734531084,8329.829448493056,9202.520189473096,342.74009651398467
2025-12-03,9482.268170525787,9371.779054941213,82661.26713997862,92866.9464165137,68935.22071558361,120.69847841636752,602.1043595800494,21708.910002380595,17687.653289632504,1458.6258496986213,318.7662658166842,69537.32507516365,16392.140041451115,1212.175218494036,978.8748706919665,123.18183858035047,1333.6037041164006,5113.6136376632485,6223.201994895094,6247.486792798204,562.4913486737765,10.940958970107507,8032.493847909943,9006.444869057503,556.9875233453287
2025-12-04,9371.779054941213,9516.991358235666,88896.9920644114,92668.63180102358,71794.32983213277,785.1953149092678,3871.858327189329,21124.704238372135,17062.880355750447,2576.5133488225333,249.4688844886277,75666.1881593221,16628.33152089361,1408.4291778305178,1191.2971962430856,75.06030801584393,1364.1027663218633,3855.8816681546887,6012.470217455821,6650.172136605603,0.0,222.4083696114533,8047.407050201526,9014.67973325777,447.6031255281515
2025-12-05,9516.991358235666,9168.792402410332,43112.212266847615,46236.8574496984,29028.44013557116,558.5182586710881,2837.4864042863915,21000.961472460254,17190.223648023148,1577.678610193226,41.060190405813884,31865.92653985755,6889.657140872314,1361.996981477981,926.2009438273095,0.0,6627.1109089197125,6459.237633333334,1035.1979246622452,4231.272433383653,19.313154040758263,0.0,5784.273283449061,8783.103554002992,2798.127433124061
2025-12-06,9168.792402410332,9288.111500075292,45204.65934861962,49141.724446433494,30690.93716135458,0.0,0.0,21045.621289794253,16909.9030668381,1107.0756952077777,107.13952826956688,30690.93716135458,7215.499227402015,1518.840662879811,1023.164809213934,0.0,5551.610630544841,5644.053541033026,1746.52455,4922.76854619764,0.0,86.90454393081006,5724.589455221534,8836.433020448309,2864.0136218577923
2025-12-07,9288.111500075292,9384.982319404906,92378.59960975964,95569.60745245329,77087.33532715212,781.5107450391783,3494.076017023817,21511.2932940644,17330.983079566886,3128.927656899397,1409.845692762225,80581.41134417594,17302.42342771758,1390.512428133346,956.9259603402099,21.513142311148158,1445.045707794152,1830.2829838062164,6079.192036879187,9089.79948899874,196.26693868578297,77.37680798403744,8266.219202612507,9094.424799338785,387.33323325505074
2025-12-08,9384.982319404906,9471.863877917549,100397.94805324267,93967.55278522547,68625.44260163374,31.495110569262593,146.95618591617927,19532.458120741805,15743.09767513949,1768.4376910333965,580.3701091590216,68772.39878754992,16010.373478072863,1637.6817955953356,93.42921237363805,249.6766582015065,342.1789465716805,5667.229146649223,6485.400319856399,2646.7628256167823,68.56945377360353,140.14783032613275,8044.719139284476,9190.959864352832,708.8006032796909
2025-12-09,9471.863877917549,9543.129479343652,99258.38225334967,93621.22344510311,67356.99525761743,237.56607282419756,1256.983685937642,20963.381300831374,16916.19981238992,1952.329916300225,472.6480631856179,68613.97894355506,15918.795697539697,1565.2798167358517,110.14535328689351,164.80392662687157,576.1257146279552,4915.810033131888,7287.364499999999,5001.4590359707745,265.3977003079119,36.26074375441221,7988.47286326244,9279.767744611581,688.6936809047263
2025-12-10,9543.129479343652,9463.324209016175,94267.61596619664,93684.07365865825,68345.43034516927,0.0,0.0,20880.501373790456,17008.288764569043,1060.8801102373293,302.2538891994975,68345.43034516927,15780.333178572666,1494.5076416232932,142.9697762009771,171.12116702870924,733.1307928986839,4918.466449491814,7409.159277554969,5098.524698170763,56.27747784404619,72.07455068357496,8048.582643264446,9154.520334081244,618.1687968059184
2025-12-11,9463.324209016175,9272.93110344224,98065.10509504513,91812.13817634925,66879.32604569323,90.0102423705456,604.2163756287129,20402.991340669414,16793.2206456324,1575.1341368362578,1016.1895035131797,67483.54242132195,15858.720270259857,1526.216540536591,33.22718594919604,91.25497471829645,567.5547597533628,4833.462555705334,7186.994601155539,4872.986921486802,996.4930302530022,169.22991311153805,7962.174444505895,9027.672366806682,46.77662401539533
2025-12-12,9272.93110344224,9154.51387765502,51973.11592484313,49351.63233477606,30117.535237968663,136.35527160043765,448.1307674839514,20088.494561043422,16275.655929630588,1673.9900788875366,218.03164607612842,30565.666005452615,6945.495049665447,1917.1061224854022,178.49395231118837,71.27017122455823,5796.070423615402,5900.7076166666675,1598.6587999999995,3193.028969658652,28.926250000000095,41.36605395554966,5551.303871790249,8838.34875295002,3122.2026319137467
2025-12-13,9154.51387765502,9120.000458905712,52971.799770313926,49269.613661408126,29654.461183121442,136.24995823855687,580.737778058491,20884.01177160149,16935.084453018644,1053.7553432701372,461.9380744603581,30235.198961179933,7056.690289853039,1932.1671059803477,84.1178457335991,0.0,6391.930099028393,5774.979550000001,1675.5021666666669,4359.7281442737385,141.6809666666668,0.0,5709.756806848492,8802.288627084508,2932.0965680748204
2025-12-14,9120.000458905712,9547.591928905507,93401.89430575546,95702.5220439581,70622.4437068551,0.0,0.0,21749.419522995762,17298.6791361061,1988.150054467756,504.9727192673462,70622.4437068551,15916.068120442931,1939.2294007202802,58.776227598569676,132.46702520757816,1262.0545096482795,4653.672813461544,7460.995821335099,6008.86613712594,20.904509410626133,52.25168188013197,7851.732737597507,9045.008570130352,644.2153305160275
2025-12-15,9547.591928905507,9606.130248531957,93733.82930777158,95293.46179959786,69127.5138464825,0.0,0.0,21299.024981930128,17128.969655918623,1143.1643708937017,510.89395269265026,69127.5138464825,16139.912395671083,1460.1866238895,55.58390136545063,69.92823024396179,560.5389393660063,4999.9998,7674.5914520716815,5360.793591013517,356.999996125762,150.6404212835747,8073.10383312853,9170.370029350222,408.15153386119016
2025-12-16,9606.130248531957,9568.87081682244,98347.43635024714,94694.90792992288,69033.71159576997,0.0,0.0,20142.63931726449,16369.738519082617,1164.043438506488,308.0198265678459,69033.71159576997,16017.541787398282,1465.3808978820614,117.75619214091523,198.58133509972816,187.9094172187663,4364.895954059072,7376.958001498764,4896.329083261504,92.29530176523235,13.144854977943194,7981.674217261895,9229.822233416047,613.1453891970399
2025-12-17,9568.87081682244,9516.657213346054,98630.56145992111,93890.88745451535,67453.42581248582,101.51757206065493,591.981920497402,20793.11779432807,16868.750472974665,1544.1543130508499,379.7457088384281,68045.40773298322,15958.931208263473,1501.3517662843465,145.7870584952185,158.3032170438455,795.9585574871188,4801.110794198681,7282.964883333333,4894.8404725182145,483.32460646723825,129.02825343909115,7850.702808434489,9282.968249412026,310.01255875727674
2025-12-18,9516.657213346054,9485.223394347462,93096.70141494725,93658.75025626429,72658.9763018011,110.54747468786229,591.51826332776,19397.745807981384,15917.381800467216,2797.7719448196885,269.85512861828965,73250.49456512886,16149.47462593853,1568.821973444452,373.64017654596194,243.2046457355102,393.21408165402045,4520.720361511541,7362.917185814801,3767.2473170069798,24.629805442907582,295.35957299912695,7750.826877818823,9220.808306300514,12.153673190699578
2025-12-19,9485.223394347462,9136.140650031612,49305.28958279412,48042.80371014108,29941.38571900016,20.75212606397357,75.34390119422727,20024.522881030633,16357.120744615528,1084.7580106269443,366.80123916300596,30016.72962019439,6971.114880267877,1505.3751519597042,83.64558542081164,74.72789774719705,5809.445388952781,6603.3593500000015,1621.1751166666668,2758.1857930431397,165.1699999999999,46.5242636731719,5582.386335793446,8817.93405559068,3095.2983177818223
2025-12-20,9136.140650031612,9125.1585170411,51670.91793386062,47756.64244739295,29354.458641872025,0.0,0.0,20602.357373913168,16699.082337422537,420.9077564656891,427.8941711033016,29354.458641872025,6820.140447291842,1927.4495813919705,99.28809008214171,157.323418905231,5858.396292250182,6306.508612700566,2062.894616666667,3538.842425784917,145.34805744343055,84.29457454628364,5556.569185674623,8589.530050536561,2976.586095305494
2025-12-21,9125.1585170411,9194.89235050712,96423.17421479682,95051.65173163118,69650.50992987689,241.25683526448665,1392.383762656804,20366.853989851494,16523.779233976173,2094.279751564583,289.5572094557609,71042.89369253369,15879.246253552627,2060.0837361150852,375.41079911890824,183.4195802223603,423.4179537122002,3959.36518131147,7061.95042207545,5362.732131449318,0.0,14.314063015818595,8280.789133254533,8897.294794423706,382.2109258150739
2025-12-22,9194.89235050712,9273.070128143861,95217.60055620823,94567.79928883103,69586.25563126808,413.70052011367954,2029.591722186455,20641.770046653575,16616.8487959009,1939.8666997155765,128.4091251431112,71615.84735345453,15749.40429945045,1983.272575315872,281.1756657844213,279.0038832344244,302.32869933481027,4188.522008063844,7293.867359680044,5137.833494966095,64.82327953712957,34.25135436726022,8165.297433669293,8978.60902451418,509.3563578951988
2025-12-23,9273.070128143861,9504.052606881767,98073.42918093808,93316.01796223242,68911.2534148935,36.10663333333332,210.9168986166666,20871.279205178773,16686.640752057214,1486.212597633734,367.52062814379843,69122.17031351016,16003.038184655663,1752.4305945603992,120.45624398931523,194.1584751413413,692.4006663156771,4422.996733274555,7139.298616666666,5304.979097650684,571.3641871341763,46.56192971024893,8097.570390424138,9136.311420182932,65.55064752724081
2025-12-24,9504.052606881767,9453.477293102878,96373.16850497964,94241.24993702897,69061.53917032298,129.53441449805598,613.7599630597252,19680.25599958038,15994.457559968352,2237.920662168893,633.8529164127775,69675.29913338271,15801.581965062518,1489.5785370702288,107.39060669024184,208.51078852895478,422.9937581265501,3956.935510457054,6769.442918970618,4797.049160973169,0.0,57.415452446196696,8118.264750284319,9180.559658632239,576.365525896624
2025-12-25,9453.477293102878,9538.127245914395,92634.44171715478,92866.63018615637,69678.5921634111,109.48417027867548,514.3587078425584,20895.378861260368,16919.566914858355,820.7987032835908,544.674756749445,70192.95087125366,15441.604924469562,1724.4111341991832,206.13088342333344,213.1784132213296,1390.1142729994856,4203.702938842047,6651.932781263451,5537.779580272841,0.0,17.980646313871045,8111.731836378865,9285.357006149145,559.6571407932198
2025-12-26,9538.127245914395,9440.522977648787,49848.43596852088,47424.44087414362,28688.190167600715,0.0,0.0,20676.703585963332,16710.70555150591,105.18991913400328,367.7336205521942,28688.190167600715,6621.146986413951,1557.4832157202827,142.13598541873046,119.18281236246231,5946.297525189259,5988.021335927599,1738.878866666667,3797.3295980699527,321.2358833333332,37.96757394847765,5390.977959408311,9022.066957880943,3171.1793314896117
2025-12-27,9440.522977648787,9818.285501290062,51012.61798894509,49462.66425952665,29637.459422098167,0.0,0.0,20025.5740806925,15908.10339090441,1246.3266885432295,518.9315811953372,29637.459422098167,6925.698892751544,1636.836109528294,231.11116080203544,174.732129758219,5677.660510475417,5274.044378311884,1699.5235666666665,3817.87449111791,0.0,0.0,5389.631175509994,9155.882844594247,2910.1769774502964
2025-12-28,9818.285501290062,10245.124580591146,95171.17382275173,92665.70603434248,68272.46864982044,0.0,0.0,19939.41201622784,15915.006000484987,1321.6778338967442,561.3886180362089,68272.46864982044,15675.174960584633,1167.4392700668022,184.98381557592438,263.9420042595805,623.369438259897,4217.261046098454,6719.07532197965,4778.917433280165,35.351775846635746,31.732969036904894,7896.065930046366,9663.128477080269,456.1597187765161
2025-12-29,10245.124580591146,9832.798310225182,95377.03188012078,94404.83117469418,68030.84222275871,10.972555796319938,51.19794534562883,19870.214199907856,16309.851145837221,2602.014073710466,716.5598027093914,68082.04016810434,15801.023517434569,723.1917923999122,89.34604787222474,130.59345554443698,1084.40845330077,4999.9998,6406.432482319855,4120.998731019624,0.0,110.69649672144634,8082.409097160712,9591.998122472422,647.2550651836584
2025-12-30,9832.798310225182,9673.036677203678,95483.36671761236,92947.1285066354,68978.83256392487,136.4961555460598,659.0541467991301,20778.475461445192,16954.85449737545,2420.7938396739087,598.0475917711394,69637.886710724,15544.92395811514,1145.4673803582484,73.89778907195159,216.33485004264455,1063.3227550154552,3001.151018790015,7150.914886518188,6563.200728435493,26.719066769856454,413.76703246344823,8142.881608352427,9414.485196892974,497.1183916475739
2025-12-31,9673.036677203678,9534.313402876085,97080.5007594208,94003.22071591631,67196.90316331257,143.15329441161214,758.1193848150244,20797.01996072426,16970.43711508149,1521.3271876436067,152.04104370819792,67955.0225481276,15724.903884014788,1468.3764555766124,243.4238867679435,321.7679417956744,334.3827161234875,4673.576800053282,7517.424960937441,4981.111062312337,160.81557604214424,79.09543319035527,8039.325585150239,9273.092267796004,675.0643900602321
