date,series,issue_hour,mae_kw,rmse_kw
2025-02-01,load_day_ahead,0,203.1001324813593,241.37468403433007
2025-02-01,pv_raw,0,129.19989583333336,246.03823391243404
2025-02-01,pv_corrected,0,149.74642500000002,274.5035257916934
2025-02-01,pv_raw,6,119.21467916666666,229.00896358281017
2025-02-01,pv_corrected,6,130.9495208333333,249.41343139212725
2025-02-01,pv_raw,12,351.14280416666674,923.5620587293672
2025-02-01,pv_corrected,12,375.6930333333334,979.3964950955411
2025-02-01,pv_raw,18,185.57883749999996,330.752390348492
2025-02-01,pv_corrected,18,162.9961833333333,287.19549819251597
2025-02-02,load_day_ahead,0,189.68137487307828,227.432114588701
2025-02-02,pv_raw,0,113.70776666666677,206.00694565266298
2025-02-02,pv_corrected,0,124.13146041666674,239.3776230028478
2025-02-02,pv_raw,6,37.56974166666668,71.8957087707257
2025-02-02,pv_corrected,6,42.68169583333335,79.97481777271493
2025-02-02,pv_raw,12,184.62628749999996,427.27842313573325
2025-02-02,pv_corrected,12,202.86068749999993,489.8480409550815
2025-02-02,pv_raw,18,169.03459583333338,375.4030998296493
2025-02-02,pv_corrected,18,152.81517083333335,343.80375620192325
2025-02-03,load_day_ahead,0,159.9551717235855,202.92581090151992
2025-02-03,pv_raw,0,149.08553333333333,284.7376049696486
2025-02-03,pv_corrected,0,168.46131250000002,319.53312948798765
2025-02-03,pv_raw,6,33.19290833333334,87.62892671738513
2025-02-03,pv_corrected,6,35.6697958333334,86.13825024593955
2025-02-03,pv_raw,12,132.4687125,318.5913653385759
2025-02-03,pv_corrected,12,130.04142083333335,318.4039380098357
2025-02-03,pv_raw,18,130.92975833333335,254.628174843964
2025-02-03,pv_corrected,18,151.64313333333334,272.5863159976731
2025-02-04,load_day_ahead,0,233.61070673535562,274.8622599608289
2025-02-04,pv_raw,0,156.9807166666667,321.2048394620169
2025-02-04,pv_corrected,0,171.03861250000003,347.57076658458203
2025-02-04,pv_raw,6,61.40372916666664,140.65876509951747
2025-02-04,pv_corrected,6,52.82819166666665,129.2739507352747
2025-02-04,pv_raw,12,184.87125833333334,451.5057511533804
2025-02-04,pv_corrected,12,194.64198125,463.54227479798436
2025-02-04,pv_raw,18,309.62755833333335,599.9291827745561
2025-02-04,pv_corrected,18,342.17280624999995,662.3039893284285
2025-02-05,load_day_ahead,0,169.2691114894316,217.04443648071884
2025-02-05,pv_raw,0,87.18477916666667,196.8401339715399
2025-02-05,pv_corrected,0,91.99939583333334,200.4133147860556
2025-02-05,pv_raw,6,33.02705000000001,88.78463943379137
2025-02-05,pv_corrected,6,25.587829166666666,63.628200542052035
2025-02-05,pv_raw,12,214.61419999999998,480.00619134459697
2025-02-05,pv_corrected,12,216.81160416666663,491.4011946375025
2025-02-05,pv_raw,18,195.13344583333335,363.1598354201833
2025-02-05,pv_corrected,18,223.04007500000003,418.6892064023873
2025-02-06,load_day_ahead,0,167.67634343378194,204.43931411096628
2025-02-06,pv_raw,0,253.6976958333333,483.04183191520315
2025-02-06,pv_corrected,0,252.13774583333335,482.6885033210682
2025-02-06,pv_raw,6,102.11743750000004,203.04580431599356
2025-02-06,pv_corrected,6,91.83416250000005,184.28015014213753
2025-02-06,pv_raw,12,361.9572208333332,841.2022631184248
2025-02-06,pv_corrected,12,355.6101875,836.3388223307279
2025-02-06,pv_raw,18,126.90476666666666,274.0178748993545
2025-02-06,pv_corrected,18,103.48533749999997,246.15707090415103
2025-02-07,load_day_ahead,0,197.32395827076073,240.02700154203654
2025-02-07,pv_raw,0,179.4606666666667,367.01443622180705
2025-02-07,pv_corrected,0,177.89239166666673,366.7464487612594
2025-02-07,pv_raw,6,142.6274958333333,278.21098240509616
2025-02-07,pv_corrected,6,130.1866791666666,260.1660369900304
2025-02-07,pv_raw,12,123.37729166666668,284.8858610116383
2025-02-07,pv_corrected,12,132.03879999999998,306.8785733567907
2025-02-07,pv_raw,18,202.05875416666663,370.1277935546479
2025-02-07,pv_corrected,18,214.97354999999993,397.26077586513196
2025-02-08,load_day_ahead,0,137.67866136243492,165.38915557907407
2025-02-08,pv_raw,0,162.2545875,287.6220099531871
2025-02-08,pv_corrected,0,162.01302916666663,288.1154051674469
2025-02-08,pv_raw,6,26.029962500000053,51.700468824022806
2025-02-08,pv_corrected,6,34.25275833333331,68.52540019680656
2025-02-08,pv_raw,12,84.73167500000001,171.62911007541086
2025-02-08,pv_corrected,12,64.51012083333329,147.25305710086997
2025-02-08,pv_raw,18,290.73140000000006,537.1307661805813
2025-02-08,pv_corrected,18,279.4193875,506.2959072489019
2025-02-09,load_day_ahead,0,115.21687188376917,139.81023874023475
2025-02-09,pv_raw,0,150.05054166666667,288.0099460903593
2025-02-09,pv_corrected,0,148.01742916666666,285.1656775876284
2025-02-09,pv_raw,6,102.15590833333339,187.1378226319443
2025-02-09,pv_corrected,6,84.5618166666667,152.36427660654806
2025-02-09,pv_raw,12,223.44203750000008,602.8369638741706
2025-02-09,pv_corrected,12,223.35878333333343,651.6790179608881
2025-02-09,pv_raw,18,314.23327916666665,589.7854957189326
2025-02-09,pv_corrected,18,290.4535541666666,558.4827419602682
2025-02-10,load_day_ahead,0,139.84120470688094,170.84627395949306
2025-02-10,pv_raw,0,102.8716041666667,211.19962365938395
2025-02-10,pv_corrected,0,98.93108749999999,206.321540640688
2025-02-10,pv_raw,6,146.8269833333333,304.44309316793095
2025-02-10,pv_corrected,6,170.52624583333326,349.3656209373945
2025-02-10,pv_raw,12,89.66524583333336,220.0787538245752
2025-02-10,pv_corrected,12,85.46533749999998,210.20287424911984
2025-02-10,pv_raw,18,192.55901666666674,344.35464641563465
2025-02-10,pv_corrected,18,215.3182416666667,387.43209136563644
2025-02-11,load_day_ahead,0,117.02750908941408,147.00448652162004
2025-02-11,pv_raw,0,225.3831666666666,445.64537427071605
2025-02-11,pv_corrected,0,235.60850833333333,452.3518602712945
2025-02-11,pv_raw,6,80.15131666666666,152.67985937393095
2025-02-11,pv_corrected,6,92.3732791666667,158.82938240361244
2025-02-11,pv_raw,12,226.33821250000003,483.42568506538794
2025-02-11,pv_corrected,12,228.1815875,484.34886489889146
2025-02-11,pv_raw,18,314.5640624999999,642.26556320679
2025-02-11,pv_corrected,18,299.6613166666666,615.1426514614475
2025-02-12,load_day_ahead,0,122.94588925716032,155.11692163621558
2025-02-12,pv_raw,0,135.04471249999997,230.87742504244622
2025-02-12,pv_corrected,0,122.85090833333321,220.98859435308336
2025-02-12,pv_raw,6,61.87700000000003,122.84446260947564
2025-02-12,pv_corrected,6,71.44249166666668,148.61886150434725
2025-02-12,pv_raw,12,73.45803749999995,189.20032734785022
2025-02-12,pv_corrected,12,68.05819999999997,142.60572331026603
2025-02-12,pv_raw,18,396.6224916666667,754.5689493443255
2025-02-12,pv_corrected,18,374.3184208333333,713.3653814350496
2025-02-13,load_day_ahead,0,138.7674720396934,170.36436964813382
2025-02-13,pv_raw,0,133.18342916666668,249.45747275845025
2025-02-13,pv_corrected,0,118.33966250000002,224.96057643002607
2025-02-13,pv_raw,6,63.85140000000005,136.21818132243163
2025-02-13,pv_corrected,6,78.84786250000002,162.89822654975288
2025-02-13,pv_raw,12,165.22026666666667,412.60552888413696
2025-02-13,pv_corrected,12,135.5202833333334,339.0483702189214
2025-02-13,pv_raw,18,211.29257500000006,490.2066389747032
2025-02-13,pv_corrected,18,201.65747916666672,476.3831432469269
2025-02-14,load_day_ahead,0,123.87557711478661,160.24478505801355
2025-02-14,pv_raw,0,194.59909583333334,324.713119738771
2025-02-14,pv_corrected,0,183.9753124999999,304.0296140075563
2025-02-14,pv_raw,6,35.57388749999992,79.31632496249581
2025-02-14,pv_corrected,6,37.31960416666664,80.28349900251136
2025-02-14,pv_raw,12,152.45598333333336,359.48833532318787
2025-02-14,pv_corrected,12,130.42911666666666,298.02551862989577
2025-02-14,pv_raw,18,225.47168333333332,444.0500671180991
2025-02-14,pv_corrected,18,240.03206249999997,476.72777352225563
2025-02-15,load_day_ahead,0,139.20167576725044,172.0060702841075
2025-02-15,pv_raw,0,178.21175416666665,328.5317663511735
2025-02-15,pv_corrected,0,174.8058833333333,321.94660945344765
2025-02-15,pv_raw,6,70.78312500000004,154.86165387909688
2025-02-15,pv_corrected,6,70.96656666666671,154.87642240491567
2025-02-15,pv_raw,12,85.41819999999996,229.93827195690298
2025-02-15,pv_corrected,12,120.06656666666667,314.88431371065735
2025-02-15,pv_raw,18,170.1676208333333,296.2049662798134
2025-02-15,pv_corrected,18,176.39837083333325,320.1012979550893
2025-02-16,load_day_ahead,0,128.16801791710984,156.46053611864517
2025-02-16,pv_raw,0,174.6092708333333,323.77178467732807
2025-02-16,pv_corrected,0,158.51610833333336,303.12914740399714
2025-02-16,pv_raw,6,89.36396249999996,161.56885114631842
2025-02-16,pv_corrected,6,89.36396249999996,161.56885114631842
2025-02-16,pv_raw,12,114.0411125,268.0313514311035
2025-02-16,pv_corrected,12,134.81890833333327,340.66252928849406
2025-02-16,pv_raw,18,185.14430833333327,362.5312232829631
2025-02-16,pv_corrected,18,199.54908333333324,386.1230389980709
2025-02-17,load_day_ahead,0,123.90722376052499,157.4285398287434
2025-02-17,pv_raw,0,352.83855416666665,705.8181734750868
2025-02-17,pv_corrected,0,329.42642499999994,667.7083049640021
2025-02-17,pv_raw,6,38.92705000000003,84.45203384225974
2025-02-17,pv_corrected,6,38.92705000000003,84.45203384225974
2025-02-17,pv_raw,12,166.03379166666664,355.0903819253204
2025-02-17,pv_corrected,12,137.4498833333333,269.9430383224408
2025-02-17,pv_raw,18,212.60564583333337,396.7073886154142
2025-02-17,pv_corrected,18,216.38012083333334,408.5236320344847
2025-02-18,load_day_ahead,0,123.66051303305888,157.86753345993128
2025-02-18,pv_raw,0,164.33599583333327,315.3900147963766
2025-02-18,pv_corrected,0,168.84400833333325,326.818345353935
2025-02-18,pv_raw,6,114.87044166666658,208.81246779299548
2025-02-18,pv_corrected,6,114.87044166666658,208.81246779299548
2025-02-18,pv_raw,12,185.69108749999998,404.77680103976695
2025-02-18,pv_corrected,12,217.31186666666667,476.81821130241565
2025-02-18,pv_raw,18,119.47651666666661,231.18808511906118
2025-02-18,pv_corrected,18,126.90250833333334,236.97253643766393
2025-02-19,load_day_ahead,0,124.30566370648529,158.9189343157593
2025-02-19,pv_raw,0,89.46151249999998,181.34329533153297
2025-02-19,pv_corrected,0,93.7720083333333,200.21207744461242
2025-02-19,pv_raw,6,96.09922500000009,179.79876585406777
2025-02-19,pv_corrected,6,96.09922500000009,179.79876585406777
2025-02-19,pv_raw,12,187.48286666666658,434.6315462279543
2025-02-19,pv_corrected,12,161.68936666666656,362.00969258418667
2025-02-19,pv_raw,18,240.5103416666666,437.7258219861939
2025-02-19,pv_corrected,18,228.17202916666665,422.95538849199914
2025-02-20,load_day_ahead,0,128.4272960959027,158.3858660386562
2025-02-20,pv_raw,0,122.93545000000006,255.2492399141115
2025-02-20,pv_corrected,0,94.32617916666668,205.2046576246251
2025-02-20,pv_raw,6,94.49820833333331,194.68319983938014
2025-02-20,pv_corrected,6,94.64827916666665,194.76479729118898
2025-02-20,pv_raw,12,153.65462499999998,344.7219933242957
2025-02-20,pv_corrected,12,125.80707083333334,265.0236984424152
2025-02-20,pv_raw,18,198.00334999999998,372.7460093110812
2025-02-20,pv_corrected,18,180.03356666666664,353.43528768595434
2025-02-21,load_day_ahead,0,141.71212257079756,170.51922102172946
2025-02-21,pv_raw,0,172.71664166666667,325.9385109865331
2025-02-21,pv_corrected,0,151.84643333333327,290.05502941845214
2025-02-21,pv_raw,6,98.00407500000006,181.70179954301503
2025-02-21,pv_corrected,6,99.25683333333338,182.758159613577
2025-02-21,pv_raw,12,225.8478583333334,558.8059085208648
2025-02-21,pv_corrected,12,258.08188750000005,583.2454271995842
2025-02-21,pv_raw,18,119.3106125,271.71737862370816
2025-02-21,pv_corrected,18,131.29336666666669,286.94361939736086
2025-02-22,load_day_ahead,0,128.13505218900897,157.91205896725555
2025-02-22,pv_raw,0,93.87755416666676,206.72164761149338
2025-02-22,pv_corrected,0,114.77902916666663,221.5222842259488
2025-02-22,pv_raw,6,54.77737916666664,102.0021291429272
2025-02-22,pv_corrected,6,51.303554166666665,96.23917836489673
2025-02-22,pv_raw,12,159.7580916666667,357.5902031795859
2025-02-22,pv_corrected,12,148.72670833333336,337.881664394791
2025-02-22,pv_raw,18,257.9887291666667,483.77873766333903
2025-02-22,pv_corrected,18,269.4886041666667,513.0020499857275
2025-02-23,load_day_ahead,0,127.89019510319112,160.3017827545671
2025-02-23,pv_raw,0,119.3868666666667,242.3771861476894
2025-02-23,pv_corrected,0,129.8140791666666,251.17405219371702
2025-02-23,pv_raw,6,85.20279166666668,190.11629054219904
2025-02-23,pv_corrected,6,79.8677708333334,176.80189691823531
2025-02-23,pv_raw,12,257.097125,697.0498196208528
2025-02-23,pv_corrected,12,286.09972916666675,789.6292494190538
2025-02-23,pv_raw,18,167.2436833333334,296.78507390108234
2025-02-23,pv_corrected,18,158.68103333333337,274.5951551537479
2025-02-24,load_day_ahead,0,124.77997617960939,149.7231679556104
2025-02-24,pv_raw,0,216.80056250000007,365.21104354551926
2025-02-24,pv_corrected,0,229.39036666666667,400.2660548178829
2025-02-24,pv_raw,6,113.10757500000001,229.8854539575743
2025-02-24,pv_corrected,6,110.89702499999994,226.96537959731327
2025-02-24,pv_raw,12,48.73534583333333,108.90522019193077
2025-02-24,pv_corrected,12,30.302875000000004,55.192032812052375
2025-02-24,pv_raw,18,112.80417916666663,226.6428708237358
2025-02-24,pv_corrected,18,100.16555833333337,185.6895582999689
2025-02-25,load_day_ahead,0,126.52697249319135,163.11043582233987
2025-02-25,pv_raw,0,265.6434166666666,465.36363474918903
2025-02-25,pv_corrected,0,249.04956666666666,432.6201369364141
2025-02-25,pv_raw,6,168.01877500000003,369.7150530025951
2025-02-25,pv_corrected,6,154.49322083333345,337.449204864465
2025-02-25,pv_raw,12,127.77706249999999,259.7023051864569
2025-02-25,pv_corrected,12,100.62805833333334,183.77598769953153
2025-02-25,pv_raw,18,204.17911249999997,363.58504668331096
2025-02-25,pv_corrected,18,194.9060833333333,345.74774066818196
2025-02-26,load_day_ahead,0,137.11426690764327,173.0368980236936
2025-02-26,pv_raw,0,172.4610708333333,331.4821838371777
2025-02-26,pv_corrected,0,212.52134999999987,394.48211142318684
2025-02-26,pv_raw,6,93.6576458333334,171.19606515193712
2025-02-26,pv_corrected,6,114.83135416666676,215.25554768320646
2025-02-26,pv_raw,12,453.86428333333333,1095.3152594528908
2025-02-26,pv_corrected,12,482.2144166666667,1184.8755133027635
2025-02-26,pv_raw,18,356.1767916666667,686.675733570287
2025-02-26,pv_corrected,18,378.3872166666667,739.303618916576
2025-02-27,load_day_ahead,0,120.91640763547291,150.1192910051837
2025-02-27,pv_raw,0,108.24749166666668,186.0541731411782
2025-02-27,pv_corrected,0,99.26977916666665,190.17042507146166
2025-02-27,pv_raw,6,45.172012500000015,109.82328191914158
2025-02-27,pv_corrected,6,56.24537916666674,121.93621549524546
2025-02-27,pv_raw,12,50.09034166666663,103.25441326693581
2025-02-27,pv_corrected,12,70.81553333333325,167.636687774472
2025-02-27,pv_raw,18,297.8997333333333,532.8266799397358
2025-02-27,pv_corrected,18,284.9124875,496.28142853819804
2025-02-28,load_day_ahead,0,125.8087404581291,155.5799796166291
2025-02-28,pv_raw,0,95.41515416666664,192.8723115236725
2025-02-28,pv_corrected,0,106.6821083333333,226.69862330628507
2025-02-28,pv_raw,6,74.3198791666667,144.81314369588054
2025-02-28,pv_corrected,6,79.70834166666661,149.1852745571089
2025-02-28,pv_raw,12,204.21362916666666,505.5594465174773
2025-02-28,pv_corrected,12,205.8582333333333,508.03450189407664
2025-02-28,pv_raw,18,269.91626249999996,506.38660824759717
2025-02-28,pv_corrected,18,278.46635833333335,517.7500171939552
2025-03-01,load_day_ahead,0,198.92713796923505,251.24944897598567
2025-03-01,pv_raw,0,237.2340416666666,492.2163572124186
2025-03-01,pv_corrected,0,225.17518749999996,474.4455633644236
2025-03-01,pv_raw,6,128.72085416666667,269.4746203288037
2025-03-01,pv_corrected,6,142.8135166666667,299.13876800441363
2025-03-01,pv_raw,12,331.9812624999999,726.1581922137865
2025-03-01,pv_corrected,12,319.88210833333335,699.533215309966
2025-03-01,pv_raw,18,368.4984083333332,770.3857189205179
2025-03-01,pv_corrected,18,352.4843666666666,720.0391352209277
2025-03-02,load_day_ahead,0,176.89761715764885,230.40329679997157
2025-03-02,pv_raw,0,149.90361249999998,250.65783134984446
2025-03-02,pv_corrected,0,179.96015833333334,308.95079846320596
2025-03-02,pv_raw,6,50.571041666666694,102.24039014825559
2025-03-02,pv_corrected,6,50.42163750000004,97.68244569263932
2025-03-02,pv_raw,12,230.68943750000003,591.4394695418813
2025-03-02,pv_corrected,12,244.71067083333332,626.8320134320207
2025-03-02,pv_raw,18,236.33925416666662,444.0424379259219
2025-03-02,pv_corrected,18,213.70364583333335,390.3961698471946
2025-03-03,load_day_ahead,0,178.83164422577485,219.75071995257184
2025-03-03,pv_raw,0,208.51721666666663,417.22025102791633
2025-03-03,pv_corrected,0,194.13919166666665,388.725214069504
2025-03-03,pv_raw,6,108.66763750000005,216.81630479228753
2025-03-03,pv_corrected,6,111.20090000000006,223.09302610773918
2025-03-03,pv_raw,12,216.87551249999999,589.0400497866234
2025-03-03,pv_corrected,12,228.82357083333326,613.0930742122019
2025-03-03,pv_raw,18,246.08936666666662,443.3753234359867
2025-03-03,pv_corrected,18,202.68846249999993,366.57150444650915
2025-03-04,load_day_ahead,0,176.6299905716628,224.8201768823429
2025-03-04,pv_raw,0,123.43294166666671,224.44040679561252
2025-03-04,pv_corrected,0,177.92323750000006,338.5849068839302
2025-03-04,pv_raw,6,62.20140416666667,130.24364365278862
2025-03-04,pv_corrected,6,64.23042916666665,131.95769554986964
2025-03-04,pv_raw,12,103.08224583333333,213.25173362913628
2025-03-04,pv_corrected,12,94.51496249999998,200.51284116031596
2025-03-04,pv_raw,18,129.4185708333333,273.62794271163096
2025-03-04,pv_corrected,18,159.70896666666667,316.29323930724877
2025-03-05,load_day_ahead,0,178.54331182735763,217.7532015352731
2025-03-05,pv_raw,0,191.43662916666665,371.85328712891095
2025-03-05,pv_corrected,0,178.03143333333333,353.2483369835389
2025-03-05,pv_raw,6,84.84944999999996,151.29950938844496
2025-03-05,pv_corrected,6,85.16313749999998,151.80536871488187
2025-03-05,pv_raw,12,158.47371666666675,311.9340449455984
2025-03-05,pv_corrected,12,162.84164166666673,318.2428272466758
2025-03-05,pv_raw,18,125.60960833333331,269.4154096595395
2025-03-05,pv_corrected,18,132.60127499999987,295.8301321894386
2025-03-06,load_day_ahead,0,179.39357134586277,218.5424837007443
2025-03-06,pv_raw,0,92.15826250000002,172.3898780689441
2025-03-06,pv_corrected,0,121.0953083333333,241.13599611157187
2025-03-06,pv_raw,6,57.78204583333332,123.26390866851663
2025-03-06,pv_corrected,6,59.35105416666664,124.06714433529694
2025-03-06,pv_raw,12,217.71048333333343,448.2890048903657
2025-03-06,pv_corrected,12,210.0087625000001,436.78878386524684
2025-03-06,pv_raw,18,106.7919,196.5268961953681
2025-03-06,pv_corrected,18,110.0913708333332,210.4535154846659
2025-03-07,load_day_ahead,0,208.60585321683365,263.071306814191
2025-03-07,pv_raw,0,189.90959583333336,357.1024173403847
2025-03-07,pv_corrected,0,145.47930833333328,276.45056386578716
2025-03-07,pv_raw,6,80.71825416666658,167.07655405204335
2025-03-07,pv_corrected,6,80.08034166666658,166.99082161163062
2025-03-07,pv_raw,12,375.65985833333343,840.3940504834172
2025-03-07,pv_corrected,12,384.6081958333334,868.6948738406517
2025-03-07,pv_raw,18,319.9925125000001,545.9415706395608
2025-03-07,pv_corrected,18,314.15095416666674,538.8233534685181
2025-03-08,load_day_ahead,0,119.4954709784763,145.37310126010922
2025-03-08,pv_raw,0,122.01352916666671,221.41385539739736
2025-03-08,pv_corrected,0,93.8311124999999,167.52726531254905
2025-03-08,pv_raw,6,48.32532916666667,110.68977061050892
2025-03-08,pv_corrected,6,47.20695833333334,110.47175066842881
2025-03-08,pv_raw,12,219.45464583333327,478.1602626188598
2025-03-08,pv_corrected,12,223.4246749999999,479.16187721830056
2025-03-08,pv_raw,18,279.18833750000005,529.2926752738804
2025-03-08,pv_corrected,18,286.8135833333334,519.6871259471199
2025-03-09,load_day_ahead,0,128.7069316862741,160.49374803507567
2025-03-09,pv_raw,0,292.11426250000017,600.6264277191799
2025-03-09,pv_corrected,0,253.46910833333342,527.6857257650564
2025-03-09,pv_raw,6,106.92125416666666,235.18787752505173
2025-03-09,pv_corrected,6,105.98152916666668,233.13195050488838
2025-03-09,pv_raw,12,94.54005000000006,233.7969838377965
2025-03-09,pv_corrected,12,98.5100791666667,234.63629648628987
2025-03-09,pv_raw,18,550.4327125000001,1061.5205377045552
2025-03-09,pv_corrected,18,569.602925,1120.576514748131
2025-03-10,load_day_ahead,0,142.43270400731592,178.28686588412128
2025-03-10,pv_raw,0,96.087475,209.20031673676633
2025-03-10,pv_corrected,0,149.7538333333333,286.48451121300025
2025-03-10,pv_raw,6,84.7834166666666,168.42214121317292
2025-03-10,pv_corrected,6,85.91167499999995,169.45247488386912
2025-03-10,pv_raw,12,125.17943750000002,339.634944377399
2025-03-10,pv_corrected,12,124.9445583333334,339.95968542755816
2025-03-10,pv_raw,18,524.0570749999999,865.3503751181905
2025-03-10,pv_corrected,18,529.2267125,876.7051811914147
2025-03-11,load_day_ahead,0,128.4767089380537,158.54976415920046
2025-03-11,pv_raw,0,297.3649583333334,594.767417234041
2025-03-11,pv_corrected,0,333.28105,652.8899651262736
2025-03-11,pv_raw,6,77.13573333333333,163.32195951997704
2025-03-11,pv_corrected,6,76.81993333333334,163.18552114870675
2025-03-11,pv_raw,12,177.27407083333324,442.0113281753067
2025-03-11,pv_corrected,12,171.09079999999994,437.475686035685
2025-03-11,pv_raw,18,73.96672083333338,152.43473344542835
2025-03-11,pv_corrected,18,82.20765000000004,175.58867196637678
2025-03-12,load_day_ahead,0,124.82076559320952,153.99636979289124
2025-03-12,pv_raw,0,196.80924583333322,351.1423085682289
2025-03-12,pv_corrected,0,167.07739166666656,303.4606891815271
2025-03-12,pv_raw,6,153.6412708333334,284.0072869374387
2025-03-12,pv_corrected,6,153.3443750000001,283.0028283259773
2025-03-12,pv_raw,12,183.32590000000005,380.553203658919
2025-03-12,pv_corrected,12,179.1716291666667,374.5240582870518
2025-03-12,pv_raw,18,317.1508666666666,580.6625260263817
2025-03-12,pv_corrected,18,313.4890166666666,573.9873527180462
2025-03-13,load_day_ahead,0,132.74165815986078,167.92973558334134
2025-03-13,pv_raw,0,159.17404166666665,299.3382980756736
2025-03-13,pv_corrected,0,180.60779583333328,358.04039365650664
2025-03-13,pv_raw,6,36.3065958333333,63.11124690326263
2025-03-13,pv_corrected,6,36.42218333333333,65.18273178458259
2025-03-13,pv_raw,12,386.85122500000006,837.6419875273978
2025-03-13,pv_corrected,12,396.8401083333333,849.3096453426791
2025-03-13,pv_raw,18,159.60393333333332,277.2910487006808
2025-03-13,pv_corrected,18,159.71956666666665,277.5347116426069
2025-03-14,load_day_ahead,0,130.249980686592,158.81358315836925
2025-03-14,pv_raw,0,104.46124583333335,234.36693886666893
2025-03-14,pv_corrected,0,161.16962500000008,345.12028985228596
2025-03-14,pv_raw,6,152.06095416666673,282.79311436977446
2025-03-14,pv_corrected,6,143.63765833333335,269.415745661125
2025-03-14,pv_raw,12,325.247225,734.9293269925325
2025-03-14,pv_corrected,12,323.58814583333333,731.0856672959854
2025-03-14,pv_raw,18,301.0140708333334,519.4193457023395
2025-03-14,pv_corrected,18,297.16350416666677,509.7822102149584
2025-03-15,load_day_ahead,0,106.72381555725381,134.0831288295107
2025-03-15,pv_raw,0,85.73974999999997,155.60094505085485
2025-03-15,pv_corrected,0,94.87998749999997,170.12162396037058
2025-03-15,pv_raw,6,187.61697916666662,357.4326319974185
2025-03-15,pv_corrected,6,203.64151666666666,388.1760369660908
2025-03-15,pv_raw,12,160.5888791666666,284.5135505952769
2025-03-15,pv_corrected,12,153.72071666666668,268.54441563360774
2025-03-15,pv_raw,18,269.21500416666663,501.91420074404016
2025-03-15,pv_corrected,18,259.9319333333333,497.91755545868983
2025-03-16,load_day_ahead,0,129.55160644372933,162.4864222605949
2025-03-16,pv_raw,0,150.6617916666667,297.08612363513384
2025-03-16,pv_corrected,0,168.09750833333337,331.20448276368364
2025-03-16,pv_raw,6,108.39469166666673,221.54884663741586
2025-03-16,pv_corrected,6,118.68659166666673,241.5682342318953
2025-03-16,pv_raw,12,113.71642499999997,306.5862636694414
2025-03-16,pv_corrected,12,116.20344583333339,306.0619453444316
2025-03-16,pv_raw,18,178.48897499999995,321.7861421732439
2025-03-16,pv_corrected,18,170.21547499999994,307.27934138023335
2025-03-17,load_day_ahead,0,141.09435460829707,179.4509883649001
2025-03-17,pv_raw,0,173.121025,310.77488947869483
2025-03-17,pv_corrected,0,175.3389791666667,312.2715390210985
2025-03-17,pv_raw,6,180.96083750000003,317.0851179929223
2025-03-17,pv_corrected,6,173.2628833333334,304.15495729676735
2025-03-17,pv_raw,12,288.90317500000003,674.955861096061
2025-03-17,pv_corrected,12,312.72075416666667,714.6531991196993
2025-03-17,pv_raw,18,253.10292916666663,453.81789442042583
2025-03-17,pv_corrected,18,256.8889666666667,470.13453738022787
2025-03-18,load_day_ahead,0,123.68690198004144,154.15448490851978
2025-03-18,pv_raw,0,289.1288124999999,559.2218947033573
2025-03-18,pv_corrected,0,261.98827916666664,516.9291956023518
2025-03-18,pv_raw,6,113.82855416666655,233.17924580772873
2025-03-18,pv_corrected,6,118.51418333333315,247.56852582659624
2025-03-18,pv_raw,12,95.60369166666665,194.98411637486234
2025-03-18,pv_corrected,12,86.94084166666666,179.65702377452897
2025-03-18,pv_raw,18,266.9633291666667,467.86131797536484
2025-03-18,pv_corrected,18,257.8495583333334,446.1820887699981
2025-03-19,load_day_ahead,0,122.67501208712618,151.15332742658617
2025-03-19,pv_raw,0,214.51215000000002,388.05589545350085
2025-03-19,pv_corrected,0,264.79424583333326,496.9316979344365
2025-03-19,pv_raw,6,135.87801249999998,247.6597034975083
2025-03-19,pv_corrected,6,136.77886249999995,247.8515822074615
2025-03-19,pv_raw,12,181.39376666666666,352.1559564050256
2025-03-19,pv_corrected,12,156.14483750000002,294.2395780966415
2025-03-19,pv_raw,18,255.2870041666666,486.6379715146529
2025-03-19,pv_corrected,18,209.2383749999999,409.54617051709494
2025-03-20,load_day_ahead,0,128.31547470434532,155.18350902708235
2025-03-20,pv_raw,0,285.89996666666667,512.7664204805105
2025-03-20,pv_corrected,0,295.80576249999996,535.8541485899368
2025-03-20,pv_raw,6,207.23460000000003,375.5009930448565
2025-03-20,pv_corrected,6,206.65414583333333,374.76539829812475
2025-03-20,pv_raw,12,369.62886666666674,959.0349958055091
2025-03-20,pv_corrected,12,361.97972083333343,920.063451066815
2025-03-20,pv_raw,18,162.7165458333333,318.60316540432194
2025-03-20,pv_corrected,18,143.26607083333337,244.51602475782238
2025-03-21,load_day_ahead,0,123.39334516558665,156.76546069750415
2025-03-21,pv_raw,0,328.22367499999996,607.3159440950773
2025-03-21,pv_corrected,0,310.5746833333333,569.7182051914226
2025-03-21,pv_raw,6,83.56454166666664,146.18721615390714
2025-03-21,pv_corrected,6,82.15452916666668,144.01977703801805
2025-03-21,pv_raw,12,179.54455,400.39085828022155
2025-03-21,pv_corrected,12,176.2323041666667,405.8520812961977
2025-03-21,pv_raw,18,172.11182083333338,304.56326351101455
2025-03-21,pv_corrected,18,139.00132083333332,264.65761853057506
2025-03-22,load_day_ahead,0,110.7907361773944,135.94223679928797
2025-03-22,pv_raw,0,146.59669166666663,295.5799989907907
2025-03-22,pv_corrected,0,113.48259166666664,224.34894817183599
2025-03-22,pv_raw,6,118.47556666666655,282.42401146559155
2025-03-22,pv_corrected,6,116.34625833333325,281.3073227546001
2025-03-22,pv_raw,12,159.77098333333336,312.3558538747381
2025-03-22,pv_corrected,12,189.40565416666672,386.21526724154717
2025-03-22,pv_raw,18,285.10952083333336,463.9762673579306
2025-03-22,pv_corrected,18,316.146775,518.7013995588012
2025-03-23,load_day_ahead,0,118.30308403554503,145.9989486633054
2025-03-23,pv_raw,0,219.31584166666667,453.79956692307644
2025-03-23,pv_corrected,0,215.61616249999997,421.22775592736104
2025-03-23,pv_raw,6,69.8955166666667,133.39891979494558
2025-03-23,pv_corrected,6,83.217125,159.12688924057318
2025-03-23,pv_raw,12,246.27294999999995,552.0538881885768
2025-03-23,pv_corrected,12,243.15459166666665,548.879122315048
2025-03-23,pv_raw,18,315.18322916666654,586.6875440871517
2025-03-23,pv_corrected,18,332.9103833333333,673.6739966775398
2025-03-24,load_day_ahead,0,122.37596228117789,152.88952980859284
2025-03-24,pv_raw,0,160.83732499999994,282.79385491549016
2025-03-24,pv_corrected,0,155.54067083333328,263.47257040162407
2025-03-24,pv_raw,6,51.78463750000009,99.52565434282737
2025-03-24,pv_corrected,6,58.486212500000015,110.04527098575348
2025-03-24,pv_raw,12,145.1341833333333,338.6583463014914
2025-03-24,pv_corrected,12,164.07117500000004,352.0535406585422
2025-03-24,pv_raw,18,366.06722083333335,672.1343035912648
2025-03-24,pv_corrected,18,376.9763875000001,752.0494794027488
2025-03-25,load_day_ahead,0,141.17601279966402,169.82029831474446
2025-03-25,pv_raw,0,313.442825,609.0490032899953
2025-03-25,pv_corrected,0,285.1402708333333,562.3052903120811
2025-03-25,pv_raw,6,142.7743958333333,275.227108821511
2025-03-25,pv_corrected,6,137.7546208333333,270.9963715635344
2025-03-25,pv_raw,12,124.67624999999997,212.72283459700947
2025-03-25,pv_corrected,12,118.07134166666673,201.59585435588707
2025-03-25,pv_raw,18,191.23915000000002,335.12434055219956
2025-03-25,pv_corrected,18,154.88181250000005,260.56910255688183
2025-03-26,load_day_ahead,0,114.63462981643741,141.72658262030853
2025-03-26,pv_raw,0,226.2633125,449.4122654729495
2025-03-26,pv_corrected,0,193.2140708333334,382.759953832837
2025-03-26,pv_raw,6,82.00453333333336,152.12987228324315
2025-03-26,pv_corrected,6,96.18000833333326,178.58231263982069
2025-03-26,pv_raw,12,173.50457916666667,377.68410711613495
2025-03-26,pv_corrected,12,196.52167916666676,410.6983310718045
2025-03-26,pv_raw,18,266.5798250000001,498.16698701630156
2025-03-26,pv_corrected,18,213.5748666666667,387.52813061032094
2025-03-27,load_day_ahead,0,124.08255668501258,159.83319456413722
2025-03-27,pv_raw,0,138.2688333333333,245.1258991048155
2025-03-27,pv_corrected,0,104.2222,198.67772559101846
2025-03-27,pv_raw,6,134.60981666666672,230.2977293026157
2025-03-27,pv_corrected,6,131.21825833333335,227.1150633042002
2025-03-27,pv_raw,12,91.18056666666672,187.05677321153962
2025-03-27,pv_corrected,12,95.44701250000004,205.53349024708965
2025-03-27,pv_raw,18,336.36709166666674,626.1099737385011
2025-03-27,pv_corrected,18,306.7242625000001,573.0657586832267
2025-03-28,load_day_ahead,0,133.42798865974802,169.9685915189062
2025-03-28,pv_raw,0,278.0653624999999,496.66542545910403
2025-03-28,pv_corrected,0,317.9145,545.6815615602619
2025-03-28,pv_raw,6,72.29099166666668,174.0687564180435
2025-03-28,pv_corrected,6,74.52869999999999,169.44834370707434
2025-03-28,pv_raw,12,116.47837500000007,269.05206960929524
2025-03-28,pv_corrected,12,118.6872875000001,277.8058280295903
2025-03-28,pv_raw,18,445.1485499999999,945.6269277578374
2025-03-28,pv_corrected,18,436.98404166666654,897.770759805389
2025-03-29,load_day_ahead,0,107.97278537897918,132.29159410750955
2025-03-29,pv_raw,0,139.36614999999998,260.2122177312971
2025-03-29,pv_corrected,0,189.36509999999998,313.73968768293537
2025-03-29,pv_raw,6,46.726625000000105,119.09186603724946
2025-03-29,pv_corrected,6,40.66431250000007,105.71670068743263
2025-03-29,pv_raw,12,159.8532625000001,300.3190349376443
2025-03-29,pv_corrected,12,157.9877916666668,292.97068363578364
2025-03-29,pv_raw,18,161.78605833333333,318.3701650033089
2025-03-29,pv_corrected,18,152.85792083333345,279.36194388066497
2025-03-30,load_day_ahead,0,136.46937329350268,171.18703430571625
2025-03-30,pv_raw,0,286.30388750000003,550.1336686829336
2025-03-30,pv_corrected,0,260.9254291666667,488.9446544805193
2025-03-30,pv_raw,6,62.85423333333335,126.29791603317659
2025-03-30,pv_corrected,6,63.207354166666626,126.22200548140528
2025-03-30,pv_raw,12,713.3927583333334,1546.9004503039803
2025-03-30,pv_corrected,12,715.4299500000001,1552.1290282631187
2025-03-30,pv_raw,18,191.72159583333345,337.1803095093146
2025-03-30,pv_corrected,18,166.86845416666677,296.59784541930765
2025-03-31,load_day_ahead,0,119.80653811462624,148.4332878676636
2025-03-31,pv_raw,0,218.95188333333326,402.33864586421146
2025-03-31,pv_corrected,0,274.8331,522.549608029949
2025-03-31,pv_raw,6,122.99099583333332,271.62507636632085
2025-03-31,pv_corrected,6,127.93912916666666,279.66449505977033
2025-03-31,pv_raw,12,301.12380833333333,616.5533787505262
2025-03-31,pv_corrected,12,298.4179,610.7679548989628
2025-03-31,pv_raw,18,296.99039999999997,503.36051251325745
2025-03-31,pv_corrected,18,270.0450125,472.1161866479369
2025-04-01,load_day_ahead,0,136.44961110885262,167.89851556322176
2025-04-01,pv_raw,0,246.7913083333333,509.09017512680896
2025-04-01,pv_corrected,0,225.30813749999993,447.0902454991007
2025-04-01,pv_raw,6,114.04122916666661,236.59567579740596
2025-04-01,pv_corrected,6,130.3959541666666,257.0713458183617
2025-04-01,pv_raw,12,250.58817499999995,604.4647221969436
2025-04-01,pv_corrected,12,237.58185833333332,593.536307382417
2025-04-01,pv_raw,18,724.0684916666668,1288.4210520794493
2025-04-01,pv_corrected,18,785.1264666666666,1418.0308120427044
2025-04-02,load_day_ahead,0,122.23248156094445,151.72908281295304
2025-04-02,pv_raw,0,141.0868708333333,270.38479103654834
2025-04-02,pv_corrected,0,152.74759583333332,287.4128049789775
2025-04-02,pv_raw,6,74.01730833333339,131.70863738436387
2025-04-02,pv_corrected,6,79.64089583333337,143.71748464394332
2025-04-02,pv_raw,12,141.43832083333325,284.99469905704007
2025-04-02,pv_corrected,12,126.55949999999996,246.45051096980905
2025-04-02,pv_raw,18,161.3811749999999,294.3493695599639
2025-04-02,pv_corrected,18,206.33265833333334,379.5473412144249
2025-04-03,load_day_ahead,0,121.48891963249227,155.82481152901934
2025-04-03,pv_raw,0,275.9013,452.9285303457894
2025-04-03,pv_corrected,0,252.94500000000002,435.0284989950869
2025-04-03,pv_raw,6,43.05907500000003,94.48893115320892
2025-04-03,pv_corrected,6,50.68896250000015,113.90249274276088
2025-04-03,pv_raw,12,111.64695833333327,207.72348917531963
2025-04-03,pv_corrected,12,101.74909999999996,188.5313673594816
2025-04-03,pv_raw,18,158.30034999999978,306.2998127355067
2025-04-03,pv_corrected,18,184.66919583333325,351.5009382917554
2025-04-04,load_day_ahead,0,134.45001853874243,165.4434946020669
2025-04-04,pv_raw,0,93.05025416666656,192.0730946250986
2025-04-04,pv_corrected,0,111.51514583333322,210.44642677395447
2025-04-04,pv_raw,6,128.38256666666652,224.51210734929907
2025-04-04,pv_corrected,6,127.98079583333322,224.04594422542442
2025-04-04,pv_raw,12,399.4615166666667,927.9392237873134
2025-04-04,pv_corrected,12,420.98305416666676,961.2237043699716
2025-04-04,pv_raw,18,487.65777916666667,875.3981699855246
2025-04-04,pv_corrected,18,521.2446375,908.47622847764
2025-04-05,load_day_ahead,0,123.4714916151049,151.5499521952759
2025-04-05,pv_raw,0,182.36362499999996,347.02518475506565
2025-04-05,pv_corrected,0,163.23823333333326,332.3544218305837
2025-04-05,pv_raw,6,110.27519166666656,196.3010440823289
2025-04-05,pv_corrected,6,103.30634999999994,189.6188919894102
2025-04-05,pv_raw,12,816.4947833333332,1715.7019320581717
2025-04-05,pv_corrected,12,839.1711791666665,1749.59873418024
2025-04-05,pv_raw,18,152.5947083333334,254.89785973062178
2025-04-05,pv_corrected,18,142.28205000000003,235.3026475812286
2025-04-06,load_day_ahead,0,125.42475773084821,153.40677805275237
2025-04-06,pv_raw,0,184.28278333333324,373.4195606407991
2025-04-06,pv_corrected,0,151.8115583333333,314.2795477770029
2025-04-06,pv_raw,6,79.48923333333336,152.4533387865695
2025-04-06,pv_corrected,6,75.68881250000004,148.5554792837386
2025-04-06,pv_raw,12,97.60155833333333,178.58123974202653
2025-04-06,pv_corrected,12,80.8461375,151.13974745473558
2025-04-06,pv_raw,18,208.0377124999999,398.53605471545006
2025-04-06,pv_corrected,18,197.74883749999984,369.5464164123041
2025-04-07,load_day_ahead,0,123.4711890314438,153.92365470864857
2025-04-07,pv_raw,0,249.58922916666666,439.12014316501455
2025-04-07,pv_corrected,0,237.94322499999998,449.13849036380935
2025-04-07,pv_raw,6,69.72384999999998,118.62884152795638
2025-04-07,pv_corrected,6,64.36974166666671,113.93186737662562
2025-04-07,pv_raw,12,418.8653249999999,1047.7838177520073
2025-04-07,pv_corrected,12,427.6743958333334,1029.1244041634575
2025-04-07,pv_raw,18,292.68289583333325,535.8188839448342
2025-04-07,pv_corrected,18,303.98470833333323,545.4766943067868
2025-04-08,load_day_ahead,0,129.2484181535406,156.14817506378316
2025-04-08,pv_raw,0,245.65986249999992,445.85431798461485
2025-04-08,pv_corrected,0,250.39172499999987,436.16053027327547
2025-04-08,pv_raw,6,92.80037916666669,152.22172506814832
2025-04-08,pv_corrected,6,109.544375,179.69604324009902
2025-04-08,pv_raw,12,109.43215833333335,221.7794708293579
2025-04-08,pv_corrected,12,122.06186666666667,242.34843320466652
2025-04-08,pv_raw,18,137.23083750000004,259.099904332609
2025-04-08,pv_corrected,18,122.61631666666672,238.74838931264375
2025-04-09,load_day_ahead,0,120.14101646398788,151.89199589947899
2025-04-09,pv_raw,0,168.45735,326.8162749876857
2025-04-09,pv_corrected,0,207.39549166666674,412.48323670813784
2025-04-09,pv_raw,6,43.951208333333376,88.37769345989781
2025-04-09,pv_corrected,6,42.16590000000004,97.49438868066538
2025-04-09,pv_raw,12,680.98905,1451.4687132690308
2025-04-09,pv_corrected,12,672.3738708333334,1426.2639030135445
2025-04-09,pv_raw,18,209.0345916666666,422.76891808303503
2025-04-09,pv_corrected,18,210.63895416666665,422.8498500210551
2025-04-10,load_day_ahead,0,121.36983956908792,155.2974826488689
2025-04-10,pv_raw,0,137.4278166666667,244.5060303163367
2025-04-10,pv_corrected,0,118.71200833333346,227.70804536840228
2025-04-10,pv_raw,6,151.2940166666667,276.5219295880256
2025-04-10,pv_corrected,6,167.33368749999997,309.8654583474394
2025-04-10,pv_raw,12,286.92016250000006,585.7025344006074
2025-04-10,pv_corrected,12,277.13302916666674,570.2162723373385
2025-04-10,pv_raw,18,216.8201333333333,408.33815516517683
2025-04-10,pv_corrected,18,202.2056125,385.65298641049753
2025-04-11,load_day_ahead,0,132.70646103209302,162.9187068323959
2025-04-11,pv_raw,0,232.92892499999985,412.44906291009124
2025-04-11,pv_corrected,0,271.65001666666655,482.15329087140344
2025-04-11,pv_raw,6,104.99650416666658,192.48377249284644
2025-04-11,pv_corrected,6,88.76662916666653,157.16031867027908
2025-04-11,pv_raw,12,159.36742499999997,365.3620802436583
2025-04-11,pv_corrected,12,172.79729583333332,428.73466150856405
2025-04-11,pv_raw,18,374.7868041666666,652.5375048848065
2025-04-11,pv_corrected,18,387.49257916666664,678.1065436911
2025-04-12,load_day_ahead,0,119.61974631856498,151.6210989373814
2025-04-12,pv_raw,0,300.7919875,485.3779494981595
2025-04-12,pv_corrected,0,266.66879166666666,443.21500336919064
2025-04-12,pv_raw,6,64.79776666666662,107.40139337221531
2025-04-12,pv_corrected,6,82.20813749999994,139.02523916946546
2025-04-12,pv_raw,12,239.85611666666668,570.0736007584379
2025-04-12,pv_corrected,12,251.029525,593.3382591825713
2025-04-12,pv_raw,18,704.9010666666667,1199.6178227368248
2025-04-12,pv_corrected,18,720.1780625000001,1226.981322636913
2025-04-13,load_day_ahead,0,134.2532118350947,164.10569185215786
2025-04-13,pv_raw,0,134.99587083333336,264.64652408195275
2025-04-13,pv_corrected,0,130.86417916666673,271.68658323480855
2025-04-13,pv_raw,6,99.24999166666665,183.77605337934853
2025-04-13,pv_corrected,6,108.76353333333338,191.40547835400378
2025-04-13,pv_raw,12,431.7025458333333,1027.8207819437446
2025-04-13,pv_corrected,12,432.47663750000015,1027.7025211397095
2025-04-13,pv_raw,18,134.69837083333343,228.77318715725576
2025-04-13,pv_corrected,18,150.7259250000001,256.76212033200613
2025-04-14,load_day_ahead,0,130.1354725930225,161.76147433274932
2025-04-14,pv_raw,0,260.24166666666673,451.67507552837776
2025-04-14,pv_corrected,0,259.4123375000001,430.9565189545861
2025-04-14,pv_raw,6,133.08300416666668,256.9996028878733
2025-04-14,pv_corrected,6,132.52944583333337,257.18473104092175
2025-04-14,pv_raw,12,119.50929166666667,239.33953892852392
2025-04-14,pv_corrected,12,123.14248750000006,249.76215253413207
2025-04-14,pv_raw,18,261.66693333333336,424.5143055463562
2025-04-14,pv_corrected,18,265.9547208333333,429.45045529898186
2025-04-15,load_day_ahead,0,124.08758946683503,149.61891262691043
2025-04-15,pv_raw,0,195.0032208333333,349.84411508117734
2025-04-15,pv_corrected,0,197.25771666666665,358.5319021651595
2025-04-15,pv_raw,6,95.25725833333324,174.57701824919798
2025-04-15,pv_corrected,6,101.88319999999989,182.56938111020733
2025-04-15,pv_raw,12,137.05665416666662,237.5467095817236
2025-04-15,pv_corrected,12,136.15233750000002,234.86843440648408
2025-04-15,pv_raw,18,373.7594041666667,631.519396861254
2025-04-15,pv_corrected,18,392.70238333333333,667.7875455063278
2025-04-16,load_day_ahead,0,118.27635581494026,147.53523568631738
2025-04-16,pv_raw,0,118.1537041666666,191.4696543488037
2025-04-16,pv_corrected,0,121.76387499999994,204.1526042500498
2025-04-16,pv_raw,6,144.53024583333337,262.89906325615345
2025-04-16,pv_corrected,6,141.27735833333335,259.89969283396624
2025-04-16,pv_raw,12,255.08584166666662,527.4678735991289
2025-04-16,pv_corrected,12,266.92289166666666,554.194136403275
2025-04-16,pv_raw,18,429.05154583333325,743.3030203458666
2025-04-16,pv_corrected,18,427.1427999999999,742.7826891217119
2025-04-17,load_day_ahead,0,99.742694969091,121.50491784550196
2025-04-17,pv_raw,0,165.3226541666667,338.35974086294794
2025-04-17,pv_corrected,0,218.3741958333335,441.3236446045321
2025-04-17,pv_raw,6,81.91296666666675,163.35408269156974
2025-04-17,pv_corrected,6,78.17757083333335,155.51913938257064
2025-04-17,pv_raw,12,217.26317083333342,485.7789835935188
2025-04-17,pv_corrected,12,207.60677500000006,468.20854976282993
2025-04-17,pv_raw,18,270.29290416666663,516.1605569646815
2025-04-17,pv_corrected,18,261.5747833333333,498.2763260601967
2025-04-18,load_day_ahead,0,138.60886664843713,171.49433671776367
2025-04-18,pv_raw,0,145.52942916666674,320.73633592466126
2025-04-18,pv_corrected,0,149.38488750000002,320.64169172891735
2025-04-18,pv_raw,6,58.9524625,119.97854427183185
2025-04-18,pv_corrected,6,66.95205833333331,133.1917559166795
2025-04-18,pv_raw,12,123.75327500000002,251.939518610585
2025-04-18,pv_corrected,12,123.47559166666666,248.1871623967719
2025-04-18,pv_raw,18,410.30384999999995,815.1048906284929
2025-04-18,pv_corrected,18,417.3582166666665,818.4773858429683
2025-04-19,load_day_ahead,0,121.3417893253243,155.0040145622639
2025-04-19,pv_raw,0,290.1386125000001,493.9853157923097
2025-04-19,pv_corrected,0,252.3040166666668,436.82117475291426
2025-04-19,pv_raw,6,139.09362083333338,259.2482676349215
2025-04-19,pv_corrected,6,138.38019166666672,259.0499931616868
2025-04-19,pv_raw,12,132.98449166666657,350.33176196231716
2025-04-19,pv_corrected,12,131.50866666666658,337.6264330798301
2025-04-19,pv_raw,18,219.02960833333327,354.31894547858053
2025-04-19,pv_corrected,18,207.42404583333334,340.59286804461226
2025-04-20,load_day_ahead,0,127.81337402955543,164.51183948591984
2025-04-20,pv_raw,0,191.55087083333333,382.45204283263786
2025-04-20,pv_corrected,0,181.56002500000008,360.3171744078612
2025-04-20,pv_raw,6,52.5735916666668,97.1965397986216
2025-04-20,pv_corrected,6,52.28093750000013,97.0060647613013
2025-04-20,pv_raw,12,165.11476250000007,345.2808312068785
2025-04-20,pv_corrected,12,162.52610833333333,332.314939598158
2025-04-20,pv_raw,18,195.65953749999997,346.8698486718872
2025-04-20,pv_corrected,18,211.95246666666662,386.63152134137783
2025-04-21,load_day_ahead,0,133.35760479277138,169.17675344682712
2025-04-21,pv_raw,0,329.60155833333334,607.2853553276856
2025-04-21,pv_corrected,0,294.52745833333336,583.6236410101233
2025-04-21,pv_raw,6,94.65099583333328,162.46307214621234
2025-04-21,pv_corrected,6,95.72330416666661,163.3555873478531
2025-04-21,pv_raw,12,127.63988749999994,248.15728312224087
2025-04-21,pv_corrected,12,154.90903333333327,298.9089948139984
2025-04-21,pv_raw,18,224.15912916666662,421.61737124157014
2025-04-21,pv_corrected,18,210.73896666666664,405.3538907460162
2025-04-22,load_day_ahead,0,132.77187442262183,160.47856238456407
2025-04-22,pv_raw,0,273.80812083333336,478.3622749228852
2025-04-22,pv_corrected,0,285.06607500000007,487.7310381288895
2025-04-22,pv_raw,6,116.19373750000001,201.08784306354264
2025-04-22,pv_corrected,6,115.47955416666666,201.95868279996762
2025-04-22,pv_raw,12,212.99823749999996,493.89333660451564
2025-04-22,pv_corrected,12,190.8137416666667,432.12113001867715
2025-04-22,pv_raw,18,320.05557500000003,520.957411750493
2025-04-22,pv_corrected,18,308.37219583333336,504.2659532489607
2025-04-23,load_day_ahead,0,127.3141098079748,157.25364269370579
2025-04-23,pv_raw,0,224.4327166666667,445.5739862406467
2025-04-23,pv_corrected,0,246.5177208333333,462.46896085293156
2025-04-23,pv_raw,6,99.41822916666656,172.54992911782918
2025-04-23,pv_corrected,6,100.88130416666661,177.75378044073696
2025-04-23,pv_raw,12,117.21601249999998,243.20947682519216
2025-04-23,pv_corrected,12,110.23092499999996,227.03990381305758
2025-04-23,pv_raw,18,247.79544166666676,484.43631086626783
2025-04-23,pv_corrected,18,264.38926666666674,513.3512507567626
2025-04-24,load_day_ahead,0,101.48403484051323,129.85931396689045
2025-04-24,pv_raw,0,161.46186666666674,334.39480941710093
2025-04-24,pv_corrected,0,147.8377708333334,310.5830915284569
2025-04-24,pv_raw,6,107.77863749999993,257.01965135662687
2025-04-24,pv_corrected,6,108.97809999999987,257.4385928690843
2025-04-24,pv_raw,12,198.53009583333332,344.487433267921
2025-04-24,pv_corrected,12,186.38202916666668,324.88756112678345
2025-04-24,pv_raw,18,310.08264166666663,594.835767827748
2025-04-24,pv_corrected,18,320.297125,623.3179103414312
2025-04-25,load_day_ahead,0,123.35003070830255,147.29443835835488
2025-04-25,pv_raw,0,255.61059583333335,420.57185464505113
2025-04-25,pv_corrected,0,276.4037291666666,452.42862139651794
2025-04-25,pv_raw,6,142.60202916666665,243.16030301875193
2025-04-25,pv_corrected,6,144.07914166666663,241.83126306064625
2025-04-25,pv_raw,12,57.45570833333335,145.69962237052135
2025-04-25,pv_corrected,12,81.82742916666685,173.54745053634855
2025-04-25,pv_raw,18,117.37303750000005,244.79884003728537
2025-04-25,pv_corrected,18,124.58947083333344,252.53376389154963
2025-04-26,load_day_ahead,0,131.77331958420686,164.7777643050184
2025-04-26,pv_raw,0,143.1602666666665,277.6777247631939
2025-04-26,pv_corrected,0,157.66084999999987,286.6107450479394
2025-04-26,pv_raw,6,93.2296,200.8029471134658
2025-04-26,pv_corrected,6,94.35932499999996,201.63082379345343
2025-04-26,pv_raw,12,398.67280000000005,1051.5698912897126
2025-04-26,pv_corrected,12,423.94986250000005,1116.145301178721
2025-04-26,pv_raw,18,226.6706416666665,388.13022437303374
2025-04-26,pv_corrected,18,234.61100833333322,396.18455515860364
2025-04-27,load_day_ahead,0,129.03924769843445,165.1581551633523
2025-04-27,pv_raw,0,170.4998499999999,287.11973096909554
2025-04-27,pv_corrected,0,167.41308333333333,285.6072692732656
2025-04-27,pv_raw,6,161.1863374999999,301.12470097065335
2025-04-27,pv_corrected,6,160.16184166666665,301.3774467490503
2025-04-27,pv_raw,12,354.6975499999999,735.4106055345911
2025-04-27,pv_corrected,12,343.7920333333332,712.0004446342623
2025-04-27,pv_raw,18,334.43910000000005,576.9567590140168
2025-04-27,pv_corrected,18,337.9946166666667,580.2643568551852
2025-04-28,load_day_ahead,0,129.3642828451638,169.10544215369316
2025-04-28,pv_raw,0,127.63122499999996,234.52614926477455
2025-04-28,pv_corrected,0,140.0281708333333,259.27678741307915
2025-04-28,pv_raw,6,130.52873333333332,271.41172828698063
2025-04-28,pv_corrected,6,131.8636875,271.61042727514695
2025-04-28,pv_raw,12,97.92143333333327,190.00201981741083
2025-04-28,pv_corrected,12,97.77417916666666,225.9167630333984
2025-04-28,pv_raw,18,375.27269999999993,829.6110892705127
2025-04-28,pv_corrected,18,378.35709999999995,829.9264172703766
2025-04-29,load_day_ahead,0,105.87655741758428,135.6564703519348
2025-04-29,pv_raw,0,190.11212499999996,391.7571357364833
2025-04-29,pv_corrected,0,194.39914583333328,409.91311860003196
2025-04-29,pv_raw,6,89.6348458333332,144.97848512534668
2025-04-29,pv_corrected,6,86.49087499999992,142.0611956593119
2025-04-29,pv_raw,12,195.8557166666666,509.7794292434385
2025-04-29,pv_corrected,12,207.56814999999997,532.3488380430935
2025-04-29,pv_raw,18,507.739775,962.3689880909575
2025-04-29,pv_corrected,18,507.5856708333334,962.3481559181994
2025-04-30,load_day_ahead,0,131.84363366354506,160.8289650802953
2025-04-30,pv_raw,0,176.39152083333332,291.64534899367726
2025-04-30,pv_corrected,0,177.86947916666668,295.1683056173709
2025-04-30,pv_raw,6,68.76612916666659,110.88135332550458
2025-04-30,pv_corrected,6,72.67382916666652,119.31018910273136
2025-04-30,pv_raw,12,96.77014583333327,214.24666781117529
2025-04-30,pv_corrected,12,73.18698333333327,155.6048655638456
2025-04-30,pv_raw,18,227.7674458333333,389.9881867257974
2025-04-30,pv_corrected,18,225.43179999999998,389.34493765533495
2025-05-01,load_day_ahead,0,209.73212284880165,284.3060038211818
2025-05-01,pv_raw,0,120.24179583333337,244.03913511622045
2025-05-01,pv_corrected,0,128.9202916666667,265.44196241877745
2025-05-01,pv_raw,6,122.14916666666663,213.5910390234902
2025-05-01,pv_corrected,6,123.1409499999999,211.83227923020036
2025-05-01,pv_raw,12,118.19262499999996,287.16844898097844
2025-05-01,pv_corrected,12,108.11650416666657,230.67379479668614
2025-05-01,pv_raw,18,410.2988625,748.7098548286397
2025-05-01,pv_corrected,18,398.86339583333324,742.3825701512066
2025-05-02,load_day_ahead,0,183.35429879938295,245.0148790043869
2025-05-02,pv_raw,0,182.38182083333334,309.3712585512894
2025-05-02,pv_corrected,0,182.55634166666664,309.3946897702068
2025-05-02,pv_raw,6,166.5591166666666,276.9488018883409
2025-05-02,pv_corrected,6,169.94281249999995,281.51145555700515
2025-05-02,pv_raw,12,212.40405,449.8861921418644
2025-05-02,pv_corrected,12,191.0036541666667,385.89930192751547
2025-05-02,pv_raw,18,459.05941666666666,707.9331818171602
2025-05-02,pv_corrected,18,464.0735208333333,721.0508469503981
2025-05-03,load_day_ahead,0,196.68425277718723,258.00176692798055
2025-05-03,pv_raw,0,131.78651666666659,256.6993284002008
2025-05-03,pv_corrected,0,127.10091666666658,251.48882527347834
2025-05-03,pv_raw,6,86.98519999999989,154.1871547460422
2025-05-03,pv_corrected,6,84.54488333333322,155.08031882712137
2025-05-03,pv_raw,12,277.59084166666656,697.7417208317581
2025-05-03,pv_corrected,12,312.3314833333332,795.1170358952289
2025-05-03,pv_raw,18,236.3446333333333,390.8352305975104
2025-05-03,pv_corrected,18,255.23502499999995,417.6813390180655
2025-05-04,load_day_ahead,0,231.48901311947668,286.87469053578593
2025-05-04,pv_raw,0,109.61305833333329,195.35449790721898
2025-05-04,pv_corrected,0,100.87247916666661,183.49793991774234
2025-05-04,pv_raw,6,178.84771250000009,326.13297939417384
2025-05-04,pv_corrected,6,186.94535000000016,338.6014021911596
2025-05-04,pv_raw,12,188.04230416666664,369.7593616091253
2025-05-04,pv_corrected,12,150.06438749999995,286.6004200246259
2025-05-04,pv_raw,18,522.1271458333334,919.0563158966972
2025-05-04,pv_corrected,18,509.43194583333343,900.8694516507659
2025-05-05,load_day_ahead,0,215.6912281370125,267.35869525020377
2025-05-05,pv_raw,0,237.72476666666668,394.2735528092108
2025-05-05,pv_corrected,0,246.46534583333334,419.15414813042185
2025-05-05,pv_raw,6,83.35125416666672,135.75161514604696
2025-05-05,pv_corrected,6,75.57887500000004,126.7964282806369
2025-05-05,pv_raw,12,218.71079999999992,427.22210403503817
2025-05-05,pv_corrected,12,168.77061666666665,342.1597143621906
2025-05-05,pv_raw,18,283.88675000000006,429.25603475755116
2025-05-05,pv_corrected,18,297.25114166666674,453.5235597528525
2025-05-06,load_day_ahead,0,203.79440363593997,273.0175764528512
2025-05-06,pv_raw,0,212.2375416666666,352.91129564940246
2025-05-06,pv_corrected,0,224.8452791666666,375.0380620024746
2025-05-06,pv_raw,6,114.87699999999995,221.22323212108046
2025-05-06,pv_corrected,6,117.57072499999987,223.14423023700562
2025-05-06,pv_raw,12,621.718825,1702.9647212199295
2025-05-06,pv_corrected,12,671.7518249999999,1842.3242369582447
2025-05-06,pv_raw,18,238.46635833333337,382.5376265617454
2025-05-06,pv_corrected,18,225.77225833333333,350.521297855267
2025-05-07,load_day_ahead,0,198.85174393538597,262.52006137319074
2025-05-07,pv_raw,0,236.80732083333336,434.5229388196118
2025-05-07,pv_corrected,0,220.8868166666667,410.0135074072317
2025-05-07,pv_raw,6,59.662316666666676,107.50160228767919
2025-05-07,pv_corrected,6,63.559112500000104,113.7928816126641
2025-05-07,pv_raw,12,317.78542083333326,646.3988536844223
2025-05-07,pv_corrected,12,358.9942999999999,737.7714736588953
2025-05-07,pv_raw,18,396.45533333333333,671.8904874426572
2025-05-07,pv_corrected,18,383.2980375,641.9385915076725
2025-05-08,load_day_ahead,0,162.20525423185393,219.4723202368629
2025-05-08,pv_raw,0,93.79425416666665,164.8573554839469
2025-05-08,pv_corrected,0,110.58301666666664,200.77341975375907
2025-05-08,pv_raw,6,98.84396666666665,182.20526745713423
2025-05-08,pv_corrected,6,98.5810749999999,179.697248334903
2025-05-08,pv_raw,12,393.8053708333334,907.1728460905964
2025-05-08,pv_corrected,12,423.1269375000001,943.2770445516044
2025-05-08,pv_raw,18,167.29357499999995,264.4072419542358
2025-05-08,pv_corrected,18,176.48682499999995,274.1676732943136
2025-05-09,load_day_ahead,0,149.20303913261614,189.13957848487328
2025-05-09,pv_raw,0,282.7499749999999,540.9519449065021
2025-05-09,pv_corrected,0,310.9988416666666,596.498017912162
2025-05-09,pv_raw,6,119.01797083333332,233.59832028547686
2025-05-09,pv_corrected,6,121.15572500000002,234.4497285691149
2025-05-09,pv_raw,12,460.05593333333326,1167.4797805783385
2025-05-09,pv_corrected,12,458.5805916666666,1167.4516599300541
2025-05-09,pv_raw,18,186.6433999999999,291.1414051195669
2025-05-09,pv_corrected,18,197.1477166666666,306.35630616271936
2025-05-10,load_day_ahead,0,152.50815338237268,187.99338783741774
2025-05-10,pv_raw,0,124.19035833333332,219.41448946431086
2025-05-10,pv_corrected,0,113.74967916666662,208.4835592901762
2025-05-10,pv_raw,6,101.50502916666665,164.50788061569042
2025-05-10,pv_corrected,6,103.69170416666663,169.4282149758968
2025-05-10,pv_raw,12,140.28375416666665,360.90132894382805
2025-05-10,pv_corrected,12,140.28375416666665,360.90132894382805
2025-05-10,pv_raw,18,636.6927083333334,986.2796753195191
2025-05-10,pv_corrected,18,655.5268458333334,1020.2389745504205
2025-05-11,load_day_ahead,0,149.85425147990262,183.7877847087193
2025-05-11,pv_raw,0,90.94394999999987,146.49073219335972
2025-05-11,pv_corrected,0,91.69597916666658,146.00667750936506
2025-05-11,pv_raw,6,116.70357499999993,241.87545422265868
2025-05-11,pv_corrected,6,117.7658916666666,245.5042834034214
2025-05-11,pv_raw,12,242.74013750000003,665.2864830628054
2025-05-11,pv_corrected,12,243.51620000000003,665.3263284999081
2025-05-11,pv_raw,18,240.82452083333328,436.0338562470268
2025-05-11,pv_corrected,18,241.4367208333333,433.37964115221916
2025-05-12,load_day_ahead,0,154.73850918676177,185.71841044175187
2025-05-12,pv_raw,0,213.99745416666659,343.981592278295
2025-05-12,pv_corrected,0,208.95945833333326,332.96568494308707
2025-05-12,pv_raw,6,129.24389999999997,220.4377955565999
2025-05-12,pv_corrected,6,120.80427083333329,209.44222862674738
2025-05-12,pv_raw,12,260.83026666666666,577.0096822862781
2025-05-12,pv_corrected,12,260.83026666666666,577.0096822862781
2025-05-12,pv_raw,18,331.11134583333336,640.7722720508676
2025-05-12,pv_corrected,18,344.43267499999996,682.1366491730699
2025-05-13,load_day_ahead,0,146.90135883040477,188.03827127814137
2025-05-13,pv_raw,0,265.1867916666667,474.37441499011464
2025-05-13,pv_corrected,0,260.04636250000004,467.0217561286374
2025-05-13,pv_raw,6,75.52295416666668,130.91175363144293
2025-05-13,pv_corrected,6,90.38452083333334,158.2185168803906
2025-05-13,pv_raw,12,514.549575,1069.4866212395464
2025-05-13,pv_corrected,12,514.549575,1069.4866212395464
2025-05-13,pv_raw,18,247.52960833333336,425.9357274603196
2025-05-13,pv_corrected,18,240.70890000000009,416.72627188779654
2025-05-14,load_day_ahead,0,123.74535317103047,159.35228962110202
2025-05-14,pv_raw,0,240.6156041666667,420.8124405050857
2025-05-14,pv_corrected,0,261.78848750000003,444.0549251611379
2025-05-14,pv_raw,6,223.32312083333338,400.13020558553563
2025-05-14,pv_corrected,6,211.89396250000001,382.1702777556693
2025-05-14,pv_raw,12,149.8507124999999,302.0104441089764
2025-05-14,pv_corrected,12,148.69245833333326,301.70020311087916
2025-05-14,pv_raw,18,159.63852916666661,298.4189797312168
2025-05-14,pv_corrected,18,165.17975000000004,304.53805484776854
2025-05-15,load_day_ahead,0,156.86389843907904,209.1815548428867
2025-05-15,pv_raw,0,214.12615416666657,378.1658456300362
2025-05-15,pv_corrected,0,232.58296249999987,392.9125166455954
2025-05-15,pv_raw,6,185.2187666666666,360.7187951550117
2025-05-15,pv_corrected,6,180.13852083333316,339.746960760482
2025-05-15,pv_raw,12,243.51519999999994,521.6564984073794
2025-05-15,pv_corrected,12,249.10860000000002,525.5107878606442
2025-05-15,pv_raw,18,194.80359999999996,354.5022783057441
2025-05-15,pv_corrected,18,198.5010916666666,357.2379120065901
2025-05-16,load_day_ahead,0,157.7805981112863,199.6392954703141
2025-05-16,pv_raw,0,139.55883333333333,236.92524338380096
2025-05-16,pv_corrected,0,143.96561666666668,249.975322240313
2025-05-16,pv_raw,6,68.184525,102.5727054221825
2025-05-16,pv_corrected,6,75.25702500000001,114.6927975637493
2025-05-16,pv_raw,12,151.2148583333333,451.8287943940021
2025-05-16,pv_corrected,12,146.92468749999992,450.9797310118007
2025-05-16,pv_raw,18,246.54191666666668,467.104711746773
2025-05-16,pv_corrected,18,256.9728875,464.261038448719
2025-05-17,load_day_ahead,0,145.71332448568194,178.43792352574832
2025-05-17,pv_raw,0,134.73534166666664,236.88800711555834
2025-05-17,pv_corrected,0,128.4234958333333,231.43078187029172
2025-05-17,pv_raw,6,150.87247916666664,254.95932395277373
2025-05-17,pv_corrected,6,146.81493749999996,245.83193532365172
2025-05-17,pv_raw,12,98.68729583333324,168.89545291869783
2025-05-17,pv_corrected,12,101.70528333333323,181.66781649437334
2025-05-17,pv_raw,18,311.86506249999996,619.407497927474
2025-05-17,pv_corrected,18,317.50947083333335,634.5117835137753
2025-05-18,load_day_ahead,0,148.08698949258928,190.32688869250418
2025-05-18,pv_raw,0,130.88603749999996,239.18722446022008
2025-05-18,pv_corrected,0,142.17452916666664,258.50514770939674
2025-05-18,pv_raw,6,74.75740833333333,144.38530552845688
2025-05-18,pv_corrected,6,78.81495000000001,147.44716288845362
2025-05-18,pv_raw,12,208.20977916666672,446.8787401136236
2025-05-18,pv_corrected,12,216.0289291666667,452.91062814387794
2025-05-18,pv_raw,18,327.0786041666666,557.794459895046
2025-05-18,pv_corrected,18,346.2981458333331,578.5624364233137
2025-05-19,load_day_ahead,0,157.43746114580537,205.2243672787734
2025-05-19,pv_raw,0,187.40389166666668,390.6289011900915
2025-05-19,pv_corrected,0,197.95682499999998,415.37597796308773
2025-05-19,pv_raw,6,96.49166249999995,203.039127990515
2025-05-19,pv_corrected,6,81.94112499999989,182.15730613031485
2025-05-19,pv_raw,12,479.6143166666665,1177.626586073931
2025-05-19,pv_corrected,12,476.3475041666665,1176.860659180523
2025-05-19,pv_raw,18,193.05830833333334,278.90770611165743
2025-05-19,pv_corrected,18,210.03142083333333,299.0568743282615
2025-05-20,load_day_ahead,0,135.12268812389345,169.6221806173724
2025-05-20,pv_raw,0,222.67926250000005,419.0387851823619
2025-05-20,pv_corrected,0,214.91652083333338,420.5102846225222
2025-05-20,pv_raw,6,65.17685416666657,103.8481534068752
2025-05-20,pv_corrected,6,52.274420833333274,92.4961406741
2025-05-20,pv_raw,12,183.55169999999998,394.43945172143435
2025-05-20,pv_corrected,12,184.2459083333333,394.6143532776863
2025-05-20,pv_raw,18,506.8618791666666,927.809371220742
2025-05-20,pv_corrected,18,498.8691958333332,929.124666902231
2025-05-21,load_day_ahead,0,129.47473459401584,167.10254648535624
2025-05-21,pv_raw,0,211.3255916666666,392.5863133316544
2025-05-21,pv_corrected,0,205.0995583333333,385.1807209069822
2025-05-21,pv_raw,6,147.32785,235.01182059865096
2025-05-21,pv_corrected,6,128.19462500000006,214.00575224891935
2025-05-21,pv_raw,12,238.81175833333336,630.8177382645337
2025-05-21,pv_corrected,12,243.54275416666667,631.5850688444692
2025-05-21,pv_raw,18,216.23253333333332,373.75148630770803
2025-05-21,pv_corrected,18,210.17532500000002,358.68988003220954
2025-05-22,load_day_ahead,0,149.79057109822827,196.15913693070016
2025-05-22,pv_raw,0,248.43330416666663,449.9357924000243
2025-05-22,pv_corrected,0,243.64374166666667,442.48732686459124
2025-05-22,pv_raw,6,116.30047500000005,206.45159437183048
2025-05-22,pv_corrected,6,112.76042916666664,219.40428054876898
2025-05-22,pv_raw,12,169.2506999999999,326.6769469670277
2025-05-22,pv_corrected,12,166.4944499999999,325.00716942815
2025-05-22,pv_raw,18,203.18274166666671,359.95891772458447
2025-05-22,pv_corrected,18,184.58485,345.9541032746492
2025-05-23,load_day_ahead,0,154.38740320505053,193.62346507275083
2025-05-23,pv_raw,0,151.39137083333333,267.68852026014224
2025-05-23,pv_corrected,0,151.46672500000003,277.2629242142541
2025-05-23,pv_raw,6,121.30801250000002,196.27789547801757
2025-05-23,pv_corrected,6,105.51645000000009,176.54639233070117
2025-05-23,pv_raw,12,156.49545416666672,242.16397208278553
2025-05-23,pv_corrected,12,141.29158333333342,232.5893640039925
2025-05-23,pv_raw,18,214.4913124999999,376.99295830159895
2025-05-23,pv_corrected,18,235.8230833333333,408.51209035437256
2025-05-24,load_day_ahead,0,144.27510649671316,186.28139032915973
2025-05-24,pv_raw,0,150.4199,274.8898251597522
2025-05-24,pv_corrected,0,169.14291250000005,288.16546449205543
2025-05-24,pv_raw,6,67.57046666666662,135.0666460040437
2025-05-24,pv_corrected,6,95.45884583333323,161.9973850775439
2025-05-24,pv_raw,12,204.23172083333338,393.6345765280519
2025-05-24,pv_corrected,12,211.60940833333336,398.1862827369162
2025-05-24,pv_raw,18,192.74144166666665,290.61482172581833
2025-05-24,pv_corrected,18,173.84888749999996,268.91229008132075
2025-05-25,load_day_ahead,0,158.1348204837253,193.08705738636561
2025-05-25,pv_raw,0,180.44642083333338,363.4507375186806
2025-05-25,pv_corrected,0,185.63154166666666,365.0787107746583
2025-05-25,pv_raw,6,166.81660416666662,338.6608959311455
2025-05-25,pv_corrected,6,145.2236166666667,305.74663965188824
2025-05-25,pv_raw,12,648.5220874999999,1398.495900039934
2025-05-25,pv_corrected,12,662.3298166666667,1417.2287009858276
2025-05-25,pv_raw,18,373.0429916666667,626.4534154139656
2025-05-25,pv_corrected,18,344.2772749999999,591.437661954466
2025-05-26,load_day_ahead,0,154.4623076460049,195.58993574016165
2025-05-26,pv_raw,0,291.6899041666666,521.5233509032677
2025-05-26,pv_corrected,0,290.62791250000004,516.8107724342397
2025-05-26,pv_raw,6,132.64644583333333,234.70152944697568
2025-05-26,pv_corrected,6,135.22105000000002,247.79090176218816
2025-05-26,pv_raw,12,27.795608333333252,53.11949183973484
2025-05-26,pv_corrected,12,63.24795,135.8342379764457
2025-05-26,pv_raw,18,438.8052125000001,684.4148276797721
2025-05-26,pv_corrected,18,401.0038625,634.1431123885314
2025-05-27,load_day_ahead,0,131.53130782600726,160.54989295016912
2025-05-27,pv_raw,0,176.53384999999992,340.63909420122695
2025-05-27,pv_corrected,0,159.16601666666648,302.91328769612
2025-05-27,pv_raw,6,186.69230833333336,349.08894883656086
2025-05-27,pv_corrected,6,165.84044583333335,320.18908238969067
2025-05-27,pv_raw,12,235.65093333333337,475.75078528987206
2025-05-27,pv_corrected,12,267.5953875,551.9072214400468
2025-05-27,pv_raw,18,290.9340833333334,503.54098897889895
2025-05-27,pv_corrected,18,299.5672416666667,508.77664558904775
2025-05-28,load_day_ahead,0,131.05796061154152,162.8246591597412
2025-05-28,pv_raw,0,98.26302083333326,153.40806900054852
2025-05-28,pv_corrected,0,89.62670416666656,143.01628843559638
2025-05-28,pv_raw,6,65.93288749999992,105.06717821061946
2025-05-28,pv_corrected,6,63.86413333333323,109.67015021125836
2025-05-28,pv_raw,12,358.9546333333333,843.181361416713
2025-05-28,pv_corrected,12,372.09499166666666,844.7620544522235
2025-05-28,pv_raw,18,208.85984999999997,369.23313385176107
2025-05-28,pv_corrected,18,257.0431833333333,427.0724931759975
2025-05-29,load_day_ahead,0,142.58277627203572,178.9004761545169
2025-05-29,pv_raw,0,163.56629166666664,289.61799673541526
2025-05-29,pv_corrected,0,166.8475666666666,293.14754692165104
2025-05-29,pv_raw,6,238.11184166666666,405.1433990441769
2025-05-29,pv_corrected,6,218.21979583333334,390.7964382768876
2025-05-29,pv_raw,12,179.96382916666676,380.96644451561895
2025-05-29,pv_corrected,12,195.52314166666676,389.4439490286258
2025-05-29,pv_raw,18,387.14664583333337,633.7776150062396
2025-05-29,pv_corrected,18,315.53470416666664,538.9345693104116
2025-05-30,load_day_ahead,0,134.2291706992721,169.02492026459703
2025-05-30,pv_raw,0,205.63430000000008,404.73178421246774
2025-05-30,pv_corrected,0,207.13015833333338,412.9618001973549
2025-05-30,pv_raw,6,65.8403416666667,117.39846310854124
2025-05-30,pv_corrected,6,56.042916666666684,93.66919996277669
2025-05-30,pv_raw,12,210.93353333333334,542.6008460637686
2025-05-30,pv_corrected,12,173.37851249999997,423.712420745226
2025-05-30,pv_raw,18,477.4124208333333,797.1900262788118
2025-05-30,pv_corrected,18,463.86759999999987,788.2963659900327
2025-05-31,load_day_ahead,0,148.34846952602197,194.22342244442362
2025-05-31,pv_raw,0,270.9497375000001,433.25676417980156
2025-05-31,pv_corrected,0,284.88168750000006,460.13221897272507
2025-05-31,pv_raw,6,90.21386666666665,185.72170536980184
2025-05-31,pv_corrected,6,80.15509999999995,158.949504220777
2025-05-31,pv_raw,12,143.21315416666678,292.2331030073675
2025-05-31,pv_corrected,12,169.52886250000003,336.9860493155138
2025-05-31,pv_raw,18,289.80337499999996,471.7231077945284
2025-05-31,pv_corrected,18,275.0462499999999,461.17591373705204
2025-06-01,load_day_ahead,0,370.0546555641058,465.00470225553437
2025-06-01,pv_raw,0,206.4861,350.9973804826018
2025-06-01,pv_corrected,0,228.69067500000003,373.86327570514106
2025-06-01,pv_raw,6,64.0615125,103.54244347274333
2025-06-01,pv_corrected,6,35.46798333333326,61.084847453310175
2025-06-01,pv_raw,12,168.5551791666667,271.38757287835995
2025-06-01,pv_corrected,12,186.64889583333343,323.34065233619407
2025-06-01,pv_raw,18,370.34634166666666,644.8575085240519
2025-06-01,pv_corrected,18,405.96791666666667,659.7061100301211
2025-06-02,load_day_ahead,0,369.63764326749657,447.2342481365107
2025-06-02,pv_raw,0,327.79362083333336,623.5502094893344
2025-06-02,pv_corrected,0,343.54583333333335,655.5167471890865
2025-06-02,pv_raw,6,90.45228333333337,163.1386311935906
2025-06-02,pv_corrected,6,119.85224583333341,216.14459273632207
2025-06-02,pv_raw,12,217.3381958333333,458.53979107355866
2025-06-02,pv_corrected,12,223.29244166666663,463.5148707788923
2025-06-02,pv_raw,18,270.93137499999995,530.7285069950406
2025-06-02,pv_corrected,18,287.5238916666666,561.9213868436372
2025-06-03,load_day_ahead,0,341.3585717454754,432.62740932151166
2025-06-03,pv_raw,0,123.72647916666676,211.0247564533731
2025-06-03,pv_corrected,0,113.71546250000002,191.3430765347536
2025-06-03,pv_raw,6,211.8996041666667,334.67511890612354
2025-06-03,pv_corrected,6,161.3490791666667,261.23054649144774
2025-06-03,pv_raw,12,205.10247500000006,444.8106983061261
2025-06-03,pv_corrected,12,198.77585833333342,437.4874594589381
2025-06-03,pv_raw,18,425.11154166666665,733.9137840203314
2025-06-03,pv_corrected,18,454.9055166666667,751.7682671391807
2025-06-04,load_day_ahead,0,368.3405917449159,447.6841875010492
2025-06-04,pv_raw,0,440.85104583333333,721.836659580825
2025-06-04,pv_corrected,0,434.2360541666667,713.4918086428432
2025-06-04,pv_raw,6,200.0099333333333,396.8908147516886
2025-06-04,pv_corrected,6,235.59299166666676,459.4669052070745
2025-06-04,pv_raw,12,164.5853583333334,309.6939825240206
2025-06-04,pv_corrected,12,170.85815416666676,323.1109855355182
2025-06-04,pv_raw,18,146.58319166666664,286.22270651173443
2025-06-04,pv_corrected,18,153.76171249999993,296.87848496080625
2025-06-05,load_day_ahead,0,350.77064769175627,432.34261770247457
2025-06-05,pv_raw,0,133.33681250000004,251.30133590122858
2025-06-05,pv_corrected,0,142.804775,254.25960179449638
2025-06-05,pv_raw,6,49.88725416666665,95.62644711093917
2025-06-05,pv_corrected,6,71.54704583333337,120.38995348195073
2025-06-05,pv_raw,12,378.10005,929.467571960549
2025-06-05,pv_corrected,12,381.7549625,929.3545020719581
2025-06-05,pv_raw,18,171.36489166666664,309.7720833310879
2025-06-05,pv_corrected,18,162.85739166666662,298.8271463120555
2025-06-06,load_day_ahead,0,365.6015256653243,446.7009395065988
2025-06-06,pv_raw,0,95.18057916666663,166.38614745199263
2025-06-06,pv_corrected,0,101.43965416666656,167.95089330524434
2025-06-06,pv_raw,6,141.3568124999999,264.60246609052587
2025-06-06,pv_corrected,6,157.5832291666666,301.41715051082105
2025-06-06,pv_raw,12,393.90103333333326,800.7166000572086
2025-06-06,pv_corrected,12,390.39375833333315,797.9783070579916
2025-06-06,pv_raw,18,242.89935416666663,407.70583081655667
2025-06-06,pv_corrected,18,219.30085416666654,368.0681926615686
2025-06-07,load_day_ahead,0,351.8847105116646,452.9933777039714
2025-06-07,pv_raw,0,253.61090833333333,386.99570528310875
2025-06-07,pv_corrected,0,245.06456666666668,376.2237949147488
2025-06-07,pv_raw,6,106.1205,173.6339494276466
2025-06-07,pv_corrected,6,118.13999583333334,192.43108696644825
2025-06-07,pv_raw,12,206.76648333333335,449.2715153290928
2025-06-07,pv_corrected,12,206.31600833333337,448.134261537733
2025-06-07,pv_raw,18,144.04307083333342,241.60767638381336
2025-06-07,pv_corrected,18,164.8341750000001,270.90755185646066
2025-06-08,load_day_ahead,0,145.75823355403983,187.35433654749633
2025-06-08,pv_raw,0,252.83542916666667,474.17529143170907
2025-06-08,pv_corrected,0,243.26031250000003,462.92697979449696
2025-06-08,pv_raw,6,59.55326250000001,145.18335862270425
2025-06-08,pv_corrected,6,57.460212499999976,144.6414382503031
2025-06-08,pv_raw,12,298.8663250000001,664.7212386550459
2025-06-08,pv_corrected,12,297.8353375000001,664.4143964628769
2025-06-08,pv_raw,18,308.99894583333327,525.2369007822497
2025-06-08,pv_corrected,18,293.32720833333326,498.4544155489195
2025-06-09,load_day_ahead,0,166.22303384821592,207.5831287024759
2025-06-09,pv_raw,0,224.80211250000005,373.29203825963634
2025-06-09,pv_corrected,0,216.27817916666675,363.46227300690896
2025-06-09,pv_raw,6,40.09780833333337,70.88530060800693
2025-06-09,pv_corrected,6,42.79496250000003,76.62224635528788
2025-06-09,pv_raw,12,362.8899833333333,788.0983029653005
2025-06-09,pv_corrected,12,365.38742500000006,788.3592212438216
2025-06-09,pv_raw,18,370.49151666666677,611.8901153866715
2025-06-09,pv_corrected,18,392.8821500000001,669.3195795210637
2025-06-10,load_day_ahead,0,160.09776649457424,198.96943505097514
2025-06-10,pv_raw,0,117.26177500000004,219.42067307627002
2025-06-10,pv_corrected,0,126.12311666666666,233.674312978652
2025-06-10,pv_raw,6,148.5157125,262.4584241205127
2025-06-10,pv_corrected,6,150.29966249999998,263.9265778426336
2025-06-10,pv_raw,12,308.32552083333337,636.1493817257074
2025-06-10,pv_corrected,12,309.9024208333334,637.195719132009
2025-06-10,pv_raw,18,264.7238499999999,501.2955564169281
2025-06-10,pv_corrected,18,251.0574,461.3378315793356
2025-06-11,load_day_ahead,0,150.29317978366987,195.20969064717346
2025-06-11,pv_raw,0,208.88592916666664,367.644126234715
2025-06-11,pv_corrected,0,224.39713749999996,385.0424856636055
2025-06-11,pv_raw,6,135.00112083333332,226.9636639815143
2025-06-11,pv_corrected,6,135.18351666666666,227.4554449622405
2025-06-11,pv_raw,12,72.91265833333334,118.21509295088269
2025-06-11,pv_corrected,12,73.25241250000002,120.66172945477402
2025-06-11,pv_raw,18,294.43060416666657,503.3100186303843
2025-06-11,pv_corrected,18,299.2031041666665,508.5479319342306
2025-06-12,load_day_ahead,0,164.20894840970064,211.8194287416464
2025-06-12,pv_raw,0,110.89591666666668,186.7129069242938
2025-06-12,pv_corrected,0,109.63910000000003,180.0197535641251
2025-06-12,pv_raw,6,74.38419166666657,131.56154388598884
2025-06-12,pv_corrected,6,74.95271249999989,131.60998204675136
2025-06-12,pv_raw,12,334.70341666666667,832.8068709560563
2025-06-12,pv_corrected,12,332.7624125,832.7640969953178
2025-06-12,pv_raw,18,234.72040416666664,415.15274929811727
2025-06-12,pv_corrected,18,212.7160875000001,362.64094408954475
2025-06-13,load_day_ahead,0,167.1420140750974,209.59118686295386
2025-06-13,pv_raw,0,84.91207083333339,170.9168235161515
2025-06-13,pv_corrected,0,90.69391666666665,180.32183807899563
2025-06-13,pv_raw,6,125.97913333333331,225.71380511200272
2025-06-13,pv_corrected,6,125.41061249999996,225.68203478182804
2025-06-13,pv_raw,12,315.3198583333333,694.1564991815402
2025-06-13,pv_corrected,12,317.0063708333333,694.2954846331534
2025-06-13,pv_raw,18,239.48017916666663,408.62496723103925
2025-06-13,pv_corrected,18,187.08665416666668,310.83660371048717
2025-06-14,load_day_ahead,0,148.3236321420364,191.15383475793908
2025-06-14,pv_raw,0,172.53880000000007,291.9690359991179
2025-06-14,pv_corrected,0,178.2810291666667,307.08066661595825
2025-06-14,pv_raw,6,66.89483749999997,127.68727838766699
2025-06-14,pv_corrected,6,71.85574583333333,140.31548406455812
2025-06-14,pv_raw,12,297.6027166666666,597.5297675484021
2025-06-14,pv_corrected,12,293.4247916666666,589.2479469076422
2025-06-14,pv_raw,18,145.70376666666667,273.6877051993202
2025-06-14,pv_corrected,18,111.38863333333332,193.3562351381318
2025-06-15,load_day_ahead,0,163.4667258726301,199.66774637634774
2025-06-15,pv_raw,0,267.9896750000001,469.02699944125646
2025-06-15,pv_corrected,0,270.79060833333335,476.0348717726422
2025-06-15,pv_raw,6,36.822204166666715,62.32792893276593
2025-06-15,pv_corrected,6,32.70846666666668,59.32370287044491
2025-06-15,pv_raw,12,149.809175,291.06371054953036
2025-06-15,pv_corrected,12,153.66407500000003,298.9427166319535
2025-06-15,pv_raw,18,373.65697916666676,634.2696543131082
2025-06-15,pv_corrected,18,306.66045000000014,557.6320774313847
2025-06-16,load_day_ahead,0,172.48917687305928,232.973247419757
2025-06-16,pv_raw,0,147.67403333333337,316.89478267551203
2025-06-16,pv_corrected,0,155.01503333333338,324.4295512739413
2025-06-16,pv_raw,6,68.57795416666666,129.89630612439325
2025-06-16,pv_corrected,6,71.76816249999997,131.11454860545447
2025-06-16,pv_raw,12,160.262125,306.40808208434083
2025-06-16,pv_corrected,12,145.06804583333326,267.5462943973599
2025-06-16,pv_raw,18,323.58375416666667,539.95973526897
2025-06-16,pv_corrected,18,247.4520916666667,439.4488765625806
2025-06-17,load_day_ahead,0,148.97128699648061,191.57123411079158
2025-06-17,pv_raw,0,167.32755416666666,330.36645482293784
2025-06-17,pv_corrected,0,162.71972916666664,326.958888281606
2025-06-17,pv_raw,6,113.98396666666667,187.89806838549012
2025-06-17,pv_corrected,6,123.46358333333337,202.642160332913
2025-06-17,pv_raw,12,118.82260416666664,326.33655158015625
2025-06-17,pv_corrected,12,99.45719166666659,246.12411544629097
2025-06-17,pv_raw,18,344.2768708333333,659.2387436622769
2025-06-17,pv_corrected,18,276.2473416666667,548.8981954803719
2025-06-18,load_day_ahead,0,156.41864104336614,198.3152039986498
2025-06-18,pv_raw,0,134.58512083333332,271.9142140919716
2025-06-18,pv_corrected,0,132.69455416666662,271.4979477714541
2025-06-18,pv_raw,6,234.3161708333333,416.849031492706
2025-06-18,pv_corrected,6,213.21011249999995,389.21653547559634
2025-06-18,pv_raw,12,206.03642916666672,448.6354032127941
2025-06-18,pv_corrected,12,211.77655416666667,453.4645882570091
2025-06-18,pv_raw,18,435.47487083333345,651.245294425474
2025-06-18,pv_corrected,18,343.7266250000002,519.1649743096258
2025-06-19,load_day_ahead,0,168.6121436882109,210.90674529905638
2025-06-19,pv_raw,0,249.76626249999995,419.3489975903866
2025-06-19,pv_corrected,0,251.66172916666665,423.40082518803484
2025-06-19,pv_raw,6,98.08128333333325,159.72506173129432
2025-06-19,pv_corrected,6,122.26272499999993,204.22975867906501
2025-06-19,pv_raw,12,292.1318875,753.7215690136812
2025-06-19,pv_corrected,12,271.83196666666663,672.870761173896
2025-06-19,pv_raw,18,227.23523750000004,390.3699551869509
2025-06-19,pv_corrected,18,255.77934583333334,463.85559671166294
2025-06-20,load_day_ahead,0,180.67893148358456,219.39484147859528
2025-06-20,pv_raw,0,104.88059166666669,184.20489150191787
2025-06-20,pv_corrected,0,105.1103875,185.19787392008695
2025-06-20,pv_raw,6,74.66922500000001,143.29235888353978
2025-06-20,pv_corrected,6,71.5157166666667,132.7535502942922
2025-06-20,pv_raw,12,462.30109999999996,1077.092363283641
2025-06-20,pv_corrected,12,436.4243166666665,1009.7173928713023
2025-06-20,pv_raw,18,328.6993666666667,555.3630773888601
2025-06-20,pv_corrected,18,420.47352916666676,724.9498090613243
2025-06-21,load_day_ahead,0,159.7401996022504,210.45354237435677
2025-06-21,pv_raw,0,103.94984166666666,197.02690907803898
2025-06-21,pv_corrected,0,104.16924999999999,197.64687497126877
2025-06-21,pv_raw,6,59.047100000000036,111.67772934673464
2025-06-21,pv_corrected,6,54.77739166666671,102.10341499829151
2025-06-21,pv_raw,12,175.6413125,365.1113128229704
2025-06-21,pv_corrected,12,199.8505,439.46240576000076
2025-06-21,pv_raw,18,308.50157916666666,495.4877965139341
2025-06-21,pv_corrected,18,330.47022499999997,573.3125853716706
2025-06-22,load_day_ahead,0,147.53385137246687,190.63915115585348
2025-06-22,pv_raw,0,180.36777083333334,325.45972285921766
2025-06-22,pv_corrected,0,181.38581666666664,324.02222697175034
2025-06-22,pv_raw,6,109.2411916666667,199.90810539941225
2025-06-22,pv_corrected,6,95.15944583333332,188.29608158768755
2025-06-22,pv_raw,12,95.43612500000002,227.31753005409269
2025-06-22,pv_corrected,12,77.61631249999995,160.62492691400274
2025-06-22,pv_raw,18,354.2524291666667,699.7667122424413
2025-06-22,pv_corrected,18,291.978025,570.6159004321961
2025-06-23,load_day_ahead,0,182.0888226734793,226.6439671416791
2025-06-23,pv_raw,0,168.2373708333334,284.21891573697275
2025-06-23,pv_corrected,0,163.35987916666667,272.09934434396604
2025-06-23,pv_raw,6,94.65865833333332,149.13793192400786
2025-06-23,pv_corrected,6,80.98309583333334,133.00181071766627
2025-06-23,pv_raw,12,378.9395083333334,791.027591865375
2025-06-23,pv_corrected,12,398.80858333333344,836.6406824852996
2025-06-23,pv_raw,18,279.2524625,450.7517464315876
2025-06-23,pv_corrected,18,304.42120833333325,524.7181733929224
2025-06-24,load_day_ahead,0,174.07657693776704,214.48531021307983
2025-06-24,pv_raw,0,199.6226791666667,323.5751867229078
2025-06-24,pv_corrected,0,223.41869166666677,355.8673048209884
2025-06-24,pv_raw,6,88.88237083333325,174.07837670151503
2025-06-24,pv_corrected,6,95.4554374999999,182.08499771907682
2025-06-24,pv_raw,12,339.7190458333333,649.3640374081266
2025-06-24,pv_corrected,12,344.8047833333333,668.2902415097394
2025-06-24,pv_raw,18,386.7679125,686.1711566257543
2025-06-24,pv_corrected,18,313.7521083333333,596.4878880042131
2025-06-25,load_day_ahead,0,162.76374923051114,203.25180217130048
2025-06-25,pv_raw,0,217.9846,354.7365052096309
2025-06-25,pv_corrected,0,214.26614583333333,351.59587397685414
2025-06-25,pv_raw,6,63.37115833333337,121.24810595097631
2025-06-25,pv_corrected,6,64.52186666666672,126.27020160053611
2025-06-25,pv_raw,12,95.66806250000008,208.6731408487196
2025-06-25,pv_corrected,12,85.24679583333335,178.27466797190698
2025-06-25,pv_raw,18,262.3232208333333,468.7373673331923
2025-06-25,pv_corrected,18,326.5914416666667,588.6276003450073
2025-06-26,load_day_ahead,0,155.04414447910494,192.26978745346057
2025-06-26,pv_raw,0,284.79759166666673,478.2090994395096
2025-06-26,pv_corrected,0,272.48488750000007,467.3929399304959
2025-06-26,pv_raw,6,80.45176666666661,138.18224679949537
2025-06-26,pv_corrected,6,78.01320833333331,126.34232415337566
2025-06-26,pv_raw,12,88.32530416666668,188.49265588232146
2025-06-26,pv_corrected,12,88.41076249999999,167.57305751924406
2025-06-26,pv_raw,18,271.7954333333333,455.44173232254235
2025-06-26,pv_corrected,18,215.02992083333334,352.1588498664293
2025-06-27,load_day_ahead,0,184.48985434270784,239.24364074366144
2025-06-27,pv_raw,0,265.38134583333334,426.32896427970235
2025-06-27,pv_corrected,0,268.1100333333333,427.85204103131736
2025-06-27,pv_raw,6,109.61980416666673,201.36002512042856
2025-06-27,pv_corrected,6,126.03748333333336,224.2982101304999
2025-06-27,pv_raw,12,168.16514166666659,318.11221527796334
2025-06-27,pv_corrected,12,175.01882499999988,342.2457446823405
2025-06-27,pv_raw,18,111.69213749999999,194.42154113777588
2025-06-27,pv_corrected,18,106.28664166666665,181.01313989854432
2025-06-28,load_day_ahead,0,176.4442294468087,220.38580075705534
2025-06-28,pv_raw,0,103.44337916666662,176.40782029671678
2025-06-28,pv_corrected,0,105.64747083333332,177.09268550857178
2025-06-28,pv_raw,6,102.66089166666673,169.00141392685163
2025-06-28,pv_corrected,6,93.25524166666673,151.19368380174382
2025-06-28,pv_raw,12,184.22865833333336,460.84902905209196
2025-06-28,pv_corrected,12,192.34412083333333,468.44260298187334
2025-06-28,pv_raw,18,177.50429166666672,314.3589180061663
2025-06-28,pv_corrected,18,168.25193750000003,293.8514017844898
2025-06-29,load_day_ahead,0,158.21842390193854,206.27334380529106
2025-06-29,pv_raw,0,316.396325,563.1782893125489
2025-06-29,pv_corrected,0,305.15221249999996,557.3099967517618
2025-06-29,pv_raw,6,102.35374999999993,185.64310279071552
2025-06-29,pv_corrected,6,118.39283749999991,216.41522304451092
2025-06-29,pv_raw,12,304.8509083333333,689.8696310993337
2025-06-29,pv_corrected,12,312.3677249999999,709.1059141639554
2025-06-29,pv_raw,18,228.1429916666667,398.1728276342019
2025-06-29,pv_corrected,18,186.95790833333334,332.8909902605031
2025-06-30,load_day_ahead,0,182.26755947180806,234.5730038668859
2025-06-30,pv_raw,0,89.34871249999999,179.3235201774493
2025-06-30,pv_corrected,0,87.94737083333332,173.15784378961752
2025-06-30,pv_raw,6,127.60587083333336,217.0225032675424
2025-06-30,pv_corrected,6,138.91042083333338,240.52170379794651
2025-06-30,pv_raw,12,301.17941249999996,605.3087539726321
2025-06-30,pv_corrected,12,296.4319875,600.0096701700568
2025-06-30,pv_raw,18,298.16861666666665,537.990990607981
2025-06-30,pv_corrected,18,340.6865,602.4283716171236
2025-07-01,load_day_ahead,0,566.5675773556754,613.6161966635187
2025-07-01,pv_raw,0,205.39103750000004,422.51584934909795
2025-07-01,pv_corrected,0,207.6408541666667,411.71967463939944
2025-07-01,pv_raw,6,110.5821916666667,201.9980877991382
2025-07-01,pv_corrected,6,110.52117083333341,202.9146391602134
2025-07-01,pv_raw,12,156.85550833333332,273.3473058442196
2025-07-01,pv_corrected,12,160.0813125,275.55584316120394
2025-07-01,pv_raw,18,194.4942291666666,350.56114117048395
2025-07-01,pv_corrected,18,204.69309583333322,353.7693770515362
2025-07-02,load_day_ahead,0,570.8449147549875,620.205555448668
2025-07-02,pv_raw,0,157.4255875,286.10343910184605
2025-07-02,pv_corrected,0,134.44031249999992,264.3034518828396
2025-07-02,pv_raw,6,34.023787500000076,61.682276048017
2025-07-02,pv_corrected,6,38.94288749999995,69.22239737414891
2025-07-02,pv_raw,12,271.1508666666666,576.5307498119369
2025-07-02,pv_corrected,12,257.66141250000004,536.8455780984468
2025-07-02,pv_raw,18,132.70109583333334,267.72486074697326
2025-07-02,pv_corrected,18,138.32787083333335,270.98310374674577
2025-07-03,load_day_ahead,0,590.064523754801,636.7165741206287
2025-07-03,pv_raw,0,143.0323875,271.6258145705281
2025-07-03,pv_corrected,0,134.77642916666665,272.91262062447066
2025-07-03,pv_raw,6,86.96064999999999,141.0958054957842
2025-07-03,pv_corrected,6,88.076075,139.88026536079286
2025-07-03,pv_raw,12,162.88327083333328,306.9225337261864
2025-07-03,pv_corrected,12,140.89855416666657,274.2614297463255
2025-07-03,pv_raw,18,299.2379083333333,557.1577784998046
2025-07-03,pv_corrected,18,330.84372083333324,586.2313128199008
2025-07-04,load_day_ahead,0,594.7848999931362,633.8080556777885
2025-07-04,pv_raw,0,226.77755000000002,438.550329314354
2025-07-04,pv_corrected,0,213.79541666666674,430.75795838663953
2025-07-04,pv_raw,6,123.77758333333338,228.2306340395172
2025-07-04,pv_corrected,6,120.23680833333337,225.55682333415274
2025-07-04,pv_raw,12,335.32177083333335,839.9777514885743
2025-07-04,pv_corrected,12,382.8201791666667,934.206551517959
2025-07-04,pv_raw,18,153.5100333333333,282.43522846312186
2025-07-04,pv_corrected,18,172.0898791666666,299.28853370402794
2025-07-05,load_day_ahead,0,573.2532185376418,622.6559510870221
2025-07-05,pv_raw,0,191.0818291666666,334.37177786861173
2025-07-05,pv_corrected,0,164.3984541666666,302.64657432444676
2025-07-05,pv_raw,6,70.2145541666667,124.04999294262883
2025-07-05,pv_corrected,6,72.44005833333345,123.90335703688926
2025-07-05,pv_raw,12,355.05937083333333,922.5312838904061
2025-07-05,pv_corrected,12,401.8157208333334,970.4023109256605
2025-07-05,pv_raw,18,187.36970416666676,354.0499243378415
2025-07-05,pv_corrected,18,180.2681375000001,350.12409369124106
2025-07-06,load_day_ahead,0,609.7367109710176,655.3884732917035
2025-07-06,pv_raw,0,260.1366125,462.9515112909104
2025-07-06,pv_corrected,0,263.53041249999995,462.67681703353827
2025-07-06,pv_raw,6,108.06413749999997,190.34774261946978
2025-07-06,pv_corrected,6,104.50610416666667,182.9724361503428
2025-07-06,pv_raw,12,133.9400166666667,283.37455538471517
2025-07-06,pv_corrected,12,117.1822916666667,231.53318537711644
2025-07-06,pv_raw,18,289.0488625,501.13238048761247
2025-07-06,pv_corrected,18,299.1972041666666,514.0529955303226
2025-07-07,load_day_ahead,0,536.6774693137011,584.9944182184859
2025-07-07,pv_raw,0,98.49598749999996,182.06347075258182
2025-07-07,pv_corrected,0,119.18282499999998,227.1454446455123
2025-07-07,pv_raw,6,98.39326250000003,153.31040524866674
2025-07-07,pv_corrected,6,100.23434999999999,159.02034255348957
2025-07-07,pv_raw,12,247.1217791666667,428.45495115096554
2025-07-07,pv_corrected,12,235.45274166666672,414.9441657943121
2025-07-07,pv_raw,18,250.74596666666653,411.67097413659917
2025-07-07,pv_corrected,18,248.47044166666652,410.58742081090134
2025-07-08,load_day_ahead,0,197.54874524893327,249.17980154257896
2025-07-08,pv_raw,0,211.70029166666663,366.4593659822304
2025-07-08,pv_corrected,0,226.96641666666673,404.0657080370408
2025-07-08,pv_raw,6,108.59360833333334,205.80987296076805
2025-07-08,pv_corrected,6,115.51630416666667,209.48104353445976
2025-07-08,pv_raw,12,330.77555,790.1729846487113
2025-07-08,pv_corrected,12,378.90727499999986,916.872321889251
2025-07-08,pv_raw,18,230.92072083333323,420.5397469375511
2025-07-08,pv_corrected,18,234.02066249999993,422.00550833513364
2025-07-09,load_day_ahead,0,189.2051532268014,235.02304234872895
2025-07-09,pv_raw,0,182.53344583333333,318.17017568545964
2025-07-09,pv_corrected,0,193.79903333333337,344.7936644181453
2025-07-09,pv_raw,6,119.71514166666668,210.80890298503772
2025-07-09,pv_corrected,6,113.6574000000001,201.14925830652274
2025-07-09,pv_raw,12,508.60434166666664,1138.9823593414105
2025-07-09,pv_corrected,12,536.9166583333333,1195.4908723053586
2025-07-09,pv_raw,18,244.5222083333333,493.8277049056187
2025-07-09,pv_corrected,18,240.17156666666668,493.00757598531635
2025-07-10,load_day_ahead,0,211.5513070037417,267.71212771372575
2025-07-10,pv_raw,0,103.05010416666677,194.12961023002032
2025-07-10,pv_corrected,0,127.05827083333344,222.62353541913453
2025-07-10,pv_raw,6,111.12484166666661,211.08809124687522
2025-07-10,pv_corrected,6,118.01630416666659,225.43635527495027
2025-07-10,pv_raw,12,325.5373666666666,781.3765874623525
2025-07-10,pv_corrected,12,327.48173749999995,782.1926412198417
2025-07-10,pv_raw,18,321.57185,574.2709361560215
2025-07-10,pv_corrected,18,295.57198750000003,536.9649227098936
2025-07-11,load_day_ahead,0,224.54112606684993,276.18508920416923
2025-07-11,pv_raw,0,99.1134875,194.00849020357646
2025-07-11,pv_corrected,0,99.60129166666667,193.10122045139298
2025-07-11,pv_raw,6,72.76632499999994,128.97944481978186
2025-07-11,pv_corrected,6,74.29049999999997,132.71713470359308
2025-07-11,pv_raw,12,331.23436250000003,653.3241548360254
2025-07-11,pv_corrected,12,332.95005833333335,653.4563171360908
2025-07-11,pv_raw,18,435.73981249999997,775.9431851268861
2025-07-11,pv_corrected,18,392.6653958333333,699.9282926681457
2025-07-12,load_day_ahead,0,185.68653532308622,235.872539980324
2025-07-12,pv_raw,0,304.9114416666667,544.0651766072202
2025-07-12,pv_corrected,0,305.4516958333334,542.3928684553456
2025-07-12,pv_raw,6,54.01065833333323,91.90174400499684
2025-07-12,pv_corrected,6,45.932787499999904,79.4718518144028
2025-07-12,pv_raw,12,243.32493333333323,437.77046164284906
2025-07-12,pv_corrected,12,217.3387749999999,373.7075640305631
2025-07-12,pv_raw,18,213.56353750000005,382.5310661079639
2025-07-12,pv_corrected,18,310.2417458333335,490.33676899262196
2025-07-13,load_day_ahead,0,175.6536731019724,221.78875117780146
2025-07-13,pv_raw,0,287.6376458333333,535.5704073554176
2025-07-13,pv_corrected,0,291.06764999999996,536.6009070460622
2025-07-13,pv_raw,6,57.684650000000055,103.57254345850632
2025-07-13,pv_corrected,6,58.148295833333385,108.93465665788102
2025-07-13,pv_raw,12,397.71852083333334,945.7475032616603
2025-07-13,pv_corrected,12,361.38382916666677,848.460914241236
2025-07-13,pv_raw,18,506.8498708333334,875.8884711677503
2025-07-13,pv_corrected,18,473.0653291666668,817.9141397297798
2025-07-14,load_day_ahead,0,199.11384484283107,256.33510905801774
2025-07-14,pv_raw,0,153.21310416666668,278.75667778705696
2025-07-14,pv_corrected,0,164.63167500000006,288.4363431436808
2025-07-14,pv_raw,6,96.61750416666666,159.39929162787627
2025-07-14,pv_corrected,6,109.14508749999989,178.47944751522377
2025-07-14,pv_raw,12,115.33578333333332,263.4145927798436
2025-07-14,pv_corrected,12,154.76501249999998,387.688527164323
2025-07-14,pv_raw,18,340.6883041666667,636.1216168633384
2025-07-14,pv_corrected,18,324.1542583333333,571.6289577887572
2025-07-15,load_day_ahead,0,230.40162498191705,293.49651100563295
2025-07-15,pv_raw,0,116.61479583333325,206.7016114225234
2025-07-15,pv_corrected,0,114.13265833333323,202.60005083452376
2025-07-15,pv_raw,6,109.83905416666666,220.53400148573746
2025-07-15,pv_corrected,6,114.77468333333339,230.55413893478112
2025-07-15,pv_raw,12,154.67257916666657,256.6090637404906
2025-07-15,pv_corrected,12,122.13839999999998,195.87856136824286
2025-07-15,pv_raw,18,196.9900416666666,364.9604173736904
2025-07-15,pv_corrected,18,272.98350000000005,524.7836595453614
2025-07-16,load_day_ahead,0,194.7866938210993,248.8178946154869
2025-07-16,pv_raw,0,294.27080416666655,463.8361338549327
2025-07-16,pv_corrected,0,275.7464749999999,438.56092373934086
2025-07-16,pv_raw,6,139.9272333333333,266.464375251266
2025-07-16,pv_corrected,6,140.68289999999996,270.2388458602563
2025-07-16,pv_raw,12,238.68211666666662,615.8641866999145
2025-07-16,pv_corrected,12,205.81264166666665,508.3854874969483
2025-07-16,pv_raw,18,250.03882916666666,446.6620172676916
2025-07-16,pv_corrected,18,234.72797083333333,395.8263400388941
2025-07-17,load_day_ahead,0,207.01060463742454,260.33331424482157
2025-07-17,pv_raw,0,184.1630083333334,331.8179299265513
2025-07-17,pv_corrected,0,179.42566666666676,319.7694956185394
2025-07-17,pv_raw,6,68.72505000000002,127.1832527857212
2025-07-17,pv_corrected,6,70.79285833333337,128.0170782083651
2025-07-17,pv_raw,12,191.91378750000004,454.50487955048
2025-07-17,pv_corrected,12,154.6627791666667,345.9376896035693
2025-07-17,pv_raw,18,324.7100708333333,558.7523565000706
2025-07-17,pv_corrected,18,271.59535,480.23442272736617
2025-07-18,load_day_ahead,0,187.81716865027107,248.33800176678164
2025-07-18,pv_raw,0,295.3831375000001,545.9936534255958
2025-07-18,pv_corrected,0,309.5424125000001,582.0489028589498
2025-07-18,pv_raw,6,109.3085041666667,189.59173105070082
2025-07-18,pv_corrected,6,107.90420833333333,184.5730181734612
2025-07-18,pv_raw,12,211.8004625,380.693229534946
2025-07-18,pv_corrected,12,196.96684166666674,393.352278150302
2025-07-18,pv_raw,18,237.6741083333334,440.592139588714
2025-07-18,pv_corrected,18,173.23737500000004,297.03448604080046
2025-07-19,load_day_ahead,0,177.20010772881932,220.2544702990233
2025-07-19,pv_raw,0,368.17109999999997,701.4962573287709
2025-07-19,pv_corrected,0,391.3521291666666,724.6307702905823
2025-07-19,pv_raw,6,248.70355833333323,447.01568435538604
2025-07-19,pv_corrected,6,259.3428791666665,460.47169728858404
2025-07-19,pv_raw,12,271.76185416666664,566.5711193909763
2025-07-19,pv_corrected,12,315.96607500000005,705.0421164487752
2025-07-19,pv_raw,18,212.9327291666667,342.1812599895248
2025-07-19,pv_corrected,18,277.7176666666667,491.1111794603913
2025-07-20,load_day_ahead,0,195.12404849058038,240.2809541031784
2025-07-20,pv_raw,0,219.97625833333322,446.613777000737
2025-07-20,pv_corrected,0,225.77081249999983,448.91436081808365
2025-07-20,pv_raw,6,120.13425416666666,216.3940932265625
2025-07-20,pv_corrected,6,119.53034583333333,216.24192017330085
2025-07-20,pv_raw,12,134.26668749999996,265.0550529429098
2025-07-20,pv_corrected,12,153.1030416666666,361.9451246785194
2025-07-20,pv_raw,18,330.0523166666666,621.9618313107551
2025-07-20,pv_corrected,18,391.20593749999995,801.357920476492
2025-07-21,load_day_ahead,0,246.06550440588782,303.8451182095624
2025-07-21,pv_raw,0,83.74132083333332,147.15379374500077
2025-07-21,pv_corrected,0,79.4835583333333,144.53517218821676
2025-07-21,pv_raw,6,141.82680416666665,264.5487549771819
2025-07-21,pv_corrected,6,145.80634583333327,276.7323607544938
2025-07-21,pv_raw,12,155.93114583333332,327.0875732967504
2025-07-21,pv_corrected,12,98.80450833333332,198.73011445745337
2025-07-21,pv_raw,18,335.9353375,590.0364211414266
2025-07-21,pv_corrected,18,372.0239625,707.9039328539781
2025-07-22,load_day_ahead,0,183.52534122842007,233.2006678017562
2025-07-22,pv_raw,0,111.71529166666672,204.1198584264914
2025-07-22,pv_corrected,0,121.10916666666674,227.61329312920577
2025-07-22,pv_raw,6,342.32610833333337,649.2157817213568
2025-07-22,pv_corrected,6,345.8202958333334,650.3734928358118
2025-07-22,pv_raw,12,194.91705,446.27060213957327
2025-07-22,pv_corrected,12,251.71238749999998,601.0992633817667
2025-07-22,pv_raw,18,341.15535416666654,572.4994711593264
2025-07-22,pv_corrected,18,341.02618749999993,572.5202108086448
2025-07-23,load_day_ahead,0,201.01065520885956,252.92069665534675
2025-07-23,pv_raw,0,316.7246625000001,502.8610904748652
2025-07-23,pv_corrected,0,318.5752666666667,504.0897852652113
2025-07-23,pv_raw,6,116.0132499999999,189.05430778545914
2025-07-23,pv_corrected,6,123.83234166666652,207.814966822726
2025-07-23,pv_raw,12,127.05162499999994,285.25511814976545
2025-07-23,pv_corrected,12,72.4652458333333,159.95841822580402
2025-07-23,pv_raw,18,451.7323208333333,857.522710502023
2025-07-23,pv_corrected,18,438.28097499999996,844.4333537076378
2025-07-24,load_day_ahead,0,175.77056502484928,220.27009384746984
2025-07-24,pv_raw,0,277.2234708333333,454.31791922334014
2025-07-24,pv_corrected,0,276.14775416666663,448.46279800947394
2025-07-24,pv_raw,6,55.022933333333356,91.55753366972328
2025-07-24,pv_corrected,6,61.50934583333342,102.02943436827654
2025-07-24,pv_raw,12,84.95019166666667,161.5938730270247
2025-07-24,pv_corrected,12,108.06310833333328,259.8871846722886
2025-07-24,pv_raw,18,442.51739999999995,726.8649565884268
2025-07-24,pv_corrected,18,454.5583041666666,733.0912317855643
2025-07-25,load_day_ahead,0,202.65548763479723,252.72971903234222
2025-07-25,pv_raw,0,159.43985,270.1447760326349
2025-07-25,pv_corrected,0,167.30791666666673,278.30427163637523
2025-07-25,pv_raw,6,164.3031791666666,356.6347349987875
2025-07-25,pv_corrected,6,163.59422499999994,348.217553245026
2025-07-25,pv_raw,12,357.2692124999999,756.0845190476903
2025-07-25,pv_corrected,12,346.48123333333325,724.2049898636717
2025-07-25,pv_raw,18,145.6474124999999,227.83217076183223
2025-07-25,pv_corrected,18,122.64446249999996,197.33188653324936
2025-07-26,load_day_ahead,0,203.4142600284075,255.7097333005087
2025-07-26,pv_raw,0,136.40935416666653,253.533846196848
2025-07-26,pv_corrected,0,140.3017666666665,255.1047821719944
2025-07-26,pv_raw,6,55.4305583333333,102.14902998507856
2025-07-26,pv_corrected,6,54.41566249999994,100.76432398810798
2025-07-26,pv_raw,12,484.4196041666667,1156.8016457358606
2025-07-26,pv_corrected,12,471.7982666666667,1131.999598113221
2025-07-26,pv_raw,18,364.48510000000005,567.2099283330687
2025-07-26,pv_corrected,18,360.4936958333333,558.2614256777221
2025-07-27,load_day_ahead,0,174.52098332028496,217.09594128747253
2025-07-27,pv_raw,0,239.13345833333335,378.0104233243124
2025-07-27,pv_corrected,0,226.1633291666667,367.9338888057354
2025-07-27,pv_raw,6,101.40045833333322,188.76345194382154
2025-07-27,pv_corrected,6,102.94385416666655,192.70685468088445
2025-07-27,pv_raw,12,241.26419583333336,552.640881738713
2025-07-27,pv_corrected,12,201.33085416666674,407.80914078855324
2025-07-27,pv_raw,18,239.14419583333338,419.27541209938363
2025-07-27,pv_corrected,18,230.18533750000006,386.93884083198094
2025-07-28,load_day_ahead,0,192.8480951372954,234.5868713228645
2025-07-28,pv_raw,0,135.4522416666666,243.36044429412547
2025-07-28,pv_corrected,0,149.61477499999995,258.3564540612833
2025-07-28,pv_raw,6,65.14362916666668,118.28495986676103
2025-07-28,pv_corrected,6,68.63676666666667,124.54396842542198
2025-07-28,pv_raw,12,146.75621250000003,283.8824898342645
2025-07-28,pv_corrected,12,213.53533333333323,450.2386147712721
2025-07-28,pv_raw,18,557.5685125,915.1223874629778
2025-07-28,pv_corrected,18,586.454625,959.5079706434808
2025-07-29,load_day_ahead,0,210.7985438716303,261.5308098845278
2025-07-29,pv_raw,0,205.85745416666666,373.23878582966205
2025-07-29,pv_corrected,0,219.5847375,379.64184320565596
2025-07-29,pv_raw,6,93.00984999999999,136.5320315535943
2025-07-29,pv_corrected,6,92.01930833333331,136.16946114413832
2025-07-29,pv_raw,12,323.49743333333333,625.8559062669957
2025-07-29,pv_corrected,12,389.3817833333332,780.5100126286682
2025-07-29,pv_raw,18,298.09749999999997,577.4441963755667
2025-07-29,pv_corrected,18,274.218225,530.3159531667944
2025-07-30,load_day_ahead,0,165.20271525336284,208.7626439474092
2025-07-30,pv_raw,0,386.61736666666667,661.1600168945502
2025-07-30,pv_corrected,0,396.70559166666663,667.7070870519748
2025-07-30,pv_raw,6,41.29370833333334,76.08013531516728
2025-07-30,pv_corrected,6,44.899654166666586,79.49347691098875
2025-07-30,pv_raw,12,231.80360000000005,428.4927305813192
2025-07-30,pv_corrected,12,262.18996666666663,512.2589414398744
2025-07-30,pv_raw,18,420.5447958333334,767.3233762870801
2025-07-30,pv_corrected,18,437.8878583333333,807.8969232216334
2025-07-31,load_day_ahead,0,203.26590043357078,249.82691381180774
2025-07-31,pv_raw,0,223.72536666666664,372.7049227253433
2025-07-31,pv_corrected,0,197.6536041666667,341.6767530662918
2025-07-31,pv_raw,6,70.75196249999993,120.36533627329992
2025-07-31,pv_corrected,6,71.44928333333327,121.3836911330931
2025-07-31,pv_raw,12,201.43814583333327,436.81234130339595
2025-07-31,pv_corrected,12,236.45541249999988,551.575018875254
2025-07-31,pv_raw,18,360.9270125,605.63556256374
2025-07-31,pv_corrected,18,348.36495416666656,582.3351821938908
2025-08-01,load_day_ahead,0,178.41337835219392,229.4176300750433
2025-08-01,pv_raw,0,228.09524166666668,401.5752798449139
2025-08-01,pv_corrected,0,249.1465666666667,446.4417864053182
2025-08-01,pv_raw,6,179.2552416666666,346.46198066742096
2025-08-01,pv_corrected,6,179.09274999999994,344.23585718415615
2025-08-01,pv_raw,12,203.32681666666667,507.6461439711279
2025-08-01,pv_corrected,12,221.85432083333342,516.698487153571
2025-08-01,pv_raw,18,223.95867499999994,366.1717082425663
2025-08-01,pv_corrected,18,202.68932083333334,321.0535668475817
2025-08-02,load_day_ahead,0,190.45217442389608,246.7406369576886
2025-08-02,pv_raw,0,448.6724875,877.8141690271877
2025-08-02,pv_corrected,0,474.5550625000001,926.6073491029982
2025-08-02,pv_raw,6,64.88100833333333,105.03988243842988
2025-08-02,pv_corrected,6,70.62618749999996,114.9128958308911
2025-08-02,pv_raw,12,163.1870125000001,279.98003045781167
2025-08-02,pv_corrected,12,174.0652041666668,296.3622151894207
2025-08-02,pv_raw,18,172.3589208333333,393.52923231337655
2025-08-02,pv_corrected,18,209.42744583333345,429.63019071043396
2025-08-03,load_day_ahead,0,162.73816159452704,209.98023931702903
2025-08-03,pv_raw,0,50.803054166666506,109.10320701397232
2025-08-03,pv_corrected,0,60.72692916666647,106.4017541818799
2025-08-03,pv_raw,6,124.47362916666663,243.10304027219365
2025-08-03,pv_corrected,6,132.07399166666664,252.45693113173797
2025-08-03,pv_raw,12,181.29843333333346,540.7080605715166
2025-08-03,pv_corrected,12,171.9000750000001,537.2125123280847
2025-08-03,pv_raw,18,232.8693875,435.0098589398496
2025-08-03,pv_corrected,18,252.07513333333327,491.3235490239483
2025-08-04,load_day_ahead,0,195.06556978784323,241.15374806522678
2025-08-04,pv_raw,0,161.18230416666663,278.31228033454084
2025-08-04,pv_corrected,0,152.19043749999997,256.80618674513806
2025-08-04,pv_raw,6,180.01797499999998,286.8656711992507
2025-08-04,pv_corrected,6,180.07441666666656,283.8838143370553
2025-08-04,pv_raw,12,201.68424583333345,360.369900002489
2025-08-04,pv_corrected,12,213.0711416666668,379.5397876780292
2025-08-04,pv_raw,18,308.12262083333326,498.3502952938043
2025-08-04,pv_corrected,18,287.5386791666666,457.4712279160711
2025-08-05,load_day_ahead,0,227.9888773670215,277.84755342970277
2025-08-05,pv_raw,0,231.3302791666666,421.50772059706935
2025-08-05,pv_corrected,0,240.68202083333327,431.00424148836066
2025-08-05,pv_raw,6,103.83943750000005,191.893706824096
2025-08-05,pv_corrected,6,108.07641666666673,198.3830080270633
2025-08-05,pv_raw,12,526.7775625,1200.4882340808606
2025-08-05,pv_corrected,12,533.2247125,1204.9994201631123
2025-08-05,pv_raw,18,470.9403916666666,849.0235270685916
2025-08-05,pv_corrected,18,497.3392208333332,918.6465055927607
2025-08-06,load_day_ahead,0,204.07720315872862,253.81268753395702
2025-08-06,pv_raw,0,253.4056208333334,452.62251861066255
2025-08-06,pv_corrected,0,252.73152083333335,454.96353990831375
2025-08-06,pv_raw,6,74.02856249999996,122.63302254506628
2025-08-06,pv_corrected,6,71.24319583333336,121.83768766281668
2025-08-06,pv_raw,12,175.64437499999997,361.50865505820997
2025-08-06,pv_corrected,12,170.90450833333333,359.1278566377358
2025-08-06,pv_raw,18,187.19017916666667,327.67676962835196
2025-08-06,pv_corrected,18,192.70749583333338,333.67152998250197
2025-08-07,load_day_ahead,0,190.33306362524212,233.3419787769063
2025-08-07,pv_raw,0,442.7612916666667,785.7596770197844
2025-08-07,pv_corrected,0,448.39792500000004,798.5738811020975
2025-08-07,pv_raw,6,141.7136833333333,281.9697286754186
2025-08-07,pv_corrected,6,135.42525416666666,275.3962334017471
2025-08-07,pv_raw,12,120.04459166666656,202.0688407137691
2025-08-07,pv_corrected,12,114.39312499999983,193.06457269220172
2025-08-07,pv_raw,18,451.4374333333333,882.6752417438454
2025-08-07,pv_corrected,18,456.8627333333332,886.25071786594
2025-08-08,load_day_ahead,0,210.979250648476,266.40353236990103
2025-08-08,pv_raw,0,120.53208750000003,235.96993731717097
2025-08-08,pv_corrected,0,127.25304583333347,259.11395731250747
2025-08-08,pv_raw,6,81.6613458333333,154.62372449653245
2025-08-08,pv_corrected,6,84.49383750000004,157.08504379046437
2025-08-08,pv_raw,12,142.56317083333343,289.4694249796161
2025-08-08,pv_corrected,12,162.08238750000007,311.21771369796403
2025-08-08,pv_raw,18,318.24839166666663,551.2434354967547
2025-08-08,pv_corrected,18,320.6725666666666,564.1644355265167
2025-08-09,load_day_ahead,0,183.65217733125476,224.07550325834353
2025-08-09,pv_raw,0,107.0516791666666,183.82451510018436
2025-08-09,pv_corrected,0,98.68008333333323,176.8337998022719
2025-08-09,pv_raw,6,73.70577916666662,130.80595585908756
2025-08-09,pv_corrected,6,72.45977083333325,129.8721972413215
2025-08-09,pv_raw,12,173.74379166666674,350.1834473411533
2025-08-09,pv_corrected,12,193.81090833333337,405.1283737307329
2025-08-09,pv_raw,18,240.56182083333343,438.6250831581004
2025-08-09,pv_corrected,18,239.37379583333345,440.55512848261446
2025-08-10,load_day_ahead,0,184.17037746708394,229.95567113041363
2025-08-10,pv_raw,0,182.20305000000008,355.1441895361212
2025-08-10,pv_corrected,0,158.83472916666673,325.77531475171855
2025-08-10,pv_raw,6,92.85781666666672,158.4846929417477
2025-08-10,pv_corrected,6,92.88768750000013,168.2170240852266
2025-08-10,pv_raw,12,159.77099999999993,420.6952979161661
2025-08-10,pv_corrected,12,151.31807083333322,415.50606353331614
2025-08-10,pv_raw,18,627.6720583333334,1050.051906024085
2025-08-10,pv_corrected,18,624.1204083333334,1042.4924791032488
2025-08-11,load_day_ahead,0,206.25460101953388,251.83205188955156
2025-08-11,pv_raw,0,146.52009166666656,260.2354634677394
2025-08-11,pv_corrected,0,171.54959166666663,308.16945760859926
2025-08-11,pv_raw,6,95.72932916666667,170.79766733501395
2025-08-11,pv_corrected,6,100.12562083333331,192.66619519048035
2025-08-11,pv_raw,12,144.35157500000003,301.7967055450159
2025-08-11,pv_corrected,12,153.81817083333348,304.968554029583
2025-08-11,pv_raw,18,203.88024999999993,333.43053422498286
2025-08-11,pv_corrected,18,185.41425416666667,308.3157342037508
2025-08-12,load_day_ahead,0,168.04668810583397,210.76979479457637
2025-08-12,pv_raw,0,191.10271666666662,430.24331304206316
2025-08-12,pv_corrected,0,205.61082916666655,432.79197870513406
2025-08-12,pv_raw,6,97.86239166666667,177.32350579601692
2025-08-12,pv_corrected,6,89.67182500000006,174.10556683616812
2025-08-12,pv_raw,12,524.8376333333333,1023.6416204257926
2025-08-12,pv_corrected,12,533.5714624999999,1038.7963872385071
2025-08-12,pv_raw,18,292.99508749999995,558.3684006603931
2025-08-12,pv_corrected,18,311.22685416666656,599.447093448488
2025-08-13,load_day_ahead,0,180.12136757314843,223.87745311153685
2025-08-13,pv_raw,0,210.62286249999997,407.20109359732044
2025-08-13,pv_corrected,0,226.4635041666667,430.46940280501025
2025-08-13,pv_raw,6,73.47128333333333,131.6254167935978
2025-08-13,pv_corrected,6,69.91751666666673,123.94638761903946
2025-08-13,pv_raw,12,270.39013333333327,711.0298062550013
2025-08-13,pv_corrected,12,262.3492583333333,706.1049731604174
2025-08-13,pv_raw,18,339.51810416666666,694.920825282999
2025-08-13,pv_corrected,18,365.51756666666665,698.2595774722193
2025-08-14,load_day_ahead,0,209.0715407671776,260.9058015909802
2025-08-14,pv_raw,0,206.53865416666676,352.3104756834205
2025-08-14,pv_corrected,0,208.5308875000001,361.81632323983195
2025-08-14,pv_raw,6,115.52337083333335,218.4649528961386
2025-08-14,pv_corrected,6,125.86511666666661,229.3591481631609
2025-08-14,pv_raw,12,156.46687499999996,342.53643633239943
2025-08-14,pv_corrected,12,165.03929166666668,356.16122757875866
2025-08-14,pv_raw,18,287.25690416666663,453.6291612333843
2025-08-14,pv_corrected,18,317.6075625,494.8553760358049
2025-08-15,load_day_ahead,0,184.3492350591903,229.66735162670648
2025-08-15,pv_raw,0,449.3561291666665,859.8849812549729
2025-08-15,pv_corrected,0,448.2782041666666,856.9228429393801
2025-08-15,pv_raw,6,63.70580416666661,109.04719695521943
2025-08-15,pv_corrected,6,68.61998750000002,128.86298930596956
2025-08-15,pv_raw,12,360.2542291666668,946.7463975769803
2025-08-15,pv_corrected,12,312.17117916666666,784.1281536953394
2025-08-15,pv_raw,18,233.04749166666667,437.617857824798
2025-08-15,pv_corrected,18,234.0194124999999,425.63287536228773
2025-08-16,load_day_ahead,0,160.48699234242522,201.47382695106594
2025-08-16,pv_raw,0,409.6364416666666,692.6748782054235
2025-08-16,pv_corrected,0,391.3850499999999,656.4114908733302
2025-08-16,pv_raw,6,65.26118749999999,158.23383253186168
2025-08-16,pv_corrected,6,73.55998750000009,172.96337194455984
2025-08-16,pv_raw,12,147.2742999999999,336.79065637577935
2025-08-16,pv_corrected,12,164.30351249999987,348.78060356573894
2025-08-16,pv_raw,18,341.96984999999995,568.9973666860155
2025-08-16,pv_corrected,18,351.91888333333327,590.5461763956065
2025-08-17,load_day_ahead,0,176.3824098044963,227.6929577847991
2025-08-17,pv_raw,0,236.56045833333334,431.6914028465976
2025-08-17,pv_corrected,0,218.9319833333334,399.5600976751039
2025-08-17,pv_raw,6,157.04273749999993,313.5746197220759
2025-08-17,pv_corrected,6,158.14479583333318,304.9354020069912
2025-08-17,pv_raw,12,165.95560833333337,384.6308271244509
2025-08-17,pv_corrected,12,225.24808333333348,494.20929465586346
2025-08-17,pv_raw,18,222.05041250000008,453.7087459748109
2025-08-17,pv_corrected,18,250.2305291666668,487.3840465408428
2025-08-18,load_day_ahead,0,193.17082248811823,244.72867477173546
2025-08-18,pv_raw,0,136.2155916666666,216.30845709302668
2025-08-18,pv_corrected,0,169.91782499999985,263.95573287240774
2025-08-18,pv_raw,6,102.45629166666679,170.71302555198957
2025-08-18,pv_corrected,6,99.0863041666668,163.5041637304221
2025-08-18,pv_raw,12,99.60878333333346,215.41262027426777
2025-08-18,pv_corrected,12,92.86746666666674,200.3974788600312
2025-08-18,pv_raw,18,516.3026249999999,850.0547939865959
2025-08-18,pv_corrected,18,541.1841875,889.7392835828903
2025-08-19,load_day_ahead,0,182.00283441973352,229.41690656935762
2025-08-19,pv_raw,0,113.75931666666678,196.42784930116846
2025-08-19,pv_corrected,0,136.44699166666663,264.56930816754783
2025-08-19,pv_raw,6,115.5505541666666,205.32719425734953
2025-08-19,pv_corrected,6,121.85624999999989,212.93425478220752
2025-08-19,pv_raw,12,352.033825,753.3804645860897
2025-08-19,pv_corrected,12,322.1301916666667,675.4742804896873
2025-08-19,pv_raw,18,420.1104666666667,742.4300471822486
2025-08-19,pv_corrected,18,452.7429875000001,801.8394850264276
2025-08-20,load_day_ahead,0,197.08177189712276,241.75466913814745
2025-08-20,pv_raw,0,206.91867499999998,366.6620145575929
2025-08-20,pv_corrected,0,187.16718749999993,307.8425456901702
2025-08-20,pv_raw,6,103.34637916666678,184.73420888854204
2025-08-20,pv_corrected,6,108.09792083333345,198.92100583045027
2025-08-20,pv_raw,12,292.49336666666676,587.5653848112893
2025-08-20,pv_corrected,12,260.2517208333334,520.3411555049962
2025-08-20,pv_raw,18,406.3573208333334,687.36153395028
2025-08-20,pv_corrected,18,387.6134666666666,656.5647320152407
2025-08-21,load_day_ahead,0,183.376331825189,229.0951614139987
2025-08-21,pv_raw,0,147.61013749999998,248.38347114112264
2025-08-21,pv_corrected,0,117.8909458333333,202.62262973267053
2025-08-21,pv_raw,6,132.9150583333335,218.6735711541217
2025-08-21,pv_corrected,6,136.9824458333335,228.55755591158473
2025-08-21,pv_raw,12,120.14044166666672,235.50325357043548
2025-08-21,pv_corrected,12,116.47167916666676,251.48570118687437
2025-08-21,pv_raw,18,358.0317,656.4304917945362
2025-08-21,pv_corrected,18,382.86513749999995,706.6112802243264
2025-08-22,load_day_ahead,0,170.80413723888648,218.6985896352372
2025-08-22,pv_raw,0,143.24642083333336,263.6318856520355
2025-08-22,pv_corrected,0,107.28010833333336,190.63333874755483
2025-08-22,pv_raw,6,148.94216250000005,254.64520354677552
2025-08-22,pv_corrected,6,157.0882250000001,259.6707599630541
2025-08-22,pv_raw,12,134.46570416666663,281.66755803235566
2025-08-22,pv_corrected,12,153.62374583333334,345.64903412859604
2025-08-22,pv_raw,18,163.7229875,270.33255701776915
2025-08-22,pv_corrected,18,184.6467125,291.38498314849505
2025-08-23,load_day_ahead,0,148.49842278913127,195.1671760409053
2025-08-23,pv_raw,0,162.60880833333331,290.7931119699263
2025-08-23,pv_corrected,0,218.48639583333338,369.6256326187547
2025-08-23,pv_raw,6,191.79377083333335,376.9444768507155
2025-08-23,pv_corrected,6,188.5151875,377.5582936636424
2025-08-23,pv_raw,12,722.3115833333333,1859.742138425795
2025-08-23,pv_corrected,12,695.0306708333334,1787.977308735698
2025-08-23,pv_raw,18,180.43879583333322,343.31329865032575
2025-08-23,pv_corrected,18,184.7607999999999,352.64158503713423
2025-08-24,load_day_ahead,0,191.34577968851224,232.47535702039121
2025-08-24,pv_raw,0,86.98152083333332,208.52672688143304
2025-08-24,pv_corrected,0,88.19620833333327,173.10876553646594
2025-08-24,pv_raw,6,151.50848333333326,322.1141007337202
2025-08-24,pv_corrected,6,148.0523666666666,315.3631500656253
2025-08-24,pv_raw,12,271.5178291666668,619.9906678641668
2025-08-24,pv_corrected,12,238.93898333333343,538.9346042827067
2025-08-24,pv_raw,18,205.8832458333333,369.52366342124986
2025-08-24,pv_corrected,18,193.04644999999996,357.5133045284794
2025-08-25,load_day_ahead,0,162.7715194222122,206.77664684648016
2025-08-25,pv_raw,0,580.4452833333334,1053.120284162742
2025-08-25,pv_corrected,0,553.6163666666666,1007.2481884137535
2025-08-25,pv_raw,6,79.03109166666665,154.33953871610194
2025-08-25,pv_corrected,6,81.27419166666664,157.1326597957809
2025-08-25,pv_raw,12,128.4034583333332,289.8016574813365
2025-08-25,pv_corrected,12,186.1313999999999,404.82050126029617
2025-08-25,pv_raw,18,229.5463291666666,403.6974092328812
2025-08-25,pv_corrected,18,243.9110791666666,444.0944979066687
2025-08-26,load_day_ahead,0,185.5345565224589,234.13335222332117
2025-08-26,pv_raw,0,184.9110749999999,346.86804881598226
2025-08-26,pv_corrected,0,202.66597083333318,393.03910254832084
2025-08-26,pv_raw,6,142.0454291666667,291.56740079021256
2025-08-26,pv_corrected,6,145.16397916666676,308.3469165271488
2025-08-26,pv_raw,12,350.6409750000001,819.8897136480738
2025-08-26,pv_corrected,12,323.45554166666676,736.4149091087485
2025-08-26,pv_raw,18,307.8284958333333,508.60388716009095
2025-08-26,pv_corrected,18,309.4567833333333,509.1179409139038
2025-08-27,load_day_ahead,0,148.21412497396085,186.14074330614716
2025-08-27,pv_raw,0,302.16743750000006,530.7453762192381
2025-08-27,pv_corrected,0,344.0255791666668,627.4079769213747
2025-08-27,pv_raw,6,204.2314000000001,429.73777761875726
2025-08-27,pv_corrected,6,213.4990375000001,439.11412760322696
2025-08-27,pv_raw,12,213.92027500000006,412.11883953396574
2025-08-27,pv_corrected,12,272.8027916666668,551.249185437783
2025-08-27,pv_raw,18,309.61618749999997,515.7888565837127
2025-08-27,pv_corrected,18,313.8123708333333,523.8765273160417
2025-08-28,load_day_ahead,0,208.26275503352036,259.49343973019626
2025-08-28,pv_raw,0,244.62082083333334,397.29290428849794
2025-08-28,pv_corrected,0,270.08164583333337,453.7835154172633
2025-08-28,pv_raw,6,148.1437625,283.19554089896303
2025-08-28,pv_corrected,6,142.7870875,284.7512233194039
2025-08-28,pv_raw,12,283.64160833333335,557.8484033082882
2025-08-28,pv_corrected,12,303.77995000000004,600.8802719649259
2025-08-28,pv_raw,18,319.3024541666667,671.6636674618552
2025-08-28,pv_corrected,18,334.3269000000001,714.9026665726865
2025-08-29,load_day_ahead,0,192.056874443206,241.08428882137252
2025-08-29,pv_raw,0,287.16318333333334,532.6886605706462
2025-08-29,pv_corrected,0,286.8713833333333,527.7614739591118
2025-08-29,pv_raw,6,92.3907,175.79839153485597
2025-08-29,pv_corrected,6,96.41051666666662,182.17028932701263
2025-08-29,pv_raw,12,213.95719166666666,454.4604783703144
2025-08-29,pv_corrected,12,206.11370000000002,448.37592704387293
2025-08-29,pv_raw,18,164.93000000000004,261.8805257993885
2025-08-29,pv_corrected,18,171.02773333333334,263.6613114565447
2025-08-30,load_day_ahead,0,163.93474358984793,211.32719143720135
2025-08-30,pv_raw,0,306.89035833333327,599.1344568342741
2025-08-30,pv_corrected,0,303.60499166666654,584.4470949414283
2025-08-30,pv_raw,6,82.69629583333337,147.0416022014391
2025-08-30,pv_corrected,6,87.15051666666675,147.95778268563086
2025-08-30,pv_raw,12,232.19842916666667,567.0627389832875
2025-08-30,pv_corrected,12,256.49383333333327,644.6010865922602
2025-08-30,pv_raw,18,175.97350000000003,316.40558024620873
2025-08-30,pv_corrected,18,176.70183333333338,317.5973338111589
2025-08-31,load_day_ahead,0,187.04813138301836,229.36294826633232
2025-08-31,pv_raw,0,245.39419166666676,408.80412070303214
2025-08-31,pv_corrected,0,241.19280416666675,408.1951337811077
2025-08-31,pv_raw,6,80.35268750000002,150.52363130499512
2025-08-31,pv_corrected,6,85.06655833333333,157.82931786759136
2025-08-31,pv_raw,12,102.91660000000006,201.0146260715707
2025-08-31,pv_corrected,12,120.33736250000004,219.49526776678005
2025-08-31,pv_raw,18,320.80362083333335,564.264368044847
2025-08-31,pv_corrected,18,303.0729333333334,548.2346189724516
2025-09-01,load_day_ahead,0,548.4131931431498,623.4072948484179
2025-09-01,pv_raw,0,363.95344583333343,621.4375718930339
2025-09-01,pv_corrected,0,372.3209541666667,625.0750517260211
2025-09-01,pv_raw,6,160.93077916666664,254.6693191004603
2025-09-01,pv_corrected,6,172.6236416666666,273.43489580456196
2025-09-01,pv_raw,12,203.13260000000005,429.9647469244117
2025-09-01,pv_corrected,12,209.63391666666675,447.03155059681103
2025-09-01,pv_raw,18,351.2551833333334,674.9225437484913
2025-09-01,pv_corrected,18,349.85673333333335,660.125080532446
2025-09-02,load_day_ahead,0,513.5077806920235,596.1657411811391
2025-09-02,pv_raw,0,141.1921541666667,254.04882959097398
2025-09-02,pv_corrected,0,164.00272500000008,309.6092645695511
2025-09-02,pv_raw,6,181.40045416666672,368.64668013877764
2025-09-02,pv_corrected,6,183.82052500000006,368.7933946411224
2025-09-02,pv_raw,12,122.61050833333336,251.02098564062837
2025-09-02,pv_corrected,12,143.94435000000007,329.468351559777
2025-09-02,pv_raw,18,209.227075,419.10262696432926
2025-09-02,pv_corrected,18,259.9954124999999,504.06252212839246
2025-09-03,load_day_ahead,0,488.69625762171444,558.6851310496922
2025-09-03,pv_raw,0,162.46257083333327,285.76172076025955
2025-09-03,pv_corrected,0,170.06258749999995,275.46045695931036
2025-09-03,pv_raw,6,54.43952083333337,103.91821494788387
2025-09-03,pv_corrected,6,55.08888333333338,104.03738747722305
2025-09-03,pv_raw,12,414.54705416666656,1016.0112908106082
2025-09-03,pv_corrected,12,416.8094833333332,1014.4341376078864
2025-09-03,pv_raw,18,269.7807083333334,481.79207530195373
2025-09-03,pv_corrected,18,300.27771249999995,538.1028223430571
2025-09-04,load_day_ahead,0,522.4813426258177,610.2800058267073
2025-09-04,pv_raw,0,163.89835416666668,311.16515802511617
2025-09-04,pv_corrected,0,147.82196666666667,242.90019496922676
2025-09-04,pv_raw,6,125.31965416666678,201.80709554089557
2025-09-04,pv_corrected,6,125.1225666666668,205.81042835797564
2025-09-04,pv_raw,12,299.03826666666674,632.3658137352922
2025-09-04,pv_corrected,12,249.2822083333334,500.85676251942783
2025-09-04,pv_raw,18,252.29376250000004,492.22058937629333
2025-09-04,pv_corrected,18,259.05412916666666,504.40402252987764
2025-09-05,load_day_ahead,0,544.5815618761096,604.0163414063339
2025-09-05,pv_raw,0,149.3140125,249.620173200302
2025-09-05,pv_corrected,0,199.7654083333334,331.11176788495715
2025-09-05,pv_raw,6,81.66383333333329,143.38240739724367
2025-09-05,pv_corrected,6,82.65464166666665,145.59592322101037
2025-09-05,pv_raw,12,86.49212916666666,148.2999293140271
2025-09-05,pv_corrected,12,114.78702499999993,181.9440895377752
2025-09-05,pv_raw,18,179.52828333333323,368.84113064534523
2025-09-05,pv_corrected,18,179.24756666666656,370.14570938969763
2025-09-06,load_day_ahead,0,538.3014204118808,620.0936682106123
2025-09-06,pv_raw,0,165.33142916666677,289.73322108702655
2025-09-06,pv_corrected,0,192.3477750000001,315.24530828352033
2025-09-06,pv_raw,6,49.438370833333316,116.98381800089382
2025-09-06,pv_corrected,6,54.812958333333256,118.70188465467454
2025-09-06,pv_raw,12,248.56595833333327,500.35784719855417
2025-09-06,pv_corrected,12,299.76337083333334,633.1507969951007
2025-09-06,pv_raw,18,296.38008333333323,519.18949647185
2025-09-06,pv_corrected,18,300.83003749999995,518.9842890110848
2025-09-07,load_day_ahead,0,466.3505880772418,551.5722050149835
2025-09-07,pv_raw,0,124.15304583333325,209.74785970301434
2025-09-07,pv_corrected,0,140.32690833333314,242.1338075043061
2025-09-07,pv_raw,6,174.50221250000004,373.2324841415753
2025-09-07,pv_corrected,6,178.33362500000007,379.6722105693937
2025-09-07,pv_raw,12,158.56298333333334,351.05817797640873
2025-09-07,pv_corrected,12,207.7804041666667,465.22717547666485
2025-09-07,pv_raw,18,152.11775833333328,288.1146888045641
2025-09-07,pv_corrected,18,176.2637624999999,350.99393821039547
2025-09-08,load_day_ahead,0,139.14284136305002,176.99891411653434
2025-09-08,pv_raw,0,194.4716375,359.9123059471402
2025-09-08,pv_corrected,0,213.38493333333327,394.8092859357012
2025-09-08,pv_raw,6,56.49675833333337,107.76483076999588
2025-09-08,pv_corrected,6,56.77933333333332,107.93683966570842
2025-09-08,pv_raw,12,80.4265208333333,158.18196315154077
2025-09-08,pv_corrected,12,116.83734166666663,246.44940310812947
2025-09-08,pv_raw,18,290.2306833333333,506.06336018113046
2025-09-08,pv_corrected,18,285.87602499999997,499.77551399585553
2025-09-09,load_day_ahead,0,144.96906534233756,183.27880465253133
2025-09-09,pv_raw,0,206.14424166666672,370.01598873846774
2025-09-09,pv_corrected,0,214.79100000000008,387.01261368685397
2025-09-09,pv_raw,6,146.9922791666667,312.9252811655464
2025-09-09,pv_corrected,6,145.10839166666668,311.4795820948729
2025-09-09,pv_raw,12,344.82755833333334,693.6891808083803
2025-09-09,pv_corrected,12,343.72379166666656,690.0464866197983
2025-09-09,pv_raw,18,316.1458958333333,591.5556019072451
2025-09-09,pv_corrected,18,309.0950625,574.4322632819328
2025-09-10,load_day_ahead,0,157.71086195065857,201.82539131335784
2025-09-10,pv_raw,0,195.08774166666663,341.6060295256023
2025-09-10,pv_corrected,0,198.62844999999996,336.8091140318702
2025-09-10,pv_raw,6,154.90852083333337,306.1750435216927
2025-09-10,pv_corrected,6,153.72053749999998,308.6288215737697
2025-09-10,pv_raw,12,427.4955291666667,981.9331584283417
2025-09-10,pv_corrected,12,431.6609875000001,983.9747023923072
2025-09-10,pv_raw,18,249.9579541666667,416.1793351991618
2025-09-10,pv_corrected,18,232.73702500000005,376.98039361623864
2025-09-11,load_day_ahead,0,151.11811872930127,194.2596389679425
2025-09-11,pv_raw,0,408.7800333333333,796.1339114356427
2025-09-11,pv_corrected,0,401.25709999999987,794.8725364639871
2025-09-11,pv_raw,6,66.96801666666664,146.8793286021954
2025-09-11,pv_corrected,6,67.20177916666665,146.28236745047664
2025-09-11,pv_raw,12,216.8038916666666,461.0094846704736
2025-09-11,pv_corrected,12,213.94861666666657,457.1766722323064
2025-09-11,pv_raw,18,238.92156250000005,489.71773937560334
2025-09-11,pv_corrected,18,204.0389083333333,412.7123019551151
2025-09-12,load_day_ahead,0,143.59263426214915,176.25195635570824
2025-09-12,pv_raw,0,187.82379583333326,356.91722422448356
2025-09-12,pv_corrected,0,188.84098749999995,380.39751395714916
2025-09-12,pv_raw,6,182.10227083333328,320.6478594701923
2025-09-12,pv_corrected,6,177.39105833333326,310.557451569488
2025-09-12,pv_raw,12,694.1611416666668,1670.5160152978808
2025-09-12,pv_corrected,12,696.9125166666668,1670.821165041614
2025-09-12,pv_raw,18,216.54916249999988,362.0131132505325
2025-09-12,pv_corrected,18,218.2458041666665,365.8432779501482
2025-09-13,load_day_ahead,0,142.90115637370593,177.1128128235627
2025-09-13,pv_raw,0,127.68034166666665,239.84064520422197
2025-09-13,pv_corrected,0,136.04039583333326,259.89602652117514
2025-09-13,pv_raw,6,121.72762083333333,215.1559718633603
2025-09-13,pv_corrected,6,126.69504583333334,223.89741958524885
2025-09-13,pv_raw,12,139.34612500000006,371.60666448358285
2025-09-13,pv_corrected,12,140.29094583333338,371.6913177602837
2025-09-13,pv_raw,18,828.7304833333334,1482.7538137255244
2025-09-13,pv_corrected,18,766.9482125000001,1360.7922176022244
2025-09-14,load_day_ahead,0,191.8025552138049,242.01503590289084
2025-09-14,pv_raw,0,248.3523875,448.40549114131755
2025-09-14,pv_corrected,0,252.9565583333333,451.7578272765582
2025-09-14,pv_raw,6,92.07992916666672,165.7224660471122
2025-09-14,pv_corrected,6,88.94425416666671,161.7830478742223
2025-09-14,pv_raw,12,87.94022083333333,194.16728284893182
2025-09-14,pv_corrected,12,86.11833750000001,191.3360045043852
2025-09-14,pv_raw,18,142.55032500000002,296.1164397928937
2025-09-14,pv_corrected,18,129.5320458333334,249.78029072444622
2025-09-15,load_day_ahead,0,155.64530778521646,193.8942014250825
2025-09-15,pv_raw,0,165.61222916666668,315.5918696060197
2025-09-15,pv_corrected,0,192.64873333333335,356.2516434581074
2025-09-15,pv_raw,6,81.88217083333323,155.74710956235126
2025-09-15,pv_corrected,6,80.7239708333332,148.34634949777572
2025-09-15,pv_raw,12,288.11565833333344,629.6975695029694
2025-09-15,pv_corrected,12,285.94708333333347,628.9180912443993
2025-09-15,pv_raw,18,422.9151541666667,837.3949316679241
2025-09-15,pv_corrected,18,372.4252416666666,747.2769385921008
2025-09-16,load_day_ahead,0,150.39619030429537,186.46588578957108
2025-09-16,pv_raw,0,297.4228124999999,543.8695932215287
2025-09-16,pv_corrected,0,297.6405916666665,544.4295823923129
2025-09-16,pv_raw,6,114.50562083333337,216.46642918895557
2025-09-16,pv_corrected,6,124.81944166666669,237.46433060450016
2025-09-16,pv_raw,12,242.21422083333337,547.4945191041252
2025-09-16,pv_corrected,12,240.19356666666678,544.9503337259899
2025-09-16,pv_raw,18,287.0098208333333,520.0855915855769
2025-09-16,pv_corrected,18,271.2487375,487.15719150369074
2025-09-17,load_day_ahead,0,132.63678368947836,171.56032906624532
2025-09-17,pv_raw,0,211.95640833333346,389.04804099620003
2025-09-17,pv_corrected,0,227.32253333333355,405.2758986736518
2025-09-17,pv_raw,6,128.4744708333334,228.26452082496235
2025-09-17,pv_corrected,6,132.69591666666682,239.24628925171473
2025-09-17,pv_raw,12,432.25788333333327,1074.5429679937295
2025-09-17,pv_corrected,12,435.34999166666654,1075.8411754201195
2025-09-17,pv_raw,18,232.56462500000006,428.29185042025574
2025-09-17,pv_corrected,18,260.09690833333343,472.3139078203509
2025-09-18,load_day_ahead,0,138.7875433089016,180.3801098662479
2025-09-18,pv_raw,0,279.64894583333336,529.3761836963489
2025-09-18,pv_corrected,0,292.66405416666663,550.3621732617551
2025-09-18,pv_raw,6,123.76350000000001,261.24638641757656
2025-09-18,pv_corrected,6,130.90225000000004,278.27487783969116
2025-09-18,pv_raw,12,269.74065833333333,712.26449820971
2025-09-18,pv_corrected,12,269.85387083333336,712.5937829752625
2025-09-18,pv_raw,18,359.4302,605.6780012220919
2025-09-18,pv_corrected,18,375.0969708333334,606.5961495522038
2025-09-19,load_day_ahead,0,145.94276275475133,178.80971032589454
2025-09-19,pv_raw,0,96.61658750000002,151.9930324595986
2025-09-19,pv_corrected,0,94.33937500000003,149.4950839605967
2025-09-19,pv_raw,6,85.45849166666666,157.04078686812545
2025-09-19,pv_corrected,6,83.61016666666666,157.13623953102234
2025-09-19,pv_raw,12,152.97078333333346,313.9695794594918
2025-09-19,pv_corrected,12,147.9222416666668,305.61424289155104
2025-09-19,pv_raw,18,396.5536875000001,869.2922552805067
2025-09-19,pv_corrected,18,304.15895833333343,661.5073177719365
2025-09-20,load_day_ahead,0,159.66191782161945,198.98192835676747
2025-09-20,pv_raw,0,200.98544583333333,337.84211605952066
2025-09-20,pv_corrected,0,189.20177916666668,328.15095392748185
2025-09-20,pv_raw,6,113.29887500000002,266.69301268967945
2025-09-20,pv_corrected,6,120.5546875,273.354657574823
2025-09-20,pv_raw,12,112.9830416666667,220.8130314779282
2025-09-20,pv_corrected,12,104.21556249999998,210.06776047959994
2025-09-20,pv_raw,18,277.1005375000001,449.7386659916074
2025-09-20,pv_corrected,18,373.4512125000001,632.6286548265241
2025-09-21,load_day_ahead,0,163.945749129983,195.76893276935346
2025-09-21,pv_raw,0,143.17987499999995,248.61498972231468
2025-09-21,pv_corrected,0,127.17808333333328,224.24261478898617
2025-09-21,pv_raw,6,144.29101250000005,292.53875148506756
2025-09-21,pv_corrected,6,148.4473541666667,299.8715522426499
2025-09-21,pv_raw,12,309.46884583333343,610.3164814476098
2025-09-21,pv_corrected,12,293.27095416666674,589.1783815876627
2025-09-21,pv_raw,18,248.78133333333332,450.8930481593917
2025-09-21,pv_corrected,18,240.7352083333334,481.8297559391474
2025-09-22,load_day_ahead,0,154.43042390957524,192.01711331923963
2025-09-22,pv_raw,0,270.5553291666667,523.9990838611652
2025-09-22,pv_corrected,0,247.91200416666672,482.9467723324362
2025-09-22,pv_raw,6,126.77279583333332,217.0584006324364
2025-09-22,pv_corrected,6,128.32863333333333,220.23365372746355
2025-09-22,pv_raw,12,106.961275,302.00762151775524
2025-09-22,pv_corrected,12,105.94923333333338,301.85868674035765
2025-09-22,pv_raw,18,293.8694083333333,508.5170935549978
2025-09-22,pv_corrected,18,260.1122125,493.70312125876853
2025-09-23,load_day_ahead,0,147.6881255801675,193.58682308004492
2025-09-23,pv_raw,0,101.48108750000004,171.1664231597899
2025-09-23,pv_corrected,0,95.3094833333334,158.97390622919337
2025-09-23,pv_raw,6,51.31921666666664,93.6965526124182
2025-09-23,pv_corrected,6,50.893504166666624,93.62947150106051
2025-09-23,pv_raw,12,92.51095833333336,257.4807807354465
2025-09-23,pv_corrected,12,86.867075,244.56268610343054
2025-09-23,pv_raw,18,107.13685000000002,241.160653056982
2025-09-23,pv_corrected,18,84.84475833333339,150.90022361329807
2025-09-24,load_day_ahead,0,153.542229717352,191.5353674544972
2025-09-24,pv_raw,0,308.98102500000005,643.3129863840088
2025-09-24,pv_corrected,0,338.3851958333334,665.0446469779101
2025-09-24,pv_raw,6,95.9807541666667,184.61015594124405
2025-09-24,pv_corrected,6,91.21449583333333,179.048532106362
2025-09-24,pv_raw,12,153.84873333333337,317.47423485481073
2025-09-24,pv_corrected,12,144.01041250000006,309.0659650135194
2025-09-24,pv_raw,18,433.9662416666667,870.9040873505522
2025-09-24,pv_corrected,18,426.1873625,852.9107999660625
2025-09-25,load_day_ahead,0,172.9234813440599,226.06111415264067
2025-09-25,pv_raw,0,133.4349208333333,246.27630293206164
2025-09-25,pv_corrected,0,138.38289583333327,284.5331033808742
2025-09-25,pv_raw,6,142.76502499999995,276.38645804411703
2025-09-25,pv_corrected,6,148.34956666666668,286.90701366112364
2025-09-25,pv_raw,12,696.6542083333334,1519.6293737163762
2025-09-25,pv_corrected,12,733.3487916666667,1591.637340488592
2025-09-25,pv_raw,18,174.03083333333325,304.97592016082854
2025-09-25,pv_corrected,18,204.68984999999995,384.71173771102394
2025-09-26,load_day_ahead,0,138.5940450403613,181.7351295570193
2025-09-26,pv_raw,0,197.34421250000005,391.56698493442406
2025-09-26,pv_corrected,0,177.66731250000007,378.610594125056
2025-09-26,pv_raw,6,55.13514583333333,120.06495161990276
2025-09-26,pv_corrected,6,58.88624583333334,126.2956474170247
2025-09-26,pv_raw,12,222.99126666666663,525.6813407367648
2025-09-26,pv_corrected,12,196.58806666666658,482.6830316195187
2025-09-26,pv_raw,18,93.9956208333333,171.71518628747208
2025-09-26,pv_corrected,18,88.6473416666666,160.22817336199802
2025-09-27,load_day_ahead,0,189.9670549963495,234.7754989768038
2025-09-27,pv_raw,0,304.8104458333333,562.6359779184394
2025-09-27,pv_corrected,0,303.5810166666665,550.3595047785619
2025-09-27,pv_raw,6,110.2161958333334,211.39291090066837
2025-09-27,pv_corrected,6,108.77380416666672,206.94048405168238
2025-09-27,pv_raw,12,67.67132083333333,153.65820627026525
2025-09-27,pv_corrected,12,60.263658333333346,117.81447759805805
2025-09-27,pv_raw,18,440.13548333333324,867.5372402609228
2025-09-27,pv_corrected,18,475.4516958333333,931.9457781153367
2025-09-28,load_day_ahead,0,153.95813062581516,195.7668418698916
2025-09-28,pv_raw,0,151.50227500000003,283.7275062148643
2025-09-28,pv_corrected,0,160.22468333333333,307.25103987335024
2025-09-28,pv_raw,6,198.8649416666667,392.2098812130195
2025-09-28,pv_corrected,6,197.51182916666667,390.2189649756227
2025-09-28,pv_raw,12,92.9768458333333,186.64848281504197
2025-09-28,pv_corrected,12,95.04794999999997,196.77388055169646
2025-09-28,pv_raw,18,142.17482500000006,225.40647518574278
2025-09-28,pv_corrected,18,141.50982499999998,252.17416765735538
2025-09-29,load_day_ahead,0,156.14696399599075,197.2702218686058
2025-09-29,pv_raw,0,125.22740833333332,253.3885170497734
2025-09-29,pv_corrected,0,146.85002083333325,253.84597190749753
2025-09-29,pv_raw,6,178.37999583333325,330.9109028630723
2025-09-29,pv_corrected,6,177.99727916666657,327.20540775113176
2025-09-29,pv_raw,12,247.00929583333334,559.1254781959774
2025-09-29,pv_corrected,12,221.67655000000005,480.1190910928609
2025-09-29,pv_raw,18,143.19261250000002,262.0737154407094
2025-09-29,pv_corrected,18,158.83433333333338,274.0281859985605
2025-09-30,load_day_ahead,0,140.3861238521714,173.00695178462615
2025-09-30,pv_raw,0,303.28200833333335,544.0483595176253
2025-09-30,pv_corrected,0,297.21137916666663,540.6139248566012
2025-09-30,pv_raw,6,89.21253333333338,176.70801438902674
2025-09-30,pv_corrected,6,86.70290833333331,174.29638026614546
2025-09-30,pv_raw,12,157.001925,319.6451703952343
2025-09-30,pv_corrected,12,208.6371458333334,397.53902351541694
2025-09-30,pv_raw,18,186.90213749999995,460.5774678873734
2025-09-30,pv_corrected,18,190.54784583333333,457.01793356140615
2025-10-01,load_day_ahead,0,192.09422283334015,245.4794365144749
2025-10-01,pv_raw,0,240.61117083333332,516.5736190344561
2025-10-01,pv_corrected,0,256.9700041666666,542.2697750963724
2025-10-01,pv_raw,6,205.9753208333334,390.99117055645104
2025-10-01,pv_corrected,6,205.75257083333338,396.1422692467175
2025-10-01,pv_raw,12,135.31929583333329,280.57508384572446
2025-10-01,pv_corrected,12,96.1513333333332,193.30246304611126
2025-10-01,pv_raw,18,205.50630416666658,353.0925095715149
2025-10-01,pv_corrected,18,212.38534166666656,361.65439482033565
2025-10-02,load_day_ahead,0,204.15022004595028,264.6124425553071
2025-10-02,pv_raw,0,460.9251625,770.7302933069241
2025-10-02,pv_corrected,0,452.1220041666667,743.9619605445259
2025-10-02,pv_raw,6,158.74625000000006,319.27284086046615
2025-10-02,pv_corrected,6,156.11515,315.2293692514587
2025-10-02,pv_raw,12,189.3660083333334,420.8530934621843
2025-10-02,pv_corrected,12,204.69115000000002,484.42817095796994
2025-10-02,pv_raw,18,616.3087750000001,1137.0466916993985
2025-10-02,pv_corrected,18,609.7655833333334,1136.4664973433771
2025-10-03,load_day_ahead,0,173.57100942045582,235.2327347978651
2025-10-03,pv_raw,0,113.55273749999999,213.38159484914283
2025-10-03,pv_corrected,0,110.84557500000001,217.86330621495972
2025-10-03,pv_raw,6,116.60489999999997,255.46952510285675
2025-10-03,pv_corrected,6,119.16728333333333,260.65675242382457
2025-10-03,pv_raw,12,129.7601291666667,273.0091639669637
2025-10-03,pv_corrected,12,158.66394583333337,325.5356087585792
2025-10-03,pv_raw,18,287.7846625,549.7644562149849
2025-10-03,pv_corrected,18,281.3598041666667,549.1323770962598
2025-10-04,load_day_ahead,0,205.1399614286816,255.49626653382154
2025-10-04,pv_raw,0,412.7944625,718.4438058331247
2025-10-04,pv_corrected,0,403.46731666666665,713.9586326178184
2025-10-04,pv_raw,6,44.81095833333335,130.15407660157373
2025-10-04,pv_corrected,6,52.13351666666666,132.29929788959575
2025-10-04,pv_raw,12,564.504575,1437.0463152171424
2025-10-04,pv_corrected,12,578.23845,1463.4588587724143
2025-10-04,pv_raw,18,278.0398666666667,485.48300653411053
2025-10-04,pv_corrected,18,279.93089166666664,482.7446755737801
2025-10-05,load_day_ahead,0,192.0526124420106,236.2508006038616
2025-10-05,pv_raw,0,315.17788750000005,601.2588522882564
2025-10-05,pv_corrected,0,294.60538750000006,560.9415913406795
2025-10-05,pv_raw,6,90.77497499999997,181.34890801610848
2025-10-05,pv_corrected,6,85.98790416666668,171.8901616195923
2025-10-05,pv_raw,12,180.47082500000008,431.5989653440122
2025-10-05,pv_corrected,12,185.01227500000005,436.1691661579533
2025-10-05,pv_raw,18,363.2995541666667,635.5020302343006
2025-10-05,pv_corrected,18,361.93911666666673,636.2121779149705
2025-10-06,load_day_ahead,0,199.87490026588932,249.12422552139384
2025-10-06,pv_raw,0,280.1445499999999,534.0002359165192
2025-10-06,pv_corrected,0,295.4979583333332,575.8197125551008
2025-10-06,pv_raw,6,57.934229166666604,129.66177858541062
2025-10-06,pv_corrected,6,59.62384166666657,123.57433518818051
2025-10-06,pv_raw,12,136.75519166666663,298.0784729499906
2025-10-06,pv_corrected,12,135.10229166666662,297.50113373148395
2025-10-06,pv_raw,18,315.3012083333333,587.9769059828824
2025-10-06,pv_corrected,18,314.47285833333336,576.5279856104116
2025-10-07,load_day_ahead,0,191.82257424576665,255.43617072972734
2025-10-07,pv_raw,0,99.1057583333333,198.04091271461016
2025-10-07,pv_corrected,0,116.69472083333324,233.4555911793477
2025-10-07,pv_raw,6,85.37625416666661,168.17287724223812
2025-10-07,pv_corrected,6,93.30904999999997,176.77266260768138
2025-10-07,pv_raw,12,294.5124458333334,748.684622929774
2025-10-07,pv_corrected,12,292.29889166666675,748.2459493428526
2025-10-07,pv_raw,18,157.14522083333335,317.8908844623976
2025-10-07,pv_corrected,18,192.81439583333335,351.90151434578786
2025-10-08,load_day_ahead,0,120.16149860515822,152.79731704251947
2025-10-08,pv_raw,0,101.82141250000002,235.18405595578128
2025-10-08,pv_corrected,0,117.18800833333334,247.57776984141933
2025-10-08,pv_raw,6,75.39344166666662,155.41362505902052
2025-10-08,pv_corrected,6,73.32697916666665,153.8192433808307
2025-10-08,pv_raw,12,176.39597083333328,361.40673098281684
2025-10-08,pv_corrected,12,167.00907499999994,349.7949386570364
2025-10-08,pv_raw,18,433.2901,881.044933754556
2025-10-08,pv_corrected,18,461.4896583333334,906.2670899569076
2025-10-09,load_day_ahead,0,124.33496213147049,166.0425171820851
2025-10-09,pv_raw,0,368.06931666666674,633.5573186349139
2025-10-09,pv_corrected,0,368.6546541666667,617.654538091153
2025-10-09,pv_raw,6,94.97851249999992,164.1030188030841
2025-10-09,pv_corrected,6,84.82157083333327,146.17881768636275
2025-10-09,pv_raw,12,136.22889166666653,332.4175366384444
2025-10-09,pv_corrected,12,133.97788333333315,331.7422343492093
2025-10-09,pv_raw,18,63.86423750000011,137.70516682447723
2025-10-09,pv_corrected,18,83.80923333333348,166.3795854359294
2025-10-10,load_day_ahead,0,125.79902760036867,162.43086770084858
2025-10-10,pv_raw,0,337.0062458333333,637.235160958492
2025-10-10,pv_corrected,0,336.1285041666667,624.4662319070193
2025-10-10,pv_raw,6,180.55547083333326,348.1465920042212
2025-10-10,pv_corrected,6,192.60887499999993,373.66811672305977
2025-10-10,pv_raw,12,245.1003333333332,553.0670102926368
2025-10-10,pv_corrected,12,234.78958333333324,544.8474230005985
2025-10-10,pv_raw,18,246.32751666666658,472.9089398043603
2025-10-10,pv_corrected,18,245.0533874999999,470.8495348432752
2025-10-11,load_day_ahead,0,126.34607547918252,153.44731752838103
2025-10-11,pv_raw,0,166.5579583333334,320.1360827607913
2025-10-11,pv_corrected,0,150.20401250000006,301.0805314094824
2025-10-11,pv_raw,6,59.58998750000001,131.34718555536477
2025-10-11,pv_corrected,6,54.56789166666666,127.20602860379698
2025-10-11,pv_raw,12,279.8189666666667,708.6021930794363
2025-10-11,pv_corrected,12,257.94945,692.7878189417444
2025-10-11,pv_raw,18,325.16578333333337,570.5832555687776
2025-10-11,pv_corrected,18,348.2331875,628.0201230793382
2025-10-12,load_day_ahead,0,140.44243112702978,170.75517714321867
2025-10-12,pv_raw,0,107.18529166666667,173.10287784076317
2025-10-12,pv_corrected,0,118.66879166666668,200.16953177180216
2025-10-12,pv_raw,6,110.59101250000005,220.56327306688655
2025-10-12,pv_corrected,6,119.26414583333337,245.17360911518315
2025-10-12,pv_raw,12,175.4537375,355.35878027016633
2025-10-12,pv_corrected,12,163.35584999999995,349.01867788784
2025-10-12,pv_raw,18,313.95427916666665,618.4983723729146
2025-10-12,pv_corrected,18,323.5934458333333,621.8323682379985
2025-10-13,load_day_ahead,0,106.19602462769899,132.28881210451436
2025-10-13,pv_raw,0,205.97485416666666,388.9298741124414
2025-10-13,pv_corrected,0,186.0835041666667,359.7987773213598
2025-10-13,pv_raw,6,93.28115416666662,181.1472544276192
2025-10-13,pv_corrected,6,97.23718333333322,180.70468412647048
2025-10-13,pv_raw,12,276.8947,497.8146178000425
2025-10-13,pv_corrected,12,223.3469958333333,418.7251941906244
2025-10-13,pv_raw,18,195.26592083333333,362.24622403903965
2025-10-13,pv_corrected,18,198.00680416666668,364.4327796532973
2025-10-14,load_day_ahead,0,111.4773291770318,140.90492160640036
2025-10-14,pv_raw,0,180.37233333333333,387.5133428566664
2025-10-14,pv_corrected,0,162.6121375,361.6072297898836
2025-10-14,pv_raw,6,227.9596583333333,497.5890948530054
2025-10-14,pv_corrected,6,221.69510416666662,486.28124315758396
2025-10-14,pv_raw,12,111.97674583333333,253.43548653932706
2025-10-14,pv_corrected,12,174.53230833333336,377.7666118842768
2025-10-14,pv_raw,18,514.7452375,907.5723281870545
2025-10-14,pv_corrected,18,485.8087083333333,871.8467546716224
2025-10-15,load_day_ahead,0,111.07428043136905,140.71782728883764
2025-10-15,pv_raw,0,241.1629333333333,446.4993340570024
2025-10-15,pv_corrected,0,196.37888750000002,359.5170247614296
2025-10-15,pv_raw,6,160.41120833333335,314.71895721159433
2025-10-15,pv_corrected,6,143.3731791666667,279.38351042671997
2025-10-15,pv_raw,12,131.01215416666665,294.76651431689606
2025-10-15,pv_corrected,12,145.8838041666667,352.6078057260566
2025-10-15,pv_raw,18,425.2857333333332,737.7729572092899
2025-10-15,pv_corrected,18,482.0137124999999,859.1175802317641
2025-10-16,load_day_ahead,0,114.97084236207995,145.84532746813585
2025-10-16,pv_raw,0,149.34174166666662,263.3201194403432
2025-10-16,pv_corrected,0,124.32795416666654,265.36785602509286
2025-10-16,pv_raw,6,81.5833416666667,150.9001112489568
2025-10-16,pv_corrected,6,77.51798333333336,139.67933202297985
2025-10-16,pv_raw,12,445.54436666666675,1032.3223590855102
2025-10-16,pv_corrected,12,496.96687916666673,1149.9626214823388
2025-10-16,pv_raw,18,277.03444583333334,535.1009127885891
2025-10-16,pv_corrected,18,323.7312583333334,642.0272879608675
2025-10-17,load_day_ahead,0,120.77764679276571,149.75495754724568
2025-10-17,pv_raw,0,381.17351666666656,641.4989360937487
2025-10-17,pv_corrected,0,409.8881208333333,712.4420857967774
2025-10-17,pv_raw,6,134.86892083333328,293.3884461847601
2025-10-17,pv_corrected,6,116.28606666666663,256.39935738026753
2025-10-17,pv_raw,12,133.69358333333335,329.2128366741592
2025-10-17,pv_corrected,12,146.2526791666667,315.8899918358848
2025-10-17,pv_raw,18,502.55244999999996,1050.2887796731768
2025-10-17,pv_corrected,18,464.76624583333336,954.3209572007853
2025-10-18,load_day_ahead,0,128.83783770860313,157.93587580607291
2025-10-18,pv_raw,0,224.06105833333342,428.90656314052154
2025-10-18,pv_corrected,0,166.64094583333338,325.46060800206624
2025-10-18,pv_raw,6,200.98415833333343,394.14046583822864
2025-10-18,pv_corrected,6,218.4930875000001,425.1449956270013
2025-10-18,pv_raw,12,238.0912125,593.712029277851
2025-10-18,pv_corrected,12,225.179025,589.5286111932095
2025-10-18,pv_raw,18,329.6954541666667,644.9049811965272
2025-10-18,pv_corrected,18,330.80388333333326,634.2706070127292
2025-10-19,load_day_ahead,0,113.38384648610449,142.39151947217272
2025-10-19,pv_raw,0,89.28056249999996,187.85044175429266
2025-10-19,pv_corrected,0,83.45825416666655,147.6982964657188
2025-10-19,pv_raw,6,71.01740833333331,141.71500387118803
2025-10-19,pv_corrected,6,61.92334583333326,145.91114500635456
2025-10-19,pv_raw,12,145.99992083333325,334.57258362854463
2025-10-19,pv_corrected,12,130.27582916666654,289.05667628546973
2025-10-19,pv_raw,18,129.2262916666667,223.37851966486724
2025-10-19,pv_corrected,18,151.3756291666666,248.31551046847716
2025-10-20,load_day_ahead,0,113.65625936172154,136.88548807576026
2025-10-20,pv_raw,0,196.57693333333336,372.93484473273617
2025-10-20,pv_corrected,0,193.45917500000007,321.2789730743674
2025-10-20,pv_raw,6,79.0248625000001,158.52862069219177
2025-10-20,pv_corrected,6,92.30037916666674,187.34258686452955
2025-10-20,pv_raw,12,305.651725,780.450282228693
2025-10-20,pv_corrected,12,331.1264708333334,851.0140829597692
2025-10-20,pv_raw,18,176.01516666666672,383.23047430331565
2025-10-20,pv_corrected,18,161.3375208333334,373.4210252738585
2025-10-21,load_day_ahead,0,102.15749042858266,129.19086089183352
2025-10-21,pv_raw,0,191.93714583333335,338.4511237469176
2025-10-21,pv_corrected,0,120.87399583333332,241.5295792362165
2025-10-21,pv_raw,6,55.70545833333332,111.64550365295355
2025-10-21,pv_corrected,6,59.597754166666654,120.08441647718944
2025-10-21,pv_raw,12,119.12007499999999,329.6394282289363
2025-10-21,pv_corrected,12,137.913875,394.01426163338095
2025-10-21,pv_raw,18,412.46639166666677,718.2715616858159
2025-10-21,pv_corrected,18,427.14403750000014,756.2993538384562
2025-10-22,load_day_ahead,0,122.8606039754952,150.10943694638868
2025-10-22,pv_raw,0,135.88259999999994,255.77360507179637
2025-10-22,pv_corrected,0,123.1109541666666,266.1104151614802
2025-10-22,pv_raw,6,107.06529166666667,231.43600606947672
2025-10-22,pv_corrected,6,118.30931666666669,241.87319724276503
2025-10-22,pv_raw,12,174.0523416666667,379.19882331598825
2025-10-22,pv_corrected,12,168.11491250000003,357.0018724442592
2025-10-22,pv_raw,18,202.58372083333333,394.1301320152197
2025-10-22,pv_corrected,18,204.40153750000002,394.48754004849707
2025-10-23,load_day_ahead,0,114.7111286475083,147.65386318744885
2025-10-23,pv_raw,0,501.90433749999994,961.6820460386788
2025-10-23,pv_corrected,0,505.4983500000001,970.2490423822252
2025-10-23,pv_raw,6,132.80995416666667,258.3557778144374
2025-10-23,pv_corrected,6,128.37823750000004,242.7461167616927
2025-10-23,pv_raw,12,225.3399791666667,461.13067852819984
2025-10-23,pv_corrected,12,210.86471250000008,420.00070706081516
2025-10-23,pv_raw,18,267.7094666666667,530.387868674832
2025-10-23,pv_corrected,18,253.0730166666667,507.3491343052475
2025-10-24,load_day_ahead,0,123.15276202605557,151.0345755943777
2025-10-24,pv_raw,0,173.36404166666668,369.8535795404244
2025-10-24,pv_corrected,0,219.08870416666664,461.8603012445876
2025-10-24,pv_raw,6,88.68805833333334,184.87760435875757
2025-10-24,pv_corrected,6,76.47172083333335,163.98602082372363
2025-10-24,pv_raw,12,224.3609708333333,460.9493046599986
2025-10-24,pv_corrected,12,210.20822916666668,434.64245074861014
2025-10-24,pv_raw,18,124.00517916666661,226.30413820525987
2025-10-24,pv_corrected,18,140.2572833333333,270.13465353577055
2025-10-25,load_day_ahead,0,132.30018028865868,163.86786981944942
2025-10-25,pv_raw,0,224.89382500000008,457.39340629084757
2025-10-25,pv_corrected,0,257.6832708333333,474.4243570376443
2025-10-25,pv_raw,6,59.09344166666659,130.89844088273156
2025-10-25,pv_corrected,6,66.23691249999995,135.11893705818795
2025-10-25,pv_raw,12,229.958,557.9502649706288
2025-10-25,pv_corrected,12,247.51076666666668,632.6845935540723
2025-10-25,pv_raw,18,116.86887499999999,257.1865436747047
2025-10-25,pv_corrected,18,107.3816583333333,208.79650967478068
2025-10-26,load_day_ahead,0,123.24259719887479,154.32161531969717
2025-10-26,pv_raw,0,222.9779916666666,432.9301318645933
2025-10-26,pv_corrected,0,241.46111249999987,442.0751061889242
2025-10-26,pv_raw,6,148.54176666666675,298.13650061823904
2025-10-26,pv_corrected,6,118.49249999999996,229.40466934023294
2025-10-26,pv_raw,12,58.0188041666666,122.76103535856926
2025-10-26,pv_corrected,12,34.58149583333336,69.07611780908495
2025-10-26,pv_raw,18,155.10497500000002,317.1751084540671
2025-10-26,pv_corrected,18,175.26852500000004,340.68222238841213
2025-10-27,load_day_ahead,0,108.30103252412772,135.72774968745253
2025-10-27,pv_raw,0,111.06569166666674,217.18426506534152
2025-10-27,pv_corrected,0,153.50588750000003,317.6573035345435
2025-10-27,pv_raw,6,132.40675833333327,261.84135186718174
2025-10-27,pv_corrected,6,166.58488749999984,336.14588808742235
2025-10-27,pv_raw,12,88.48518750000001,256.1359537068587
2025-10-27,pv_corrected,12,65.71513749999997,181.34935982508426
2025-10-27,pv_raw,18,208.2985749999999,387.6803634816991
2025-10-27,pv_corrected,18,208.95481249999992,387.8317458363962
2025-10-28,load_day_ahead,0,108.27109397993799,135.74942785494287
2025-10-28,pv_raw,0,232.10864999999998,432.67980556602225
2025-10-28,pv_corrected,0,251.48399166666664,474.51546792730227
2025-10-28,pv_raw,6,72.0785500000001,141.8601634251757
2025-10-28,pv_corrected,6,55.82983750000017,115.07100887221972
2025-10-28,pv_raw,12,134.35899583333335,306.07278661227855
2025-10-28,pv_corrected,12,114.45681250000001,275.2012047948593
2025-10-28,pv_raw,18,409.47232916666667,719.0018216475635
2025-10-28,pv_corrected,18,406.39475416666664,724.3485062569857
2025-10-29,load_day_ahead,0,108.48397237341653,133.4112169051041
2025-10-29,pv_raw,0,101.56764166666669,204.98002771914562
2025-10-29,pv_corrected,0,94.76347916666673,197.19578884308223
2025-10-29,pv_raw,6,46.12604583333333,90.51649545872608
2025-10-29,pv_corrected,6,58.94044166666671,120.41037383941082
2025-10-29,pv_raw,12,198.9511666666667,440.95410398527775
2025-10-29,pv_corrected,12,222.08060000000003,493.31976838360384
2025-10-29,pv_raw,18,329.18857916666667,618.645773803931
2025-10-29,pv_corrected,18,318.0592249999999,602.0249278618008
2025-10-30,load_day_ahead,0,125.47521748188849,154.96256571191182
2025-10-30,pv_raw,0,167.53182083333337,348.6294589452048
2025-10-30,pv_corrected,0,174.78238750000006,377.35317600724267
2025-10-30,pv_raw,6,88.70001666666666,200.9982051488043
2025-10-30,pv_corrected,6,83.26889583333333,169.10244835260002
2025-10-30,pv_raw,12,206.7607458333333,490.74869225639355
2025-10-30,pv_corrected,12,196.26627916666666,444.3120495584462
2025-10-30,pv_raw,18,312.7437958333333,563.7677154404089
2025-10-30,pv_corrected,18,326.01537916666666,614.1240434327481
2025-10-31,load_day_ahead,0,114.75502156167224,143.83330099591166
2025-10-31,pv_raw,0,159.88250416666665,297.96303591348857
2025-10-31,pv_corrected,0,167.88340416666662,310.0675058502952
2025-10-31,pv_raw,6,54.83569999999998,108.69761765698915
2025-10-31,pv_corrected,6,72.75573750000005,139.19018774478891
2025-10-31,pv_raw,12,82.25113333333333,194.5715381886441
2025-10-31,pv_corrected,12,93.78594999999997,252.08410184379272
2025-10-31,pv_raw,18,508.55889999999994,992.1424119130583
2025-10-31,pv_corrected,18,512.8223583333332,986.1546766017216
2025-11-01,load_day_ahead,0,131.87040479488624,165.36849158200624
2025-11-01,pv_raw,0,59.45286666666672,133.70987206785955
2025-11-01,pv_corrected,0,58.90630416666672,124.42364857133111
2025-11-01,pv_raw,6,81.57774999999998,166.29847592206514
2025-11-01,pv_corrected,6,94.54634999999998,182.7403634473899
2025-11-01,pv_raw,12,158.636525,362.77530470107354
2025-11-01,pv_corrected,12,151.0326583333333,325.14854465289665
2025-11-01,pv_raw,18,148.94128750000007,285.2416108125568
2025-11-01,pv_corrected,18,126.33222916666675,265.9084724758009
2025-11-02,load_day_ahead,0,119.23842658984161,150.54304296439508
2025-11-02,pv_raw,0,180.38027083333336,317.6835278513515
2025-11-02,pv_corrected,0,183.88075416666666,319.63821521537636
2025-11-02,pv_raw,6,139.63298749999993,289.9710849857756
2025-11-02,pv_corrected,6,140.84846249999995,289.0668680752423
2025-11-02,pv_raw,12,139.86357500000005,287.1816092880326
2025-11-02,pv_corrected,12,107.28997500000003,201.79024097498913
2025-11-02,pv_raw,18,122.71535000000006,228.58489641429188
2025-11-02,pv_corrected,18,138.9120291666667,249.176491287266
2025-11-03,load_day_ahead,0,108.14174872187553,141.2744568888654
2025-11-03,pv_raw,0,149.04167500000005,306.4563538587469
2025-11-03,pv_corrected,0,148.54453750000005,306.3201587505853
2025-11-03,pv_raw,6,77.2223666666667,144.92595128819235
2025-11-03,pv_corrected,6,76.1759541666667,143.4219226989854
2025-11-03,pv_raw,12,81.96208750000004,180.72114504887887
2025-11-03,pv_corrected,12,87.93747916666668,195.31833282239643
2025-11-03,pv_raw,18,146.45675000000003,255.54936812513188
2025-11-03,pv_corrected,18,122.45739583333341,196.12385520583786
2025-11-04,load_day_ahead,0,138.08240511486892,162.2728601191319
2025-11-04,pv_raw,0,83.40641250000004,160.2623467036796
2025-11-04,pv_corrected,0,106.75056666666677,214.1697221456562
2025-11-04,pv_raw,6,55.369966666666585,103.05348974711693
2025-11-04,pv_corrected,6,58.54956666666658,112.14487941101363
2025-11-04,pv_raw,12,85.89211666666665,202.86667869523933
2025-11-04,pv_corrected,12,91.92759583333331,241.01584808431414
2025-11-04,pv_raw,18,563.5606749999998,1007.1841090458672
2025-11-04,pv_corrected,18,545.6423708333332,960.9041750363497
2025-11-05,load_day_ahead,0,126.10006606981571,161.53911523517792
2025-11-05,pv_raw,0,220.60831666666664,442.5689330819946
2025-11-05,pv_corrected,0,194.23930000000004,398.521418282967
2025-11-05,pv_raw,6,121.8905125,220.74096698256332
2025-11-05,pv_corrected,6,121.9419625,221.75277880942764
2025-11-05,pv_raw,12,280.59110416666664,811.2295898618906
2025-11-05,pv_corrected,12,307.42136249999993,829.6795188445187
2025-11-05,pv_raw,18,120.99378333333333,248.21276815314283
2025-11-05,pv_corrected,18,138.22469999999993,262.5852797630022
2025-11-06,load_day_ahead,0,125.911043395597,159.74560159761037
2025-11-06,pv_raw,0,100.96725416666669,185.25788431000382
2025-11-06,pv_corrected,0,120.16577500000001,222.28688070947493
2025-11-06,pv_raw,6,57.71624166666661,130.57509267483465
2025-11-06,pv_corrected,6,58.10556249999994,139.5540481101662
2025-11-06,pv_raw,12,140.85660833333336,336.51264035940017
2025-11-06,pv_corrected,12,134.90060416666662,322.5670782285517
2025-11-06,pv_raw,18,292.8713625,611.8817021717341
2025-11-06,pv_corrected,18,248.6557666666666,534.6802584072052
2025-11-07,load_day_ahead,0,130.31049047890713,157.77993597343126
2025-11-07,pv_raw,0,54.17938333333331,92.39014670865879
2025-11-07,pv_corrected,0,78.87976666666671,160.78243666903595
2025-11-07,pv_raw,6,148.35034166666662,304.24495786407033
2025-11-07,pv_corrected,6,150.3876041666666,304.8968327913824
2025-11-07,pv_raw,12,99.08645000000001,249.0993881194295
2025-11-07,pv_corrected,12,119.09012083333334,310.1746111673318
2025-11-07,pv_raw,18,149.39085416666668,279.76508863643755
2025-11-07,pv_corrected,18,172.52262499999998,334.3741312809999
2025-11-08,load_day_ahead,0,116.53879122493026,150.01477053137916
2025-11-08,pv_raw,0,160.4595541666666,304.6635614837325
2025-11-08,pv_corrected,0,155.32624999999993,302.63449164757446
2025-11-08,pv_raw,6,67.73316666666665,133.18026628498055
2025-11-08,pv_corrected,6,65.73846666666667,132.18137299701746
2025-11-08,pv_raw,12,186.76960833333337,446.5472020645206
2025-11-08,pv_corrected,12,174.53682500000002,430.65113920684024
2025-11-08,pv_raw,18,110.71218749999998,258.97532512971907
2025-11-08,pv_corrected,18,93.85021250000007,212.63088730681363
2025-11-09,load_day_ahead,0,126.31978216382696,155.2722369816137
2025-11-09,pv_raw,0,90.75955416666663,171.85861908914035
2025-11-09,pv_corrected,0,85.40825833333331,149.83460926972387
2025-11-09,pv_raw,6,63.85192916666665,116.16816162664612
2025-11-09,pv_corrected,6,64.14117916666665,113.88337767465414
2025-11-09,pv_raw,12,91.86635416666661,202.13690743232974
2025-11-09,pv_corrected,12,110.65796666666667,239.3833899088848
2025-11-09,pv_raw,18,296.6522,546.3653576788589
2025-11-09,pv_corrected,18,254.8819208333333,495.50028295067636
2025-11-10,load_day_ahead,0,127.73291639699801,152.7498203794198
2025-11-10,pv_raw,0,140.32848333333337,272.47320450325634
2025-11-10,pv_corrected,0,133.89971666666665,260.3083346806741
2025-11-10,pv_raw,6,106.60690416666661,228.86576811285673
2025-11-10,pv_corrected,6,117.16141249999997,247.51948426158876
2025-11-10,pv_raw,12,235.7535833333333,510.91446870641903
2025-11-10,pv_corrected,12,218.0037208333333,468.7463612915051
2025-11-10,pv_raw,18,237.47057916666662,391.64725494723393
2025-11-10,pv_corrected,18,266.5432708333333,449.28469015430557
2025-11-11,load_day_ahead,0,125.17965524705424,154.0135755932994
2025-11-11,pv_raw,0,153.02400833333334,277.5192285522363
2025-11-11,pv_corrected,0,138.67492916666671,272.2144116545641
2025-11-11,pv_raw,6,58.480549999999944,113.79967715708808
2025-11-11,pv_corrected,6,64.92146249999995,129.05584553232006
2025-11-11,pv_raw,12,186.2405625,411.24331227672724
2025-11-11,pv_corrected,12,206.13244583333335,452.1513787982189
2025-11-11,pv_raw,18,70.13998333333339,139.2248232096413
2025-11-11,pv_corrected,18,82.87695416666674,152.69647469611505
2025-11-12,load_day_ahead,0,124.49393480478966,156.4085295690524
2025-11-12,pv_raw,0,101.01300416666668,196.08961262586575
2025-11-12,pv_corrected,0,105.30855416666668,184.8484563503316
2025-11-12,pv_raw,6,162.8360708333334,309.79044390097744
2025-11-12,pv_corrected,6,170.39342500000004,326.6070984924738
2025-11-12,pv_raw,12,109.70495833333332,211.33457917184705
2025-11-12,pv_corrected,12,110.90096250000003,211.93472853504045
2025-11-12,pv_raw,18,179.63629583333338,332.10476442533235
2025-11-12,pv_corrected,18,169.36077916666673,333.96981041788115
2025-11-13,load_day_ahead,0,136.587419740689,168.05496770065866
2025-11-13,pv_raw,0,246.40438749999996,444.67124426470906
2025-11-13,pv_corrected,0,274.8458958333334,514.772809142915
2025-11-13,pv_raw,6,67.36428749999997,136.12450425565527
2025-11-13,pv_corrected,6,70.11914166666664,139.34739019151917
2025-11-13,pv_raw,12,123.82161666666663,224.94574574272158
2025-11-13,pv_corrected,12,142.01777083333334,275.2378184723706
2025-11-13,pv_raw,18,136.4261416666667,255.55964327651748
2025-11-13,pv_corrected,18,121.72134583333333,237.54932129131885
2025-11-14,load_day_ahead,0,117.733222930167,145.48945373464343
2025-11-14,pv_raw,0,96.57056249999998,210.03153404361
2025-11-14,pv_corrected,0,120.09607916666666,257.00256296723893
2025-11-14,pv_raw,6,204.69607083333335,371.3075604495938
2025-11-14,pv_corrected,6,206.49155000000005,373.332531762343
2025-11-14,pv_raw,12,200.50398333333328,424.99662191620706
2025-11-14,pv_corrected,12,195.32912499999995,412.9661902094154
2025-11-14,pv_raw,18,230.070075,462.23892223031874
2025-11-14,pv_corrected,18,215.58867083333337,420.11361593722825
2025-11-15,load_day_ahead,0,122.40046790610677,150.9174709502917
2025-11-15,pv_raw,0,176.20741666666672,329.9706248772104
2025-11-15,pv_corrected,0,161.8902333333334,321.9627947315834
2025-11-15,pv_raw,6,49.094566666666644,112.9091977937286
2025-11-15,pv_corrected,6,57.55947916666664,127.29344726482216
2025-11-15,pv_raw,12,132.33298333333337,304.80677023392894
2025-11-15,pv_corrected,12,99.56106666666672,221.1445596619947
2025-11-15,pv_raw,18,82.3527416666666,171.2377042052775
2025-11-15,pv_corrected,18,134.44154999999998,284.4925107062427
2025-11-16,load_day_ahead,0,139.99515884581493,175.11622106875723
2025-11-16,pv_raw,0,94.5812625,169.40660683251977
2025-11-16,pv_corrected,0,118.43345416666665,229.7795820332816
2025-11-16,pv_raw,6,56.002312499999995,99.88842817617605
2025-11-16,pv_corrected,6,54.787575000000004,97.77359210001866
2025-11-16,pv_raw,12,212.0166416666667,519.0371546410069
2025-11-16,pv_corrected,12,238.03319166666668,577.3710574446017
2025-11-16,pv_raw,18,216.2641708333333,413.42511003583877
2025-11-16,pv_corrected,18,246.7039541666667,478.7262716076942
2025-11-17,load_day_ahead,0,140.9417277374426,173.54239933310038
2025-11-17,pv_raw,0,185.62613750000003,369.38841940766946
2025-11-17,pv_corrected,0,192.10839166666665,379.9350706282446
2025-11-17,pv_raw,6,119.75876249999995,245.728093620736
2025-11-17,pv_corrected,6,118.29003333333328,245.1715626416444
2025-11-17,pv_raw,12,245.06118333333333,612.6074594392508
2025-11-17,pv_corrected,12,264.5034749999999,645.4334106824458
2025-11-17,pv_raw,18,131.7896625,260.7558247950601
2025-11-17,pv_corrected,18,129.0035583333333,264.30232606681534
2025-11-18,load_day_ahead,0,125.69379801729646,156.06730335304692
2025-11-18,pv_raw,0,132.8813583333334,251.49314342772533
2025-11-18,pv_corrected,0,129.40035416666674,242.40256403338748
2025-11-18,pv_raw,6,129.70250416666676,252.2983310250182
2025-11-18,pv_corrected,6,131.2242458333334,255.15250975074298
2025-11-18,pv_raw,12,287.32615,731.8594972200742
2025-11-18,pv_corrected,12,300.5406833333333,755.6090658055041
2025-11-18,pv_raw,18,182.39574166666668,403.46597295402216
2025-11-18,pv_corrected,18,181.08657083333333,380.8330474222501
2025-11-19,load_day_ahead,0,126.07241131036365,162.6185938912699
2025-11-19,pv_raw,0,138.25805416666665,262.90738588246325
2025-11-19,pv_corrected,0,127.74202083333337,250.24628584152106
2025-11-19,pv_raw,6,128.9706333333333,271.54341782747025
2025-11-19,pv_corrected,6,136.85690833333334,282.9490024550006
2025-11-19,pv_raw,12,362.391275,930.3616394684941
2025-11-19,pv_corrected,12,375.80148333333335,957.5642080748273
2025-11-19,pv_raw,18,315.72909999999996,581.7749636751203
2025-11-19,pv_corrected,18,289.3788374999999,546.703954391716
2025-11-20,load_day_ahead,0,120.03225059852811,147.43949846124653
2025-11-20,pv_raw,0,158.49413333333325,306.2184273222682
2025-11-20,pv_corrected,0,146.2008874999999,296.2185078226354
2025-11-20,pv_raw,6,60.265679166666665,116.00674195498473
2025-11-20,pv_corrected,6,61.992333333333384,127.35305132981706
2025-11-20,pv_raw,12,137.40041666666664,332.554281892141
2025-11-20,pv_corrected,12,139.5937333333333,336.1996416852704
2025-11-20,pv_raw,18,432.3452875000001,828.2235364038296
2025-11-20,pv_corrected,18,406.1456500000001,782.6324618429885
2025-11-21,load_day_ahead,0,121.07135474029324,149.76868523278776
2025-11-21,pv_raw,0,102.20329166666663,221.38750829612837
2025-11-21,pv_corrected,0,99.22347499999994,206.7487220699884
2025-11-21,pv_raw,6,128.89097083333334,262.3916942984485
2025-11-21,pv_corrected,6,131.0297708333333,266.99453381115535
2025-11-21,pv_raw,12,186.8501541666667,403.9288328061646
2025-11-21,pv_corrected,12,188.19198333333338,406.891244240187
2025-11-21,pv_raw,18,170.21329583333338,348.85078002459323
2025-11-21,pv_corrected,18,200.95449583333334,417.64091450146753
2025-11-22,load_day_ahead,0,115.50804833183959,141.1274590038812
2025-11-22,pv_raw,0,134.8267416666666,266.26542407169416
2025-11-22,pv_corrected,0,145.5317833333333,286.8552803468617
2025-11-22,pv_raw,6,51.12219166666667,108.89898139924603
2025-11-22,pv_corrected,6,55.110604166666654,116.58569525607012
2025-11-22,pv_raw,12,137.59680416666666,352.1256937174595
2025-11-22,pv_corrected,12,136.52003749999997,351.9770585593831
2025-11-22,pv_raw,18,159.9336,320.54547986431527
2025-11-22,pv_corrected,18,154.74690833333338,315.9043117557066
2025-11-23,load_day_ahead,0,122.25019459350769,151.09643088178922
2025-11-23,pv_raw,0,133.77440833333333,247.2221336159952
2025-11-23,pv_corrected,0,123.06936666666665,229.3552319500273
2025-11-23,pv_raw,6,52.03223333333338,111.14840555884432
2025-11-23,pv_corrected,6,51.66300416666672,108.81022184225348
2025-11-23,pv_raw,12,138.85707500000004,363.931665215169
2025-11-23,pv_corrected,12,135.15961666666672,363.66794065367407
2025-11-23,pv_raw,18,272.011275,551.1705227151749
2025-11-23,pv_corrected,18,262.754725,529.0547139142864
2025-11-24,load_day_ahead,0,118.53580601924675,150.06764664420044
2025-11-24,pv_raw,0,95.66145416666666,189.34297077206767
2025-11-24,pv_corrected,0,84.04185416666665,167.7828722426187
2025-11-24,pv_raw,6,49.2292958333333,97.23863721320039
2025-11-24,pv_corrected,6,49.952733333333306,102.49615883745348
2025-11-24,pv_raw,12,87.40422500000004,249.5864148275287
2025-11-24,pv_corrected,12,91.59414166666672,251.00275443395552
2025-11-24,pv_raw,18,159.61169166666664,347.8292272322044
2025-11-24,pv_corrected,18,147.73365416666664,316.01763678996554
2025-11-25,load_day_ahead,0,127.50335279646531,158.07305385001834
2025-11-25,pv_raw,0,240.6844708333333,453.05075257645115
2025-11-25,pv_corrected,0,253.83024583333335,477.92420899369904
2025-11-25,pv_raw,6,40.50237500000002,92.60818266274232
2025-11-25,pv_corrected,6,39.741912500000005,87.91668745065557
2025-11-25,pv_raw,12,77.65122916666668,181.0884718349466
2025-11-25,pv_corrected,12,81.57847083333333,209.01259374291993
2025-11-25,pv_raw,18,148.20698333333334,308.2540041980382
2025-11-25,pv_corrected,18,162.41025000000005,307.7767671953923
2025-11-26,load_day_ahead,0,135.49175787829347,168.16894499486622
2025-11-26,pv_raw,0,101.29019583333327,191.02960611326603
2025-11-26,pv_corrected,0,103.56959583333328,206.59840866721862
2025-11-26,pv_raw,6,70.0759291666667,147.6353549587731
2025-11-26,pv_corrected,6,67.33192500000003,140.54138964579383
2025-11-26,pv_raw,12,261.7619916666667,664.2065577642715
2025-11-26,pv_corrected,12,293.0253416666667,727.6862830228267
2025-11-26,pv_raw,18,87.46478333333334,173.2776962740348
2025-11-26,pv_corrected,18,98.59244583333331,220.07525348697666
2025-11-27,load_day_ahead,0,110.4256793002574,132.31150979227237
2025-11-27,pv_raw,0,98.08449583333334,175.81549076520415
2025-11-27,pv_corrected,0,91.96323333333333,175.53986430135794
2025-11-27,pv_raw,6,82.89771666666661,162.15488388345457
2025-11-27,pv_corrected,6,74.1282958333333,148.34026150054333
2025-11-27,pv_raw,12,190.36597500000002,490.55327836409884
2025-11-27,pv_corrected,12,224.31583333333336,556.7831978077958
2025-11-27,pv_raw,18,184.6270458333333,386.21393423195894
2025-11-27,pv_corrected,18,223.9151416666666,449.88863895002663
2025-11-28,load_day_ahead,0,136.82824172880572,168.61149419553857
2025-11-28,pv_raw,0,78.8592291666666,174.68739317915265
2025-11-28,pv_corrected,0,66.67234583333328,151.32945963781705
2025-11-28,pv_raw,6,69.16389166666674,146.38683991494943
2025-11-28,pv_corrected,6,58.73031666666672,130.8802085422805
2025-11-28,pv_raw,12,205.21615000000006,473.63510123724734
2025-11-28,pv_corrected,12,201.23535000000004,470.3288065692102
2025-11-28,pv_raw,18,227.6799125,459.966651219829
2025-11-28,pv_corrected,18,245.30012083333335,480.71139208029535
2025-11-29,load_day_ahead,0,126.2027533243313,159.04412426479598
2025-11-29,pv_raw,0,197.17150416666664,409.76727942813403
2025-11-29,pv_corrected,0,217.1217083333332,444.22615591543456
2025-11-29,pv_raw,6,54.81911250000002,110.01964820762507
2025-11-29,pv_corrected,6,71.15506666666668,135.2531206209892
2025-11-29,pv_raw,12,50.43805833333342,99.97913857761793
2025-11-29,pv_corrected,12,46.379741666666746,96.15047456758874
2025-11-29,pv_raw,18,283.37568749999997,573.954626880944
2025-11-29,pv_corrected,18,286.10172916666664,577.8288486092193
2025-11-30,load_day_ahead,0,131.57571005992017,164.99616031109457
2025-11-30,pv_raw,0,126.51442916666663,245.60923332344487
2025-11-30,pv_corrected,0,123.85662916666665,234.6476520521611
2025-11-30,pv_raw,6,50.64633333333328,107.67992244643379
2025-11-30,pv_corrected,6,42.44457083333322,84.33582301391593
2025-11-30,pv_raw,12,108.39120833333332,286.4131554324699
2025-11-30,pv_corrected,12,104.33289166666664,284.34931309178654
2025-11-30,pv_raw,18,175.84676666666658,346.958658535557
2025-11-30,pv_corrected,18,176.92512499999995,350.79285343815434
2025-12-01,load_day_ahead,0,337.4164365030091,404.226889683385
2025-12-01,pv_raw,0,106.79802916666672,195.66351249645086
2025-12-01,pv_corrected,0,118.37262500000004,213.1949300947082
2025-12-01,pv_raw,6,81.69520833333334,172.14114936425722
2025-12-01,pv_corrected,6,73.5474458333333,144.71226542469972
2025-12-01,pv_raw,12,223.56349166666664,533.2449353061155
2025-12-01,pv_corrected,12,228.03999166666665,534.9829319494439
2025-12-01,pv_raw,18,196.18748333333335,366.99919522817754
2025-12-01,pv_corrected,18,204.0120375,371.2832453829348
2025-12-02,load_day_ahead,0,325.35711628384263,394.6007798076467
2025-12-02,pv_raw,0,155.42800833333337,338.97357258469157
2025-12-02,pv_corrected,0,159.18402083333334,339.5711366636532
2025-12-02,pv_raw,6,77.44252083333338,168.3328742495568
2025-12-02,pv_corrected,6,57.57897916666668,132.22874339186976
2025-12-02,pv_raw,12,453.12191666666666,1119.116580076497
2025-12-02,pv_corrected,12,450.1168958333333,1097.6732888727536
2025-12-02,pv_raw,18,85.06586666666665,159.6546914478426
2025-12-02,pv_corrected,18,91.30719583333331,175.76756596730831
2025-12-03,load_day_ahead,0,307.71594126864744,369.7563780857025
2025-12-03,pv_raw,0,245.89304166666668,491.5824958497089
2025-12-03,pv_corrected,0,248.68163333333337,499.47976076172574
2025-12-03,pv_raw,6,42.064687500000026,98.63110427084476
2025-12-03,pv_corrected,6,48.76421666666665,109.44885863185901
2025-12-03,pv_raw,12,159.516925,366.80505645957453
2025-12-03,pv_corrected,12,173.08186250000003,396.7401316307539
2025-12-03,pv_raw,18,94.87919166666661,184.59593161473424
2025-12-03,pv_corrected,18,88.0453041666666,169.09376931075468
2025-12-04,load_day_ahead,0,350.86601727006877,422.24038782184573
2025-12-04,pv_raw,0,230.05628333333325,472.3777609966492
2025-12-04,pv_corrected,0,235.54741249999995,480.1538976181972
2025-12-04,pv_raw,6,32.62379583333333,64.15353846827479
2025-12-04,pv_corrected,6,33.5838875,71.5728137780127
2025-12-04,pv_raw,12,140.24217500000006,322.9076469062543
2025-12-04,pv_corrected,12,146.59929583333334,347.98785185067703
2025-12-04,pv_raw,18,559.2309083333333,1134.9945398592877
2025-12-04,pv_corrected,18,568.2382666666666,1144.768921794538
2025-12-05,load_day_ahead,0,297.93152943754166,353.53833804435624
2025-12-05,pv_raw,0,85.75136666666667,176.36798247260379
2025-12-05,pv_corrected,0,90.03404583333334,184.23499152920056
2025-12-05,pv_raw,6,87.17430833333333,168.4415404253382
2025-12-05,pv_corrected,6,66.09274583333332,132.92239597511553
2025-12-05,pv_raw,12,167.6653458333333,392.5747014549656
2025-12-05,pv_corrected,12,171.05483749999993,419.3473002381006
2025-12-05,pv_raw,18,122.96842083333333,240.94024760478052
2025-12-05,pv_corrected,18,143.1385541666667,261.60947688521736
2025-12-06,load_day_ahead,0,322.44898558374587,382.09343423381625
2025-12-06,pv_raw,0,47.428333333333335,88.71429595050247
2025-12-06,pv_corrected,0,46.41255833333335,88.3568068974174
2025-12-06,pv_raw,6,66.06698750000002,128.45270805197956
2025-12-06,pv_corrected,6,73.86139583333339,167.88868201170663
2025-12-06,pv_raw,12,100.08302500000002,225.450851894173
2025-12-06,pv_corrected,12,113.43414583333333,245.66606357661354
2025-12-06,pv_raw,18,176.6924208333334,357.7625582699702
2025-12-06,pv_corrected,18,181.19433333333336,351.43714641222954
2025-12-07,load_day_ahead,0,317.3948560140737,378.7571788575978
2025-12-07,pv_raw,0,163.39991250000003,335.3161450416017
2025-12-07,pv_corrected,0,161.74696250000002,333.2307461037166
2025-12-07,pv_raw,6,85.25156666666665,181.15125956926616
2025-12-07,pv_corrected,6,114.11117916666664,233.78567299511653
2025-12-07,pv_raw,12,104.80980833333338,269.18796475683433
2025-12-07,pv_corrected,12,105.49541250000006,267.80491071149396
2025-12-07,pv_raw,18,198.20447500000003,414.5371893290296
2025-12-07,pv_corrected,18,209.61582083333337,425.0855602102922
2025-12-08,load_day_ahead,0,145.19695062296813,178.65762937832386
2025-12-08,pv_raw,0,164.3095541666667,351.61369258110585
2025-12-08,pv_corrected,0,164.8330875,348.0477254526112
2025-12-08,pv_raw,6,170.3598208333333,367.682704697869
2025-12-08,pv_corrected,6,152.2004166666666,327.7630471525159
2025-12-08,pv_raw,12,337.83681666666666,937.1283639318887
2025-12-08,pv_corrected,12,325.63797500000004,920.6578105793882
2025-12-08,pv_raw,18,300.8121791666667,616.5564759155641
2025-12-08,pv_corrected,18,290.8221708333333,602.7185522546147
2025-12-09,load_day_ahead,0,145.4742806286892,183.14041709639693
2025-12-09,pv_raw,0,160.0271541666667,335.0462359250318
2025-12-09,pv_corrected,0,160.1763875,330.83882299455934
2025-12-09,pv_raw,6,36.391587499999986,81.55589962623027
2025-12-09,pv_corrected,6,44.902845833333316,103.9276620563493
2025-12-09,pv_raw,12,58.35587916666672,116.21565780274446
2025-12-09,pv_corrected,12,57.67359166666673,113.44722286757774
2025-12-09,pv_raw,18,191.10737916666662,380.95131673392706
2025-12-09,pv_corrected,18,211.65175416666662,424.8384676286579
2025-12-10,load_day_ahead,0,137.0285987141626,173.38294619146498
2025-12-10,pv_raw,0,136.71280833333333,275.8793491571859
2025-12-10,pv_corrected,0,146.52457500000003,289.521800463274
2025-12-10,pv_raw,6,72.88345416666668,180.27552488533698
2025-12-10,pv_corrected,6,74.30886249999998,182.10198590583678
2025-12-10,pv_raw,12,50.50463750000006,142.6878530316892
2025-12-10,pv_corrected,12,52.70674583333338,144.29760225089075
2025-12-10,pv_raw,18,191.84277083333333,374.98710201910114
2025-12-10,pv_corrected,18,175.18960833333333,345.75115071532906
2025-12-11,load_day_ahead,0,151.47200057124167,198.63181847184111
2025-12-11,pv_raw,0,110.10076666666667,244.4589834949175
2025-12-11,pv_corrected,0,108.14573333333333,242.078827611395
2025-12-11,pv_raw,6,53.29692083333336,104.22290665841528
2025-12-11,pv_corrected,6,48.525995833333276,97.9446768892414
2025-12-11,pv_raw,12,140.72614166666668,348.3518587797365
2025-12-11,pv_corrected,12,154.91710416666666,391.19364905937414
2025-12-11,pv_raw,18,219.0275583333333,515.8307313740137
2025-12-11,pv_corrected,18,217.6937,506.1750687378281
2025-12-12,load_day_ahead,0,157.2780182013239,197.07899474967078
2025-12-12,pv_raw,0,76.15111249999998,146.41261624435612
2025-12-12,pv_corrected,0,74.04611249999996,146.39005107145687
2025-12-12,pv_raw,6,102.50087083333331,227.43456133118357
2025-12-12,pv_corrected,6,86.19050416666666,189.00226679371357
2025-12-12,pv_raw,12,130.67374583333324,294.65073623044856
2025-12-12,pv_corrected,12,105.03740416666659,223.95931018419847
2025-12-12,pv_raw,18,206.24148750000006,439.04360423118715
2025-12-12,pv_corrected,18,222.89465000000007,475.7369694362387
2025-12-13,load_day_ahead,0,135.42664438762975,166.6796878113333
2025-12-13,pv_raw,0,125.91932500000003,225.61218425782485
2025-12-13,pv_corrected,0,120.55414166666674,215.9207870446244
2025-12-13,pv_raw,6,78.41826666666667,172.21861077176976
2025-12-13,pv_corrected,6,95.6178416666667,190.07933904569077
2025-12-13,pv_raw,12,112.54863333333333,311.06273280554
2025-12-13,pv_corrected,12,124.2204375,354.78743547921005
2025-12-13,pv_raw,18,143.30801666666665,306.35270127648073
2025-12-13,pv_corrected,18,152.35089583333328,312.3199715824548
2025-12-14,load_day_ahead,0,126.6270402963765,163.9524933377639
2025-12-14,pv_raw,0,153.7656625,319.4279597081065
2025-12-14,pv_corrected,0,156.43737083333332,336.6904226591425
2025-12-14,pv_raw,6,30.558929166666672,61.74685352239617
2025-12-14,pv_corrected,6,29.915345833333344,57.509807218330856
2025-12-14,pv_raw,12,130.95295416666667,303.42569420246934
2025-12-14,pv_corrected,12,104.7334166666667,277.7829233609208
2025-12-14,pv_raw,18,91.28347916666662,184.93317594866411
2025-12-14,pv_corrected,18,82.6617291666666,171.42936435488394
2025-12-15,load_day_ahead,0,120.1124045957915,153.27252274829053
2025-12-15,pv_raw,0,199.80081666666663,405.17772497420697
2025-12-15,pv_corrected,0,201.93824166666664,412.91486517177276
2025-12-15,pv_raw,6,31.960241666666757,84.11478871991947
2025-12-15,pv_corrected,6,19.730229166666703,40.90957037613076
2025-12-15,pv_raw,12,55.55715416666664,160.4884353296614
2025-12-15,pv_corrected,12,74.35787499999995,159.72949927233483
2025-12-15,pv_raw,18,172.57030416666672,330.0926902491551
2025-12-15,pv_corrected,18,172.73544583333342,336.3429530846103
2025-12-16,load_day_ahead,0,120.09667804579554,149.4716467878941
2025-12-16,pv_raw,0,80.9805416666667,162.92011993851472
2025-12-16,pv_corrected,0,101.26041250000003,194.5815146189392
2025-12-16,pv_raw,6,34.59901666666661,78.72807126868709
2025-12-16,pv_corrected,6,55.75604166666661,137.55202361716326
2025-12-16,pv_raw,12,232.6263083333333,520.8925150453234
2025-12-16,pv_corrected,12,211.94474999999997,489.9485349096465
2025-12-16,pv_raw,18,159.29542916666665,324.48861251048487
2025-12-16,pv_corrected,18,172.67005833333337,348.00499943265197
2025-12-17,load_day_ahead,0,143.16946208515745,175.03922860901523
2025-12-17,pv_raw,0,119.51007916666667,291.7410130721175
2025-12-17,pv_corrected,0,130.47851249999997,299.9484373531814
2025-12-17,pv_raw,6,40.890308333333365,102.59023359595449
2025-12-17,pv_corrected,6,55.07472500000005,119.12023756514891
2025-12-17,pv_raw,12,97.75596666666668,225.32301815143447
2025-12-17,pv_corrected,12,135.45803333333336,308.31442936742894
2025-12-17,pv_raw,18,134.7848416666666,285.0392875858182
2025-12-17,pv_corrected,18,135.61832083333323,290.849695030498
2025-12-18,load_day_ahead,0,145.52821598727618,185.1386187229985
2025-12-18,pv_raw,0,60.65633333333338,130.51963808477902
2025-12-18,pv_corrected,0,51.772675000000056,103.12408991756013
2025-12-18,pv_raw,6,65.1106916666666,125.90831034181502
2025-12-18,pv_corrected,6,69.77496249999989,127.35300797603695
2025-12-18,pv_raw,12,225.41904583333337,748.1372623737414
2025-12-18,pv_corrected,12,219.61331666666663,712.3695101881075
2025-12-18,pv_raw,18,148.8063291666667,277.27125666797025
2025-12-18,pv_corrected,18,162.6965666666667,296.8660182973486
2025-12-19,load_day_ahead,0,146.7240692632044,180.27210657099562
2025-12-19,pv_raw,0,113.75714583333327,266.6731436200854
2025-12-19,pv_corrected,0,112.45669999999994,251.31487502269923
2025-12-19,pv_raw,6,45.77180833333338,99.58359318804312
2025-12-19,pv_corrected,6,45.128620833333315,86.60674084752532
2025-12-19,pv_raw,12,264.1700583333332,795.1189659184183
2025-12-19,pv_corrected,12,230.41603749999987,734.2399993567568
2025-12-19,pv_raw,18,192.00661249999996,342.28220065262843
2025-12-19,pv_corrected,18,201.60984166666663,362.2438198530882
2025-12-20,load_day_ahead,0,122.02824247924933,154.0464042473636
2025-12-20,pv_raw,0,74.87519999999999,143.88576148694034
2025-12-20,pv_corrected,0,89.50334583333331,180.4153217909548
2025-12-20,pv_raw,6,34.431279166666705,68.95828254506795
2025-12-20,pv_corrected,6,40.64086249999999,87.69736560135131
2025-12-20,pv_raw,12,76.65511666666667,181.27214633036104
2025-12-20,pv_corrected,12,91.96695416666672,235.23822077711725
2025-12-20,pv_raw,18,157.76950000000002,302.9065832467028
2025-12-20,pv_corrected,18,169.0238291666667,321.82709094990423
2025-12-21,load_day_ahead,0,147.34635038078196,182.60897395157272
2025-12-21,pv_raw,0,64.6736208333334,131.2424968965132
2025-12-21,pv_corrected,0,64.06077916666673,124.36182602762904
2025-12-21,pv_raw,6,66.14412916666667,144.85493954750186
2025-12-21,pv_corrected,6,79.77135000000003,176.78405533831858
2025-12-21,pv_raw,12,63.28843749999998,126.55949552689792
2025-12-21,pv_corrected,12,56.139591666666654,109.02864662382311
2025-12-21,pv_raw,18,182.78572083333336,338.49695744221304
2025-12-21,pv_corrected,18,188.090675,349.73288170855125
2025-12-22,load_day_ahead,0,133.57316504782534,170.2514534262098
2025-12-22,pv_raw,0,95.96893750000004,213.61520796976185
2025-12-22,pv_corrected,0,88.84634166666667,210.43861152962367
2025-12-22,pv_raw,6,55.92256250000005,120.87941604878574
2025-12-22,pv_corrected,6,56.07088750000005,121.10874360307534
2025-12-22,pv_raw,12,97.51214166666671,223.11565436195312
2025-12-22,pv_corrected,12,90.66823333333332,209.63944777601705
2025-12-22,pv_raw,18,229.04617500000003,460.281678827804
2025-12-22,pv_corrected,18,221.7422875,450.5885208714187
2025-12-23,load_day_ahead,0,123.75223922541412,156.66985609927067
2025-12-23,pv_raw,0,91.53592916666669,176.69728573744783
2025-12-23,pv_corrected,0,88.20242083333339,175.58242367154696
2025-12-23,pv_raw,6,61.26463333333336,129.3239037895
2025-12-23,pv_corrected,6,63.3572541666667,131.57644337268206
2025-12-23,pv_raw,12,93.45864166666662,219.98123832506337
2025-12-23,pv_corrected,12,130.36142916666662,305.6556826205638
2025-12-23,pv_raw,18,162.42586250000005,304.04247315430644
2025-12-23,pv_corrected,18,169.72975000000005,323.04075601103096
2025-12-24,load_day_ahead,0,130.68977058643452,157.44324012248404
2025-12-24,pv_raw,0,72.48140416666668,147.96861031915552
2025-12-24,pv_corrected,0,67.261575,147.07658616950786
2025-12-24,pv_raw,6,34.80380000000006,79.62492471394674
2025-12-24,pv_corrected,6,34.80380000000006,79.62492471394674
2025-12-24,pv_raw,12,112.32926666666664,280.5980393872241
2025-12-24,pv_corrected,12,131.85125416666668,315.03283149432946
2025-12-24,pv_raw,18,181.55799583333336,379.5666274843604
2025-12-24,pv_corrected,18,181.55799583333336,379.5666274843604
2025-12-25,load_day_ahead,0,154.20887514617192,196.52934109323002
2025-12-25,pv_raw,0,150.0790458333333,313.38088540020607
2025-12-25,pv_corrected,0,148.27929166666664,308.2516635954906
2025-12-25,pv_raw,6,112.25233333333328,213.70798254247737
2025-12-25,pv_corrected,6,112.58692083333328,213.9189575770216
2025-12-25,pv_raw,12,79.60997499999996,170.29030244762177
2025-12-25,pv_corrected,12,95.97469583333331,190.95715861957865
2025-12-25,pv_raw,18,159.7796333333334,316.22299396402883
2025-12-25,pv_corrected,18,160.08396250000007,316.33755515773623
2025-12-26,load_day_ahead,0,144.06718708389513,176.05077098335966
2025-12-26,pv_raw,0,81.4048333333333,166.70518461707076
2025-12-26,pv_corrected,0,79.60507916666663,171.91690881739808
2025-12-26,pv_raw,6,60.27710833333328,143.97798854353562
2025-12-26,pv_corrected,6,60.27710833333328,143.97798854353562
2025-12-26,pv_raw,12,90.41460833333333,217.76582788544513
2025-12-26,pv_corrected,12,97.54445000000003,222.9033155135521
2025-12-26,pv_raw,18,141.2641416666667,265.4308774674005
2025-12-26,pv_corrected,18,141.2641416666667,265.4308774674005
2025-12-27,load_day_ahead,0,151.24658036844468,178.34956646933557
2025-12-27,pv_raw,0,94.82781249999998,174.35572779490084
2025-12-27,pv_corrected,0,100.80093749999999,186.60035066368997
2025-12-27,pv_raw,6,33.08823333333331,77.5276535851509
2025-12-27,pv_corrected,6,34.330683333333305,78.96054859339037
2025-12-27,pv_raw,12,64.07473333333336,159.93009057930334
2025-12-27,pv_corrected,12,65.68824583333334,161.09286416947913
2025-12-27,pv_raw,18,127.40019166666667,272.773865016699
2025-12-27,pv_corrected,18,135.11443749999998,286.1443998432121
2025-12-28,load_day_ahead,0,158.64917629151827,189.21537023171356
2025-12-28,pv_raw,0,94.12562916666667,187.42608353293906
2025-12-28,pv_corrected,0,109.57041666666669,217.0964037877586
2025-12-28,pv_raw,6,32.31418749999995,79.96476239067472
2025-12-28,pv_corrected,6,34.03065416666663,84.12785643104728
2025-12-28,pv_raw,12,75.84155416666664,253.76813727869367
2025-12-28,pv_corrected,12,77.21920833333327,254.23700209026256
2025-12-28,pv_raw,18,106.9124041666667,216.97149467770637
2025-12-28,pv_corrected,18,102.98765416666673,212.97950960251546
2025-12-29,load_day_ahead,0,145.7617553816516,179.24438086703748
2025-12-29,pv_raw,0,81.35375,189.9793627170791
2025-12-29,pv_corrected,0,74.51063750000002,182.72956841905633
2025-12-29,pv_raw,6,52.87126249999997,118.43603573849292
2025-12-29,pv_corrected,6,52.83392499999997,117.52751108573823
2025-12-29,pv_raw,12,65.90052916666662,126.66400707827545
2025-12-29,pv_corrected,12,66.49889166666662,128.2817513600889
2025-12-29,pv_raw,18,82.2752583333333,179.30096031618405
2025-12-29,pv_corrected,18,86.50433749999995,194.48606623757868
2025-12-30,load_day_ahead,0,129.40806742848505,161.28222493222844
2025-12-30,pv_raw,0,96.659625,183.09512138483512
2025-12-30,pv_corrected,0,103.69744166666665,194.07738920458382
2025-12-30,pv_raw,6,124.84467916666665,249.05581419035965
2025-12-30,pv_corrected,6,126.27172083333335,249.6892176451467
2025-12-30,pv_raw,12,108.19950416666666,252.6496921466188
2025-12-30,pv_corrected,12,109.38040833333332,252.860625411833
2025-12-30,pv_raw,18,194.342325,363.31843621171936
2025-12-30,pv_corrected,18,180.37616666666668,347.64956493501467
2025-12-31,load_day_ahead,0,145.31439673268193,183.8536982518318
2025-12-31,pv_raw,0,71.98478749999997,154.0126722289341
2025-12-31,pv_corrected,0,63.503841666666624,149.03810489806793
2025-12-31,pv_raw,6,21.648350000000004,45.17554821970442
2025-12-31,pv_corrected,6,23.054241666666673,46.459314194079234
2025-12-31,pv_raw,12,906.6580666666665,2111.452149846718
2025-12-31,pv_corrected,12,906.2627249999999,2111.4488042397147
2025-12-31,pv_raw,18,1591.180925,2819.9133531726006
2025-12-31,pv_corrected,18,1585.869175,2807.664357989684
