date,method,mae,rmse,spearman,high_price_precision,high_price_recall
2025-02-01,fixed,0.11695833333333333,0.13227879176194496,0.9352910561302994,0.896551724137931,0.896551724137931
2025-02-02,fixed,0.08882986111111112,0.11274820366886364,0.9625951498860705,0.896551724137931,0.896551724137931
2025-02-03,fixed,0.09610138888888889,0.11955708538880776,0.9615271388088187,0.9310344827586207,0.9310344827586207
2025-02-04,fixed,0.09749375,0.12238508697504322,0.9615572040299343,0.9310344827586207,0.9310344827586207
2025-02-05,fixed,0.10258472222222223,0.12677240159260042,0.9643916079259942,0.896551724137931,0.896551724137931
2025-02-06,fixed,0.09985625000000001,0.12529799119388238,0.9563265556521088,0.9310344827586207,0.9310344827586207
2025-02-07,fixed,0.12240833333333333,0.13806586139713659,0.943591186318873,0.9310344827586207,0.9310344827586207
2025-02-08,fixed,0.12515694444444445,0.13985183429456888,0.9296030930386551,0.9310344827586207,0.9310344827586207
2025-02-09,fixed,0.09340347222222223,0.11796660985917441,0.9689080282734998,0.896551724137931,0.896551724137931
2025-02-10,fixed,0.07282361111111112,0.08771632623912662,0.9683634540712323,0.9655172413793104,0.9655172413793104
2025-02-11,fixed,0.08050763888888889,0.09876458858484317,0.9692516216848555,0.9310344827586207,0.9310344827586207
2025-02-12,fixed,0.08055625000000001,0.09785907348779106,0.9623027675021538,0.9310344827586207,0.9310344827586207
2025-02-13,fixed,0.06608402777777779,0.08383780347591811,0.9528751939341539,0.9310344827586207,0.9310344827586207
2025-02-14,fixed,0.13619861111111112,0.15555088440407172,0.9383795352090817,0.9310344827586207,0.9310344827586207
2025-02-15,fixed,0.12868055555555555,0.14550741819577448,0.9415372960225478,0.9310344827586207,0.9310344827586207
2025-02-16,fixed,0.08139722222222223,0.10290674918477301,0.9545199247360651,0.9310344827586207,0.9310344827586207
2025-02-17,fixed,0.0673263888888889,0.08280806455627107,0.9670050328139156,0.9310344827586207,0.9310344827586207
2025-02-18,fixed,0.06849375000000002,0.08618007108826135,0.9621489265759812,0.9310344827586207,0.9310344827586207
2025-02-19,fixed,0.06949236111111112,0.08917694450111843,0.9614838571726452,0.896551724137931,0.896551724137931
2025-02-20,fixed,0.07365277777777779,0.09068790345648826,0.9559004532554507,0.896551724137931,0.896551724137931
2025-02-21,fixed,0.1457736111111111,0.16559854987958747,0.889651382105111,0.9310344827586207,0.9310344827586207
2025-02-22,fixed,0.13091319444444446,0.1471012866757686,0.9165916453156293,0.7931034482758621,0.7931034482758621
2025-02-23,fixed,0.07026041666666666,0.0878170118453392,0.9634442007607125,0.896551724137931,0.896551724137931
2025-02-24,fixed,0.05771041666666668,0.07402338266085627,0.9569514232927704,0.9310344827586207,0.9310344827586207
2025-02-25,fixed,0.049904861111111115,0.06351372172390958,0.9618324675793818,0.896551724137931,0.896551724137931
2025-02-26,fixed,0.06048541666666667,0.07556153627268897,0.9675174550337614,0.896551724137931,0.896551724137931
2025-02-27,fixed,0.056446527777777776,0.07237882066292291,0.9631407664266077,0.9310344827586207,0.9310344827586207
2025-02-28,fixed,0.14951875,0.1666844196794916,0.9184936379367765,0.896551724137931,0.896551724137931
2025-03-01,fixed,0.151975,0.16582378196949515,0.9211360524033848,0.9310344827586207,0.9310344827586207
2025-03-02,fixed,0.07229861111111112,0.09027539116503457,0.9657610841792129,0.9310344827586207,0.9310344827586207
2025-03-03,fixed,0.06774722222222224,0.08386203865741505,0.9713043268750318,0.9310344827586207,0.9310344827586207
2025-03-04,fixed,0.05707222222222224,0.0718386009282846,0.9682689438476164,0.9310344827586207,0.9310344827586207
2025-03-05,fixed,0.050589583333333334,0.06021087422550847,0.9657118858135921,0.9655172413793104,0.9655172413793104
2025-03-06,fixed,0.04984444444444445,0.061655844771152435,0.963652074319276,0.9310344827586207,0.9310344827586207
2025-03-07,fixed,0.1576958333333333,0.17235804988775869,0.9011697305021121,0.9310344827586207,0.9310344827586207
2025-03-08,fixed,0.16893402777777777,0.1868579152353764,0.9037096429126842,0.8275862068965517,0.8275862068965517
2025-03-09,fixed,0.0432201388888889,0.05417179398809762,0.970113697579702,0.9310344827586207,0.9310344827586207
2025-03-10,fixed,0.05545833333333334,0.07334392063725831,0.9594452979470137,0.896551724137931,0.896551724137931
2025-03-11,fixed,0.04992083333333334,0.06210056472278566,0.9531273862996625,0.9655172413793104,0.9655172413793104
2025-03-12,fixed,0.04352777777777778,0.054175414678205795,0.9481327196431004,0.9310344827586207,0.9310344827586207
2025-03-13,fixed,0.05578611111111112,0.07135673973462882,0.9566922844521557,0.8620689655172413,0.8620689655172413
2025-03-14,fixed,0.17515625,0.19176104469857502,0.8945382714971449,0.896551724137931,0.896551724137931
2025-03-15,fixed,0.1622222222222222,0.17943720814442768,0.9288616579355181,0.896551724137931,0.896551724137931
2025-03-16,fixed,0.045496527777777775,0.05694050440298774,0.9469984617520135,0.896551724137931,0.896551724137931
2025-03-17,fixed,0.038602083333333335,0.0498468564427309,0.9343454540049537,0.8620689655172413,0.8620689655172413
2025-03-18,fixed,0.03935555555555556,0.05110277090769585,0.9630612798614862,0.9310344827586207,0.9310344827586207
2025-03-19,fixed,0.04047986111111111,0.05281318950897694,0.9615843323196165,0.9310344827586207,0.9310344827586207
2025-03-20,fixed,0.04234652777777778,0.05282612398236313,0.9609393211276708,0.9310344827586207,0.9310344827586207
2025-03-21,fixed,0.19590694444444445,0.21520666553080758,0.8971252997973977,0.8275862068965517,0.8275862068965517
2025-03-22,fixed,0.17880902777777777,0.19574622974232053,0.8906287835284922,0.896551724137931,0.896551724137931
2025-03-23,fixed,0.03960625,0.05337780892947097,0.9570729550852461,0.896551724137931,0.896551724137931
2025-03-24,fixed,0.04018611111111112,0.0509094130130503,0.9533665637704112,0.9310344827586207,0.9310344827586207
2025-03-25,fixed,0.03504513888888889,0.04453911748240093,0.9548293427991149,0.9310344827586207,0.9310344827586207
2025-03-26,fixed,0.04260416666666667,0.05419835867748519,0.9375445231432297,0.9310344827586207,0.9310344827586207
2025-03-27,fixed,0.03868125000000001,0.050190840659537786,0.9463563190446479,0.9310344827586207,0.9310344827586207
2025-03-28,fixed,0.19142916666666665,0.21314976118786633,0.8947381112735159,0.8275862068965517,0.8275862068965517
2025-03-29,fixed,0.20311458333333332,0.22822586080824991,0.8731089321511084,0.8275862068965517,0.8275862068965517
2025-03-30,fixed,0.033031250000000005,0.043711674483038414,0.9691350396145089,0.9655172413793104,0.9655172413793104
2025-03-31,fixed,0.03647500000000001,0.04694848979940084,0.9434717911801335,0.896551724137931,0.896551724137931
2025-04-01,fixed,0.04472708333333334,0.054681281709964016,0.9599948556950885,0.8620689655172413,0.8620689655172413
2025-04-02,fixed,0.04184513888888889,0.05194111984310269,0.9671818027573871,0.9310344827586207,0.9310344827586207
2025-04-03,fixed,0.03738611111111111,0.04735566961245976,0.937283476292864,0.9310344827586207,0.9310344827586207
2025-04-04,fixed,0.20669444444444446,0.2302872382120497,0.8807849938096961,0.7586206896551724,0.7586206896551724
2025-04-05,fixed,0.19066875000000003,0.21056502245281752,0.8901262973938276,0.8620689655172413,0.8620689655172413
2025-04-06,fixed,0.036136805555555554,0.049391094423320216,0.9519206809969697,0.896551724137931,0.896551724137931
2025-04-07,fixed,0.03463402777777777,0.053731220879691746,0.9484853874089696,0.9310344827586207,0.9310344827586207
2025-04-08,fixed,0.03968958333333334,0.04986248380964057,0.9404784631382033,0.896551724137931,0.896551724137931
2025-04-09,fixed,0.035937500000000004,0.04432817169200141,0.9588142325176181,0.896551724137931,0.896551724137931
2025-04-10,fixed,0.04025624999999999,0.05024167495991527,0.9280086971341975,0.896551724137931,0.896551724137931
2025-04-11,fixed,0.21471874999999999,0.24423304373646448,0.8745477362557373,0.8620689655172413,0.8620689655172413
2025-04-12,fixed,0.20300902777777777,0.22413971228900958,0.892884665837393,0.8275862068965517,0.8275862068965517
2025-04-13,fixed,0.04029375000000001,0.052772822208868926,0.9498065347200549,0.9310344827586207,0.9310344827586207
2025-04-14,fixed,0.03744027777777778,0.049679738212765265,0.9636611536075131,0.896551724137931,0.896551724137931
2025-04-15,fixed,0.045610416666666674,0.060533210008134296,0.9268048601955047,0.8275862068965517,0.8275862068965517
2025-04-16,fixed,0.032970833333333345,0.04371086980247464,0.9696423780951523,0.9310344827586207,0.9310344827586207
2025-04-17,fixed,0.03655069444444445,0.04708553903388079,0.9475188164951057,0.896551724137931,0.896551724137931
2025-04-18,fixed,0.20677708333333333,0.23066135425602233,0.9012618699106221,0.8275862068965517,0.8275862068965517
2025-04-19,fixed,0.20822083333333333,0.23273172890452407,0.8940729651322622,0.8620689655172413,0.8620689655172413
2025-04-20,fixed,0.036536111111111116,0.05257052406054176,0.9556974489411738,0.9310344827586207,0.9310344827586207
2025-04-21,fixed,0.04619652777777777,0.060982227032873176,0.9410563142708923,0.9310344827586207,0.9310344827586207
2025-04-22,fixed,0.035166666666666666,0.0443212185828263,0.9445206381094825,0.896551724137931,0.896551724137931
2025-04-23,fixed,0.04229305555555555,0.05588728736384411,0.9515991608497076,0.8620689655172413,0.8620689655172413
2025-04-24,fixed,0.04908611111111111,0.0635451425278824,0.9443477090156226,0.896551724137931,0.896551724137931
2025-04-25,fixed,0.22550555555555554,0.25212044244765236,0.8758380866571885,0.8275862068965517,0.8275862068965517
2025-04-26,fixed,0.2283923611111111,0.26007085132389085,0.8718195784294916,0.7931034482758621,0.7931034482758621
2025-04-27,fixed,0.046647916666666664,0.061534473738980924,0.9321100843918656,0.896551724137931,0.896551724137931
2025-04-28,fixed,0.03850208333333333,0.04929174837975757,0.9636551981453548,0.9310344827586207,0.9310344827586207
2025-04-29,fixed,0.047528472222222215,0.06155546561615972,0.931983349270405,0.896551724137931,0.896551724137931
2025-04-30,fixed,0.05037986111111111,0.06892434106806293,0.960199704807787,0.8275862068965517,0.8275862068965517
2025-05-01,fixed,0.04973472222222222,0.06434809955753679,0.9272971153631213,0.8620689655172413,0.8620689655172413
2025-05-02,fixed,0.17932222222222222,0.20321139752320325,0.9005145332389973,0.8275862068965517,0.8275862068965517
2025-05-03,fixed,0.19637291666666665,0.22216153079209927,0.8817649848643861,0.7931034482758621,0.7931034482758621
2025-05-04,fixed,0.04782013888888889,0.06423513716979377,0.9376893328669045,0.8620689655172413,0.8620689655172413
2025-05-05,fixed,0.03674583333333334,0.04655923497128267,0.93897246181645,0.896551724137931,0.896551724137931
2025-05-06,fixed,0.04669305555555556,0.05927380440708095,0.9155024958167792,0.896551724137931,0.896551724137931
2025-05-07,fixed,0.033527777777777774,0.042846043833967014,0.9419223508088049,0.896551724137931,0.896551724137931
2025-05-08,fixed,0.03731736111111111,0.046804085618197426,0.943951948777625,0.9310344827586207,0.9310344827586207
2025-05-09,fixed,0.19945902777777777,0.22422666901424154,0.8836056877074614,0.8620689655172413,0.8620689655172413
2025-05-10,fixed,0.19095347222222225,0.21517724977200645,0.8731616742044483,0.8275862068965517,0.8275862068965517
2025-05-11,fixed,0.03396944444444444,0.04116850704388274,0.9556935634981816,0.9310344827586207,0.9310344827586207
2025-05-12,fixed,0.04725625,0.06265541953592062,0.9386558421408713,0.8620689655172413,0.8620689655172413
2025-05-13,fixed,0.039077777777777774,0.05007957972622729,0.9502787688597721,0.896551724137931,0.896551724137931
2025-05-14,fixed,0.042597222222222224,0.05150340603623544,0.9435681337161946,0.8275862068965517,0.8275862068965517
2025-05-15,fixed,0.04120347222222222,0.052048615762359876,0.9258210594363795,0.896551724137931,0.896551724137931
2025-05-16,fixed,0.22081180555555557,0.25048233124092584,0.8732624044393509,0.8275862068965517,0.8275862068965517
2025-05-17,fixed,0.19307291666666668,0.21895259459653715,0.8782414473432105,0.7586206896551724,0.7586206896551724
2025-05-18,fixed,0.04276736111111111,0.05530362468028455,0.9641656108662995,0.8620689655172413,0.8620689655172413
2025-05-19,fixed,0.05106944444444444,0.06766959558521586,0.915085609699576,0.8620689655172413,0.8620689655172413
2025-05-20,fixed,0.038440277777777775,0.048614538291886854,0.9542648097793175,0.9310344827586207,0.9310344827586207
2025-05-21,fixed,0.043654861111111117,0.05652475305857898,0.9306359078516188,0.9310344827586207,0.9310344827586207
2025-05-22,fixed,0.04055138888888889,0.04814247662465606,0.9440021863511107,0.896551724137931,0.896551724137931
2025-05-23,fixed,0.20922291666666668,0.2375161840977017,0.883137473993011,0.7931034482758621,0.7931034482758621
2025-05-24,fixed,0.2129923611111111,0.24247642740526804,0.8807854729523276,0.8275862068965517,0.8275862068965517
2025-05-25,fixed,0.05343680555555555,0.06682402730305918,0.9161997926361537,0.896551724137931,0.896551724137931
2025-05-26,fixed,0.04371111111111111,0.054647326355255266,0.9576658015877362,0.896551724137931,0.896551724137931
2025-05-27,fixed,0.04167430555555555,0.0552533853915054,0.9340934598075041,0.9310344827586207,0.9310344827586207
2025-05-28,fixed,0.044963194444444445,0.05958968905495872,0.9566971776580124,0.896551724137931,0.896551724137931
2025-05-29,fixed,0.03628472222222222,0.045437803949770476,0.9601494671333489,0.8620689655172413,0.8620689655172413
2025-05-30,fixed,0.20520416666666666,0.2316053962742089,0.8795954866589671,0.8620689655172413,0.8620689655172413
2025-05-31,fixed,0.20126180555555556,0.22266125539208156,0.9060488931401772,0.7931034482758621,0.7931034482758621
2025-06-01,fixed,0.06221111111111112,0.08070271405321854,0.9331258188885813,0.9310344827586207,0.9310344827586207
2025-06-02,fixed,0.061840277777777786,0.07580020338583092,0.8926234309802168,0.896551724137931,0.896551724137931
2025-06-03,fixed,0.04831875000000001,0.05744593170490357,0.9405921792544899,0.9310344827586207,0.9310344827586207
2025-06-04,fixed,0.05543680555555555,0.07198728716856115,0.9296241928195191,0.896551724137931,0.896551724137931
2025-06-05,fixed,0.06383333333333334,0.07533942176724097,0.9393933913595376,1.0,1.0
2025-06-06,fixed,0.11836458333333333,0.1428859799416615,0.8730648506295664,0.7586206896551724,0.7586206896551724
2025-06-07,fixed,0.11772847222222221,0.14023133986579303,0.9054497774546385,0.7931034482758621,0.7931034482758621
2025-06-08,fixed,0.05314305555555555,0.06273605644107523,0.9214778257047901,0.7931034482758621,0.7931034482758621
2025-06-09,fixed,0.06280208333333334,0.07680912624812238,0.9354376199498821,0.8620689655172413,0.8620689655172413
2025-06-10,fixed,0.05989861111111112,0.07271780501821179,0.9406543544540273,0.9310344827586207,0.9310344827586207
2025-06-11,fixed,0.07042847222222222,0.0858397396476584,0.9377125047393667,0.8620689655172413,0.8620689655172413
2025-06-12,fixed,0.06978749999999999,0.08439415708448068,0.9322164516113784,0.9310344827586207,0.9310344827586207
2025-06-13,fixed,0.12652916666666666,0.14561238834278106,0.9136527502195619,0.8275862068965517,0.8275862068965517
2025-06-14,fixed,0.13436319444444444,0.15932239218885014,0.8844565952500457,0.7586206896551724,0.7586206896551724
2025-06-15,fixed,0.06550069444444445,0.07881223687065071,0.9349805882380995,0.9655172413793104,0.9655172413793104
2025-06-16,fixed,0.06272222222222222,0.07892296965325676,0.9404121494745739,0.9655172413793104,0.9655172413793104
2025-06-17,fixed,0.06915972222222222,0.09308711570948533,0.9211522868827703,0.8275862068965517,0.8275862068965517
2025-06-18,fixed,0.05979999999999999,0.07856872168858149,0.9346851916028023,0.896551724137931,0.896551724137931
2025-06-19,fixed,0.052984027777777776,0.06331821365575276,0.9277723632857994,0.9310344827586207,0.9310344827586207
2025-06-20,fixed,0.14580416666666668,0.16995143628238168,0.8885108794541283,0.7931034482758621,0.7931034482758621
2025-06-21,fixed,0.15869375,0.18489689187490416,0.8766990330440879,0.8620689655172413,0.8620689655172413
2025-06-22,fixed,0.06138333333333333,0.07765741182341265,0.9248346180910607,0.7931034482758621,0.7931034482758621
2025-06-23,fixed,0.054856944444444444,0.06642628851257276,0.9368804445100635,0.896551724137931,0.896551724137931
2025-06-24,fixed,0.07942361111111113,0.09894874865864202,0.9358015338736568,0.896551724137931,0.896551724137931
2025-06-25,fixed,0.06027152777777779,0.07747243551024384,0.9338943865657989,0.9655172413793104,0.9655172413793104
2025-06-26,fixed,0.05105069444444446,0.06196329278514642,0.9256756689097231,0.9655172413793104,0.9655172413793104
2025-06-27,fixed,0.16107708333333334,0.18667397325729868,0.8809157314166819,0.7931034482758621,0.7931034482758621
2025-06-28,fixed,0.14529444444444445,0.16744133425372204,0.8747406485379221,0.8275862068965517,0.8275862068965517
2025-06-29,fixed,0.06360208333333334,0.08101660880818067,0.933546609011454,0.896551724137931,0.896551724137931
2025-06-30,fixed,0.052329861111111105,0.06528750571723335,0.9435128723853604,0.9310344827586207,0.9310344827586207
2025-07-01,fixed,0.12622430555555553,0.15318521673124988,0.9414210386879427,0.7931034482758621,0.7931034482758621
2025-07-02,fixed,0.11583958333333334,0.1391208674638312,0.9073444613359589,0.7586206896551724,0.7586206896551724
2025-07-03,fixed,0.13908333333333334,0.16448692788317387,0.93454740925328,0.7931034482758621,0.7931034482758621
2025-07-04,fixed,0.12425138888888891,0.15406839796012678,0.8668797405549427,0.7241379310344828,0.7241379310344828
2025-07-05,fixed,0.11575208333333335,0.14463126126847928,0.8774456857782735,0.6896551724137931,0.6896551724137931
2025-07-06,fixed,0.13531805555555557,0.16427991694395,0.9167233513041813,0.7586206896551724,0.7586206896551724
2025-07-07,fixed,0.11824027777777779,0.14237714977403423,0.9308599676544881,0.7931034482758621,0.7931034482758621
2025-07-08,fixed,0.11941736111111112,0.15016967741154968,0.9081162982109419,0.8275862068965517,0.8275862068965517
2025-07-09,fixed,0.1194826388888889,0.14773148901714292,0.909000755588864,0.8275862068965517,0.8275862068965517
2025-07-10,fixed,0.11599652777777779,0.1481097830908621,0.9006381176697719,0.7586206896551724,0.7586206896551724
2025-07-11,fixed,0.10451041666666666,0.134892000267292,0.8733701675332338,0.7241379310344828,0.7241379310344828
2025-07-12,fixed,0.11358888888888889,0.14152171505932698,0.8629299327375899,0.7241379310344828,0.7241379310344828
2025-07-13,fixed,0.0989361111111111,0.13069494273136797,0.8946811578552055,0.7931034482758621,0.7931034482758621
2025-07-14,fixed,0.11297083333333334,0.14388823932714814,0.9015456061022382,0.7931034482758621,0.7931034482758621
2025-07-15,fixed,0.11559722222222223,0.14135017244418205,0.9207282826145843,0.7931034482758621,0.7931034482758621
2025-07-16,fixed,0.11636458333333335,0.14027222566020214,0.9116924820717237,0.7931034482758621,0.7931034482758621
2025-07-17,fixed,0.11398611111111112,0.14172407807269574,0.9136497359681814,0.7586206896551724,0.7586206896551724
2025-07-18,fixed,0.10875555555555555,0.1365797548849918,0.8700183166302714,0.7241379310344828,0.7241379310344828
2025-07-19,fixed,0.12506875,0.15504805594646381,0.8700125493421571,0.7241379310344828,0.7241379310344828
2025-07-20,fixed,0.10567777777777779,0.1349305227597604,0.9115255156965717,0.7931034482758621,0.7931034482758621
2025-07-21,fixed,0.1164,0.14203642627470212,0.91821222562652,0.8275862068965517,0.8275862068965517
2025-07-22,fixed,0.11392916666666666,0.14261525748203333,0.8950568287022921,0.7586206896551724,0.7586206896551724
2025-07-23,fixed,0.11320763888888889,0.13897376925760727,0.9300139660669724,0.8275862068965517,0.8275862068965517
2025-07-24,fixed,0.11979999999999998,0.14709760601194175,0.8982649969216913,0.7586206896551724,0.7586206896551724
2025-07-25,fixed,0.12353958333333331,0.155676849907821,0.8599275976199451,0.7241379310344828,0.7241379310344828
2025-07-26,fixed,0.11758680555555553,0.14539261525072186,0.8878718581614451,0.7586206896551724,0.7586206896551724
2025-07-27,fixed,0.11222708333333332,0.14037115360318478,0.8983815479750739,0.7931034482758621,0.7931034482758621
2025-07-28,fixed,0.12272986111111112,0.14683758908891292,0.9183388243117039,0.7931034482758621,0.7931034482758621
2025-07-29,fixed,0.12320416666666666,0.15346675309511032,0.9249158519873346,0.7241379310344828,0.7241379310344828
2025-07-30,fixed,0.11837847222222224,0.1416810054018063,0.937346586705944,0.7586206896551724,0.7586206896551724
2025-07-31,fixed,0.11829930555555555,0.1459685313784371,0.9220573311839113,0.7931034482758621,0.7931034482758621
2025-08-01,fixed,0.13317638888888889,0.16927580100402878,0.8704374281761592,0.7931034482758621,0.7931034482758621
2025-08-02,fixed,0.1366736111111111,0.17277416738814474,0.8673941722736899,0.7241379310344828,0.7241379310344828
2025-08-03,fixed,0.09437013888888887,0.12333156389496477,0.9067118403041863,0.7931034482758621,0.7931034482758621
2025-08-04,fixed,0.09358611111111109,0.11955855376248818,0.8845098470779407,0.7931034482758621,0.7931034482758621
2025-08-05,fixed,0.0977777777777778,0.12452328095581164,0.8982127498977613,0.7931034482758621,0.7931034482758621
2025-08-06,fixed,0.10924583333333333,0.1331895578990085,0.887283965885818,0.7931034482758621,0.7931034482758621
2025-08-07,fixed,0.09791597222222222,0.12587415480241457,0.8823122191126112,0.7931034482758621,0.7931034482758621
2025-08-08,fixed,0.15437291666666664,0.19291905560075936,0.8397985676430043,0.7586206896551724,0.7586206896551724
2025-08-09,fixed,0.14617222222222223,0.18230685860505755,0.8417469377956811,0.6896551724137931,0.6896551724137931
2025-08-10,fixed,0.10083402777777778,0.12715033506968565,0.8879631778793438,0.7931034482758621,0.7931034482758621
2025-08-11,fixed,0.08611597222222221,0.12122050529006129,0.8937728643517925,0.7931034482758621,0.7931034482758621
2025-08-12,fixed,0.1055375,0.13145063289649422,0.9031329155690692,0.7586206896551724,0.7586206896551724
2025-08-13,fixed,0.09874027777777777,0.12590982553663818,0.9139321573301977,0.7586206896551724,0.7586206896551724
2025-08-14,fixed,0.09403402777777778,0.12051594897910126,0.9022920367661489,0.8275862068965517,0.8275862068965517
2025-08-15,fixed,0.14823472222222223,0.1861003899482451,0.8540176494750937,0.7241379310344828,0.7241379310344828
2025-08-16,fixed,0.14941597222222222,0.19177272627166425,0.8558712711192737,0.7241379310344828,0.7241379310344828
2025-08-17,fixed,0.09242500000000001,0.12176914633847113,0.8863225329518258,0.7931034482758621,0.7931034482758621
2025-08-18,fixed,0.09947083333333334,0.12705437866869795,0.8925226320568028,0.8275862068965517,0.8275862068965517
2025-08-19,fixed,0.09129166666666666,0.12113890213763336,0.8958625339342267,0.8275862068965517,0.8275862068965517
2025-08-20,fixed,0.10457777777777778,0.1347824610457739,0.9184745476780329,0.8620689655172413,0.8620689655172413
2025-08-21,fixed,0.09622638888888889,0.1218159135973439,0.9092147674368852,0.7931034482758621,0.7931034482758621
2025-08-22,fixed,0.1323888888888889,0.1730601075734478,0.8709163050430966,0.7241379310344828,0.7241379310344828
2025-08-23,fixed,0.13375208333333333,0.1682474263052286,0.8575223657608261,0.6896551724137931,0.6896551724137931
2025-08-24,fixed,0.09543958333333331,0.12270130087375239,0.8892222427799458,0.7931034482758621,0.7931034482758621
2025-08-25,fixed,0.1024986111111111,0.13060102571062243,0.8992054433524329,0.7931034482758621,0.7931034482758621
2025-08-26,fixed,0.09539583333333333,0.1222789229589466,0.896833227515915,0.8275862068965517,0.8275862068965517
2025-08-27,fixed,0.10050833333333335,0.13069059039068828,0.9033519513894663,0.8275862068965517,0.8275862068965517
2025-08-28,fixed,0.10365069444444443,0.1338174365299397,0.9293659716918029,0.7931034482758621,0.7931034482758621
2025-08-29,fixed,0.1278784722222222,0.15770450281565626,0.8753718829120739,0.7931034482758621,0.7931034482758621
2025-08-30,fixed,0.14412083333333334,0.1850917328875964,0.8612218569552601,0.7241379310344828,0.7241379310344828
2025-08-31,fixed,0.0870125,0.11850829260717018,0.9153327780644429,0.7586206896551724,0.7586206896551724
2025-09-01,fixed,0.038602083333333335,0.0522983329084207,0.9265724674890913,0.8620689655172413,0.8620689655172413
2025-09-02,fixed,0.04194166666666667,0.054080851252751395,0.9106193187698998,0.896551724137931,0.896551724137931
2025-09-03,fixed,0.05011388888888889,0.06286166911914162,0.9027935049199803,0.8275862068965517,0.8275862068965517
2025-09-04,fixed,0.04525625,0.0615382745623495,0.9209351021094418,0.8620689655172413,0.8620689655172413
2025-09-05,fixed,0.20755694444444442,0.24049305430025764,0.8580491466113427,0.7241379310344828,0.7241379310344828
2025-09-06,fixed,0.2006527777777778,0.23227750853714232,0.8717180983271271,0.7931034482758621,0.7931034482758621
2025-09-07,fixed,0.04139305555555555,0.053503257948568986,0.924945140641682,0.8620689655172413,0.8620689655172413
2025-09-08,fixed,0.041705555555555565,0.050973583844968175,0.9325528400409477,0.8275862068965517,0.8275862068965517
2025-09-09,fixed,0.05232083333333334,0.06835672871862075,0.903672370318872,0.8620689655172413,0.8620689655172413
2025-09-10,fixed,0.04230555555555556,0.05265117915741932,0.9354840330472427,0.896551724137931,0.896551724137931
2025-09-11,fixed,0.050043055555555556,0.06420403565543559,0.8888223520967885,0.8620689655172413,0.8620689655172413
2025-09-12,fixed,0.19125208333333332,0.21978636739267216,0.8634773845624406,0.7931034482758621,0.7931034482758621
2025-09-13,fixed,0.19968402777777777,0.2314128101047035,0.8665961331244293,0.8275862068965517,0.8275862068965517
2025-09-14,fixed,0.03804236111111112,0.046493361981398314,0.9489262680270487,0.9310344827586207,0.9310344827586207
2025-09-15,fixed,0.04946666666666666,0.0657822840048055,0.8889259530017213,0.896551724137931,0.896551724137931
2025-09-16,fixed,0.03926180555555556,0.049745295003648334,0.9342771308363658,0.8620689655172413,0.8620689655172413
2025-09-17,fixed,0.04101875000000001,0.04946933604095909,0.9319772524113973,0.9310344827586207,0.9310344827586207
2025-09-18,fixed,0.03609097222222222,0.04680544765895905,0.9332985689442591,0.9310344827586207,0.9310344827586207
2025-09-19,fixed,0.17349097222222223,0.19686498775246392,0.8755969467890259,0.7586206896551724,0.7586206896551724
2025-09-20,fixed,0.1790972222222222,0.2000025871360446,0.8755627853077027,0.8620689655172413,0.8620689655172413
2025-09-21,fixed,0.044496527777777774,0.056759337826965135,0.9415244692267986,0.7931034482758621,0.7931034482758621
2025-09-22,fixed,0.04074652777777778,0.05414481033405798,0.9255609778760002,0.8620689655172413,0.8620689655172413
2025-09-23,fixed,0.04276041666666667,0.05636857440591837,0.9191967196849857,0.8620689655172413,0.8620689655172413
2025-09-24,fixed,0.04072361111111111,0.05154727872976851,0.9369579371437611,0.9310344827586207,0.9310344827586207
2025-09-25,fixed,0.04133541666666666,0.05128924175150617,0.9192231679374685,0.896551724137931,0.896551724137931
2025-09-26,fixed,0.17338333333333333,0.19183294562659925,0.8960364604009811,0.896551724137931,0.896551724137931
2025-09-27,fixed,0.16708263888888888,0.19226036690008566,0.8679809459528859,0.7931034482758621,0.7931034482758621
2025-09-28,fixed,0.04152013888888889,0.05317141109970031,0.9280134315488535,0.896551724137931,0.896551724137931
2025-09-29,fixed,0.04354583333333334,0.05508727671210074,0.9265485747660913,0.8620689655172413,0.8620689655172413
2025-09-30,fixed,0.04569097222222223,0.05906200543590704,0.9502738450250585,0.896551724137931,0.896551724137931
2025-10-01,fixed,0.05526944444444444,0.07465053862274985,0.9097805325999957,0.8275862068965517,0.8275862068965517
2025-10-02,fixed,0.051866666666666665,0.06776524838653578,0.9175279070075208,0.8275862068965517,0.8275862068965517
2025-10-03,fixed,0.20823263888888888,0.23410757068659224,0.8731633161746654,0.7931034482758621,0.7931034482758621
2025-10-04,fixed,0.1805166666666667,0.2022078702172044,0.8777339260180878,0.8275862068965517,0.8275862068965517
2025-10-05,fixed,0.046981944444444444,0.061699054557856334,0.9196440772136986,0.9310344827586207,0.9310344827586207
2025-10-06,fixed,0.04369791666666668,0.05551962053084378,0.9472666768653514,0.8620689655172413,0.8620689655172413
2025-10-07,fixed,0.042799305555555556,0.052763932467590445,0.951057649532753,0.896551724137931,0.896551724137931
2025-10-08,fixed,0.04257430555555556,0.057043800787932544,0.9509983200745116,0.8620689655172413,0.8620689655172413
2025-10-09,fixed,0.05270208333333334,0.06420430984581782,0.9278398992264837,0.896551724137931,0.896551724137931
2025-10-10,fixed,0.20666527777777777,0.23622037938943558,0.8710784589697629,0.7931034482758621,0.7931034482758621
2025-10-11,fixed,0.18164583333333334,0.20473379497668565,0.8808535564796554,0.8275862068965517,0.8275862068965517
2025-10-12,fixed,0.04269930555555557,0.0537728885375025,0.9509087986251403,0.896551724137931,0.896551724137931
2025-10-13,fixed,0.04765277777777778,0.059356934678640914,0.9340027007819772,0.896551724137931,0.896551724137931
2025-10-14,fixed,0.045698611111111107,0.05718690482386096,0.9449436938013828,0.9310344827586207,0.9310344827586207
2025-10-15,fixed,0.04670277777777779,0.05691282685925126,0.9483287500247113,0.896551724137931,0.896551724137931
2025-10-16,fixed,0.050077777777777784,0.06433840869444421,0.9465543087890735,0.9310344827586207,0.9310344827586207
2025-10-17,fixed,0.17739097222222222,0.19761750108760892,0.8704813769198277,0.7586206896551724,0.7586206896551724
2025-10-18,fixed,0.18366944444444444,0.20262133470535074,0.891648824013059,0.7931034482758621,0.7931034482758621
2025-10-19,fixed,0.048871527777777785,0.062234641679694766,0.9423545097909795,0.896551724137931,0.896551724137931
2025-10-20,fixed,0.051596527777777776,0.06384921636602564,0.9464659445431541,0.9310344827586207,0.9310344827586207
2025-10-21,fixed,0.05327708333333333,0.06575706605461584,0.9624575368001466,0.896551724137931,0.896551724137931
2025-10-22,fixed,0.05237986111111112,0.068264875769966,0.9561879002279152,0.9310344827586207,0.9310344827586207
2025-10-23,fixed,0.05404166666666667,0.06715755728136634,0.9505571849395175,0.9310344827586207,0.9310344827586207
2025-10-24,fixed,0.1698388888888889,0.18764171163268695,0.897785628247257,0.9310344827586207,0.9310344827586207
2025-10-25,fixed,0.16784236111111112,0.1848215488804148,0.9042441706945714,0.8620689655172413,0.8620689655172413
2025-10-26,fixed,0.046680555555555565,0.06059509743645384,0.9502617880074218,0.896551724137931,0.896551724137931
2025-10-27,fixed,0.05605694444444445,0.07068002625290339,0.9187105006755801,0.9310344827586207,0.9310344827586207
2025-10-28,fixed,0.05280972222222222,0.0673799374608067,0.9422188105533367,0.9655172413793104,0.9655172413793104
2025-10-29,fixed,0.05914305555555556,0.07533670438622715,0.9717896496980447,0.896551724137931,0.896551724137931
2025-10-30,fixed,0.05230486111111112,0.06668173006903767,0.9533725922671152,0.896551724137931,0.896551724137931
2025-10-31,fixed,0.14846458333333334,0.16268579869559058,0.9150945671299404,0.9310344827586207,0.9310344827586207
2025-11-01,fixed,0.1617451388888889,0.17592980351233525,0.8963557627650838,0.8620689655172413,0.8620689655172413
2025-11-02,fixed,0.05575555555555556,0.0728100754245821,0.9560974286599959,0.9310344827586207,0.9310344827586207
2025-11-03,fixed,0.060976388888888886,0.07538233472696962,0.9572850007807152,0.896551724137931,0.896551724137931
2025-11-04,fixed,0.05590902777777778,0.0724533360362225,0.9509139210358554,0.896551724137931,0.896551724137931
2025-11-05,fixed,0.06482083333333336,0.08147681418661387,0.9445696481451454,0.8620689655172413,0.8620689655172413
2025-11-06,fixed,0.07192430555555557,0.08946174500558575,0.9444252425639228,0.9310344827586207,0.9310344827586207
2025-11-07,fixed,0.1508590277777778,0.16789854927074926,0.9055503476051981,0.9310344827586207,0.9310344827586207
2025-11-08,fixed,0.14922708333333334,0.16190513747768062,0.9031217659602513,0.8620689655172413,0.8620689655172413
2025-11-09,fixed,0.06936597222222224,0.0861660771256428,0.9567736257197065,0.896551724137931,0.896551724137931
2025-11-10,fixed,0.07966597222222223,0.09658849461331649,0.9556562986483105,0.9310344827586207,0.9310344827586207
2025-11-11,fixed,0.06896458333333334,0.08570244672703342,0.9499443871414016,0.896551724137931,0.896551724137931
2025-11-12,fixed,0.07072847222222223,0.09005238097598778,0.9570268228356753,0.9310344827586207,0.9310344827586207
2025-11-13,fixed,0.07098750000000001,0.08991903688565868,0.9588634240032428,0.9310344827586207,0.9310344827586207
2025-11-14,fixed,0.13711875,0.15102827388899367,0.933662355634325,0.9310344827586207,0.9310344827586207
2025-11-15,fixed,0.13742916666666666,0.15257551636630445,0.9070253227627367,0.9310344827586207,0.9310344827586207
2025-11-16,fixed,0.0757701388888889,0.09470777386548349,0.9608157761977387,0.9655172413793104,0.9655172413793104
2025-11-17,fixed,0.07209375000000001,0.09168248537752455,0.9491080776395457,0.9310344827586207,0.9310344827586207
2025-11-18,fixed,0.0822763888888889,0.10176750395441128,0.9452822397235249,0.896551724137931,0.896551724137931
2025-11-19,fixed,0.0824763888888889,0.10038966995330413,0.9604961070869712,0.9655172413793104,0.9655172413793104
2025-11-20,fixed,0.07525,0.09659638465169273,0.9556943901641879,0.9655172413793104,0.9655172413793104
2025-11-21,fixed,0.13383958333333335,0.1485830867917192,0.9292944922470224,0.9655172413793104,0.9655172413793104
2025-11-22,fixed,0.12968472222222222,0.14427457618490283,0.9197597041441306,0.9310344827586207,0.9310344827586207
2025-11-23,fixed,0.08051111111111113,0.1000767788583679,0.9646478195507711,0.896551724137931,0.896551724137931
2025-11-24,fixed,0.06962152777777779,0.0888939134430599,0.9545159057301863,0.9655172413793104,0.9655172413793104
2025-11-25,fixed,0.08132152777777778,0.10198269086522042,0.9540275965159057,0.9655172413793104,0.9655172413793104
2025-11-26,fixed,0.0895201388888889,0.11209101739459569,0.9448973645418782,0.896551724137931,0.896551724137931
2025-11-27,fixed,0.08710694444444446,0.10837835987358774,0.9527334766229156,0.9655172413793104,0.9655172413793104
2025-11-28,fixed,0.1329548611111111,0.14527948997822554,0.9304933028408208,0.9310344827586207,0.9310344827586207
2025-11-29,fixed,0.11689930555555554,0.13314154878883183,0.9318756355091018,0.896551724137931,0.896551724137931
2025-11-30,fixed,0.09478263888888888,0.12060642631901687,0.9515891133451057,0.896551724137931,0.896551724137931
2025-12-01,fixed,0.1441097222222222,0.1785918558395713,0.9617993875215968,0.7241379310344828,0.7241379310344828
2025-12-02,fixed,0.1507513888888889,0.18700195780317977,0.9558211222834426,0.7586206896551724,0.7586206896551724
2025-12-03,fixed,0.14902708333333334,0.18378275274990669,0.9604639549753308,0.6896551724137931,0.6896551724137931
2025-12-04,fixed,0.14230208333333336,0.17898032810122522,0.9613201604219791,0.7241379310344828,0.7241379310344828
2025-12-05,fixed,0.07506319444444445,0.08861675874548534,0.9544576759089594,0.7241379310344828,0.7241379310344828
2025-12-06,fixed,0.0745923611111111,0.09159324218461146,0.9528661038169177,0.7241379310344828,0.7241379310344828
2025-12-07,fixed,0.14763888888888888,0.18600673337573323,0.9534066601076232,0.7241379310344828,0.7241379310344828
2025-12-08,fixed,0.14518333333333333,0.1811254694802596,0.9644810308067988,0.7241379310344828,0.7241379310344828
2025-12-09,fixed,0.14584652777777776,0.18269265801248463,0.9631698301388234,0.7931034482758621,0.7931034482758621
2025-12-10,fixed,0.15526319444444445,0.1941704135904564,0.9582485574401696,0.7241379310344828,0.7241379310344828
2025-12-11,fixed,0.1385826388888889,0.1744082409574986,0.9563616780310271,0.6896551724137931,0.6896551724137931
2025-12-12,fixed,0.07241319444444444,0.08951783613398567,0.9507381392074374,0.7586206896551724,0.7586206896551724
2025-12-13,fixed,0.06879652777777777,0.08444416260004134,0.9400425210565566,0.7586206896551724,0.7586206896551724
2025-12-14,fixed,0.158225,0.19857299700334105,0.9604821199573415,0.7241379310344828,0.7241379310344828
2025-12-15,fixed,0.15291527777777777,0.1948902875124019,0.9464358020596337,0.7241379310344828,0.7241379310344828
2025-12-16,fixed,0.1485388888888889,0.18724707422428674,0.9589208187337597,0.7586206896551724,0.7586206896551724
2025-12-17,fixed,0.14640833333333333,0.1839593867467008,0.955271568728897,0.6896551724137931,0.6896551724137931
2025-12-18,fixed,0.14816527777777777,0.18759762865712823,0.9567213786957764,0.6896551724137931,0.6896551724137931
2025-12-19,fixed,0.07286527777777776,0.08652399715300566,0.9493113949874744,0.7586206896551724,0.7586206896551724
2025-12-20,fixed,0.06745972222222223,0.08577064782183809,0.9593046330239188,0.8275862068965517,0.8275862068965517
2025-12-21,fixed,0.14804027777777776,0.18771881084335806,0.9597175040888899,0.7241379310344828,0.7241379310344828
2025-12-22,fixed,0.15521319444444442,0.19389288261964532,0.9545179609365712,0.7241379310344828,0.7241379310344828
2025-12-23,fixed,0.14881805555555555,0.1871418946949079,0.9638047966961198,0.7241379310344828,0.7241379310344828
2025-12-24,fixed,0.14667361111111113,0.18456436208000723,0.9516785846932722,0.6896551724137931,0.6896551724137931
2025-12-25,fixed,0.15170069444444445,0.1890342802171665,0.9573503524838578,0.7241379310344828,0.7241379310344828
2025-12-26,fixed,0.07238472222222221,0.08958639607167547,0.9398145031796651,0.7586206896551724,0.7586206896551724
2025-12-27,fixed,0.07582916666666666,0.0924537850015407,0.952621996818185,0.7241379310344828,0.7241379310344828
2025-12-28,fixed,0.14587777777777777,0.1837529810793707,0.9616767694548302,0.7586206896551724,0.7586206896551724
2025-12-29,fixed,0.1441965277777778,0.18100810659409092,0.9609231665856741,0.7241379310344828,0.7241379310344828
2025-12-30,fixed,0.14048888888888889,0.1766297182274577,0.9604912024224243,0.7241379310344828,0.7241379310344828
2025-12-31,fixed,0.1496451388888889,0.19068146158362292,0.9470927487090065,0.7241379310344828,0.7241379310344828
2025-02-01,lag1,0.07279097222222222,0.10495744011794071,0.9303752318447711,0.7241379310344828,0.7241379310344828
2025-02-02,lag1,0.1848951388888889,0.20872801996723978,0.9247386157435409,0.9655172413793104,0.9655172413793104
2025-02-03,lag1,0.033113194444444445,0.04111665906634168,0.9693583407270595,0.9310344827586207,0.9310344827586207
2025-02-04,lag1,0.033054861111111104,0.04147950380743616,0.9646108926369702,0.896551724137931,0.896551724137931
2025-02-05,lag1,0.03025347222222222,0.038482370602942614,0.9737901848331518,0.9310344827586207,0.9310344827586207
2025-02-06,lag1,0.03393819444444443,0.04429411093914053,0.970293726980753,0.9655172413793104,0.9655172413793104
2025-02-07,lag1,0.20011041666666665,0.2254378756196236,0.9159741458952044,0.896551724137931,0.896551724137931
2025-02-08,lag1,0.037805555555555564,0.04769796612249019,0.9379819647840761,0.9655172413793104,0.9655172413793104
2025-02-09,lag1,0.19983541666666665,0.2236062913731782,0.9207276760883394,0.9655172413793104,0.9655172413793104
2025-02-10,lag1,0.04324513888888889,0.055789760983137,0.97172253034322,0.9310344827586207,0.9310344827586207
2025-02-11,lag1,0.03877847222222223,0.04749259372084592,0.9627652145785088,0.9655172413793104,0.9655172413793104
2025-02-12,lag1,0.03692083333333333,0.04460141689328815,0.9668092733889425,0.9310344827586207,0.9310344827586207
2025-02-13,lag1,0.04077916666666667,0.050884265468042505,0.9588175364069133,0.9310344827586207,0.9310344827586207
2025-02-14,lag1,0.18391458333333335,0.2054448146705095,0.9351677323695933,0.9655172413793104,0.9655172413793104
2025-02-15,lag1,0.03225555555555556,0.041345006752125865,0.95688912869392,1.0,1.0
2025-02-16,lag1,0.19274444444444444,0.2175846032772846,0.9257710455106156,0.9655172413793104,0.9655172413793104
2025-02-17,lag1,0.04070000000000001,0.05020617491902765,0.9700043605926678,0.9655172413793104,0.9655172413793104
2025-02-18,lag1,0.03661180555555556,0.04611580908129253,0.9648740650912466,0.9310344827586207,0.9310344827586207
2025-02-19,lag1,0.04034583333333333,0.04922117740927735,0.9518514499543972,0.9310344827586207,0.9310344827586207
2025-02-20,lag1,0.043834027777777784,0.054619940014817146,0.9532672344153783,0.8620689655172413,0.8620689655172413
2025-02-21,lag1,0.19633888888888892,0.22209245322112542,0.8997365560193313,0.896551724137931,0.896551724137931
2025-02-22,lag1,0.04071736111111111,0.04967352091965654,0.9359044046950354,0.8620689655172413,0.8620689655172413
2025-02-23,lag1,0.18009444444444445,0.20381505300966693,0.8983350397229835,0.7931034482758621,0.7931034482758621
2025-02-24,lag1,0.03655694444444445,0.046725299475884705,0.9693974949732115,0.9310344827586207,0.9310344827586207
2025-02-25,lag1,0.0398125,0.04990303097007235,0.9474607520539309,0.9655172413793104,0.9655172413793104
2025-02-26,lag1,0.03984861111111111,0.048854995195533026,0.9542850884771925,0.9655172413793104,0.9655172413793104
2025-02-27,lag1,0.04004722222222222,0.052300110208084435,0.9589221123703883,0.9310344827586207,0.9310344827586207
2025-02-28,lag1,0.18123333333333333,0.20495036933094044,0.9217535987401151,0.9310344827586207,0.9310344827586207
2025-03-01,lag1,0.03822708333333333,0.0479947964482725,0.9445149440813708,0.9310344827586207,0.9310344827586207
2025-03-02,lag1,0.19848055555555558,0.2279085489108881,0.8951788247682052,0.896551724137931,0.896551724137931
2025-03-03,lag1,0.040811111111111104,0.049728029766364604,0.9625923235445847,0.896551724137931,0.896551724137931
2025-03-04,lag1,0.03260833333333333,0.041193808528844605,0.9719444938449179,0.9310344827586207,0.9310344827586207
2025-03-05,lag1,0.033563194444444444,0.04099653355942292,0.9748100277616077,0.9310344827586207,0.9310344827586207
2025-03-06,lag1,0.03524652777777778,0.0446457841421412,0.9610921995526178,0.9655172413793104,0.9655172413793104
2025-03-07,lag1,0.18352777777777782,0.20613725032662636,0.8884269288135003,0.896551724137931,0.896551724137931
2025-03-08,lag1,0.04015763888888888,0.05121241372406151,0.951849585593235,0.896551724137931,0.896551724137931
2025-03-09,lag1,0.18717361111111108,0.21061726642577683,0.9031716798443585,0.8275862068965517,0.8275862068965517
2025-03-10,lag1,0.039820138888888884,0.054500231268622454,0.9554165213979999,0.9310344827586207,0.9310344827586207
2025-03-11,lag1,0.0403125,0.053349567841631945,0.9530352795552591,0.896551724137931,0.896551724137931
2025-03-12,lag1,0.04006805555555555,0.049001418630257816,0.9413901858482341,0.9655172413793104,0.9655172413793104
2025-03-13,lag1,0.051387499999999996,0.06822062452888504,0.9372979207838247,0.8620689655172413,0.8620689655172413
2025-03-14,lag1,0.2091159722222222,0.23953537795421087,0.8550957621907832,0.7931034482758621,0.7931034482758621
2025-03-15,lag1,0.05191319444444445,0.0699551815847515,0.9000127602671941,0.8620689655172413,0.8620689655172413
2025-03-16,lag1,0.18114097222222222,0.20617129020010952,0.8892099602226579,0.8275862068965517,0.8275862068965517
2025-03-17,lag1,0.037962499999999996,0.04846741459762196,0.9339068420190786,0.9310344827586207,0.9310344827586207
2025-03-18,lag1,0.03845625,0.05054296920552957,0.9274672100346237,0.9310344827586207,0.9310344827586207
2025-03-19,lag1,0.035928472222222216,0.04580561510339098,0.9446806159106526,0.9310344827586207,0.9310344827586207
2025-03-20,lag1,0.037713888888888894,0.050564559942930604,0.9534431118175934,0.896551724137931,0.896551724137931
2025-03-21,lag1,0.20865208333333332,0.2343993504387568,0.8884639923679556,0.8620689655172413,0.8620689655172413
2025-03-22,lag1,0.0392173611111111,0.05174207467493612,0.9523950188610512,0.8620689655172413,0.8620689655172413
2025-03-23,lag1,0.17979027777777778,0.19939192665869565,0.9021727663213216,0.896551724137931,0.896551724137931
2025-03-24,lag1,0.04077708333333333,0.05159885132765393,0.9522615312162399,0.896551724137931,0.896551724137931
2025-03-25,lag1,0.03705486111111112,0.0477602468644746,0.9408717372191401,0.9655172413793104,0.9655172413793104
2025-03-26,lag1,0.04501180555555555,0.05849760619508764,0.9143039146047962,1.0,1.0
2025-03-27,lag1,0.04052847222222223,0.0564676388395257,0.9348842630289534,0.9655172413793104,0.9655172413793104
2025-03-28,lag1,0.19216458333333333,0.2178588063721292,0.9026590640782232,0.8275862068965517,0.8275862068965517
2025-03-29,lag1,0.03987152777777778,0.05284220022860517,0.9459898018140466,0.896551724137931,0.896551724137931
2025-03-30,lag1,0.18995833333333334,0.2177687362777311,0.8945860243791671,0.8275862068965517,0.8275862068965517
2025-03-31,lag1,0.038690972222222224,0.05065427000208812,0.9392953526571345,0.896551724137931,0.896551724137931
2025-04-01,lag1,0.03753125000000001,0.050237336021683676,0.9541806870239193,0.896551724137931,0.896551724137931
2025-04-02,lag1,0.043616666666666665,0.054077280092680535,0.9592344643757285,0.8620689655172413,0.8620689655172413
2025-04-03,lag1,0.04781041666666667,0.06424322651282217,0.9260567661067878,0.9310344827586207,0.9310344827586207
2025-04-04,lag1,0.2051125,0.22718679844764064,0.9277958353261107,0.7586206896551724,0.7586206896551724
2025-04-05,lag1,0.042561805555555554,0.05947563401651694,0.9417275461109395,0.8620689655172413,0.8620689655172413
2025-04-06,lag1,0.18064166666666667,0.19927043565912575,0.904305941268369,0.896551724137931,0.896551724137931
2025-04-07,lag1,0.032975000000000004,0.042871628471260304,0.9513050135796143,0.9310344827586207,0.9310344827586207
2025-04-08,lag1,0.04099305555555555,0.05329236316980344,0.922597272111189,0.896551724137931,0.896551724137931
2025-04-09,lag1,0.047392361111111114,0.061038039710222244,0.9133083821059093,0.8620689655172413,0.8620689655172413
2025-04-10,lag1,0.04240208333333334,0.05417914023045319,0.9267059052866256,0.9310344827586207,0.9310344827586207
2025-04-11,lag1,0.20706527777777775,0.23646855822239407,0.9256308287753372,0.8275862068965517,0.8275862068965517
2025-04-12,lag1,0.051163888888888884,0.06781028887844216,0.9227431933609045,0.896551724137931,0.896551724137931
2025-04-13,lag1,0.19283472222222223,0.21719189160228283,0.8899139535235984,0.7931034482758621,0.7931034482758621
2025-04-14,lag1,0.04097708333333333,0.05045902284142164,0.9434939524210377,0.9310344827586207,0.9310344827586207
2025-04-15,lag1,0.04302430555555556,0.05498718095560496,0.929179443692001,0.8620689655172413,0.8620689655172413
2025-04-16,lag1,0.05366458333333334,0.06804848506355189,0.9085809535884849,0.8620689655172413,0.8620689655172413
2025-04-17,lag1,0.04048263888888889,0.052574800549101255,0.9349535906713918,0.9655172413793104,0.9655172413793104
2025-04-18,lag1,0.18887916666666665,0.21180177807196154,0.9209504116472956,0.8275862068965517,0.8275862068965517
2025-04-19,lag1,0.03521875,0.04498433600833863,0.9566802274355686,0.9655172413793104,0.9655172413793104
2025-04-20,lag1,0.18746249999999998,0.210808428041512,0.9072014339769752,0.8620689655172413,0.8620689655172413
2025-04-21,lag1,0.037840972222222234,0.05073255105069241,0.9382101045357121,0.9310344827586207,0.9310344827586207
2025-04-22,lag1,0.044215972222222226,0.056570190545315764,0.9241588020224162,0.8620689655172413,0.8620689655172413
2025-04-23,lag1,0.041425,0.050807985483473844,0.9346403061664939,0.896551724137931,0.896551724137931
2025-04-24,lag1,0.039933333333333335,0.052084585318285664,0.9488171610904422,0.9310344827586207,0.9310344827586207
2025-04-25,lag1,0.19671249999999998,0.218420587526807,0.9056904818435085,0.8620689655172413,0.8620689655172413
2025-04-26,lag1,0.050213194444444435,0.06496703384110367,0.9365904533089597,0.9310344827586207,0.9310344827586207
2025-04-27,lag1,0.19702083333333334,0.22607251786392202,0.9149622818267037,0.7931034482758621,0.7931034482758621
2025-04-28,lag1,0.055799999999999995,0.07634265681779748,0.9061249095731855,0.9310344827586207,0.9310344827586207
2025-04-29,lag1,0.05727222222222222,0.0754110891123521,0.9188126332560818,0.896551724137931,0.896551724137931
2025-04-30,lag1,0.04874444444444445,0.0645078246761154,0.922756949344456,0.9310344827586207,0.9310344827586207
2025-05-01,lag1,0.053103472222222226,0.06502625911891288,0.9215310774033485,0.9655172413793104,0.9655172413793104
2025-05-02,lag1,0.16221666666666668,0.18412377366265817,0.9103694958684357,0.8275862068965517,0.8275862068965517
2025-05-03,lag1,0.041460416666666666,0.052715530470419984,0.948779083612378,0.9310344827586207,0.9310344827586207
2025-05-04,lag1,0.17637222222222224,0.19627946311035416,0.8957184783738095,0.8620689655172413,0.8620689655172413
2025-05-05,lag1,0.04749097222222222,0.05917537318569834,0.9306986899129264,0.9310344827586207,0.9310344827586207
2025-05-06,lag1,0.03635555555555555,0.04752714721316883,0.9529890141246967,0.9310344827586207,0.9310344827586207
2025-05-07,lag1,0.040886111111111116,0.05265232927210132,0.934724704781151,0.896551724137931,0.896551724137931
2025-05-08,lag1,0.04214375,0.05165707639488192,0.9407300085604395,0.896551724137931,0.896551724137931
2025-05-09,lag1,0.19492083333333332,0.21736722160385125,0.8980012599512007,0.8620689655172413,0.8620689655172413
2025-05-10,lag1,0.03745555555555555,0.04982040244719024,0.9382651795153529,0.896551724137931,0.896551724137931
2025-05-11,lag1,0.18547430555555555,0.20535778720050743,0.8973970987047083,0.8275862068965517,0.8275862068965517
2025-05-12,lag1,0.04276319444444446,0.056328921794718885,0.9403171177513914,0.8620689655172413,0.8620689655172413
2025-05-13,lag1,0.04876875000000001,0.06199978886612796,0.928383468656807,0.8620689655172413,0.8620689655172413
2025-05-14,lag1,0.03870555555555556,0.04793145423994098,0.9459395101267599,0.896551724137931,0.896551724137931
2025-05-15,lag1,0.0394298611111111,0.0483972702111275,0.936252730405779,0.9310344827586207,0.9310344827586207
2025-05-16,lag1,0.20739166666666667,0.23350415086722168,0.8944449356557803,0.7931034482758621,0.7931034482758621
2025-05-17,lag1,0.048451388888888884,0.0650776000462354,0.9415860525196714,0.896551724137931,0.896551724137931
2025-05-18,lag1,0.17726527777777779,0.1996144707791608,0.8858813600192912,0.8275862068965517,0.8275862068965517
2025-05-19,lag1,0.04707152777777779,0.06896056290454067,0.9067679446989791,0.9310344827586207,0.9310344827586207
2025-05-20,lag1,0.054669444444444444,0.0729882172758803,0.9041033678964714,0.9310344827586207,0.9310344827586207
2025-05-21,lag1,0.049981250000000005,0.0658135566286393,0.9145313314827279,0.9310344827586207,0.9310344827586207
2025-05-22,lag1,0.04233680555555555,0.052312392970818425,0.9347426590645496,0.9310344827586207,0.9310344827586207
2025-05-23,lag1,0.1894076388888889,0.21288113026992317,0.8936828641679141,0.8275862068965517,0.8275862068965517
2025-05-24,lag1,0.037616666666666666,0.050343019211538484,0.9502581688154551,0.9310344827586207,0.9310344827586207
2025-05-25,lag1,0.18475694444444443,0.2077061907278323,0.9298960392015376,0.8620689655172413,0.8620689655172413
2025-05-26,lag1,0.053907638888888894,0.0670829932703596,0.9229109082199868,0.896551724137931,0.896551724137931
2025-05-27,lag1,0.04281180555555556,0.05454260248751531,0.9296518158764367,0.9310344827586207,0.9310344827586207
2025-05-28,lag1,0.04697222222222223,0.06082385885123991,0.9132030580472862,0.9310344827586207,0.9310344827586207
2025-05-29,lag1,0.04487291666666667,0.05480858927516137,0.9455556415179303,0.9310344827586207,0.9310344827586207
2025-05-30,lag1,0.1989125,0.2267995884769929,0.8995682591615083,0.8620689655172413,0.8620689655172413
2025-05-31,lag1,0.04305208333333334,0.05793810334697232,0.9435544074707506,0.896551724137931,0.896551724137931
2025-06-01,lag1,0.25334930555555557,0.27817919147456815,0.872026838705969,0.8275862068965517,0.8275862068965517
2025-06-02,lag1,0.05455277777777777,0.07507955132909211,0.9246974968832504,0.896551724137931,0.896551724137931
2025-06-03,lag1,0.04280069444444445,0.05713741902446923,0.9437344264930472,0.9310344827586207,0.9310344827586207
2025-06-04,lag1,0.03931388888888889,0.0517593147816571,0.9446506403255154,0.9310344827586207,0.9310344827586207
2025-06-05,lag1,0.04202291666666667,0.05393707818169036,0.9586747796591095,0.896551724137931,0.896551724137931
2025-06-06,lag1,0.17278680555555556,0.1942777477321808,0.921924248224829,0.7586206896551724,0.7586206896551724
2025-06-07,lag1,0.04371944444444445,0.05486746404847878,0.931932448890431,0.7931034482758621,0.7931034482758621
2025-06-08,lag1,0.14720208333333332,0.16359151214907888,0.9314552632123635,0.8275862068965517,0.8275862068965517
2025-06-09,lag1,0.04471319444444444,0.05840795405783549,0.9495246047123496,0.7931034482758621,0.7931034482758621
2025-06-10,lag1,0.03947708333333334,0.050529385702227224,0.949286378137175,0.8620689655172413,0.8620689655172413
2025-06-11,lag1,0.04289791666666667,0.05354291049138895,0.9537807062762218,0.8620689655172413,0.8620689655172413
2025-06-12,lag1,0.04488125,0.05632594071315828,0.9502761542771283,0.8620689655172413,0.8620689655172413
2025-06-13,lag1,0.18267222222222224,0.20694639939419635,0.918268984413848,0.8275862068965517,0.8275862068965517
2025-06-14,lag1,0.04363402777777778,0.057838709524369966,0.9452946265215362,0.8620689655172413,0.8620689655172413
2025-06-15,lag1,0.18104166666666668,0.2084069966435868,0.925053025439616,0.7931034482758621,0.7931034482758621
2025-06-16,lag1,0.040543749999999996,0.05182592859756591,0.9597227301792955,1.0,1.0
2025-06-17,lag1,0.04537638888888889,0.05764253710007335,0.9459376635894098,0.7931034482758621,0.7931034482758621
2025-06-18,lag1,0.04109305555555556,0.05401608171029563,0.9643888799025042,0.7931034482758621,0.7931034482758621
2025-06-19,lag1,0.040307638888888886,0.05327133310285707,0.9581844634070604,0.9310344827586207,0.9310344827586207
2025-06-20,lag1,0.18673958333333335,0.2084250409819639,0.9060662569998883,0.8275862068965517,0.8275862068965517
2025-06-21,lag1,0.04300902777777778,0.056572152184425316,0.9497004856934443,0.896551724137931,0.896551724137931
2025-06-22,lag1,0.1982604166666667,0.2269955801393009,0.880180210956135,0.7931034482758621,0.7931034482758621
2025-06-23,lag1,0.039556944444444436,0.051328120676898174,0.9483017775992845,0.8275862068965517,0.8275862068965517
2025-06-24,lag1,0.05414305555555554,0.0742302152840143,0.9487630076896078,0.7931034482758621,0.7931034482758621
2025-06-25,lag1,0.04056041666666666,0.052280871395653766,0.9705871123464503,0.896551724137931,0.896551724137931
2025-06-26,lag1,0.04212361111111112,0.054960672808432365,0.9638452774018282,0.9310344827586207,0.9310344827586207
2025-06-27,lag1,0.20090277777777776,0.22567017691755376,0.896656910592784,0.8275862068965517,0.8275862068965517
2025-06-28,lag1,0.03815486111111111,0.04787028987563975,0.9608580543070837,0.8620689655172413,0.8620689655172413
2025-06-29,lag1,0.18927291666666665,0.21618034925214127,0.8897168016061787,0.8275862068965517,0.8275862068965517
2025-06-30,lag1,0.04538888888888889,0.05660583008842817,0.9555097390285692,0.896551724137931,0.896551724137931
2025-07-01,lag1,0.0939611111111111,0.13051052267069416,0.9463536281863998,0.7586206896551724,0.7586206896551724
2025-07-02,lag1,0.04577500000000001,0.05902272043694511,0.944788012949076,0.8620689655172413,0.8620689655172413
2025-07-03,lag1,0.05253680555555557,0.06886251147112711,0.9426779239064156,0.9310344827586207,0.9310344827586207
2025-07-04,lag1,0.21129305555555555,0.24591049862365236,0.8965383506340984,0.8620689655172413,0.8620689655172413
2025-07-05,lag1,0.042357638888888896,0.052263920925965324,0.9681175146692388,0.9655172413793104,0.9655172413793104
2025-07-06,lag1,0.2147423611111111,0.24086818245555897,0.9091712884816333,0.8620689655172413,0.8620689655172413
2025-07-07,lag1,0.042869444444444446,0.05292687696771419,0.9359685796057097,0.896551724137931,0.896551724137931
2025-07-08,lag1,0.044420138888888884,0.05497441260865519,0.9448261934167557,0.896551724137931,0.896551724137931
2025-07-09,lag1,0.038912499999999996,0.05137073312910982,0.9592685438741424,0.9310344827586207,0.9310344827586207
2025-07-10,lag1,0.04583611111111111,0.05546756810164938,0.9415710400224993,0.896551724137931,0.896551724137931
2025-07-11,lag1,0.17199722222222225,0.19884769401898195,0.9291442775672276,0.896551724137931,0.896551724137931
2025-07-12,lag1,0.04803958333333333,0.059272572470091274,0.9549160685924418,0.9310344827586207,0.9310344827586207
2025-07-13,lag1,0.16058611111111112,0.1799844075036625,0.96335801318071,0.896551724137931,0.896551724137931
2025-07-14,lag1,0.042824999999999995,0.05488844115314463,0.966614420062696,0.9310344827586207,0.9310344827586207
2025-07-15,lag1,0.046368055555555565,0.05757824989621612,0.939293465155534,0.9310344827586207,0.9310344827586207
2025-07-16,lag1,0.04078958333333333,0.04982430450537613,0.9448446114109457,0.9310344827586207,0.9310344827586207
2025-07-17,lag1,0.047514583333333325,0.0599552141880365,0.9333392278338313,0.8620689655172413,0.8620689655172413
2025-07-18,lag1,0.18072083333333333,0.2015474275587648,0.9487650171766018,0.8620689655172413,0.8620689655172413
2025-07-19,lag1,0.04077569444444445,0.05524248252024885,0.9705810838800321,0.896551724137931,0.896551724137931
2025-07-20,lag1,0.1880951388888889,0.20889965078291112,0.9324419232075251,0.8275862068965517,0.8275862068965517
2025-07-21,lag1,0.04440833333333334,0.05610584986335106,0.9265740624455207,0.8275862068965517,0.8275862068965517
2025-07-22,lag1,0.04219444444444444,0.05565604938668691,0.9378333870876864,0.8620689655172413,0.8620689655172413
2025-07-23,lag1,0.04199791666666666,0.05465129420547452,0.9449378865780939,0.9310344827586207,0.9310344827586207
2025-07-24,lag1,0.042561805555555554,0.05356347286164331,0.9389274934810914,0.896551724137931,0.896551724137931
2025-07-25,lag1,0.2016548611111111,0.22553553689558056,0.9112277285624584,0.8620689655172413,0.8620689655172413
2025-07-26,lag1,0.0499125,0.0639180595241543,0.9515501714602849,0.896551724137931,0.896551724137931
2025-07-27,lag1,0.18945,0.21193713330188796,0.9613133215041426,0.8275862068965517,0.8275862068965517
2025-07-28,lag1,0.04373888888888889,0.055565090709505334,0.9320822243460546,0.896551724137931,0.896551724137931
2025-07-29,lag1,0.042246527777777786,0.05355342542732444,0.9663922031604185,0.9310344827586207,0.9310344827586207
2025-07-30,lag1,0.04651041666666667,0.057845533655494004,0.9550485143277069,0.896551724137931,0.896551724137931
2025-07-31,lag1,0.04428333333333333,0.05587624594683424,0.9420932749109774,0.896551724137931,0.896551724137931
2025-08-01,lag1,0.2158409722222222,0.24746518905023118,0.9025134736513425,0.896551724137931,0.896551724137931
2025-08-02,lag1,0.04388333333333334,0.05656829574358179,0.9471876730047312,0.896551724137931,0.896551724137931
2025-08-03,lag1,0.17318541666666665,0.1937476714913842,0.9374426039778673,0.8275862068965517,0.8275862068965517
2025-08-04,lag1,0.04318263888888889,0.05461031330659479,0.9426551027051793,0.9310344827586207,0.9310344827586207
2025-08-05,lag1,0.03781805555555554,0.04907125629576284,0.9557098174683833,0.9655172413793104,0.9655172413793104
2025-08-06,lag1,0.045816666666666665,0.05737392821560059,0.9528322266067423,0.9310344827586207,0.9310344827586207
2025-08-07,lag1,0.04783125,0.06006370402886145,0.9517821223119589,0.9310344827586207,0.9310344827586207
2025-08-08,lag1,0.2036402777777778,0.2263954820784981,0.9476817964927129,0.8275862068965517,0.8275862068965517
2025-08-09,lag1,0.051200694444444445,0.06443584287663368,0.9583443436468381,0.896551724137931,0.896551724137931
2025-08-10,lag1,0.19626319444444443,0.2199583642735345,0.9526785481060713,0.7931034482758621,0.7931034482758621
2025-08-11,lag1,0.045200000000000004,0.05692092224207975,0.9575515584609771,0.9310344827586207,0.9310344827586207
2025-08-12,lag1,0.04621736111111111,0.059238986904271464,0.9617473710882113,0.896551724137931,0.896551724137931
2025-08-13,lag1,0.038116666666666674,0.04843508112239861,0.9538902698561778,1.0,1.0
2025-08-14,lag1,0.04219375,0.056408945187994976,0.9343490619218021,0.8620689655172413,0.8620689655172413
2025-08-15,lag1,0.2003451388888889,0.22539402088959187,0.9431645662468577,0.7931034482758621,0.7931034482758621
2025-08-16,lag1,0.043604861111111115,0.052421562436971804,0.95394338248271,0.9310344827586207,0.9310344827586207
2025-08-17,lag1,0.1931743055555556,0.21910508497953415,0.9387687435463996,0.8620689655172413,0.8620689655172413
2025-08-18,lag1,0.04125833333333333,0.05193254973734894,0.9679968169652893,0.896551724137931,0.896551724137931
2025-08-19,lag1,0.042669444444444454,0.052143685033653776,0.9590756323633991,0.9310344827586207,0.9310344827586207
2025-08-20,lag1,0.046922222222222226,0.05747960024603899,0.945531746438906,0.9310344827586207,0.9310344827586207
2025-08-21,lag1,0.04284444444444445,0.054202275474989674,0.9547402836192501,0.9310344827586207,0.9310344827586207
2025-08-22,lag1,0.18720416666666667,0.20968002242835523,0.9323232272529857,0.8275862068965517,0.8275862068965517
2025-08-23,lag1,0.04431736111111109,0.057593431941305395,0.9601105222218391,0.8620689655172413,0.8620689655172413
2025-08-24,lag1,0.18182500000000001,0.20175750674455162,0.9521219197048463,0.7586206896551724,0.7586206896551724
2025-08-25,lag1,0.04449374999999999,0.06082943994390289,0.9527629466340058,0.8620689655172413,0.8620689655172413
2025-08-26,lag1,0.03935277777777778,0.051358481394129164,0.9478738603686607,0.896551724137931,0.896551724137931
2025-08-27,lag1,0.045841666666666656,0.05659199860011621,0.9479089740850801,0.896551724137931,0.896551724137931
2025-08-28,lag1,0.05223680555555556,0.07165148627984706,0.9395403887966756,0.8620689655172413,0.8620689655172413
2025-08-29,lag1,0.1997875,0.2305902676345595,0.9021298571874521,0.8620689655172413,0.8620689655172413
2025-08-30,lag1,0.05040902777777778,0.0631273453909723,0.9483893461034307,0.8620689655172413,0.8620689655172413
2025-08-31,lag1,0.19464722222222225,0.2237855440421079,0.9202987303062381,0.8620689655172413,0.8620689655172413
2025-09-01,lag1,0.09944930555555555,0.14103224045310428,0.9196161057323227,0.7586206896551724,0.7586206896551724
2025-09-02,lag1,0.04047013888888889,0.05022529312452487,0.9359853386888444,0.9310344827586207,0.9310344827586207
2025-09-03,lag1,0.04666527777777777,0.05987980785614537,0.9284662174808102,0.8275862068965517,0.8275862068965517
2025-09-04,lag1,0.04569513888888889,0.05771715215408482,0.9398499715676312,0.9310344827586207,0.9310344827586207
2025-09-05,lag1,0.19848541666666664,0.22601983489041153,0.9143631087856884,0.7586206896551724,0.7586206896551724
2025-09-06,lag1,0.048994444444444445,0.059671771196921734,0.9367618837118393,0.896551724137931,0.896551724137931
2025-09-07,lag1,0.19396527777777778,0.22164877935348276,0.8999030418769373,0.8275862068965517,0.8275862068965517
2025-09-08,lag1,0.050402777777777776,0.062038455815727714,0.9040344668978259,0.896551724137931,0.896551724137931
2025-09-09,lag1,0.046372222222222224,0.060809304615147323,0.9270571260940356,0.9655172413793104,0.9655172413793104
2025-09-10,lag1,0.0509875,0.06814288093573842,0.9326649766891196,0.896551724137931,0.896551724137931
2025-09-11,lag1,0.05063611111111112,0.0684519722141006,0.9037606540482156,0.9310344827586207,0.9310344827586207
2025-09-12,lag1,0.17841875,0.19934946928140482,0.9390431005644376,0.8620689655172413,0.8620689655172413
2025-09-13,lag1,0.04193194444444445,0.05424541199237243,0.9538781202400138,0.9655172413793104,0.9655172413793104
2025-09-14,lag1,0.20954305555555558,0.239760397179258,0.8784694033460814,0.8275862068965517,0.8275862068965517
2025-09-15,lag1,0.04173125,0.05651929058589937,0.9265649459513232,0.9310344827586207,0.9310344827586207
2025-09-16,lag1,0.04317291666666667,0.056093319442792035,0.9161087817804913,0.9310344827586207,0.9310344827586207
2025-09-17,lag1,0.041100000000000005,0.051991760832313084,0.937193174944789,0.896551724137931,0.896551724137931
2025-09-18,lag1,0.03873472222222222,0.04901961058823522,0.9417196252296833,1.0,1.0
2025-09-19,lag1,0.17686805555555557,0.19891007983787828,0.909773952606034,0.7931034482758621,0.7931034482758621
2025-09-20,lag1,0.04349930555555555,0.05314762394082689,0.955011655011655,0.896551724137931,0.896551724137931
2025-09-21,lag1,0.18665486111111113,0.20611348596640208,0.8953156806458086,0.8620689655172413,0.8620689655172413
2025-09-22,lag1,0.03405833333333332,0.041656945532661305,0.952228326614929,0.9310344827586207,0.9310344827586207
2025-09-23,lag1,0.03880416666666667,0.05031536793068297,0.9492913509263856,0.9655172413793104,0.9655172413793104
2025-09-24,lag1,0.04292013888888889,0.0552187864317933,0.9337218356777991,0.896551724137931,0.896551724137931
2025-09-25,lag1,0.03577569444444444,0.04495948407547992,0.9303602306493629,0.896551724137931,0.896551724137931
2025-09-26,lag1,0.18497013888888889,0.2030979116980554,0.9168906407152775,0.8620689655172413,0.8620689655172413
2025-09-27,lag1,0.04585208333333332,0.05968337347573815,0.9313991353183058,0.8275862068965517,0.8275862068965517
2025-09-28,lag1,0.18981805555555556,0.21702918678524938,0.8731768876241549,0.7586206896551724,0.7586206896551724
2025-09-29,lag1,0.03552569444444445,0.044858310112075236,0.9397662751832634,0.9310344827586207,0.9310344827586207
2025-09-30,lag1,0.04045902777777778,0.0513315712630476,0.9231639496626196,0.9310344827586207,0.9310344827586207
2025-10-01,lag1,0.07249513888888888,0.09058194379492343,0.9118839158524878,0.896551724137931,0.896551724137931
2025-10-02,lag1,0.034781944444444456,0.0458612672451747,0.9620979888054784,0.9310344827586207,0.9310344827586207
2025-10-03,lag1,0.18411875,0.20566913575638365,0.9341629859474931,0.8620689655172413,0.8620689655172413
2025-10-04,lag1,0.04485486111111111,0.05638936377742013,0.9552165324663058,0.896551724137931,0.896551724137931
2025-10-05,lag1,0.16695555555555558,0.1849754792308069,0.9365423529908227,0.8275862068965517,0.8275862068965517
2025-10-06,lag1,0.04241875,0.054689637577271744,0.9330076621808179,0.9310344827586207,0.9310344827586207
2025-10-07,lag1,0.0384,0.04986004022372135,0.9488756419059144,0.896551724137931,0.896551724137931
2025-10-08,lag1,0.03869722222222223,0.04794393137359051,0.9472117868461767,0.9310344827586207,0.9310344827586207
2025-10-09,lag1,0.03830277777777777,0.04916010973227062,0.94339577143743,0.9655172413793104,0.9655172413793104
2025-10-10,lag1,0.1982715277777778,0.2207267250533514,0.9295283031194941,0.7586206896551724,0.7586206896551724
2025-10-11,lag1,0.04255416666666666,0.05749923912540061,0.9658557366446581,0.9310344827586207,0.9310344827586207
2025-10-12,lag1,0.18321319444444445,0.20759900499520703,0.9024440481278575,0.7931034482758621,0.7931034482758621
2025-10-13,lag1,0.03480763888888889,0.04437274016155014,0.9453325322142083,0.9310344827586207,0.9310344827586207
2025-10-14,lag1,0.037866666666666667,0.047625464418849614,0.9448111776330885,0.896551724137931,0.896551724137931
2025-10-15,lag1,0.03761944444444444,0.046630295350173843,0.9467214720701186,0.9310344827586207,0.9310344827586207
2025-10-16,lag1,0.0365388888888889,0.050043859929732315,0.9472379101744092,0.9655172413793104,0.9655172413793104
2025-10-17,lag1,0.1934145833333333,0.2209754629101008,0.8962679698915688,0.7586206896551724,0.7586206896551724
2025-10-18,lag1,0.039234027777777784,0.047523277191288064,0.9512648237669523,0.896551724137931,0.896551724137931
2025-10-19,lag1,0.20672569444444444,0.23110014649137142,0.909050719395547,0.8620689655172413,0.8620689655172413
2025-10-20,lag1,0.03930277777777778,0.05248793512163851,0.9355236717305683,0.9310344827586207,0.9310344827586207
2025-10-21,lag1,0.03669583333333334,0.04731781876019035,0.943521421107628,0.896551724137931,0.896551724137931
2025-10-22,lag1,0.03156944444444445,0.040928436867836086,0.9582790772445946,0.9310344827586207,0.9310344827586207
2025-10-23,lag1,0.038418749999999995,0.04847608588549387,0.941726834112572,0.9310344827586207,0.9310344827586207
2025-10-24,lag1,0.1849777777777778,0.20667307684951236,0.9101374895004001,0.896551724137931,0.896551724137931
2025-10-25,lag1,0.034929861111111106,0.04526893327044988,0.9612579827103237,0.896551724137931,0.896551724137931
2025-10-26,lag1,0.1888715277777778,0.21128555404291657,0.9023486952362962,0.8620689655172413,0.8620689655172413
2025-10-27,lag1,0.04054166666666666,0.05029856138874926,0.9264293788153681,0.9655172413793104,0.9655172413793104
2025-10-28,lag1,0.041169444444444446,0.05113727304466326,0.9087449109612069,0.9310344827586207,0.9310344827586207
2025-10-29,lag1,0.03730972222222222,0.05139973384064248,0.9435565303803999,0.896551724137931,0.896551724137931
2025-10-30,lag1,0.04117708333333333,0.05380930255696189,0.9471626075074351,0.9310344827586207,0.9310344827586207
2025-10-31,lag1,0.17422777777777776,0.19342873687743506,0.9043775664918624,0.896551724137931,0.896551724137931
2025-11-01,lag1,0.03808333333333334,0.04939582050470802,0.9359735390001174,0.8275862068965517,0.8275862068965517
2025-11-02,lag1,0.1981701388888889,0.2189166646047456,0.9034539163024281,0.8620689655172413,0.8620689655172413
2025-11-03,lag1,0.03975416666666666,0.05082059266565954,0.9518937943913887,0.8620689655172413,0.8620689655172413
2025-11-04,lag1,0.04292430555555555,0.055587596663084625,0.9314331588095253,0.9310344827586207,0.9310344827586207
2025-11-05,lag1,0.03376458333333334,0.04334814730758398,0.9499202731430776,0.896551724137931,0.896551724137931
2025-11-06,lag1,0.03562152777777778,0.04577817362625507,0.9509481318311088,0.8620689655172413,0.8620689655172413
2025-11-07,lag1,0.19990694444444446,0.2253424788577994,0.8893142311139982,0.9655172413793104,0.9655172413793104
2025-11-08,lag1,0.03789861111111112,0.050200603139360346,0.9496189495370396,0.896551724137931,0.896551724137931
2025-11-09,lag1,0.1930263888888889,0.21861748938881048,0.8961072104640327,0.896551724137931,0.896551724137931
2025-11-10,lag1,0.03613472222222222,0.045747777723804985,0.9593851761876161,0.896551724137931,0.896551724137931
2025-11-11,lag1,0.03625277777777779,0.04644472222139155,0.9622999805099014,0.896551724137931,0.896551724137931
2025-11-12,lag1,0.03409583333333333,0.04161801159220475,0.9601528817552487,0.9655172413793104,0.9655172413793104
2025-11-13,lag1,0.03539513888888889,0.04417394201084818,0.9655673401166514,0.896551724137931,0.896551724137931
2025-11-14,lag1,0.18954791666666668,0.21111531587552387,0.9127056213571252,0.896551724137931,0.896551724137931
2025-11-15,lag1,0.036750694444444454,0.044995614755465034,0.924705383526862,0.896551724137931,0.896551724137931
2025-11-16,lag1,0.19181180555555558,0.2201554316777631,0.89259282331348,0.9310344827586207,0.9310344827586207
2025-11-17,lag1,0.03490833333333335,0.04365824028112499,0.9605485128438581,0.9310344827586207,0.9310344827586207
2025-11-18,lag1,0.04432569444444445,0.05932777654222721,0.9421976527115064,0.896551724137931,0.896551724137931
2025-11-19,lag1,0.03609027777777777,0.04600923065598418,0.9579794106968784,0.8620689655172413,0.8620689655172413
2025-11-20,lag1,0.041656944444444434,0.05077332386860906,0.9486301232225962,0.9310344827586207,0.9310344827586207
2025-11-21,lag1,0.1885451388888889,0.21233794523379734,0.9045677965420508,0.9655172413793104,0.9655172413793104
2025-11-22,lag1,0.037567361111111114,0.04682495254194665,0.9127498302052262,0.9655172413793104,0.9655172413793104
2025-11-23,lag1,0.18990277777777778,0.21232287454618626,0.9013702704187286,0.896551724137931,0.896551724137931
2025-11-24,lag1,0.04125763888888888,0.05414526820918374,0.9543282466371137,0.896551724137931,0.896551724137931
2025-11-25,lag1,0.036827777777777765,0.04796723418705267,0.9581322165911768,0.9655172413793104,0.9655172413793104
2025-11-26,lag1,0.03875972222222221,0.04978374623196699,0.9544919745803719,0.896551724137931,0.896551724137931
2025-11-27,lag1,0.03602986111111111,0.044785740693265796,0.9599778955569891,0.9310344827586207,0.9310344827586207
2025-11-28,lag1,0.19473819444444443,0.217832329601105,0.9008114332104864,0.9310344827586207,0.9310344827586207
2025-11-29,lag1,0.04039027777777779,0.05073203705089451,0.9343396234040555,0.896551724137931,0.896551724137931
2025-11-30,lag1,0.18943055555555555,0.21223549485837137,0.9397050460552102,0.896551724137931,0.896551724137931
2025-12-01,lag1,0.07713402777777777,0.11350915253112118,0.9460653204431325,0.6206896551724138,0.6206896551724138
2025-12-02,lag1,0.03118055555555556,0.042587618831977175,0.9785929157481628,0.9655172413793104,0.9655172413793104
2025-12-03,lag1,0.03822291666666667,0.04674185683683903,0.972062997668378,0.896551724137931,0.896551724137931
2025-12-04,lag1,0.036837499999999995,0.04728360944579233,0.976147319947277,0.9310344827586207,0.9310344827586207
2025-12-05,lag1,0.18790833333333332,0.20830670663177836,0.9528082075483143,0.8620689655172413,0.8620689655172413
2025-12-06,lag1,0.03640000000000001,0.048426431889574066,0.9692859374832202,0.9655172413793104,0.9655172413793104
2025-12-07,lag1,0.1838020833333333,0.20673091054556886,0.9560061731620174,0.8620689655172413,0.8620689655172413
2025-12-08,lag1,0.039718055555555555,0.047773640163215995,0.9731692515442953,0.9655172413793104,0.9655172413793104
2025-12-09,lag1,0.03641597222222223,0.04759062334699511,0.9840787881954352,0.8620689655172413,0.8620689655172413
2025-12-10,lag1,0.03925138888888889,0.04863289496032725,0.9796840273451787,0.9310344827586207,0.9310344827586207
2025-12-11,lag1,0.0363263888888889,0.04831756208207898,0.9801050360859263,0.9310344827586207,0.9310344827586207
2025-12-12,lag1,0.1749513888888889,0.19480595188260777,0.9569437313562135,0.8275862068965517,0.8275862068965517
2025-12-13,lag1,0.03670277777777778,0.04736300566428987,0.9579565126969234,0.9655172413793104,0.9655172413793104
2025-12-14,lag1,0.19104097222222224,0.2164513415617674,0.9605064720680601,0.8275862068965517,0.8275862068965517
2025-12-15,lag1,0.034593055555555564,0.043558885749956665,0.9761755007163442,0.9655172413793104,0.9655172413793104
2025-12-16,lag1,0.03175416666666667,0.0398398460505727,0.9733783457921389,0.9310344827586207,0.9310344827586207
2025-12-17,lag1,0.033590277777777774,0.04085812002799716,0.973245719797444,0.896551724137931,0.896551724137931
2025-12-18,lag1,0.037243055555555564,0.04740942534044376,0.9706122604822242,0.9310344827586207,0.9310344827586207
2025-12-19,lag1,0.18495138888888887,0.2080688858287082,0.9612098718052755,0.8275862068965517,0.8275862068965517
2025-12-20,lag1,0.03340555555555554,0.04358174311949136,0.9733863837312113,0.9310344827586207,0.9310344827586207
2025-12-21,lag1,0.19136805555555556,0.21557957315365275,0.9613695871926558,0.8275862068965517,0.8275862068965517
2025-12-22,lag1,0.03243541666666666,0.042876360522631426,0.9743880346883225,1.0,1.0
2025-12-23,lag1,0.03558263888888888,0.045070696781094176,0.9752169247544998,0.9655172413793104,0.9655172413793104
2025-12-24,lag1,0.03270555555555555,0.041240786849913516,0.9802256055393945,0.9310344827586207,0.9310344827586207
2025-12-25,lag1,0.03799652777777777,0.05070113068539772,0.9776575211578775,0.9310344827586207,0.9310344827586207
2025-12-26,lag1,0.18707708333333334,0.21150479588074486,0.9580087593533886,0.8275862068965517,0.8275862068965517
2025-12-27,lag1,0.04292916666666667,0.05357629943464844,0.9475815324150073,0.9655172413793104,0.9655172413793104
2025-12-28,lag1,0.18561944444444445,0.20593485687900864,0.9665208781077885,0.8275862068965517,0.8275862068965517
2025-12-29,lag1,0.03785902777777778,0.04907644334776785,0.9803039360985581,0.9655172413793104,0.9655172413793104
2025-12-30,lag1,0.03546319444444444,0.04550097907982006,0.981707586641266,0.9310344827586207,0.9310344827586207
2025-12-31,lag1,0.03728402777777778,0.046862663561849656,0.9712722903013352,0.9310344827586207,0.9310344827586207
2025-02-01,lag7,0.06873541666666666,0.10102177467424205,0.9435916397227708,0.6896551724137931,0.6896551724137931
2025-02-02,lag7,0.08953333333333334,0.1287576890907879,0.9519069044025888,0.7586206896551724,0.7586206896551724
2025-02-03,lag7,0.07108055555555556,0.10751529348577966,0.9504911697992595,0.6896551724137931,0.6896551724137931
2025-02-04,lag7,0.07368194444444445,0.11377451384207274,0.9474185526618031,0.7241379310344828,0.7241379310344828
2025-02-05,lag7,0.06524097222222222,0.09749213536656859,0.9646359757137809,0.7586206896551724,0.7586206896551724
2025-02-06,lag7,0.07718055555555556,0.11654362440257679,0.9564705409532996,0.7241379310344828,0.7241379310344828
2025-02-07,lag7,0.07706458333333334,0.10972363926651763,0.9365583014177796,0.7931034482758621,0.7931034482758621
2025-02-08,lag7,0.03434583333333333,0.04565232591129516,0.9370617426108216,0.9655172413793104,0.9655172413793104
2025-02-09,lag7,0.03652777777777778,0.046242529426684456,0.9638443089831938,0.9655172413793104,0.9655172413793104
2025-02-10,lag7,0.043136111111111104,0.05560843760917342,0.9631741821396993,0.9310344827586207,0.9310344827586207
2025-02-11,lag7,0.03953749999999999,0.04943427876146941,0.9695582234900305,0.9310344827586207,0.9310344827586207
2025-02-12,lag7,0.044407638888888885,0.058271485665517965,0.9669468901627244,0.896551724137931,0.896551724137931
2025-02-13,lag7,0.05364305555555556,0.06806296410922268,0.9547996089543531,0.9655172413793104,0.9655172413793104
2025-02-14,lag7,0.04500277777777778,0.05733667989264038,0.9552022860036533,0.9310344827586207,0.9310344827586207
2025-02-15,lag7,0.03733611111111111,0.04603419320944427,0.9406805375892833,0.9310344827586207,0.9310344827586207
2025-02-16,lag7,0.03430486111111111,0.04366656249987576,0.9665781821781878,0.9655172413793104,0.9655172413793104
2025-02-17,lag7,0.0341125,0.04422072477922541,0.9674945743911261,0.9655172413793104,0.9655172413793104
2025-02-18,lag7,0.03575138888888888,0.045141867423096754,0.9653653512892061,0.9310344827586207,0.9310344827586207
2025-02-19,lag7,0.03846666666666668,0.04738348575423956,0.9521731136160871,0.896551724137931,0.896551724137931
2025-02-20,lag7,0.03620069444444445,0.04369670484016947,0.9657160770323088,0.896551724137931,0.896551724137931
2025-02-21,lag7,0.03660833333333333,0.04579889008844356,0.9388220565774601,0.9655172413793104,0.9655172413793104
2025-02-22,lag7,0.033522916666666666,0.04327958605906997,0.9466307234415975,0.8620689655172413,0.8620689655172413
2025-02-23,lag7,0.03893263888888889,0.04819695342492557,0.9685253768313439,0.896551724137931,0.896551724137931
2025-02-24,lag7,0.03705625,0.04584438275902028,0.9604231179649605,0.9655172413793104,0.9655172413793104
2025-02-25,lag7,0.04598472222222222,0.05913070033596949,0.9470848701818252,0.9310344827586207,0.9310344827586207
2025-02-26,lag7,0.03988749999999999,0.05113554020661386,0.9633268292898425,0.8620689655172413,0.8620689655172413
2025-02-27,lag7,0.041761805555555566,0.05533865749987878,0.9650670465959654,0.896551724137931,0.896551724137931
2025-02-28,lag7,0.037295138888888885,0.04832648873949864,0.9400640423443802,0.9310344827586207,0.9310344827586207
2025-03-01,lag7,0.04120347222222223,0.051842309646122485,0.9434278095449548,0.7931034482758621,0.7931034482758621
2025-03-02,lag7,0.04558958333333333,0.05693293752301913,0.9565628899683528,0.896551724137931,0.896551724137931
2025-03-03,lag7,0.042131249999999995,0.050948786241130854,0.9514326162470126,0.896551724137931,0.896551724137931
2025-03-04,lag7,0.04432569444444444,0.05742024118046025,0.9582004973504623,0.896551724137931,0.896551724137931
2025-03-05,lag7,0.03601388888888889,0.04386169076388491,0.9635750377537193,0.9310344827586207,0.9310344827586207
2025-03-06,lag7,0.03754791666666667,0.04851642834591645,0.9621261216770307,0.9310344827586207,0.9310344827586207
2025-03-07,lag7,0.04369097222222223,0.057713396889765164,0.9225884627209684,0.896551724137931,0.896551724137931
2025-03-08,lag7,0.040070138888888884,0.05101414632236827,0.9374866871099072,0.8275862068965517,0.8275862068965517
2025-03-09,lag7,0.050635416666666676,0.06951885086075575,0.9486384192546162,0.9310344827586207,0.9310344827586207
2025-03-10,lag7,0.041366666666666656,0.0529231662675031,0.9609787808247564,0.896551724137931,0.896551724137931
2025-03-11,lag7,0.03928194444444445,0.05262016538890348,0.9534853111249221,0.9310344827586207,0.9310344827586207
2025-03-12,lag7,0.040403472222222216,0.050815199634448825,0.9430259113799211,0.9655172413793104,0.9655172413793104
2025-03-13,lag7,0.045145833333333336,0.0584477413782793,0.9491387824739157,0.8275862068965517,0.8275862068965517
2025-03-14,lag7,0.04711180555555555,0.05765897889507081,0.9421437449076723,0.8620689655172413,0.8620689655172413
2025-03-15,lag7,0.04032291666666667,0.05247324119650574,0.9322791544469212,0.7931034482758621,0.7931034482758621
2025-03-16,lag7,0.04234305555555556,0.05275299622875568,0.9277539262864644,0.9310344827586207,0.9310344827586207
2025-03-17,lag7,0.05467847222222222,0.07513434957535142,0.9387718193068307,0.9310344827586207,0.9310344827586207
2025-03-18,lag7,0.03752638888888889,0.04669197230550213,0.948948834295117,0.9310344827586207,0.9310344827586207
2025-03-19,lag7,0.04139513888888889,0.05166645900495903,0.9427776817686754,0.9655172413793104,0.9655172413793104
2025-03-20,lag7,0.046613194444444436,0.059286017533647845,0.9518115021019012,0.8275862068965517,0.8275862068965517
2025-03-21,lag7,0.04562291666666667,0.057265638936257204,0.9421747177178277,0.896551724137931,0.896551724137931
2025-03-22,lag7,0.047354861111111105,0.064209893989253,0.9141816800754557,0.8620689655172413,0.8620689655172413
2025-03-23,lag7,0.044475,0.05656533832657593,0.9489418523730485,0.8620689655172413,0.8620689655172413
2025-03-24,lag7,0.038775694444444446,0.04797923089444247,0.933717949881512,0.9310344827586207,0.9310344827586207
2025-03-25,lag7,0.036240972222222216,0.044594197274483535,0.9390720545297074,0.9310344827586207,0.9310344827586207
2025-03-26,lag7,0.04317152777777778,0.05572993846817585,0.9278439907019217,0.9655172413793104,0.9655172413793104
2025-03-27,lag7,0.03610416666666667,0.04593220547720303,0.9456784392691433,0.9310344827586207,0.9310344827586207
2025-03-28,lag7,0.034181944444444445,0.04468155224598974,0.9581501758818748,0.8620689655172413,0.8620689655172413
2025-03-29,lag7,0.0455875,0.06120783355820469,0.9444998171361513,0.896551724137931,0.896551724137931
2025-03-30,lag7,0.04034583333333333,0.05423801070794868,0.9512124789635809,0.9310344827586207,0.9310344827586207
2025-03-31,lag7,0.03881388888888889,0.04993327214059446,0.948492886423921,0.9655172413793104,0.9655172413793104
2025-04-01,lag7,0.04680694444444446,0.06007386194418409,0.9264806948041163,0.896551724137931,0.896551724137931
2025-04-02,lag7,0.04866458333333333,0.06689778428069697,0.9272903743108564,0.9310344827586207,0.9310344827586207
2025-04-03,lag7,0.04193541666666667,0.05375629614287056,0.945268503140809,0.9655172413793104,0.9655172413793104
2025-04-04,lag7,0.04014861111111111,0.050564011960638124,0.9628031705878524,0.8620689655172413,0.8620689655172413
2025-04-05,lag7,0.044040277777777775,0.05739312168428083,0.9385506518303701,0.8620689655172413,0.8620689655172413
2025-04-06,lag7,0.04000277777777777,0.04987937811471902,0.9443561943061826,0.896551724137931,0.896551724137931
2025-04-07,lag7,0.03646041666666666,0.04878871753113964,0.938409168093624,0.9655172413793104,0.9655172413793104
2025-04-08,lag7,0.05653611111111112,0.0726005461794576,0.914773389493807,0.896551724137931,0.896551724137931
2025-04-09,lag7,0.03942847222222221,0.04960299680126863,0.9589540991644528,0.896551724137931,0.896551724137931
2025-04-10,lag7,0.03784513888888888,0.046961252497256835,0.9439081905681465,0.9310344827586207,0.9310344827586207
2025-04-11,lag7,0.03910347222222221,0.04772552965191225,0.9612800093260063,0.8620689655172413,0.8620689655172413
2025-04-12,lag7,0.04124166666666667,0.05428639460204452,0.9453468732868079,0.8620689655172413,0.8620689655172413
2025-04-13,lag7,0.03626805555555556,0.04619708835221352,0.949872145893642,0.896551724137931,0.896551724137931
2025-04-14,lag7,0.04096458333333333,0.052459860978550904,0.9322841101362838,0.9310344827586207,0.9310344827586207
2025-04-15,lag7,0.04179027777777779,0.05383440272415649,0.9463605536163127,0.9310344827586207,0.9310344827586207
2025-04-16,lag7,0.038325000000000005,0.048091553312406124,0.943943074974225,0.8620689655172413,0.8620689655172413
2025-04-17,lag7,0.04234861111111111,0.053394412941180774,0.9396510321758226,0.8275862068965517,0.8275862068965517
2025-04-18,lag7,0.038468055555555554,0.05207068379723,0.9632402735346605,0.896551724137931,0.896551724137931
2025-04-19,lag7,0.04772013888888888,0.05873882340496785,0.9310935548638317,0.8620689655172413,0.8620689655172413
2025-04-20,lag7,0.03803402777777778,0.04807716526007377,0.932466770424264,0.9655172413793104,0.9655172413793104
2025-04-21,lag7,0.03788125,0.04898854812323204,0.941161103894165,0.9310344827586207,0.9310344827586207
2025-04-22,lag7,0.04387569444444445,0.056500165314409094,0.9204984346050745,0.8275862068965517,0.8275862068965517
2025-04-23,lag7,0.043645833333333335,0.05387912397209146,0.9487900329097885,0.9310344827586207,0.9310344827586207
2025-04-24,lag7,0.03648402777777778,0.049372871965393215,0.955009374304884,0.896551724137931,0.896551724137931
2025-04-25,lag7,0.04563541666666668,0.05773038688112565,0.9397312906244634,0.9655172413793104,0.9655172413793104
2025-04-26,lag7,0.05186597222222223,0.06603494497865,0.9342059917233456,0.896551724137931,0.896551724137931
2025-04-27,lag7,0.03781458333333334,0.04882404846316345,0.9454935661170457,0.9310344827586207,0.9310344827586207
2025-04-28,lag7,0.053413888888888886,0.07099471224441062,0.9242634477372318,0.9310344827586207,0.9310344827586207
2025-04-29,lag7,0.040277083333333324,0.050326177057493864,0.9351737608462376,0.896551724137931,0.896551724137931
2025-04-30,lag7,0.04531319444444445,0.055088940082782895,0.9493426439971789,0.9310344827586207,0.9310344827586207
2025-05-01,lag7,0.0468763888888889,0.05753756985174509,0.9260514451818397,0.9310344827586207,0.9310344827586207
2025-05-02,lag7,0.05750138888888888,0.07502219208711217,0.9310082208205857,0.9655172413793104,0.9655172413793104
2025-05-03,lag7,0.046698611111111114,0.06224934069262635,0.9627329130183645,0.896551724137931,0.896551724137931
2025-05-04,lag7,0.048580555555555564,0.0621225491356489,0.9260447834694033,0.9310344827586207,0.9310344827586207
2025-05-05,lag7,0.04732291666666666,0.0616859603826781,0.9296830336021026,0.9310344827586207,0.9310344827586207
2025-05-06,lag7,0.04789930555555555,0.05813882870146058,0.9352773147580722,0.896551724137931,0.896551724137931
2025-05-07,lag7,0.05111597222222222,0.06496949978857601,0.9321674232441249,0.896551724137931,0.896551724137931
2025-05-08,lag7,0.048165972222222214,0.061849926457335246,0.9348793047152493,0.896551724137931,0.896551724137931
2025-05-09,lag7,0.044028472222222226,0.05398980549346536,0.9412354550546963,0.9310344827586207,0.9310344827586207
2025-05-10,lag7,0.038777777777777786,0.05028222156543558,0.9501151945365067,0.9310344827586207,0.9310344827586207
2025-05-11,lag7,0.04511458333333333,0.05682303364638127,0.937436575511449,0.896551724137931,0.896551724137931
2025-05-12,lag7,0.047615972222222226,0.06073674581064306,0.9201347164021327,0.9310344827586207,0.9310344827586207
2025-05-13,lag7,0.04342222222222222,0.05628475839672564,0.9264916731598692,0.896551724137931,0.896551724137931
2025-05-14,lag7,0.03858611111111111,0.04779599152183743,0.9462842467817972,0.896551724137931,0.896551724137931
2025-05-15,lag7,0.04259722222222222,0.05231831923693438,0.9195598398047652,0.9310344827586207,0.9310344827586207
2025-05-16,lag7,0.041209722222222224,0.05380310038567584,0.9468920650114604,0.9310344827586207,0.9310344827586207
2025-05-17,lag7,0.04539305555555555,0.0570102403082113,0.9502307907341951,0.896551724137931,0.896551724137931
2025-05-18,lag7,0.03961736111111111,0.05272767760968722,0.942834177316936,0.9310344827586207,0.9310344827586207
2025-05-19,lag7,0.04870763888888889,0.06887034063691311,0.9084767356264715,0.896551724137931,0.896551724137931
2025-05-20,lag7,0.04643055555555556,0.05887124958566599,0.9335802330283298,0.9310344827586207,0.9310344827586207
2025-05-21,lag7,0.04065208333333334,0.05143184608456775,0.9410645299042704,0.8620689655172413,0.8620689655172413
2025-05-22,lag7,0.04014930555555555,0.052179554451698584,0.9310943519089928,0.9310344827586207,0.9310344827586207
2025-05-23,lag7,0.03910416666666667,0.051035223402839905,0.9484233000972476,0.9310344827586207,0.9310344827586207
2025-05-24,lag7,0.0483875,0.0649635709883282,0.9378385981834257,0.9310344827586207,0.9310344827586207
2025-05-25,lag7,0.045456944444444446,0.05872934979869757,0.9302396614421355,0.896551724137931,0.896551724137931
2025-05-26,lag7,0.05254722222222222,0.07058627797871828,0.9081141148521568,0.896551724137931,0.896551724137931
2025-05-27,lag7,0.050470138888888884,0.06385124367970012,0.9085282533558394,0.9310344827586207,0.9310344827586207
2025-05-28,lag7,0.048325,0.06014475362730226,0.9264805470654311,0.9310344827586207,0.9310344827586207
2025-05-29,lag7,0.04184999999999999,0.05271329423294364,0.9281825909265841,0.9310344827586207,0.9310344827586207
2025-05-30,lag7,0.040896527777777775,0.054962739272468336,0.9512959219371426,0.896551724137931,0.896551724137931
2025-05-31,lag7,0.04160277777777777,0.05413121532186601,0.9575637006671491,0.8620689655172413,0.8620689655172413
2025-06-01,lag7,0.08869097222222222,0.11088296413837027,0.9170181597503412,0.896551724137931,0.896551724137931
2025-06-02,lag7,0.07965972222222223,0.09957575215215131,0.8938206209740355,0.896551724137931,0.896551724137931
2025-06-03,lag7,0.07103750000000002,0.08406978913048638,0.9185676392572946,0.9310344827586207,0.9310344827586207
2025-06-04,lag7,0.06965972222222223,0.0924859448781273,0.9365009670698757,0.9310344827586207,0.9310344827586207
2025-06-05,lag7,0.07301527777777778,0.08987236937890186,0.9277013164232806,0.8620689655172413,0.8620689655172413
2025-06-06,lag7,0.09379513888888891,0.11913471453918599,0.9111753925562668,0.7931034482758621,0.7931034482758621
2025-06-07,lag7,0.0908763888888889,0.10670335892349198,0.9133638173133004,0.896551724137931,0.896551724137931
2025-06-08,lag7,0.04480694444444444,0.06253393856316922,0.9579283798819037,0.7931034482758621,0.7931034482758621
2025-06-09,lag7,0.043500694444444446,0.056385398154132065,0.9279567396857313,0.8620689655172413,0.8620689655172413
2025-06-10,lag7,0.03797986111111112,0.04868244107935062,0.9620025761665918,0.9310344827586207,0.9310344827586207
2025-06-11,lag7,0.04755138888888889,0.06151590128666824,0.9449188517372297,0.8620689655172413,0.8620689655172413
2025-06-12,lag7,0.036170833333333326,0.046179028128457714,0.9693632720973882,0.9310344827586207,0.9310344827586207
2025-06-13,lag7,0.04851458333333335,0.06289261295167255,0.9227050130717247,0.7931034482758621,0.7931034482758621
2025-06-14,lag7,0.04346111111111111,0.05724770737767583,0.93234131270299,0.8275862068965517,0.8275862068965517
2025-06-15,lag7,0.05043541666666667,0.06582071345286712,0.9529870518723681,0.7586206896551724,0.7586206896551724
2025-06-16,lag7,0.04233541666666666,0.053708361779149436,0.9488763898182813,0.8620689655172413,0.8620689655172413
2025-06-17,lag7,0.04407083333333333,0.06072067193304105,0.9560484608339793,0.7586206896551724,0.7586206896551724
2025-06-18,lag7,0.0398576388888889,0.05099476756927563,0.9568422089104752,0.8620689655172413,0.8620689655172413
2025-06-19,lag7,0.03952291666666666,0.05108346451859174,0.9615553490246245,0.896551724137931,0.896551724137931
2025-06-20,lag7,0.04507222222222223,0.05532201817038534,0.9361705975616863,0.9655172413793104,0.9655172413793104
2025-06-21,lag7,0.0529,0.06674214269193873,0.931023222681191,0.8620689655172413,0.8620689655172413
2025-06-22,lag7,0.04539097222222222,0.058789188466550166,0.9557872272872503,0.8275862068965517,0.8275862068965517
2025-06-23,lag7,0.04469027777777779,0.05728711436459531,0.9541874900781091,0.896551724137931,0.896551724137931
2025-06-24,lag7,0.04217638888888889,0.05590655397874007,0.9605739088497709,0.7931034482758621,0.7931034482758621
2025-06-25,lag7,0.03923680555555556,0.0484899409671738,0.9548176035420086,0.896551724137931,0.896551724137931
2025-06-26,lag7,0.03955694444444444,0.049819050350019496,0.9596484194895882,0.9655172413793104,0.9655172413793104
2025-06-27,lag7,0.03700208333333334,0.0489902435014701,0.9438467319636933,0.9655172413793104,0.9655172413793104
2025-06-28,lag7,0.03780347222222222,0.04882451498877269,0.9722861072851964,0.896551724137931,0.896551724137931
2025-06-29,lag7,0.04909236111111111,0.06267127698023499,0.950360453145409,0.8275862068965517,0.8275862068965517
2025-06-30,lag7,0.04592847222222222,0.058934275421391624,0.9529185401024628,0.8620689655172413,0.8620689655172413
2025-07-01,lag7,0.07931041666666666,0.11152873913381149,0.9508147966554881,0.7931034482758621,0.7931034482758621
2025-07-02,lag7,0.08724861111111111,0.11794903207176677,0.9288194584068132,0.7586206896551724,0.7586206896551724
2025-07-03,lag7,0.10380486111111109,0.13762706527868063,0.9535074155278492,0.7586206896551724,0.7586206896551724
2025-07-04,lag7,0.09999375,0.13449863408021825,0.9586537215311259,0.8275862068965517,0.8275862068965517
2025-07-05,lag7,0.08129930555555556,0.10842435439051505,0.9605657916701971,0.7931034482758621,0.7931034482758621
2025-07-06,lag7,0.10673125,0.14842535230995185,0.930095772436466,0.6896551724137931,0.6896551724137931
2025-07-07,lag7,0.09219097222222222,0.12509744396314063,0.9164964457064234,0.7586206896551724,0.7586206896551724
2025-07-08,lag7,0.043530555555555545,0.05892869042797027,0.9342302378781984,0.9310344827586207,0.9310344827586207
2025-07-09,lag7,0.035137499999999995,0.044962805616296786,0.9594452979353906,0.896551724137931,0.896551724137931
2025-07-10,lag7,0.05789097222222222,0.07310137890096344,0.9269880183873459,0.9310344827586207,0.9310344827586207
2025-07-11,lag7,0.05754513888888889,0.07397784437474056,0.9520134073112368,0.896551724137931,0.896551724137931
2025-07-12,lag7,0.04338541666666667,0.05460740754085781,0.9655423253183129,0.8620689655172413,0.8620689655172413
2025-07-13,lag7,0.05881666666666668,0.08097308451989875,0.9308737239771723,0.9310344827586207,0.9310344827586207
2025-07-14,lag7,0.043297222222222216,0.05183089490513034,0.9498863130608812,0.896551724137931,0.896551724137931
2025-07-15,lag7,0.053684027777777775,0.06873628196471884,0.9224054433216657,0.9310344827586207,0.9310344827586207
2025-07-16,lag7,0.039634722222222224,0.04781312726531166,0.9458482956520691,0.9310344827586207,0.9310344827586207
2025-07-17,lag7,0.04532013888888889,0.055956953321280804,0.9415569735867231,0.896551724137931,0.896551724137931
2025-07-18,lag7,0.04010347222222222,0.051949659794629816,0.9658868494769292,0.9310344827586207,0.9310344827586207
2025-07-19,lag7,0.037957638888888895,0.04886319834781364,0.9703007900302201,0.896551724137931,0.896551724137931
2025-07-20,lag7,0.04084861111111112,0.054607308983728946,0.948174226877831,0.9655172413793104,0.9655172413793104
2025-07-21,lag7,0.0407125,0.050597537818883376,0.9494593470386244,0.8275862068965517,0.8275862068965517
2025-07-22,lag7,0.04397777777777776,0.05715300006707141,0.9350604202444437,0.9310344827586207,0.9310344827586207
2025-07-23,lag7,0.04453194444444444,0.05431892063442433,0.9523006683592427,0.896551724137931,0.896551724137931
2025-07-24,lag7,0.04905833333333334,0.060416104595086596,0.9433263872003601,0.8620689655172413,0.8620689655172413
2025-07-25,lag7,0.04341180555555556,0.05630732572725822,0.9666193096186386,0.896551724137931,0.896551724137931
2025-07-26,lag7,0.04698472222222221,0.0595866211214117,0.9524866896623745,0.8620689655172413,0.8620689655172413
2025-07-27,lag7,0.03921458333333333,0.05168550530209929,0.9569184829152144,0.9310344827586207,0.9310344827586207
2025-07-28,lag7,0.04007013888888889,0.04995020367548288,0.9475572604985953,0.8620689655172413,0.8620689655172413
2025-07-29,lag7,0.045979166666666654,0.056564950376634386,0.9494331220705693,0.896551724137931,0.896551724137931
2025-07-30,lag7,0.03720694444444445,0.04753134638203392,0.9647684605133311,0.8620689655172413,0.8620689655172413
2025-07-31,lag7,0.03964513888888889,0.05082877780133787,0.95594990736431,0.9310344827586207,0.9310344827586207
2025-08-01,lag7,0.041952083333333334,0.05377383128023849,0.9508237405269867,0.896551724137931,0.896551724137931
2025-08-02,lag7,0.052538194444444436,0.06884818090471882,0.9525409458056269,0.896551724137931,0.896551724137931
2025-08-03,lag7,0.05809027777777778,0.07474930880393924,0.9561780288306475,0.896551724137931,0.896551724137931
2025-08-04,lag7,0.06145208333333333,0.07735035417932272,0.9212700798572456,0.896551724137931,0.896551724137931
2025-08-05,lag7,0.05624166666666667,0.07583677647861008,0.9316893002562829,0.896551724137931,0.896551724137931
2025-08-06,lag7,0.050486805555555556,0.06471752778635614,0.9334334062799546,0.896551724137931,0.896551724137931
2025-08-07,lag7,0.05954861111111111,0.07695477297304783,0.9451075232629387,0.9655172413793104,0.9655172413793104
2025-08-08,lag7,0.05532986111111111,0.0698944904242578,0.9537134348393111,0.8275862068965517,0.8275862068965517
2025-08-09,lag7,0.044643055555555554,0.05661766018164689,0.9609959006510732,0.8620689655172413,0.8620689655172413
2025-08-10,lag7,0.04314444444444446,0.055365029827299635,0.9472206704471927,0.9655172413793104,0.9655172413793104
2025-08-11,lag7,0.045657638888888886,0.05840499348419525,0.9549713748338846,0.896551724137931,0.896551724137931
2025-08-12,lag7,0.0429625,0.05264450219264221,0.9545081419549327,0.9310344827586207,0.9310344827586207
2025-08-13,lag7,0.04666666666666667,0.057681356510478225,0.9516336139268751,0.896551724137931,0.896551724137931
2025-08-14,lag7,0.0405875,0.050862714186764,0.9718057823258835,0.896551724137931,0.896551724137931
2025-08-15,lag7,0.04429236111111111,0.056188882228703496,0.971146725987326,0.8620689655172413,0.8620689655172413
2025-08-16,lag7,0.04267708333333334,0.05581309396847063,0.9579845610863421,0.9310344827586207,0.9310344827586207
2025-08-17,lag7,0.04225902777777777,0.05261597441736576,0.9634222432553792,0.896551724137931,0.896551724137931
2025-08-18,lag7,0.04360625,0.05447082106249383,0.9614931320671002,0.896551724137931,0.896551724137931
2025-08-19,lag7,0.04421944444444445,0.05535099617692331,0.9499023386477722,0.8620689655172413,0.8620689655172413
2025-08-20,lag7,0.04353055555555555,0.05347900159044773,0.9424593505946307,0.896551724137931,0.896551724137931
2025-08-21,lag7,0.042578472222222226,0.055221722904628345,0.9396912219500482,0.8620689655172413,0.8620689655172413
2025-08-22,lag7,0.04106527777777778,0.05327137416620258,0.9531023617636099,0.896551724137931,0.896551724137931
2025-08-23,lag7,0.04775972222222222,0.06183849371997635,0.9574509985189275,0.896551724137931,0.896551724137931
2025-08-24,lag7,0.037277083333333336,0.04985906038803557,0.9670363456240366,0.9655172413793104,0.9655172413793104
2025-08-25,lag7,0.045684722222222224,0.05741522978366551,0.9430570012759225,0.896551724137931,0.896551724137931
2025-08-26,lag7,0.04185555555555556,0.05416185235015509,0.9519842214785214,0.9655172413793104,0.9655172413793104
2025-08-27,lag7,0.046304166666666674,0.058151741160519015,0.9484234037363232,0.9655172413793104,0.9655172413793104
2025-08-28,lag7,0.052734027777777776,0.06970598920147074,0.9370255717759686,0.896551724137931,0.896551724137931
2025-08-29,lag7,0.043574305555555554,0.05600799112130736,0.9557549865642115,0.896551724137931,0.896551724137931
2025-08-30,lag7,0.04768819444444445,0.06385543840495411,0.9531648443952343,0.8620689655172413,0.8620689655172413
2025-08-31,lag7,0.042617361111111106,0.053525944513956134,0.9394370824667976,0.8620689655172413,0.8620689655172413
2025-09-01,lag7,0.11237430555555555,0.15362778995748855,0.9103331447868405,0.7241379310344828,0.7241379310344828
2025-09-02,lag7,0.10022222222222223,0.13732708217973613,0.9339209084510836,0.7586206896551724,0.7586206896551724
2025-09-03,lag7,0.1047,0.14665122598646538,0.9283516766188599,0.8275862068965517,0.8275862068965517
2025-09-04,lag7,0.11194027777777776,0.15874333888037281,0.9049308935410881,0.7586206896551724,0.7586206896551724
2025-09-05,lag7,0.10807569444444445,0.14094215691985923,0.9254396276972341,0.8275862068965517,0.8275862068965517
2025-09-06,lag7,0.11153333333333333,0.1490887818083947,0.906047072421287,0.7931034482758621,0.7931034482758621
2025-09-07,lag7,0.10114999999999999,0.13841119545679018,0.8930460704992758,0.7241379310344828,0.7241379310344828
2025-09-08,lag7,0.04668819444444445,0.060223420255098616,0.921656356221748,0.896551724137931,0.896551724137931
2025-09-09,lag7,0.04740555555555556,0.05765780158255546,0.9233809751078484,0.9310344827586207,0.9310344827586207
2025-09-10,lag7,0.047880555555555565,0.06415413297502959,0.9277228518607828,0.8620689655172413,0.8620689655172413
2025-09-11,lag7,0.040100694444444446,0.05215538283181644,0.9352110015608418,0.9310344827586207,0.9310344827586207
2025-09-12,lag7,0.044935416666666665,0.05616574492319832,0.9458097886885217,0.9310344827586207,0.9310344827586207
2025-09-13,lag7,0.047961805555555556,0.05973756553552472,0.939262956735419,0.9655172413793104,0.9655172413793104
2025-09-14,lag7,0.04026875,0.05023640570675149,0.9375859688867028,0.9310344827586207,0.9310344827586207
2025-09-15,lag7,0.04763194444444444,0.05917037312334235,0.9231317977559911,0.8620689655172413,0.8620689655172413
2025-09-16,lag7,0.04493402777777779,0.057376349536295106,0.9366757294976058,0.9655172413793104,0.9655172413793104
2025-09-17,lag7,0.040054861111111104,0.051712822797316586,0.9294337154422361,0.9310344827586207,0.9310344827586207
2025-09-18,lag7,0.04194236111111111,0.05739860202033573,0.9231681230456082,0.9310344827586207,0.9310344827586207
2025-09-19,lag7,0.04250416666666666,0.05199753332824762,0.9586929481028683,0.9655172413793104,0.9655172413793104
2025-09-20,lag7,0.04802569444444444,0.06152398753061009,0.9515954336395582,0.9310344827586207,0.9310344827586207
2025-09-21,lag7,0.037968055555555554,0.04915810236143964,0.9441559694310591,0.8620689655172413,0.8620689655172413
2025-09-22,lag7,0.04611875,0.05978675589589683,0.9263924250328668,0.9310344827586207,0.9310344827586207
2025-09-23,lag7,0.03995138888888889,0.04909769314562775,0.9367339413411904,0.9655172413793104,0.9655172413793104
2025-09-24,lag7,0.03823125,0.04758132438841479,0.9426289793001079,0.9655172413793104,0.9655172413793104
2025-09-25,lag7,0.03416944444444444,0.04242387135930796,0.9450645950195817,0.896551724137931,0.896551724137931
2025-09-26,lag7,0.041103472222222215,0.05317539701048053,0.9444427140535212,0.8275862068965517,0.8275862068965517
2025-09-27,lag7,0.045689583333333325,0.05698105862184964,0.9404951370468613,0.8620689655172413,0.8620689655172413
2025-09-28,lag7,0.040681944444444444,0.050754638540071714,0.9375830173418416,0.896551724137931,0.896551724137931
2025-09-29,lag7,0.037185416666666665,0.04578326128498154,0.941173042626885,0.896551724137931,0.896551724137931
2025-09-30,lag7,0.04463194444444444,0.05653843702394956,0.9266031263771203,0.896551724137931,0.896551724137931
2025-10-01,lag7,0.05636805555555556,0.07460805642377594,0.9117764968420494,0.896551724137931,0.896551724137931
2025-10-02,lag7,0.04844930555555555,0.05927158947965243,0.93842216790325,0.8620689655172413,0.8620689655172413
2025-10-03,lag7,0.05364097222222222,0.06892094958477188,0.942520582189097,0.8620689655172413,0.8620689655172413
2025-10-04,lag7,0.04236458333333334,0.05215733875602849,0.9551814114439064,0.8275862068965517,0.8275862068965517
2025-10-05,lag7,0.05321041666666666,0.06484002803909873,0.918184421395244,0.9655172413793104,0.9655172413793104
2025-10-06,lag7,0.04218263888888889,0.0517168284721929,0.9308573702187841,0.9310344827586207,0.9310344827586207
2025-10-07,lag7,0.047318055555555544,0.05775951941743744,0.9421448077842506,0.9655172413793104,0.9655172413793104
2025-10-08,lag7,0.045778472222222234,0.061293351438435444,0.92893751400408,0.9655172413793104,0.9655172413793104
2025-10-09,lag7,0.03668125,0.0457777063949012,0.9614951415579254,0.9310344827586207,0.9310344827586207
2025-10-10,lag7,0.03852986111111111,0.049468747850424606,0.9516999270555563,0.9310344827586207,0.9310344827586207
2025-10-11,lag7,0.03567916666666667,0.04456646721471201,0.9580769976604316,0.9310344827586207,0.9310344827586207
2025-10-12,lag7,0.04246736111111111,0.05235936388184172,0.9266032738676125,0.9655172413793104,0.9655172413793104
2025-10-13,lag7,0.03298402777777778,0.04467724299536249,0.9548466050632037,0.9310344827586207,0.9310344827586207
2025-10-14,lag7,0.04020486111111109,0.04962987241683288,0.9429536843442629,0.896551724137931,0.896551724137931
2025-10-15,lag7,0.039892361111111115,0.048686092726773635,0.9495005922967098,0.9655172413793104,0.9655172413793104
2025-10-16,lag7,0.04906736111111112,0.06568064942076421,0.9373512351817639,0.9310344827586207,0.9310344827586207
2025-10-17,lag7,0.052027083333333335,0.06905046916326252,0.9436578396363384,0.9655172413793104,0.9655172413793104
2025-10-18,lag7,0.04028472222222222,0.051016774202217056,0.95693464539749,0.8620689655172413,0.8620689655172413
2025-10-19,lag7,0.04156666666666667,0.05419009621487839,0.9447741684016326,0.9310344827586207,0.9310344827586207
2025-10-20,lag7,0.04125347222222222,0.05392080934625847,0.9540157243093436,0.9310344827586207,0.9310344827586207
2025-10-21,lag7,0.04849374999999999,0.06025160959122447,0.9327495104392522,0.896551724137931,0.896551724137931
2025-10-22,lag7,0.0431451388888889,0.05467824763001179,0.9403826058998473,0.896551724137931,0.896551724137931
2025-10-23,lag7,0.039313888888888884,0.04876911306235626,0.944195435040169,0.9310344827586207,0.9310344827586207
2025-10-24,lag7,0.04174791666666667,0.05145867206366247,0.9475893597251774,0.8275862068965517,0.8275862068965517
2025-10-25,lag7,0.03658263888888889,0.04687583851101878,0.9596997019947477,0.8620689655172413,0.8620689655172413
2025-10-26,lag7,0.03369097222222222,0.0417498977044655,0.9473956020347117,0.9655172413793104,0.9655172413793104
2025-10-27,lag7,0.04051041666666667,0.050820120550602574,0.928579681841536,0.9655172413793104,0.9655172413793104
2025-10-28,lag7,0.03850625,0.04888604592428305,0.948017591047813,0.9310344827586207,0.9310344827586207
2025-10-29,lag7,0.031247916666666677,0.041261139068404576,0.9673056828229244,0.9310344827586207,0.9310344827586207
2025-10-30,lag7,0.03741041666666667,0.04663528632436554,0.9524494663821708,0.9655172413793104,0.9655172413793104
2025-10-31,lag7,0.03781875,0.04886325519583538,0.9469604944156006,0.9655172413793104,0.9655172413793104
2025-11-01,lag7,0.036533333333333334,0.04518589381654412,0.9609796287463092,0.9310344827586207,0.9310344827586207
2025-11-02,lag7,0.03462777777777778,0.04457528743597734,0.9543313067623178,0.896551724137931,0.896551724137931
2025-11-03,lag7,0.05364583333333334,0.07119324932885139,0.9063464871522497,0.896551724137931,0.896551724137931
2025-11-04,lag7,0.032945138888888885,0.04359241062259449,0.9489690317680086,0.9310344827586207,0.9310344827586207
2025-11-05,lag7,0.03276388888888889,0.041007846471403764,0.9508256018113567,0.896551724137931,0.896551724137931
2025-11-06,lag7,0.047956944444444455,0.061404155215895435,0.943622843444375,0.9310344827586207,0.9310344827586207
2025-11-07,lag7,0.03904722222222222,0.050602866903851296,0.9444516451203779,0.9310344827586207,0.9310344827586207
2025-11-08,lag7,0.040502777777777776,0.0508367512512137,0.9360156097717814,0.8275862068965517,0.8275862068965517
2025-11-09,lag7,0.03847986111111111,0.047922010571575795,0.9556063732946976,0.8620689655172413,0.8620689655172413
2025-11-10,lag7,0.041710416666666666,0.05220780260437875,0.9573053102857901,0.896551724137931,0.896551724137931
2025-11-11,lag7,0.03881388888888889,0.05087583059655035,0.948670674253628,0.8620689655172413,0.8620689655172413
2025-11-12,lag7,0.03530902777777778,0.04500650338809073,0.9539895084182746,0.896551724137931,0.896551724137931
2025-11-13,lag7,0.039035416666666656,0.047424042337897196,0.9511673143951139,0.896551724137931,0.896551724137931
2025-11-14,lag7,0.042259722222222226,0.05458116535134727,0.9326187583963746,0.896551724137931,0.896551724137931
2025-11-15,lag7,0.03493541666666667,0.04496940395053804,0.9484936324136309,0.896551724137931,0.896551724137931
2025-11-16,lag7,0.03973611111111111,0.048806983789890825,0.9511684663300219,0.896551724137931,0.896551724137931
2025-11-17,lag7,0.03644444444444445,0.046815612009005914,0.9576286257833568,0.9310344827586207,0.9310344827586207
2025-11-18,lag7,0.041778472222222224,0.05363066144680879,0.9523811437627615,0.896551724137931,0.896551724137931
2025-11-19,lag7,0.03880208333333333,0.048988213576782375,0.9661520685281638,0.9310344827586207,0.9310344827586207
2025-11-20,lag7,0.03327638888888888,0.04157626192378958,0.9724929742899572,0.9655172413793104,0.9655172413793104
2025-11-21,lag7,0.031583333333333324,0.03972115829966023,0.9298756625095619,0.9310344827586207,0.9310344827586207
2025-11-22,lag7,0.03552222222222223,0.04507270977727728,0.9407301276647233,0.9310344827586207,0.9310344827586207
2025-11-23,lag7,0.03587986111111111,0.045659922707629134,0.9581343102147596,0.896551724137931,0.896551724137931
2025-11-24,lag7,0.040025000000000005,0.04881114114625881,0.9531182964358158,0.9655172413793104,0.9655172413793104
2025-11-25,lag7,0.04032430555555555,0.051166025376002955,0.9464007973667606,0.896551724137931,0.896551724137931
2025-11-26,lag7,0.035725694444444435,0.043954017165669844,0.9619009055811654,0.9310344827586207,0.9310344827586207
2025-11-27,lag7,0.039379166666666666,0.04870079425544425,0.9588806700485764,0.9655172413793104,0.9655172413793104
2025-11-28,lag7,0.03495416666666667,0.04330193894811948,0.9258003323726535,0.9655172413793104,0.9655172413793104
2025-11-29,lag7,0.04523819444444445,0.05878357492153361,0.9093125015813924,0.896551724137931,0.896551724137931
2025-11-30,lag7,0.042849305555555564,0.058196163127630485,0.9613605056687565,0.8620689655172413,0.8620689655172413
2025-12-01,lag7,0.09356736111111111,0.13136700948318628,0.9406808355869497,0.6896551724137931,0.6896551724137931
2025-12-02,lag7,0.09573124999999999,0.13650963463148755,0.9374495743400793,0.7241379310344828,0.7241379310344828
2025-12-03,lag7,0.09021666666666667,0.12516192789520478,0.9399833010646046,0.6206896551724138,0.6206896551724138
2025-12-04,lag7,0.08928958333333334,0.13029295117158105,0.940726108687111,0.6896551724137931,0.6896551724137931
2025-12-05,lag7,0.09143472222222221,0.12888931082306415,0.9186708825788816,0.6551724137931034,0.6551724137931034
2025-12-06,lag7,0.08626388888888889,0.12604924467577477,0.9278851129330299,0.6896551724137931,0.6896551724137931
2025-12-07,lag7,0.08342569444444443,0.12181038458057122,0.9416895999811844,0.6206896551724138,0.6206896551724138
2025-12-08,lag7,0.029863888888888888,0.037714026273758916,0.9876838307330483,0.9310344827586207,0.9310344827586207
2025-12-09,lag7,0.039031249999999997,0.04831573458339771,0.9734315170555423,0.896551724137931,0.896551724137931
2025-12-10,lag7,0.03335277777777779,0.04312958993287298,0.9800376579735525,0.9655172413793104,0.9655172413793104
2025-12-11,lag7,0.032499999999999994,0.041454846587046436,0.9770687415292505,0.896551724137931,0.896551724137931
2025-12-12,lag7,0.04174166666666666,0.05346768884101874,0.9544539772269679,0.9655172413793104,0.9655172413793104
2025-12-13,lag7,0.03412916666666667,0.04375072380353648,0.9663641378234255,0.9310344827586207,0.9310344827586207
2025-12-14,lag7,0.03962361111111111,0.048820249953841446,0.97565700368541,0.9310344827586207,0.9310344827586207
2025-12-15,lag7,0.03865555555555556,0.04814846686148076,0.9744855206303749,0.896551724137931,0.896551724137931
2025-12-16,lag7,0.03145069444444444,0.04032710265235197,0.9817216898213089,0.9310344827586207,0.9310344827586207
2025-12-17,lag7,0.03633680555555557,0.044286076787430864,0.9765231422798075,0.9655172413793104,0.9655172413793104
2025-12-18,lag7,0.03946319444444445,0.05051464377891931,0.9734968521357853,0.896551724137931,0.896551724137931
2025-12-19,lag7,0.037421527777777776,0.0468452335118289,0.9710875331564987,0.9655172413793104,0.9655172413793104
2025-12-20,lag7,0.04013541666666666,0.04810328081326677,0.9574320366454843,0.9310344827586207,0.9310344827586207
2025-12-21,lag7,0.03244305555555555,0.04012564468156382,0.9836447377410891,1.0,1.0
2025-12-22,lag7,0.03277291666666666,0.041022792614458715,0.9715567192721721,0.9655172413793104,0.9655172413793104
2025-12-23,lag7,0.02923194444444443,0.03593910745197275,0.9787767626544424,0.896551724137931,0.896551724137931
2025-12-24,lag7,0.03101944444444444,0.040181586095015105,0.9704525359697773,0.9310344827586207,0.9310344827586207
2025-12-25,lag7,0.03849236111111111,0.04858040085489437,0.9823868306141601,0.9655172413793104,0.9655172413793104
2025-12-26,lag7,0.039502777777777776,0.05077188225561248,0.9582790772445946,1.0,1.0
2025-12-27,lag7,0.041311111111111104,0.051250730347099545,0.9660105357397125,0.896551724137931,0.896551724137931
2025-12-28,lag7,0.03498333333333333,0.04354300715639909,0.9793604989972632,0.9310344827586207,0.9310344827586207
2025-12-29,lag7,0.032461111111111114,0.04207685593714858,0.9798015826785423,0.9655172413793104,0.9655172413793104
2025-12-30,lag7,0.03412638888888888,0.04459857839039764,0.9751948203332138,0.9310344827586207,0.9310344827586207
2025-12-31,lag7,0.030754861111111118,0.038481607258822007,0.9826088616580538,0.9310344827586207,0.9310344827586207
2025-02-01,structured_ridge,0.07532596469701734,0.11147548834169838,0.9443221448462937,0.6896551724137931,0.6896551724137931
2025-02-02,structured_ridge,0.07410689625365344,0.115335285181463,0.9524203765983995,0.6896551724137931,0.6896551724137931
2025-02-03,structured_ridge,0.06072001367240073,0.09418833466557376,0.9544530182461217,0.6896551724137931,0.6896551724137931
2025-02-04,structured_ridge,0.05596476321375795,0.08725031983045138,0.9588195458976554,0.7586206896551724,0.7586206896551724
2025-02-05,structured_ridge,0.055395084570202764,0.0844251383965977,0.9705529510367459,0.7586206896551724,0.7586206896551724
2025-02-06,structured_ridge,0.05847832274350763,0.09012304632520951,0.9644522144522144,0.7241379310344828,0.7241379310344828
2025-02-07,structured_ridge,0.08122956583299241,0.10946310589930529,0.9361434053075001,0.7586206896551724,0.7586206896551724
2025-02-08,structured_ridge,0.03767408327928894,0.050042167636831315,0.9435052317060117,0.9310344827586207,0.9310344827586207
2025-02-09,structured_ridge,0.03642726873333567,0.04748928349521334,0.9763845350052247,0.9310344827586207,0.9310344827586207
2025-02-10,structured_ridge,0.04297835865530029,0.054623005175838645,0.9719154408809583,0.9310344827586207,0.9310344827586207
2025-02-11,structured_ridge,0.036946291817625126,0.0465689079515133,0.9723685519341696,0.9310344827586207,0.9310344827586207
2025-02-12,structured_ridge,0.040224733082450996,0.049566791227049344,0.9716551841247411,0.9310344827586207,0.9310344827586207
2025-02-13,structured_ridge,0.04753930257524011,0.06072028163411558,0.9592385652671079,0.9655172413793104,0.9655172413793104
2025-02-14,structured_ridge,0.050793070534431765,0.06752550896220146,0.9585251141183148,0.9310344827586207,0.9310344827586207
2025-02-15,structured_ridge,0.030223712741078282,0.037590122817188966,0.9541975375798594,0.9310344827586207,0.9310344827586207
2025-02-16,structured_ridge,0.03556029595864421,0.04513879339162138,0.9690880336970651,0.9310344827586207,0.9310344827586207
2025-02-17,structured_ridge,0.031562818335913075,0.03995092913920904,0.9717787959167269,0.9655172413793104,0.9655172413793104
2025-02-18,structured_ridge,0.03053360575036663,0.038528357281451216,0.9724156917355751,0.9310344827586207,0.9310344827586207
2025-02-19,structured_ridge,0.036047778090181476,0.04507255435857436,0.9565166717258116,0.9310344827586207,0.9310344827586207
2025-02-20,structured_ridge,0.03193124785490375,0.04002453592701482,0.97200581144359,0.896551724137931,0.896551724137931
2025-02-21,structured_ridge,0.042734453203468054,0.054549900911713585,0.9360782895265655,1.0,1.0
2025-02-22,structured_ridge,0.03119676588302647,0.04041675679076004,0.9531920195246548,0.8620689655172413,0.8620689655172413
2025-02-23,structured_ridge,0.034784537370697116,0.04396826396687088,0.9713005385419178,0.896551724137931,0.896551724137931
2025-02-24,structured_ridge,0.031710619566312014,0.04042495237498278,0.9644019058011309,0.9310344827586207,0.9310344827586207
2025-02-25,structured_ridge,0.042443254913348376,0.0533943998001652,0.9517953293447988,0.896551724137931,0.896551724137931
2025-02-26,structured_ridge,0.035131572272155805,0.042852293135858935,0.9720279720279721,0.896551724137931,0.896551724137931
2025-02-27,structured_ridge,0.03657844274283906,0.04743593623166313,0.970770034563138,0.9310344827586207,0.9310344827586207
2025-02-28,structured_ridge,0.038029897961229644,0.04829107090752373,0.9456946243218988,0.9310344827586207,0.9310344827586207
2025-03-01,structured_ridge,0.032200346334485826,0.04245079559268636,0.95153715846418,0.8620689655172413,0.8620689655172413
2025-03-02,structured_ridge,0.04762466085049655,0.06269468214328609,0.9596554932410124,0.896551724137931,0.896551724137931
2025-03-03,structured_ridge,0.038380789900094275,0.04796426599236044,0.9593310016593156,0.896551724137931,0.896551724137931
2025-03-04,structured_ridge,0.03453858793474824,0.04618476948087098,0.9738304272795711,0.9655172413793104,0.9655172413793104
2025-03-05,structured_ridge,0.030713934790536697,0.03723151019798393,0.9711025752582821,0.9655172413793104,0.9655172413793104
2025-03-06,structured_ridge,0.033675859619718015,0.041928281988802996,0.9705278028170933,0.9310344827586207,0.9310344827586207
2025-03-07,structured_ridge,0.04126445144667088,0.05613413980624921,0.9244382730877114,0.9310344827586207,0.9310344827586207
2025-03-08,structured_ridge,0.034691587469157174,0.04424951716481533,0.9512839628746056,0.896551724137931,0.896551724137931
2025-03-09,structured_ridge,0.03681395702156008,0.051406907848178675,0.9567367542171397,0.9310344827586207,0.9310344827586207
2025-03-10,structured_ridge,0.03576412315038192,0.04439172012695443,0.9679848886745439,0.9310344827586207,0.9310344827586207
2025-03-11,structured_ridge,0.03397349815882976,0.04476548395419649,0.9577816873464436,0.9310344827586207,0.9310344827586207
2025-03-12,structured_ridge,0.03683385993934884,0.04456512945541075,0.9496221156319221,0.9655172413793104,0.9655172413793104
2025-03-13,structured_ridge,0.04403817602076826,0.057886225982558534,0.9575596816976129,0.8620689655172413,0.8620689655172413
2025-03-14,structured_ridge,0.047688217712826136,0.059718559182534395,0.9416062647842031,0.8620689655172413,0.8620689655172413
2025-03-15,structured_ridge,0.03536463419376348,0.04581563132040479,0.9366680096741422,0.8620689655172413,0.8620689655172413
2025-03-16,structured_ridge,0.04460647086755398,0.053077224116803746,0.9421147817699542,0.896551724137931,0.896551724137931
2025-03-17,structured_ridge,0.04238787352675947,0.05612439153670449,0.9436649294661352,0.896551724137931,0.896551724137931
2025-03-18,structured_ridge,0.030782123712813598,0.038266788791930115,0.9570642142884114,0.9310344827586207,0.9310344827586207
2025-03-19,structured_ridge,0.033282942294398106,0.04285049660463783,0.9550577828525489,0.9655172413793104,0.9655172413793104
2025-03-20,structured_ridge,0.03286312153447582,0.04155241632747008,0.9633921744560913,0.9310344827586207,0.9310344827586207
2025-03-21,structured_ridge,0.04988956592857855,0.06091233022750407,0.950843786052957,0.8620689655172413,0.8620689655172413
2025-03-22,structured_ridge,0.03885906963676563,0.05184571013549699,0.9301381121675242,0.896551724137931,0.896551724137931
2025-03-23,structured_ridge,0.03729898481644452,0.04720826574959078,0.9588044333430142,0.896551724137931,0.896551724137931
2025-03-24,structured_ridge,0.03515263596221846,0.04470982084136705,0.9536853950647054,0.9310344827586207,0.9310344827586207
2025-03-25,structured_ridge,0.03282814344579736,0.04154913355814369,0.9460903848921232,0.9310344827586207,0.9310344827586207
2025-03-26,structured_ridge,0.039177581730509586,0.04883802921569182,0.9335942994782394,1.0,1.0
2025-03-27,structured_ridge,0.03163500758843721,0.04123652849483885,0.9439573666873949,0.9655172413793104,0.9655172413793104
2025-03-28,structured_ridge,0.04028217215336077,0.04985434252218339,0.9625662001677444,0.8620689655172413,0.8620689655172413
2025-03-29,structured_ridge,0.046858372502383415,0.06265926121499567,0.9496562769416267,0.8620689655172413,0.8620689655172413
2025-03-30,structured_ridge,0.036113146254195184,0.044525043530815586,0.9620588418531639,0.9655172413793104,0.9655172413793104
2025-03-31,structured_ridge,0.03147456958648269,0.04214956867468284,0.9583433807571738,0.9310344827586207,0.9310344827586207
2025-04-01,structured_ridge,0.04361981984122941,0.05390398035857539,0.9413079146656093,0.896551724137931,0.896551724137931
2025-04-02,structured_ridge,0.04458377699656117,0.060020576107402426,0.9561891250504095,0.9310344827586207,0.9310344827586207
2025-04-03,structured_ridge,0.040696477314978795,0.05132038268332591,0.9470550468767811,0.9655172413793104,0.9655172413793104
2025-04-04,structured_ridge,0.037942096862855816,0.0492502397422533,0.9621150314161433,0.8275862068965517,0.8275862068965517
2025-04-05,structured_ridge,0.035252795363289624,0.045020081182091866,0.9501575943222801,0.9310344827586207,0.9310344827586207
2025-04-06,structured_ridge,0.03670312049556085,0.0450134359420165,0.9522274658668357,0.9310344827586207,0.9310344827586207
2025-04-07,structured_ridge,0.03178678320631237,0.04188056011333489,0.9547463120875962,0.9655172413793104,0.9655172413793104
2025-04-08,structured_ridge,0.045235916221566516,0.056667207811582826,0.9269720891813948,0.9310344827586207,0.9310344827586207
2025-04-09,structured_ridge,0.03301840442992946,0.04186943760424186,0.9593962691850196,0.9310344827586207,0.9310344827586207
2025-04-10,structured_ridge,0.03435188132550342,0.04176158904991115,0.9438590145486696,0.9310344827586207,0.9310344827586207
2025-04-11,structured_ridge,0.03932042713946258,0.049584236153349934,0.9662124552154692,0.896551724137931,0.896551724137931
2025-04-12,structured_ridge,0.035552206062348865,0.046110080052643006,0.9543002974037457,0.8620689655172413,0.8620689655172413
2025-04-13,structured_ridge,0.03380336451488611,0.04336423984192857,0.9567094956652125,0.9655172413793104,0.9655172413793104
2025-04-14,structured_ridge,0.03563083032006261,0.04447806920674734,0.9481813121579151,0.896551724137931,0.896551724137931
2025-04-15,structured_ridge,0.037441866389833184,0.04917294440788379,0.9343339247947584,0.9310344827586207,0.9310344827586207
2025-04-16,structured_ridge,0.03379529991682856,0.0410337222381056,0.9580699223207441,0.9310344827586207,0.9310344827586207
2025-04-17,structured_ridge,0.031161832064809696,0.0396203626760641,0.9575837102818753,0.8620689655172413,0.8620689655172413
2025-04-18,structured_ridge,0.03232367998194668,0.04043220896711813,0.9742704536307829,0.9310344827586207,0.9310344827586207
2025-04-19,structured_ridge,0.0367535191941859,0.04369650563377271,0.9557761306694733,0.896551724137931,0.896551724137931
2025-04-20,structured_ridge,0.02985036915297455,0.03966180041270407,0.9457407334885425,0.9655172413793104,0.9655172413793104
2025-04-21,structured_ridge,0.034366512448534295,0.04389263447601072,0.9425377205793285,0.9310344827586207,0.9310344827586207
2025-04-22,structured_ridge,0.03537382392926937,0.043627424436514274,0.9323184075221933,0.896551724137931,0.896551724137931
2025-04-23,structured_ridge,0.03530660723658982,0.044830633328545165,0.9540239470545238,0.896551724137931,0.896551724137931
2025-04-24,structured_ridge,0.03620357349366527,0.045459538111087376,0.9493607803339283,0.896551724137931,0.896551724137931
2025-04-25,structured_ridge,0.03881524181562531,0.04778960631417016,0.9470058676955229,0.896551724137931,0.896551724137931
2025-04-26,structured_ridge,0.04533051197305286,0.05913883830552985,0.9449941523834553,0.896551724137931,0.896551724137931
2025-04-27,structured_ridge,0.03251289909428739,0.041091510269326004,0.9538340969375452,0.9655172413793104,0.9655172413793104
2025-04-28,structured_ridge,0.049999212817744415,0.06458765138999831,0.9362470862470862,0.9310344827586207,0.9310344827586207
2025-04-29,structured_ridge,0.030811276611196432,0.038723119725170806,0.944055831638896,0.9655172413793104,0.9655172413793104
2025-04-30,structured_ridge,0.03825914131294353,0.05038376787237793,0.9597980861667664,0.896551724137931,0.896551724137931
2025-05-01,structured_ridge,0.04138232221396834,0.050499402743531145,0.9466912226488507,0.9310344827586207,0.9310344827586207
2025-05-02,structured_ridge,0.050960158647179774,0.06521689644704401,0.9430752011014965,0.9655172413793104,0.9655172413793104
2025-05-03,structured_ridge,0.03442653020411253,0.045578843872661555,0.9660346495811579,0.896551724137931,0.896551724137931
2025-05-04,structured_ridge,0.04528647769043548,0.05529163737115,0.9363192997352313,0.9310344827586207,0.9310344827586207
2025-05-05,structured_ridge,0.039872213863591,0.05054716898997962,0.9504048613509151,0.9310344827586207,0.9310344827586207
2025-05-06,structured_ridge,0.04488861546844067,0.054044522962326334,0.9437474316251766,0.896551724137931,0.896551724137931
2025-05-07,structured_ridge,0.041101413393189706,0.05085208608094394,0.938451367358553,0.9655172413793104,0.9655172413793104
2025-05-08,structured_ridge,0.04112123859642793,0.05422128027965173,0.9389316351832219,0.8620689655172413,0.8620689655172413
2025-05-09,structured_ridge,0.02931623768847201,0.03453063222927825,0.9595259218776665,0.9655172413793104,0.9655172413793104
2025-05-10,structured_ridge,0.0383393946533012,0.04861805845304319,0.9500519455116703,0.9310344827586207,0.9310344827586207
2025-05-11,structured_ridge,0.04530126216139295,0.056520798011545914,0.9510328751708063,0.896551724137931,0.896551724137931
2025-05-12,structured_ridge,0.041283748349763054,0.05381602684240482,0.9392540971048731,0.9310344827586207,0.9310344827586207
2025-05-13,structured_ridge,0.04056957427976084,0.051107579813634514,0.9345106282152,0.9310344827586207,0.9310344827586207
2025-05-14,structured_ridge,0.02829447671027389,0.03661306977598588,0.9537435771733291,0.896551724137931,0.896551724137931
2025-05-15,structured_ridge,0.03286857338411439,0.04223315036988979,0.937757968651447,0.9655172413793104,0.9655172413793104
2025-05-16,structured_ridge,0.03808345793772207,0.04943931400528116,0.9531627407951778,0.9655172413793104,0.9655172413793104
2025-05-17,structured_ridge,0.04233699350595021,0.05414231217126075,0.9572904107386866,0.896551724137931,0.896551724137931
2025-05-18,structured_ridge,0.03388896438043884,0.046032048945518406,0.9450285346837072,0.9310344827586207,0.9310344827586207
2025-05-19,structured_ridge,0.04027272856344137,0.052895777767589296,0.9150711357607909,0.9655172413793104,0.9655172413793104
2025-05-20,structured_ridge,0.037668722331749734,0.05084292671558958,0.94191785226268,0.9655172413793104,0.9655172413793104
2025-05-21,structured_ridge,0.0391545940976422,0.047081698494739206,0.9332577764825466,0.9310344827586207,0.9310344827586207
2025-05-22,structured_ridge,0.030394533499664415,0.03802756717159455,0.9454202745382696,0.9310344827586207,0.9310344827586207
2025-05-23,structured_ridge,0.033151172842063516,0.04170514510174417,0.9508268535762111,0.9310344827586207,0.9310344827586207
2025-05-24,structured_ridge,0.03375981590146111,0.04518162154687484,0.9538059641507919,0.9655172413793104,0.9655172413793104
2025-05-25,structured_ridge,0.03741474273374273,0.045905857558189954,0.9269842928469963,0.896551724137931,0.896551724137931
2025-05-26,structured_ridge,0.03625440814541389,0.04747869144545837,0.9437845506500663,0.9310344827586207,0.9310344827586207
2025-05-27,structured_ridge,0.03558137471507501,0.044998198784926946,0.9349328832087453,0.9310344827586207,0.9310344827586207
2025-05-28,structured_ridge,0.03756032122857657,0.04780749619391882,0.9501475468681544,0.9655172413793104,0.9655172413793104
2025-05-29,structured_ridge,0.03536141720291695,0.04581254862900479,0.946364626503208,0.9310344827586207,0.9310344827586207
2025-05-30,structured_ridge,0.032395437582852286,0.044435155790311646,0.9535476053443527,0.9655172413793104,0.9655172413793104
2025-05-31,structured_ridge,0.03316178686964594,0.04170296748982122,0.9568322482115585,0.896551724137931,0.896551724137931
2025-06-01,structured_ridge,0.08555968898935944,0.10413440265657503,0.9456564440729434,0.8620689655172413,0.8620689655172413
2025-06-02,structured_ridge,0.07219400684738267,0.09268644528919442,0.9008439836026042,0.896551724137931,0.896551724137931
2025-06-03,structured_ridge,0.061347606167964655,0.06965269880713093,0.9337673820432443,0.9310344827586207,0.9310344827586207
2025-06-04,structured_ridge,0.06489439305239723,0.08346987974467218,0.9355556939888955,0.9310344827586207,0.9310344827586207
2025-06-05,structured_ridge,0.06899597766182151,0.08219633442361489,0.9408928962580211,0.896551724137931,0.896551724137931
2025-06-06,structured_ridge,0.08183597792558407,0.10466708496877279,0.9081915724138219,0.8275862068965517,0.8275862068965517
2025-06-07,structured_ridge,0.0773675250597191,0.09296543719079906,0.9254046863377573,0.896551724137931,0.896551724137931
2025-06-08,structured_ridge,0.04672668594043491,0.056212596308978874,0.9592396109637489,0.7931034482758621,0.7931034482758621
2025-06-09,structured_ridge,0.05124800944603787,0.06360879076307618,0.9534089504774156,0.896551724137931,0.896551724137931
2025-06-10,structured_ridge,0.047212080754624006,0.05956606445738236,0.9466541006652436,0.896551724137931,0.896551724137931
2025-06-11,structured_ridge,0.05805712607962516,0.07560033379816763,0.9464923905763866,0.896551724137931,0.896551724137931
2025-06-12,structured_ridge,0.043131256610247845,0.05497223416124504,0.9688730183948074,0.9310344827586207,0.9310344827586207
2025-06-13,structured_ridge,0.04108181346814339,0.05279047830508228,0.9360289928758371,0.9310344827586207,0.9310344827586207
2025-06-14,structured_ridge,0.042093227227082385,0.051961276738978705,0.9363916413322525,0.896551724137931,0.896551724137931
2025-06-15,structured_ridge,0.0536092769242063,0.06919820253165528,0.9647465685506122,0.8620689655172413,0.8620689655172413
2025-06-16,structured_ridge,0.03891566294111712,0.051519742047504036,0.9469524564561238,0.8620689655172413,0.8620689655172413
2025-06-17,structured_ridge,0.04089653791057281,0.06072801381152209,0.9549111807732498,0.7931034482758621,0.7931034482758621
2025-06-18,structured_ridge,0.030259604531238764,0.03994383239298811,0.968208914284825,0.9310344827586207,0.9310344827586207
2025-06-19,structured_ridge,0.027612427533139625,0.0351816365373259,0.9691251782211202,0.9655172413793104,0.9655172413793104
2025-06-20,structured_ridge,0.038110158151480555,0.04688499151057156,0.954994529172704,0.9655172413793104,0.9655172413793104
2025-06-21,structured_ridge,0.03808108529381011,0.04835523508306539,0.9684420147521313,0.9310344827586207,0.9310344827586207
2025-06-22,structured_ridge,0.0394897571437334,0.0514151611597869,0.9654981166089961,0.8275862068965517,0.8275862068965517
2025-06-23,structured_ridge,0.035662051335152115,0.04570064737971397,0.9612479741864286,0.8620689655172413,0.8620689655172413
2025-06-24,structured_ridge,0.040228155790275576,0.0532347631292868,0.9645406317820111,0.896551724137931,0.896551724137931
2025-06-25,structured_ridge,0.03310869136026484,0.04282069874569089,0.964526494107112,0.9310344827586207,0.9310344827586207
2025-06-26,structured_ridge,0.03376388852907592,0.04412398177088528,0.9729282212040833,1.0,1.0
2025-06-27,structured_ridge,0.05187008673441221,0.06346237264942045,0.9592565687786789,0.9310344827586207,0.9310344827586207
2025-06-28,structured_ridge,0.030455712231004222,0.038192780191653765,0.9750763103393819,0.9310344827586207,0.9310344827586207
2025-06-29,structured_ridge,0.03865499058929429,0.05010198028253523,0.9611484653580771,0.896551724137931,0.896551724137931
2025-06-30,structured_ridge,0.040835832461773275,0.049982565170707316,0.9622959615322892,0.9310344827586207,0.9310344827586207
2025-07-01,structured_ridge,0.06948603064624043,0.10391032381657272,0.9600905876648481,0.7586206896551724,0.7586206896551724
2025-07-02,structured_ridge,0.0716307037567606,0.09547014423459355,0.9355393590276845,0.7931034482758621,0.7931034482758621
2025-07-03,structured_ridge,0.07383432675536768,0.10682108895909691,0.9674733767628252,0.7586206896551724,0.7586206896551724
2025-07-04,structured_ridge,0.07688270138416689,0.10167295116892405,0.9541877662567319,0.8620689655172413,0.8620689655172413
2025-07-05,structured_ridge,0.0599415987422141,0.07888993800821084,0.9704123462744152,0.8620689655172413,0.8620689655172413
2025-07-06,structured_ridge,0.08592413646980201,0.12281993371117324,0.9512820512820515,0.7241379310344828,0.7241379310344828
2025-07-07,structured_ridge,0.06517051810266068,0.08725565152700972,0.9265701910163597,0.7931034482758621,0.7931034482758621
2025-07-08,structured_ridge,0.05453348312138861,0.07392794419499892,0.9280320232854599,0.9310344827586207,0.9310344827586207
2025-07-09,structured_ridge,0.046418026778060346,0.06098076838991942,0.9570100444201886,0.9655172413793104,0.9655172413793104
2025-07-10,structured_ridge,0.05486583487129691,0.07025349643518836,0.9298989829995927,0.8620689655172413,0.8620689655172413
2025-07-11,structured_ridge,0.04974854949258161,0.06280193302268287,0.9591892918379865,0.8620689655172413,0.8620689655172413
2025-07-12,structured_ridge,0.04671408455243856,0.05952833861114199,0.970674554572625,0.8620689655172413,0.8620689655172413
2025-07-13,structured_ridge,0.04997508294526593,0.06760235796025361,0.932642070573105,0.896551724137931,0.896551724137931
2025-07-14,structured_ridge,0.04779908106941682,0.0576019642336551,0.948303994855719,0.8620689655172413,0.8620689655172413
2025-07-15,structured_ridge,0.046942498531070395,0.06046970088701392,0.9552889639096537,0.896551724137931,0.896551724137931
2025-07-16,structured_ridge,0.035018029114825024,0.044953260152255474,0.9629480778761371,0.9310344827586207,0.9310344827586207
2025-07-17,structured_ridge,0.040433332807645335,0.049058829502657754,0.9487349778308158,0.896551724137931,0.896551724137931
2025-07-18,structured_ridge,0.044007993170942124,0.05623575426259295,0.9806003950674791,0.896551724137931,0.896551724137931
2025-07-19,structured_ridge,0.036838331911339436,0.04542554136826224,0.9764568764568765,0.896551724137931,0.896551724137931
2025-07-20,structured_ridge,0.03517566317062921,0.04586057668900811,0.966207397542964,0.9310344827586207,0.9310344827586207
2025-07-21,structured_ridge,0.032988894687891485,0.04039284520790486,0.9503053418260122,0.8620689655172413,0.8620689655172413
2025-07-22,structured_ridge,0.045501529213840305,0.059999166499436235,0.9435545208936128,0.9655172413793104,0.9655172413793104
2025-07-23,structured_ridge,0.0368990430284883,0.04764666255385848,0.9678732654370351,0.9310344827586207,0.9310344827586207
2025-07-24,structured_ridge,0.043627050005433515,0.05523310207883644,0.952870501638715,0.896551724137931,0.896551724137931
2025-07-25,structured_ridge,0.0639423827654478,0.07608661129833605,0.9677195718200792,0.896551724137931,0.896551724137931
2025-07-26,structured_ridge,0.042745171831407996,0.05361667676620075,0.9583805144090065,0.896551724137931,0.896551724137931
2025-07-27,structured_ridge,0.0326205194265292,0.04206681612945707,0.9632515103809927,0.9655172413793104,0.9655172413793104
2025-07-28,structured_ridge,0.035376983225637634,0.04379523679400619,0.9598283092783411,0.9310344827586207,0.9310344827586207
2025-07-29,structured_ridge,0.041718813593992835,0.04916694152944151,0.96940851642747,0.9310344827586207,0.9310344827586207
2025-07-30,structured_ridge,0.038632227325148455,0.049597872035052906,0.9679063897931628,0.896551724137931,0.896551724137931
2025-07-31,structured_ridge,0.03805410246676714,0.045107829471734015,0.9618930207413102,0.9655172413793104,0.9655172413793104
2025-08-01,structured_ridge,0.07764418317290173,0.09264448489876313,0.949667379700041,0.896551724137931,0.896551724137931
2025-08-02,structured_ridge,0.050178828764426905,0.06357752413782426,0.9689494413632345,0.9310344827586207,0.9310344827586207
2025-08-03,structured_ridge,0.047847815439831076,0.060911637899969916,0.9641547386779749,0.896551724137931,0.896551724137931
2025-08-04,structured_ridge,0.060457112924419944,0.07251481386031852,0.9358008516232454,0.9310344827586207,0.9310344827586207
2025-08-05,structured_ridge,0.05906076746590716,0.07239559439536869,0.9470892081521622,0.9310344827586207,0.9310344827586207
2025-08-06,structured_ridge,0.04875229087941662,0.05926110245212559,0.9531527874643221,0.9655172413793104,0.9655172413793104
2025-08-07,structured_ridge,0.06151169570379595,0.07711267755790989,0.9619140821317219,0.9655172413793104,0.9655172413793104
2025-08-08,structured_ridge,0.08030917612244973,0.0983852043187883,0.9716873359133351,0.8620689655172413,0.8620689655172413
2025-08-09,structured_ridge,0.04455016667061922,0.056069010109860276,0.9686640945261635,0.896551724137931,0.896551724137931
2025-08-10,structured_ridge,0.03790884023886159,0.04960228174980907,0.9704725714845001,0.9310344827586207,0.9310344827586207
2025-08-11,structured_ridge,0.04530962380466339,0.057040789564530944,0.969893899204244,0.9310344827586207,0.9310344827586207
2025-08-12,structured_ridge,0.03317513242346834,0.04181684477606532,0.9680169761633889,0.9655172413793104,0.9655172413793104
2025-08-13,structured_ridge,0.039429542028192606,0.05176362359053491,0.9652198376336307,0.9310344827586207,0.9310344827586207
2025-08-14,structured_ridge,0.03774798328344142,0.0468727819850688,0.9692518379273418,0.896551724137931,0.896551724137931
2025-08-15,structured_ridge,0.04797145251536019,0.06307714900843285,0.9778453859142521,0.8620689655172413,0.8620689655172413
2025-08-16,structured_ridge,0.03752214100362544,0.04885518401438312,0.9622085108008629,0.9310344827586207,0.9310344827586207
2025-08-17,structured_ridge,0.03827107647139887,0.045703749742186925,0.9675297077507774,0.896551724137931,0.896551724137931
2025-08-18,structured_ridge,0.03803504081394895,0.04723361779791166,0.9689041342303506,0.896551724137931,0.896551724137931
2025-08-19,structured_ridge,0.041847993307674664,0.0540894676921566,0.9582528700543221,0.8620689655172413,0.8620689655172413
2025-08-20,structured_ridge,0.034817214350501544,0.04259607154614865,0.951317168352269,0.896551724137931,0.896551724137931
2025-08-21,structured_ridge,0.03778643344394736,0.04796181114555056,0.950175779857183,0.9310344827586207,0.9310344827586207
2025-08-22,structured_ridge,0.04304271499158964,0.05170036665627248,0.9608570888956665,0.9655172413793104,0.9655172413793104
2025-08-23,structured_ridge,0.03971256625323012,0.05006436038298127,0.970576089720056,0.896551724137931,0.896551724137931
2025-08-24,structured_ridge,0.03505814217168395,0.044849336563854064,0.9765121136892173,0.896551724137931,0.896551724137931
2025-08-25,structured_ridge,0.035335592277083175,0.044537472934124904,0.9554084834508514,0.896551724137931,0.896551724137931
2025-08-26,structured_ridge,0.03455116612382314,0.044932563289502,0.9632675862752895,0.9310344827586207,0.9310344827586207
2025-08-27,structured_ridge,0.038070802097893014,0.04847915219290342,0.960415080009736,0.9310344827586207,0.9310344827586207
2025-08-28,structured_ridge,0.0432660428071883,0.05919708906631407,0.948631437650492,0.896551724137931,0.896551724137931
2025-08-29,structured_ridge,0.04074932157323807,0.05117639115834639,0.9655333172574553,0.896551724137931,0.896551724137931
2025-08-30,structured_ridge,0.04000170757459645,0.05302183564956363,0.9629581253100725,0.9310344827586207,0.9310344827586207
2025-08-31,structured_ridge,0.04562430938477667,0.0559995210882488,0.9466200466200465,0.896551724137931,0.896551724137931
2025-09-01,structured_ridge,0.10542334693040514,0.14858597669388143,0.9126913794759095,0.7586206896551724,0.7586206896551724
2025-09-02,structured_ridge,0.08893006313383432,0.12300601345671802,0.9419398399260235,0.7586206896551724,0.7586206896551724
2025-09-03,structured_ridge,0.08832399782191686,0.12669210214142532,0.93574471505506,0.7931034482758621,0.7931034482758621
2025-09-04,structured_ridge,0.0886243633005543,0.1268956439413957,0.9152879898901003,0.7586206896551724,0.7586206896551724
2025-09-05,structured_ridge,0.10837301863327801,0.1373767229365906,0.929496801902602,0.8620689655172413,0.8620689655172413
2025-09-06,structured_ridge,0.08979847722210171,0.12097676549756027,0.9141162853392903,0.8275862068965517,0.8275862068965517
2025-09-07,structured_ridge,0.07424172749971149,0.09906958191587119,0.8952926767272793,0.7931034482758621,0.7931034482758621
2025-09-08,structured_ridge,0.047392847067821084,0.06140679653266566,0.9197176659833223,0.9310344827586207,0.9310344827586207
2025-09-09,structured_ridge,0.05333023763437363,0.06995247757599697,0.931234219221594,0.9310344827586207,0.9310344827586207
2025-09-10,structured_ridge,0.05028353923786915,0.06459168672485613,0.9288562012699944,0.896551724137931,0.896551724137931
2025-09-11,structured_ridge,0.04787595076843509,0.06569315136276381,0.9284853794769773,0.896551724137931,0.896551724137931
2025-09-12,structured_ridge,0.050614666071769995,0.06735748238161009,0.9524032481396292,0.9655172413793104,0.9655172413793104
2025-09-13,structured_ridge,0.04830488975311807,0.06118684500914607,0.9350332268992976,0.9310344827586207,0.9310344827586207
2025-09-14,structured_ridge,0.05221138774170269,0.0652164827960309,0.9262534739345665,0.8620689655172413,0.8620689655172413
2025-09-15,structured_ridge,0.04199594703306209,0.056874313364293196,0.9348484848484849,0.9310344827586207,0.9310344827586207
2025-09-16,structured_ridge,0.03992410183222064,0.05124193182981859,0.9298697749512992,1.0,1.0
2025-09-17,structured_ridge,0.037562377713927425,0.04708053963538032,0.9458371890481508,0.896551724137931,0.896551724137931
2025-09-18,structured_ridge,0.03814667894832086,0.047936346838166284,0.9411139400266973,0.9310344827586207,0.9310344827586207
2025-09-19,structured_ridge,0.036648007123773675,0.04748106610600572,0.9567277550036172,0.9655172413793104,0.9655172413793104
2025-09-20,structured_ridge,0.042861900711951145,0.05218306540727187,0.9577244594485974,0.896551724137931,0.896551724137931
2025-09-21,structured_ridge,0.04679449277793454,0.05903776630836066,0.9234445049542496,0.896551724137931,0.896551724137931
2025-09-22,structured_ridge,0.040162448408364956,0.04957535532815609,0.9359575917501249,0.9310344827586207,0.9310344827586207
2025-09-23,structured_ridge,0.040521723498429904,0.049631007919291904,0.9505584380690788,0.9655172413793104,0.9655172413793104
2025-09-24,structured_ridge,0.03582366627731768,0.04518562027407963,0.9399414636503656,0.9310344827586207,0.9310344827586207
2025-09-25,structured_ridge,0.03494223099021229,0.042145399036687715,0.9452174262519092,0.896551724137931,0.896551724137931
2025-09-26,structured_ridge,0.03569340770521406,0.04521081280333255,0.9489298980491668,0.8275862068965517,0.8275862068965517
2025-09-27,structured_ridge,0.04041441530946599,0.04996874846077224,0.9473796318623904,0.9310344827586207,0.9310344827586207
2025-09-28,structured_ridge,0.05620058414943932,0.07106431905162852,0.9401271607147731,0.9310344827586207,0.9310344827586207
2025-09-29,structured_ridge,0.03907487677935558,0.049761356420890294,0.9439141063284571,0.9310344827586207,0.9310344827586207
2025-09-30,structured_ridge,0.05003079173060011,0.0626730330702755,0.9324450053169805,0.896551724137931,0.896551724137931
2025-10-01,structured_ridge,0.04395716076258208,0.0609089838000411,0.9174945743911261,0.896551724137931,0.896551724137931
2025-10-02,structured_ridge,0.030700420009956417,0.038349344915631994,0.9599418051500639,0.9655172413793104,0.9655172413793104
2025-10-03,structured_ridge,0.05205619614891661,0.06605998294067852,0.9502903206040492,0.8620689655172413,0.8620689655172413
2025-10-04,structured_ridge,0.030354169758485778,0.03873928449778786,0.9678391687159944,0.896551724137931,0.896551724137931
2025-10-05,structured_ridge,0.03561784829715518,0.04514503236193836,0.9301411965895666,0.9655172413793104,0.9655172413793104
2025-10-06,structured_ridge,0.03162658594346673,0.041255268527926714,0.9360852585058765,0.9310344827586207,0.9310344827586207
2025-10-07,structured_ridge,0.029264027433919544,0.03733685578856848,0.955353267422233,0.9655172413793104,0.9655172413793104
2025-10-08,structured_ridge,0.03749031044743878,0.04654259501876745,0.9369915370468689,0.9655172413793104,0.9655172413793104
2025-10-09,structured_ridge,0.03550521034120284,0.043776159466336305,0.9696125713367092,0.9655172413793104,0.9655172413793104
2025-10-10,structured_ridge,0.04400022249384191,0.055668966680043404,0.9590356071016085,0.896551724137931,0.896551724137931
2025-10-11,structured_ridge,0.032338901103404843,0.0389981467151179,0.9631138234763909,0.9310344827586207,0.9310344827586207
2025-10-12,structured_ridge,0.05110352751570843,0.06198779233371507,0.9352451629086462,0.9655172413793104,0.9655172413793104
2025-10-13,structured_ridge,0.030002310571687327,0.039149268979418804,0.9598512973922335,0.9310344827586207,0.9310344827586207
2025-10-14,structured_ridge,0.03703834017328706,0.04631890992988256,0.9495809717681947,0.9310344827586207,0.9310344827586207
2025-10-15,structured_ridge,0.043550335938615764,0.05169266346956794,0.9593079334458645,1.0,1.0
2025-10-16,structured_ridge,0.0496603056519055,0.06519683177759142,0.9440910538657745,0.9655172413793104,0.9655172413793104
2025-10-17,structured_ridge,0.03189454591442294,0.042413876075406205,0.9545342653395144,0.8620689655172413,0.8620689655172413
2025-10-18,structured_ridge,0.02983088384931181,0.03803439121747465,0.9673740053050398,0.896551724137931,0.896551724137931
2025-10-19,structured_ridge,0.06409389999177,0.07890176677758633,0.9478779840848807,0.9655172413793104,0.9655172413793104
2025-10-20,structured_ridge,0.0424276629515516,0.05513311383879879,0.9628124748814404,0.9310344827586207,0.9310344827586207
2025-10-21,structured_ridge,0.048274478813695176,0.060496985802166316,0.9416083916083917,0.9310344827586207,0.9310344827586207
2025-10-22,structured_ridge,0.04926216556692654,0.06251124357337985,0.9511855960131821,0.896551724137931,0.896551724137931
2025-10-23,structured_ridge,0.04099917982336823,0.049716300237372925,0.9443090272284703,0.9655172413793104,0.9655172413793104
2025-10-24,structured_ridge,0.031764355501377385,0.03937522163411433,0.9633328577562609,0.896551724137931,0.896551724137931
2025-10-25,structured_ridge,0.02992667042476269,0.037117235761683715,0.9646530919018992,0.896551724137931,0.896551724137931
2025-10-26,structured_ridge,0.047508485633813886,0.058211434162649595,0.9519812554903384,0.9655172413793104,0.9655172413793104
2025-10-27,structured_ridge,0.04143983992712249,0.05301798556615145,0.9346443251519184,0.9310344827586207,0.9310344827586207
2025-10-28,structured_ridge,0.03714298913501243,0.04547191434353597,0.9510257927681361,0.9655172413793104,0.9655172413793104
2025-10-29,structured_ridge,0.04354353446735729,0.05606252594179822,0.9688931757897276,0.9655172413793104,0.9655172413793104
2025-10-30,structured_ridge,0.0361950430069136,0.04479358290198045,0.9649344907965598,0.9310344827586207,0.9310344827586207
2025-10-31,structured_ridge,0.03158567605437036,0.03903562566336144,0.9520767543578015,0.9310344827586207,0.9310344827586207
2025-11-01,structured_ridge,0.0305060939554243,0.03885255386762645,0.9649353898506273,0.8620689655172413,0.8620689655172413
2025-11-02,structured_ridge,0.04613707133430903,0.059277581894189586,0.9582720021225017,0.9310344827586207,0.9310344827586207
2025-11-03,structured_ridge,0.04738443507046566,0.06390779752863537,0.9209225965025356,0.896551724137931,0.896551724137931
2025-11-04,structured_ridge,0.03111271460964125,0.03947830911094957,0.9568934941865352,0.9310344827586207,0.9310344827586207
2025-11-05,structured_ridge,0.031054719248425462,0.03935016343022316,0.952246316107144,0.896551724137931,0.896551724137931
2025-11-06,structured_ridge,0.04584900063721861,0.059395904681788396,0.9461568062829371,0.9310344827586207,0.9310344827586207
2025-11-07,structured_ridge,0.035660270952260396,0.046538759474223125,0.9575033307296295,0.9310344827586207,0.9310344827586207
2025-11-08,structured_ridge,0.033822699065005596,0.043107332775924136,0.9461587075801792,0.8275862068965517,0.8275862068965517
2025-11-09,structured_ridge,0.04210988100892735,0.05359902119220375,0.9610852836244741,0.8620689655172413,0.8620689655172413
2025-11-10,structured_ridge,0.04225710698139768,0.05180108308988109,0.9613434638381757,0.896551724137931,0.896551724137931
2025-11-11,structured_ridge,0.03396136174545525,0.044236001235599696,0.9596173941001528,0.896551724137931,0.896551724137931
2025-11-12,structured_ridge,0.03024367050160862,0.038372184822647114,0.9670192981068483,0.9310344827586207,0.9310344827586207
2025-11-13,structured_ridge,0.030762709607930483,0.03888544561928967,0.9642340775526409,0.9310344827586207,0.9310344827586207
2025-11-14,structured_ridge,0.032840825559904654,0.041951952199195376,0.9406427745390714,0.896551724137931,0.896551724137931
2025-11-15,structured_ridge,0.030601720342890118,0.03853166866505635,0.962965121304736,0.9655172413793104,0.9655172413793104
2025-11-16,structured_ridge,0.041544877739603775,0.051339922321763036,0.9558435817056506,0.9655172413793104,0.9655172413793104
2025-11-17,structured_ridge,0.03075644930681035,0.03880845107016413,0.9586796788655969,0.9655172413793104,0.9655172413793104
2025-11-18,structured_ridge,0.03907308624497882,0.05096067879609077,0.9539606019643928,0.896551724137931,0.896551724137931
2025-11-19,structured_ridge,0.032036580286683325,0.04097883151708401,0.9698877497375561,0.896551724137931,0.896551724137931
2025-11-20,structured_ridge,0.03174861748656926,0.03927066269619006,0.9703639995416343,0.9310344827586207,0.9310344827586207
2025-11-21,structured_ridge,0.02887657113758197,0.03726255892122857,0.9305077184695294,0.9655172413793104,0.9655172413793104
2025-11-22,structured_ridge,0.03335100207732121,0.04213159948868699,0.9459368217988908,0.9655172413793104,0.9655172413793104
2025-11-23,structured_ridge,0.03656817556794709,0.04772087351731432,0.9643757824466511,0.896551724137931,0.896551724137931
2025-11-24,structured_ridge,0.029956116136497964,0.03763201346095888,0.9647495473645944,0.9655172413793104,0.9655172413793104
2025-11-25,structured_ridge,0.034696253446646834,0.04225579369342789,0.9545493821845937,0.9655172413793104,0.9655172413793104
2025-11-26,structured_ridge,0.032104234711520435,0.03982845173579923,0.9643405805663752,0.9310344827586207,0.9310344827586207
2025-11-27,structured_ridge,0.03572374722385404,0.04299500359862527,0.9636684423868874,0.9310344827586207,0.9310344827586207
2025-11-28,structured_ridge,0.031226161532655356,0.039445728325089136,0.9311589324810466,0.9655172413793104,0.9655172413793104
2025-11-29,structured_ridge,0.04125009685933065,0.05442868294879664,0.9069754590554281,0.896551724137931,0.896551724137931
2025-11-30,structured_ridge,0.04166651818207709,0.054976928251042334,0.9659904408718413,0.9310344827586207,0.9310344827586207
2025-12-01,structured_ridge,0.08550898144156266,0.12247606110519743,0.9516025154760405,0.6896551724137931,0.6896551724137931
2025-12-02,structured_ridge,0.08265938323179102,0.12005285160651909,0.9491187898071564,0.7241379310344828,0.7241379310344828
2025-12-03,structured_ridge,0.07446229213595787,0.1049850511638179,0.954792439491834,0.6551724137931034,0.6551724137931034
2025-12-04,structured_ridge,0.06981851544162837,0.105401777499442,0.9548187444739169,0.6896551724137931,0.6896551724137931
2025-12-05,structured_ridge,0.06051713550597634,0.09380027480434486,0.9533166077054563,0.6896551724137931,0.6896551724137931
2025-12-06,structured_ridge,0.07097323465661907,0.10814389388358427,0.9453077431651253,0.6896551724137931,0.6896551724137931
2025-12-07,structured_ridge,0.0793577418033272,0.11176549225973464,0.958156414591627,0.6896551724137931,0.6896551724137931
2025-12-08,structured_ridge,0.037649745717368864,0.04829656391456815,0.9849931375977158,0.8275862068965517,0.8275862068965517
2025-12-09,structured_ridge,0.037965341526050765,0.04651814227077836,0.9791113638621245,0.7931034482758621,0.7931034482758621
2025-12-10,structured_ridge,0.040330618311146274,0.052719993224266744,0.9792038003472074,0.8275862068965517,0.8275862068965517
2025-12-11,structured_ridge,0.03553553952191191,0.04303387789499927,0.9809691553830563,0.8620689655172413,0.8620689655172413
2025-12-12,structured_ridge,0.04446876794093605,0.05419613104311506,0.9634595289767703,0.8620689655172413,0.8620689655172413
2025-12-13,structured_ridge,0.033962901959441016,0.04266339921452734,0.9663179872181422,0.9310344827586207,0.9310344827586207
2025-12-14,structured_ridge,0.047964139608361114,0.05967534465832911,0.9806385753547959,0.8620689655172413,0.8620689655172413
2025-12-15,structured_ridge,0.03662679741926603,0.04420337930464735,0.9775419982316533,0.896551724137931,0.896551724137931
2025-12-16,structured_ridge,0.030110587205197197,0.037136753716516605,0.9830037778313641,0.9310344827586207,0.9310344827586207
2025-12-17,structured_ridge,0.03445957224812287,0.04242728897155141,0.9780122176673901,0.9310344827586207,0.9310344827586207
2025-12-18,structured_ridge,0.038281412146366295,0.04869277514866115,0.9750250934667464,0.896551724137931,0.896551724137931
2025-12-19,structured_ridge,0.04092412009556529,0.05106182160445947,0.9764689333654851,0.9655172413793104,0.9655172413793104
2025-12-20,structured_ridge,0.0333542269384449,0.041130222306492395,0.9697853870267663,0.9310344827586207,0.9310344827586207
2025-12-21,structured_ridge,0.029971062144727445,0.03681134797472537,0.9851820295454935,0.9310344827586207,0.9310344827586207
2025-12-22,structured_ridge,0.0325317446809558,0.03866445874353625,0.9795162964359663,0.9655172413793104,0.9655172413793104
2025-12-23,structured_ridge,0.034963370760985185,0.042259632309384905,0.9837924517540827,0.9310344827586207,0.9310344827586207
2025-12-24,structured_ridge,0.03511628215466589,0.04296993664480237,0.9772003858210755,0.9655172413793104,0.9655172413793104
2025-12-25,structured_ridge,0.036792636876768224,0.04487636019427568,0.986420893036521,1.0,1.0
2025-12-26,structured_ridge,0.049202761055613636,0.060943707634640604,0.9667229322401737,1.0,1.0
2025-12-27,structured_ridge,0.034547912513471724,0.04376095453901163,0.9746312340564701,0.896551724137931,0.896551724137931
2025-12-28,structured_ridge,0.030113046674832382,0.0376474690027464,0.9845188982394651,0.9310344827586207,0.9310344827586207
2025-12-29,structured_ridge,0.04480305860473919,0.055551549551495154,0.9857597432719303,0.9655172413793104,0.9655172413793104
2025-12-30,structured_ridge,0.04415227405437495,0.053880471516069874,0.9804366413844686,0.9310344827586207,0.9310344827586207
2025-12-31,structured_ridge,0.032838929239234135,0.04147160640189925,0.9844636216896916,0.9655172413793104,0.9655172413793104
2025-02-01,adaptive,0.07059035092947184,0.10530688538116464,0.9468078800019649,0.6896551724137931,0.6896551724137931
2025-02-02,adaptive,0.08141865665217839,0.1216314929764337,0.953457271780555,0.7241379310344828,0.7241379310344828
2025-02-03,adaptive,0.06481032232170043,0.10026133024337491,0.9531388152077809,0.6896551724137931,0.6896551724137931
2025-02-04,adaptive,0.06311474318631743,0.09969913962524583,0.9539384975875252,0.7241379310344828,0.7241379310344828
2025-02-05,adaptive,0.059109262305688,0.09006773341132884,0.967635173290221,0.7241379310344828,0.7241379310344828
2025-02-06,adaptive,0.0668742732030209,0.10221261606789846,0.9606020416365245,0.7241379310344828,0.7241379310344828
2025-02-07,adaptive,0.07807042370947886,0.10870219801076307,0.9350884226242824,0.7931034482758621,0.7931034482758621
2025-02-08,adaptive,0.034259948052993296,0.044788169618104536,0.942233225291721,0.9310344827586207,0.9310344827586207
2025-02-09,adaptive,0.03311539544091999,0.04315019826868344,0.9729121453259384,0.9655172413793104,0.9655172413793104
2025-02-10,adaptive,0.04190464422868586,0.05280287641222215,0.9699622216863597,0.9655172413793104,0.9655172413793104
2025-02-11,adaptive,0.036834445475183,0.046133776355351694,0.9713216093180785,0.9310344827586207,0.9310344827586207
2025-02-12,adaptive,0.040770856033783866,0.052341020621667095,0.9698044467938007,0.9310344827586207,0.9310344827586207
2025-02-13,adaptive,0.04986004641325162,0.06295690580109968,0.9567869913868179,1.0,1.0
2025-02-14,adaptive,0.04567491977322048,0.06055224900532597,0.9593469958658118,0.9310344827586207,0.9310344827586207
2025-02-15,adaptive,0.03311362732670856,0.04095708234276115,0.9476767201967893,0.9310344827586207,0.9310344827586207
2025-02-16,adaptive,0.03226575308456213,0.03941060066296166,0.9679647294544291,0.9655172413793104,0.9655172413793104
2025-02-17,adaptive,0.03210523211053035,0.041262839142174,0.9709468692227312,0.9655172413793104,0.9655172413793104
2025-02-18,adaptive,0.03175872517149595,0.04064909787366136,0.9699098541588425,0.9310344827586207,0.9310344827586207
2025-02-19,adaptive,0.036363269953371566,0.04523681187724609,0.9543403953487545,0.9310344827586207,0.9310344827586207
2025-02-20,adaptive,0.0331598517958845,0.04076579776292357,0.9702655941374669,0.896551724137931,0.896551724137931
2025-02-21,adaptive,0.03753751438963667,0.04836284253528318,0.9398038742866329,0.9655172413793104,0.9655172413793104
2025-02-22,adaptive,0.031905861197289824,0.04118232424861534,0.9501938652382672,0.8620689655172413,0.8620689655172413
2025-02-23,adaptive,0.0334754165328444,0.04188547029316196,0.9703279479141549,0.896551724137931,0.896551724137931
2025-02-24,adaptive,0.03350223127545335,0.0421876340266209,0.9624647585920055,0.9310344827586207,0.9310344827586207
2025-02-25,adaptive,0.04356194105954222,0.05550474772732721,0.9490905546941114,0.896551724137931,0.896551724137931
2025-02-26,adaptive,0.0367581407176073,0.04577102940553486,0.9697411783618681,0.8620689655172413,0.8620689655172413
2025-02-27,adaptive,0.03827142050086629,0.05042109067230717,0.9678763764970663,0.9310344827586207,0.9310344827586207
2025-02-28,adaptive,0.036730409671040326,0.046722317280762274,0.943166689943698,0.9310344827586207,0.9310344827586207
2025-03-01,adaptive,0.035996682014659456,0.04635259050146336,0.9467847174376433,0.8275862068965517,0.8275862068965517
2025-03-02,adaptive,0.043706635330460014,0.056699900255961215,0.9579735511102678,0.896551724137931,0.896551724137931
2025-03-03,adaptive,0.03928121685412886,0.048289281397143675,0.9548739599654766,0.896551724137931,0.896551724137931
2025-03-04,adaptive,0.038016370808439,0.050817261277298256,0.967088592334949,0.9310344827586207,0.9310344827586207
2025-03-05,adaptive,0.0320622780560734,0.039223762523803704,0.9670574783558037,0.9655172413793104,0.9655172413793104
2025-03-06,adaptive,0.03494607679599745,0.04394932979162145,0.9657833949788519,0.9310344827586207,0.9310344827586207
2025-03-07,adaptive,0.041458139598851355,0.056039742790867236,0.9240464231642225,0.896551724137931,0.896551724137931
2025-03-08,adaptive,0.03668810403853138,0.04698113578008843,0.9454463978927494,0.896551724137931,0.896551724137931
2025-03-09,adaptive,0.04040062794806544,0.057051050613793126,0.9529488716234128,0.9310344827586207,0.9310344827586207
2025-03-10,adaptive,0.03691101436329034,0.04629959853780815,0.9654971465316292,0.9310344827586207,0.9310344827586207
2025-03-11,adaptive,0.03573030222183986,0.047245782663998884,0.9546569353924674,0.9310344827586207,0.9310344827586207
2025-03-12,adaptive,0.03726627254029481,0.0462308688841644,0.9457920299674067,0.9655172413793104,0.9655172413793104
2025-03-13,adaptive,0.04335453334001346,0.05684223155975874,0.9535125793746485,0.8275862068965517,0.8275862068965517
2025-03-14,adaptive,0.04638600986317497,0.057296232355553076,0.9435996776799007,0.896551724137931,0.896551724137931
2025-03-15,adaptive,0.03729862589943231,0.04836976530964167,0.9353638527492993,0.8275862068965517,0.8275862068965517
2025-03-16,adaptive,0.04156271678796817,0.050378662252592535,0.9357808857808859,0.9310344827586207,0.9310344827586207
2025-03-17,adaptive,0.04707059324565551,0.06437361901456977,0.9428691710993652,0.896551724137931,0.896551724137931
2025-03-18,adaptive,0.03244537036280399,0.04009884469477593,0.952970881477527,0.9310344827586207,0.9310344827586207
2025-03-19,adaptive,0.03544069542383621,0.04551555980863575,0.9490594587662011,0.9655172413793104,0.9655172413793104
2025-03-20,adaptive,0.03733076806386805,0.047631142432622946,0.9591963660445784,0.8620689655172413,0.8620689655172413
2025-03-21,adaptive,0.04676292266547671,0.057441088035915674,0.9454422692877145,0.896551724137931,0.896551724137931
2025-03-22,adaptive,0.04250264937631189,0.05719045885889227,0.9209105395696988,0.896551724137931,0.896551724137931
2025-03-23,adaptive,0.037579005948903656,0.04823690904992947,0.9545764646468432,0.896551724137931,0.896551724137931
2025-03-24,adaptive,0.03583953833053873,0.044708860383602604,0.9450687243790692,0.9655172413793104,0.9655172413793104
2025-03-25,adaptive,0.03287624869470654,0.04070996917379215,0.9413379390905809,0.9310344827586207,0.9310344827586207
2025-03-26,adaptive,0.0394535899321738,0.05029746426008047,0.9302705983139123,1.0,1.0
2025-03-27,adaptive,0.03221373943314007,0.041049614039960575,0.9444175396240023,0.9655172413793104,0.9655172413793104
2025-03-28,adaptive,0.03512022904482689,0.044355217117281326,0.9608179431498409,0.8620689655172413,0.8620689655172413
2025-03-29,adaptive,0.04569779057997895,0.06099764031938859,0.9473775166354564,0.9310344827586207,0.9310344827586207
2025-03-30,adaptive,0.03527221675532624,0.04608520713732584,0.9556003448302085,0.896551724137931,0.896551724137931
2025-03-31,adaptive,0.033151011844319705,0.04386338115848849,0.9548107065348445,0.9655172413793104,0.9655172413793104
2025-04-01,adaptive,0.043444369911927884,0.05525286992060832,0.9326148748245151,0.896551724137931,0.896551724137931
2025-04-02,adaptive,0.044853744311014694,0.06202131408716593,0.9404307138326073,0.9310344827586207,0.9310344827586207
2025-04-03,adaptive,0.03966335637037294,0.05102510894401981,0.9469384966431279,0.9655172413793104,0.9655172413793104
2025-04-04,adaptive,0.037881621438184424,0.04863706722204927,0.9634031163292832,0.8275862068965517,0.8275862068965517
2025-04-05,adaptive,0.038223113073484215,0.04978649192332419,0.9425215291866099,0.8620689655172413,0.8620689655172413
2025-04-06,adaptive,0.037368943638164835,0.046034621954274046,0.9483089666319457,0.9310344827586207,0.9310344827586207
2025-04-07,adaptive,0.033216446082998015,0.043886671920846956,0.9492302653147237,0.9655172413793104,0.9655172413793104
2025-04-08,adaptive,0.04954404182391373,0.06318116611610342,0.9209757685590685,0.9310344827586207,0.9310344827586207
2025-04-09,adaptive,0.03359363346956058,0.04290675480819429,0.9600372961141805,0.896551724137931,0.896551724137931
2025-04-10,adaptive,0.03441663450158244,0.042040820389719104,0.9442167028373926,0.9310344827586207,0.9310344827586207
2025-04-11,adaptive,0.03759364406932637,0.04739086891891425,0.9646289780362255,0.896551724137931,0.896551724137931
2025-04-12,adaptive,0.03741076663283898,0.0490415355035696,0.950188891568202,0.8620689655172413,0.8620689655172413
2025-04-13,adaptive,0.032971749831939116,0.042533264790395375,0.9543483415732631,0.9310344827586207,0.9310344827586207
2025-04-14,adaptive,0.03743435030726981,0.04683096625601951,0.9401393379557161,0.9310344827586207,0.9310344827586207
2025-04-15,adaptive,0.03794156426271053,0.0496707591718847,0.9416565020043569,0.9310344827586207,0.9310344827586207
2025-04-16,adaptive,0.03378810606542393,0.04210252970592856,0.9510668397586645,0.896551724137931,0.896551724137931
2025-04-17,adaptive,0.03540348399243561,0.04473692384079203,0.9496482389864023,0.8620689655172413,0.8620689655172413
2025-04-18,adaptive,0.033646851186143814,0.044397266189682344,0.9703961514271418,0.9310344827586207,0.9310344827586207
2025-04-19,adaptive,0.04116971277905149,0.04963413258001111,0.9468278680249629,0.8620689655172413,0.8620689655172413
2025-04-20,adaptive,0.03132283704714139,0.0407057755861229,0.9395655681827754,0.9655172413793104,0.9655172413793104
2025-04-21,adaptive,0.03445901862909076,0.044296844094877504,0.9429355989631789,0.9310344827586207,0.9310344827586207
2025-04-22,adaptive,0.037534687328776774,0.047684157186944694,0.926217599506732,0.8620689655172413,0.8620689655172413
2025-04-23,adaptive,0.037802991232380845,0.04721985838786681,0.9534833951087875,0.9310344827586207,0.9310344827586207
2025-04-24,adaptive,0.03501800832173263,0.045737105248633614,0.9528030415760639,0.896551724137931,0.896551724137931
2025-04-25,adaptive,0.04082740896075432,0.051221674674995284,0.9446467325777671,0.9310344827586207,0.9310344827586207
2025-04-26,adaptive,0.04711813956348903,0.06112415910684175,0.9390098826933911,0.896551724137931,0.896551724137931
2025-04-27,adaptive,0.03300759696959583,0.04221859536389529,0.9500763604211881,0.9310344827586207,0.9310344827586207
2025-04-28,adaptive,0.05016004346942024,0.06602288345495813,0.9309018567639258,0.9310344827586207,0.9310344827586207
2025-04-29,adaptive,0.03334313344076915,0.04216531841947247,0.9422653771126194,0.9310344827586207,0.9310344827586207
2025-04-30,adaptive,0.03990120622705024,0.050410456835347776,0.9563096065892142,0.9310344827586207,0.9310344827586207
2025-05-01,adaptive,0.04249218082159264,0.05206220980521914,0.9364508574037519,0.9655172413793104,0.9655172413793104
2025-05-02,adaptive,0.05280073728329504,0.06842823246848415,0.938835179720527,0.9655172413793104,0.9655172413793104
2025-05-03,adaptive,0.03853376799737861,0.050350774683495164,0.9679516999760733,0.896551724137931,0.896551724137931
2025-05-04,adaptive,0.04556242644090336,0.056673346162689535,0.9309318602459521,0.9310344827586207,0.9310344827586207
2025-05-05,adaptive,0.04057263987853904,0.05156773672849048,0.9399736154389596,0.9310344827586207,0.9310344827586207
2025-05-06,adaptive,0.04474913747217113,0.054722283721836615,0.93991734980892,0.896551724137931,0.896551724137931
2025-05-07,adaptive,0.04437218368231144,0.055697382875317496,0.9367493303397466,0.896551724137931,0.896551724137931
2025-05-08,adaptive,0.04185251326779122,0.05533484902174864,0.9400629773810827,0.896551724137931,0.896551724137931
2025-05-09,adaptive,0.03389798724996585,0.040769530284996074,0.9535075089502332,0.9655172413793104,0.9655172413793104
2025-05-10,adaptive,0.036557118453053365,0.04700243862363221,0.9526803674337214,0.9310344827586207,0.9310344827586207
2025-05-11,adaptive,0.04220833449638704,0.053402245841494604,0.9450124588055623,0.896551724137931,0.896551724137931
2025-05-12,adaptive,0.042581406766333235,0.05450701973201662,0.9289775610249209,0.9310344827586207,0.9310344827586207
2025-05-13,adaptive,0.038838304186042893,0.050324595070795966,0.9311768795866521,0.9310344827586207,0.9310344827586207
2025-05-14,adaptive,0.03143149962642192,0.03888675864880336,0.9520355116881043,0.896551724137931,0.896551724137931
2025-05-15,adaptive,0.03485998460213696,0.04376073694912534,0.9268604889572842,0.9655172413793104,0.9655172413793104
2025-05-16,adaptive,0.03871084275552377,0.050242598841983455,0.9508277101102034,0.9310344827586207,0.9310344827586207
2025-05-17,adaptive,0.04261421407152484,0.05289041516178494,0.9530343219998393,0.896551724137931,0.896551724137931
2025-05-18,adaptive,0.03266811365657237,0.04530199805933349,0.9430230688851379,0.9310344827586207,0.9310344827586207
2025-05-19,adaptive,0.042398458372399445,0.05851448657036432,0.9123985210192107,0.9310344827586207,0.9310344827586207
2025-05-20,adaptive,0.03953637250882948,0.05227926509687203,0.9361345551000724,0.9310344827586207,0.9310344827586207
2025-05-21,adaptive,0.039003335850812296,0.0475274221433746,0.9374897641603682,0.8620689655172413,0.8620689655172413
2025-05-22,adaptive,0.033795721540905814,0.04292350276004415,0.9406899378886003,0.9310344827586207,0.9310344827586207
2025-05-23,adaptive,0.03388676686245181,0.043456776604196494,0.9501617134496732,0.9310344827586207,0.9310344827586207
2025-05-24,adaptive,0.03938444812243133,0.05269910732378025,0.9496262358331323,0.9310344827586207,0.9310344827586207
2025-05-25,adaptive,0.040121445573751094,0.049435366582799484,0.9288290017175754,0.896551724137931,0.896551724137931
2025-05-26,adaptive,0.042837966514541435,0.05643071650254377,0.9254379178499472,0.896551724137931,0.896551724137931
2025-05-27,adaptive,0.040435286703274176,0.05146037926228774,0.9211759504862954,0.9310344827586207,0.9310344827586207
2025-05-28,adaptive,0.04061576501308233,0.05156932705220661,0.9395736061460761,0.9310344827586207,0.9310344827586207
2025-05-29,adaptive,0.036640419373489476,0.047553185348476176,0.9386260695601468,0.9310344827586207,0.9310344827586207
2025-05-30,adaptive,0.03465363354947407,0.04715298771172249,0.9554023653759904,0.9310344827586207,0.9310344827586207
2025-05-31,adaptive,0.03522172468280616,0.04481767689741117,0.9602041636524395,0.896551724137931,0.896551724137931
2025-06-01,adaptive,0.08595662295375488,0.10611767539370351,0.9334427833808095,0.8620689655172413,0.8620689655172413
2025-06-02,adaptive,0.07402449127679915,0.0943492120034361,0.8984687726067038,0.896551724137931,0.896551724137931
2025-06-03,adaptive,0.06484225316759655,0.07495097736443697,0.9251386544489993,0.9310344827586207,0.9310344827586207
2025-06-04,adaptive,0.06638832125546025,0.08612114133343407,0.941851422418553,0.9310344827586207,0.9310344827586207
2025-06-05,adaptive,0.07018374782748935,0.08449894032323359,0.9352140808918507,0.896551724137931,0.896551724137931
2025-06-06,adaptive,0.08661294182132834,0.11038994107165119,0.9117041553177129,0.8275862068965517,0.8275862068965517
2025-06-07,adaptive,0.0831707300612853,0.09832725351771407,0.9199750421281307,0.896551724137931,0.896551724137931
2025-06-08,adaptive,0.03838515756198424,0.048610644531353546,0.9625150711357607,0.7931034482758621,0.7931034482758621
2025-06-09,adaptive,0.04250091617493474,0.053125552003259975,0.9423004851958404,0.8620689655172413,0.8620689655172413
2025-06-10,adaptive,0.040408385660655466,0.05201172382984737,0.9579393898005634,0.896551724137931,0.896551724137931
2025-06-11,adaptive,0.050675370053050346,0.0656532600420887,0.9475714849810717,0.8620689655172413,0.8620689655172413
2025-06-12,adaptive,0.03694731112444263,0.04680277283124782,0.9708483458912495,0.896551724137931,0.896551724137931
2025-06-13,adaptive,0.04235327530662885,0.05348749120814876,0.9351508471498643,0.896551724137931,0.896551724137931
2025-06-14,adaptive,0.0380311394194817,0.048341681331620666,0.9374184901121936,0.896551724137931,0.896551724137931
2025-06-15,adaptive,0.05002983601659409,0.06553413046118488,0.961280203842825,0.8275862068965517,0.8275862068965517
2025-06-16,adaptive,0.03918150214068518,0.05023868648585831,0.951089998065162,0.896551724137931,0.896551724137931
2025-06-17,adaptive,0.04066639201965034,0.058942683397899494,0.9574793023068885,0.7931034482758621,0.7931034482758621
2025-06-18,adaptive,0.032845324978692206,0.041713167234859745,0.9632937096035222,0.896551724137931,0.896551724137931
2025-06-19,adaptive,0.03191662299691864,0.04090588700207853,0.9671136779051186,0.9310344827586207,0.9310344827586207
2025-06-20,adaptive,0.04001279899945799,0.04902328353886888,0.9459819809324573,0.9655172413793104,0.9655172413793104
2025-06-21,adaptive,0.04371807480964468,0.05538676033694157,0.9604522952865302,0.9310344827586207,0.9310344827586207
2025-06-22,adaptive,0.03986700465518598,0.051053230729465264,0.9611576251488103,0.8275862068965517,0.8275862068965517
2025-06-23,adaptive,0.03923718670120974,0.04990956726461418,0.9582317284578388,0.8620689655172413,0.8620689655172413
2025-06-24,adaptive,0.0380242203567907,0.051032923755153045,0.9644723092998956,0.8620689655172413,0.8620689655172413
2025-06-25,adaptive,0.03453446876099231,0.043892143501001825,0.9608149682821592,0.896551724137931,0.896551724137931
2025-06-26,adaptive,0.03519265053571049,0.04503057994727746,0.9688891568201913,0.9655172413793104,0.9655172413793104
2025-06-27,adaptive,0.04087944311723088,0.052931484253570915,0.956296588793194,0.9310344827586207,0.9310344827586207
2025-06-28,adaptive,0.03126534316294421,0.03982813326921681,0.9754902650334483,0.9310344827586207,0.9310344827586207
2025-06-29,adaptive,0.042774190908992565,0.05454604654616802,0.9584537354539887,0.8620689655172413,0.8620689655172413
2025-06-30,adaptive,0.042064133539856004,0.051344157018740365,0.9602040836850906,0.9310344827586207,0.9310344827586207
2025-07-01,adaptive,0.07345857047603496,0.10670725876190759,0.955514986250569,0.7586206896551724,0.7586206896551724
2025-07-02,adaptive,0.07796928854542201,0.10512187704883559,0.931618830610313,0.7931034482758621,0.7931034482758621
2025-07-03,adaptive,0.08737413855192802,0.1206489211641269,0.9636854865573677,0.7586206896551724,0.7586206896551724
2025-07-04,adaptive,0.0820872994847947,0.11254514002680072,0.9597781528816011,0.8620689655172413,0.8620689655172413
2025-07-05,adaptive,0.06901432386559847,0.09182976359921172,0.9672333413712724,0.8275862068965517,0.8275862068965517
2025-07-06,adaptive,0.09387002896590746,0.13385229603850754,0.9423076923076923,0.6896551724137931,0.6896551724137931
2025-07-07,adaptive,0.07521696811270281,0.10300879145089567,0.921572587334146,0.7586206896551724,0.7586206896551724
2025-07-08,adaptive,0.04626820547628723,0.06287717890849098,0.9322961671008783,0.9655172413793104,0.9655172413793104
2025-07-09,adaptive,0.03661091154312609,0.0482861034863741,0.9634926487954473,0.9655172413793104,0.9655172413793104
2025-07-10,adaptive,0.053809717994351663,0.06782072925118385,0.9315186309773469,0.896551724137931,0.896551724137931
2025-07-11,adaptive,0.05052101292852709,0.06248104057790719,0.9551863901361424,0.896551724137931,0.896551724137931
2025-07-12,adaptive,0.04339390265767115,0.054337861504089646,0.9686208590761853,0.896551724137931,0.896551724137931
2025-07-13,adaptive,0.04821710016146936,0.06739966886592964,0.9326581464512499,0.9310344827586207,0.9310344827586207
2025-07-14,adaptive,0.043260656618586614,0.05134800426018209,0.9507475283337353,0.896551724137931,0.896551724137931
2025-07-15,adaptive,0.04751600946716826,0.06059602905561401,0.9387066956032473,0.9310344827586207,0.9310344827586207
2025-07-16,adaptive,0.033650018064676046,0.04260787567548051,0.9551351932478027,0.9310344827586207,0.9310344827586207
2025-07-17,adaptive,0.03935301528304398,0.048028516350161796,0.9484677160881285,0.9310344827586207,0.9310344827586207
2025-07-18,adaptive,0.03868580541076236,0.04963271733721233,0.9766959583171363,0.9310344827586207,0.9310344827586207
2025-07-19,adaptive,0.035824755430853096,0.04462495291402514,0.9741861586689173,0.896551724137931,0.896551724137931
2025-07-20,adaptive,0.035225168367276544,0.046571095257541384,0.9567025059398797,0.9310344827586207,0.9310344827586207
2025-07-21,adaptive,0.03314832374037556,0.04152274943348996,0.9514929497104447,0.8620689655172413,0.8620689655172413
2025-07-22,adaptive,0.04122696746514647,0.05417976014235591,0.9397867331677571,0.9655172413793104,0.9655172413793104
2025-07-23,adaptive,0.038272559018524194,0.04785960096239253,0.960681297773729,0.9310344827586207,0.9310344827586207
2025-07-24,adaptive,0.044289439543552064,0.05468183411286883,0.9490906569921366,0.896551724137931,0.896551724137931
2025-07-25,adaptive,0.05044836579544539,0.06249433304768622,0.9678803309245709,0.896551724137931,0.896551724137931
2025-07-26,adaptive,0.04311735724978436,0.05411629438561003,0.9565137011837692,0.896551724137931,0.896551724137931
2025-07-27,adaptive,0.03473678497124423,0.0452623095065305,0.9612520710278052,0.9310344827586207,0.9310344827586207
2025-07-28,adaptive,0.03551877433750634,0.04440504410440944,0.9550175930764261,0.896551724137931,0.896551724137931
2025-07-29,adaptive,0.04060618257983864,0.0475228937557314,0.9595680398565811,0.9310344827586207,0.9310344827586207
2025-07-30,adaptive,0.03475322521602106,0.044914838006148566,0.9682922124192516,0.896551724137931,0.896551724137931
2025-07-31,adaptive,0.03566517586041525,0.04334162999328743,0.9605828327232953,0.9655172413793104,0.9655172413793104
2025-08-01,adaptive,0.054765444088007736,0.06841674271617594,0.950991631492755,0.896551724137931,0.896551724137931
2025-08-02,adaptive,0.050452051202561715,0.06433008879247756,0.9623422554457038,0.9310344827586207,0.9310344827586207
2025-08-03,adaptive,0.05200186023483592,0.06685370128550817,0.962346198752443,0.896551724137931,0.896551724137931
2025-08-04,adaptive,0.059808979617335924,0.07327760339391044,0.9285968342532098,0.9310344827586207,0.9310344827586207
2025-08-05,adaptive,0.05626666833831337,0.07273903288490191,0.9385408513597409,0.9310344827586207,0.9310344827586207
2025-08-06,adaptive,0.048809471132878215,0.060589943658612984,0.944232666653837,0.9310344827586207,0.9310344827586207
2025-08-07,adaptive,0.05997912916993699,0.07597706637337767,0.9535545918997992,0.9655172413793104,0.9655172413793104
2025-08-08,adaptive,0.06509799869522095,0.08063913052291517,0.9642743391556382,0.8620689655172413,0.8620689655172413
2025-08-09,adaptive,0.04306374150674294,0.05461797971344303,0.9666666666666668,0.8620689655172413,0.8620689655172413
2025-08-10,adaptive,0.039751366080900866,0.05134662823837676,0.9572702300281164,0.9310344827586207,0.9310344827586207
2025-08-11,adaptive,0.0428607255007676,0.05473489866939054,0.9657101519170486,0.9310344827586207,0.9310344827586207
2025-08-12,adaptive,0.03513954404184975,0.04419925204105625,0.9614640331665445,0.9655172413793104,0.9655172413793104
2025-08-13,adaptive,0.0410100338344769,0.05269559197862936,0.9605739088497709,0.896551724137931,0.896551724137931
2025-08-14,adaptive,0.03652142269631334,0.04481508042496809,0.971817952554498,0.896551724137931,0.896551724137931
2025-08-15,adaptive,0.03930195279784309,0.050932188680870356,0.9763864970409897,0.8620689655172413,0.8620689655172413
2025-08-16,adaptive,0.03865847352907563,0.050516344458537754,0.9611153477919671,0.9310344827586207,0.9310344827586207
2025-08-17,adaptive,0.038326085325862486,0.0470277827065592,0.9664144425839242,0.896551724137931,0.896551724137931
2025-08-18,adaptive,0.03933197877192703,0.04886105886032404,0.9648349153093685,0.896551724137931,0.896551724137931
2025-08-19,adaptive,0.0424006007789525,0.05356861536115409,0.9543926420577142,0.8620689655172413,0.8620689655172413
2025-08-20,adaptive,0.03828374643967444,0.046732381530340324,0.9480196005346001,0.896551724137931,0.896551724137931
2025-08-21,adaptive,0.038775413340328184,0.04969398832675785,0.9454595143678054,0.9310344827586207,0.9310344827586207
2025-08-22,adaptive,0.03647948722134618,0.04688687331770583,0.9581563305130453,0.9310344827586207,0.9310344827586207
2025-08-23,adaptive,0.042635969426911995,0.05471103695468806,0.9662697595352513,0.896551724137931,0.896551724137931
2025-08-24,adaptive,0.03432475581700841,0.04523006618491122,0.9722821440023235,0.9310344827586207,0.9310344827586207
2025-08-25,adaptive,0.03979347568595019,0.04996058677719422,0.9495990571492788,0.896551724137931,0.896551724137931
2025-08-26,adaptive,0.035681774448528256,0.04747600156561494,0.957490311762311,0.9655172413793104,0.9655172413793104
2025-08-27,adaptive,0.041530530814495537,0.05230663145656392,0.9538741939457285,0.9655172413793104,0.9655172413793104
2025-08-28,adaptive,0.04674674831913525,0.06331888106755104,0.9437604367843925,0.896551724137931,0.896551724137931
2025-08-29,adaptive,0.039384492352553487,0.050070846221614854,0.9603166947994535,0.896551724137931,0.896551724137931
2025-08-30,adaptive,0.04311748226750125,0.057585429388234306,0.9574440935662071,0.896551724137931,0.896551724137931
2025-08-31,adaptive,0.042409963434493186,0.05315718682805951,0.9441724941724943,0.896551724137931,0.896551724137931
2025-09-01,adaptive,0.10860266548353426,0.15075356611209864,0.911324921595944,0.7586206896551724,0.7586206896551724
2025-09-02,adaptive,0.09403703001064859,0.12971578198674308,0.9380796119294158,0.7586206896551724,0.7586206896551724
2025-09-03,adaptive,0.09590732849655664,0.13609567706145959,0.9332529539426092,0.7931034482758621,0.7931034482758621
2025-09-04,adaptive,0.09936968154746034,0.14180816576411426,0.910925389691956,0.7586206896551724,0.7586206896551724
2025-09-05,adaptive,0.1081068077489593,0.13873184706072378,0.9280077647128161,0.8620689655172413,0.8620689655172413
2025-09-06,adaptive,0.0996763159202564,0.13386981105741225,0.9129407320254262,0.8275862068965517,0.8275862068965517
2025-09-07,adaptive,0.08328800473833184,0.11508071861165968,0.8944667776577717,0.7586206896551724,0.7586206896551724
2025-09-08,adaptive,0.044964951600397964,0.054796322040632776,0.9210640275417025,0.9310344827586207,0.9310344827586207
2025-09-09,adaptive,0.04733047470271922,0.05881339528232071,0.9271428959015349,0.9310344827586207,0.9310344827586207
2025-09-10,adaptive,0.04709325970650678,0.05969420907122821,0.9304195804195804,0.896551724137931,0.896551724137931
2025-09-11,adaptive,0.041550857967809725,0.05439971617836833,0.9343711662764607,0.9310344827586207,0.9310344827586207
2025-09-12,adaptive,0.04256458913648536,0.05315116070801816,0.9520978058410948,0.9310344827586207,0.9310344827586207
2025-09-13,adaptive,0.04606188330852067,0.05651971600893305,0.9378967484480566,0.9655172413793104,0.9655172413793104
2025-09-14,adaptive,0.04329858507444043,0.05388652640508007,0.933821239193316,0.9310344827586207,0.9310344827586207
2025-09-15,adaptive,0.04232358881353688,0.05593331001839398,0.9281769954183747,0.896551724137931,0.896551724137931
2025-09-16,adaptive,0.040143285636661,0.05194534600323996,0.9340897056841698,1.0,1.0
2025-09-17,adaptive,0.036152233789654514,0.04645301770398369,0.9375842102291514,0.896551724137931,0.896551724137931
2025-09-18,adaptive,0.03761463168904758,0.04998366876699284,0.9358410413993685,0.9310344827586207,0.9310344827586207
2025-09-19,adaptive,0.03626914607006297,0.04468552278034059,0.9602724861345551,0.9655172413793104,0.9655172413793104
2025-09-20,adaptive,0.04327955284630827,0.054129019325204135,0.9571055381400209,0.896551724137931,0.896551724137931
2025-09-21,adaptive,0.03887833945415275,0.04968605855269636,0.937603363082359,0.896551724137931,0.896551724137931
2025-09-22,adaptive,0.04147749290566789,0.05251669150157819,0.9306143610145808,0.9310344827586207,0.9310344827586207
2025-09-23,adaptive,0.038818417273378106,0.047327257534033114,0.9467725535505831,0.9655172413793104,0.9655172413793104
2025-09-24,adaptive,0.03553564688012536,0.04429107594802098,0.9412154782734016,1.0,1.0
2025-09-25,adaptive,0.033619777237270346,0.040276437221250384,0.9467928623101036,0.896551724137931,0.896551724137931
2025-09-26,adaptive,0.03663580730685262,0.04736157444321847,0.9480658187307041,0.8275862068965517,0.8275862068965517
2025-09-27,adaptive,0.041876382278349555,0.05185372812492608,0.9448195482678242,0.896551724137931,0.896551724137931
2025-09-28,adaptive,0.04477638618534956,0.05750570013871978,0.9413469228712101,0.896551724137931,0.896551724137931
2025-09-29,adaptive,0.035357761263258035,0.04487346719172176,0.9431143289800368,0.896551724137931,0.896551724137931
2025-09-30,adaptive,0.04549330590670297,0.057302943011373335,0.9296518158764366,0.896551724137931,0.896551724137931
2025-10-01,adaptive,0.04917327051646893,0.06669557824658391,0.9142593039144765,0.896551724137931,0.896551724137931
2025-10-02,adaptive,0.037309210089381206,0.04660094650175985,0.9491649058546429,0.9310344827586207,0.9310344827586207
2025-10-03,adaptive,0.05212106887943477,0.06673546995811037,0.948083904111788,0.8620689655172413,0.8620689655172413
2025-10-04,adaptive,0.034295201670641234,0.04283185952172914,0.9613786686953939,0.8620689655172413,0.8620689655172413
2025-10-05,adaptive,0.03820555357291331,0.04794885794557821,0.9236565827275207,0.9655172413793104,0.9655172413793104
2025-10-06,adaptive,0.0335390470761919,0.04308718166761866,0.9326148748245151,0.9310344827586207,0.9310344827586207
2025-10-07,adaptive,0.035612046488111594,0.04389028865084281,0.9481191222570534,0.9655172413793104,0.9655172413793104
2025-10-08,adaptive,0.040464361472517,0.05221371771654566,0.9341199804280702,0.9655172413793104,0.9655172413793104
2025-10-09,adaptive,0.03505236186237228,0.043477615517817765,0.9654730327144121,0.9655172413793104,0.9655172413793104
2025-10-10,adaptive,0.03873777361905479,0.04830833612198474,0.9556034036692025,0.896551724137931,0.896551724137931
2025-10-11,adaptive,0.033032267639926866,0.04044678910024508,0.960674304065729,0.9310344827586207,0.9310344827586207
2025-10-12,adaptive,0.04398079102153158,0.05442113648500061,0.9307881122584049,0.9655172413793104,0.9655172413793104
2025-10-13,adaptive,0.02981603839821127,0.039829855470588496,0.9584908693698104,0.9310344827586207,0.9310344827586207
2025-10-14,adaptive,0.037270018404266435,0.046565607667962784,0.9463336411202038,0.9310344827586207,0.9310344827586207
2025-10-15,adaptive,0.04047582439833954,0.048706113787717616,0.9543364681295715,0.9655172413793104,0.9655172413793104
2025-10-16,adaptive,0.04811399002415408,0.06415312851990991,0.9412154782734016,0.9310344827586207,0.9310344827586207
2025-10-17,adaptive,0.039352179686870103,0.051537955572099836,0.9490584028409087,0.9310344827586207,0.9310344827586207
2025-10-18,adaptive,0.03421242372346152,0.043262438102809296,0.9620368137609516,0.896551724137931,0.896551724137931
2025-10-19,adaptive,0.05045110375170489,0.06437797054364322,0.9459810304637891,0.9310344827586207,0.9310344827586207
2025-10-20,adaptive,0.04025547038246607,0.053256295232913836,0.958439836026043,0.9310344827586207,0.9310344827586207
2025-10-21,adaptive,0.04744040274040513,0.058976267067756945,0.9363756932722449,0.896551724137931,0.896551724137931
2025-10-22,adaptive,0.04497660525322643,0.05660879563125833,0.945844385499558,0.896551724137931,0.896551724137931
2025-10-23,adaptive,0.03767835904379778,0.04568032489878792,0.9459990073144399,0.9655172413793104,0.9655172413793104
2025-10-24,adaptive,0.035180357880024264,0.0432106958475372,0.955702828759322,0.8275862068965517,0.8275862068965517
2025-10-25,adaptive,0.03268767762860996,0.040955942663191726,0.9625270527449961,0.8620689655172413,0.8620689655172413
2025-10-26,adaptive,0.03401349256712124,0.04310035235862564,0.9513201336731162,0.9655172413793104,0.9655172413793104
2025-10-27,adaptive,0.03812219762343526,0.04897594688323805,0.9321063382397207,0.9310344827586207,0.9310344827586207
2025-10-28,adaptive,0.035937860799369066,0.04408757820484104,0.9512166940129128,0.9655172413793104,0.9655172413793104
2025-10-29,adaptive,0.03513582543582665,0.04639184778929045,0.9693151675910298,0.9310344827586207,0.9310344827586207
2025-10-30,adaptive,0.03575034556247028,0.04419714142940869,0.9594767301663853,0.9655172413793104,0.9655172413793104
2025-10-31,adaptive,0.034204636809616794,0.04294212243038272,0.950451079547019,0.9655172413793104,0.9655172413793104
2025-11-01,adaptive,0.03290085138659341,0.041416708486202325,0.9627671492502621,0.896551724137931,0.896551724137931
2025-11-02,adaptive,0.03856537859931297,0.05029844838198961,0.9571848697706681,0.9310344827586207,0.9310344827586207
2025-11-03,adaptive,0.049664877447266234,0.0671070791151359,0.9122918420801358,0.896551724137931,0.896551724137931
2025-11-04,adaptive,0.031575921573968074,0.04087959788641765,0.9533186171922434,0.9310344827586207,0.9310344827586207
2025-11-05,adaptive,0.03105172062451527,0.03913946225427387,0.9516253815705128,0.8620689655172413,0.8620689655172413
2025-11-06,adaptive,0.0466131583970962,0.06004424790463141,0.9446979188754857,0.9310344827586207,0.9310344827586207
2025-11-07,adaptive,0.036449247703619556,0.0479147324266605,0.9532231195725371,0.9310344827586207,0.9310344827586207
2025-11-08,adaptive,0.036718015801355745,0.046447265922164714,0.9412053126961193,0.8275862068965517,0.8275862068965517
2025-11-09,adaptive,0.03867804754472334,0.049128279147407534,0.9577394881239141,0.8620689655172413,0.8620689655172413
2025-11-10,adaptive,0.04087186265380465,0.050810504219588756,0.9593721553193458,0.896551724137931,0.896551724137931
2025-11-11,adaptive,0.035984627440433126,0.04704362834136258,0.9545776063017443,0.8620689655172413,0.8620689655172413
2025-11-12,adaptive,0.03224906025686568,0.04100219922375608,0.9596324246773841,0.9310344827586207,0.9310344827586207
2025-11-13,adaptive,0.03382228669322906,0.04188742156090521,0.9585532469898671,0.896551724137931,0.896551724137931
2025-11-14,adaptive,0.036388553093483274,0.046823848758586875,0.9370578501108441,0.896551724137931,0.896551724137931
2025-11-15,adaptive,0.032107751130241,0.04070705813018848,0.9573486000915563,0.9310344827586207,0.9310344827586207
2025-11-16,adaptive,0.038320589054746036,0.04810144971352428,0.9547222892050478,0.9655172413793104,0.9655172413793104
2025-11-17,adaptive,0.03204813834700602,0.04129983164816791,0.9582637125930162,0.9310344827586207,0.9310344827586207
2025-11-18,adaptive,0.03945920517433407,0.051403101897938425,0.9541354274905276,0.896551724137931,0.896551724137931
2025-11-19,adaptive,0.03466555999643139,0.04418316970355168,0.9684228294541253,0.9310344827586207,0.9310344827586207
2025-11-20,adaptive,0.03162685464419303,0.039404011656886825,0.9738504696263426,0.9310344827586207,0.9310344827586207
2025-11-21,adaptive,0.028602711787589427,0.0367790317039211,0.9310281771161804,0.9655172413793104,0.9655172413793104
2025-11-22,adaptive,0.033891026538766675,0.04272787065741176,0.9428060445301826,0.9655172413793104,0.9655172413793104
2025-11-23,adaptive,0.034614817513478155,0.04481982635522224,0.9611304580247241,0.896551724137931,0.896551724137931
2025-11-24,adaptive,0.03417826759377726,0.04215550538643401,0.9606441617336366,0.9655172413793104,0.9655172413793104
2025-11-25,adaptive,0.036000731427290204,0.04486557347388639,0.9516014621059767,0.9310344827586207,0.9310344827586207
2025-11-26,adaptive,0.03293374849199765,0.04073203100732086,0.9632755504290317,0.9310344827586207,0.9310344827586207
2025-11-27,adaptive,0.03678685400413276,0.04459139163668832,0.9618096652412018,0.9655172413793104,0.9655172413793104
2025-11-28,adaptive,0.0314869885700521,0.039271110950033224,0.9290791115666849,0.9655172413793104,0.9655172413793104
2025-11-29,adaptive,0.042451605503111986,0.05569568856794698,0.9090010298775882,0.896551724137931,0.896551724137931
2025-11-30,adaptive,0.04052345717353808,0.055290668617882496,0.9640332007411835,0.9310344827586207,0.9310344827586207
2025-12-01,adaptive,0.08887831839113096,0.12633271497289136,0.9472780999101518,0.6896551724137931,0.6896551724137931
2025-12-02,adaptive,0.0883189088825173,0.12746499551027374,0.9437152798365825,0.7241379310344828,0.7241379310344828
2025-12-03,adaptive,0.08156676812612379,0.11406002503883855,0.9452071586249418,0.6206896551724138,0.6206896551724138
2025-12-04,adaptive,0.07802039325116301,0.11647787400256375,0.9481472550438067,0.6896551724137931,0.6896551724137931
2025-12-05,adaptive,0.07327245188940974,0.10904892587340287,0.936175685411297,0.6551724137931034,0.6551724137931034
2025-12-06,adaptive,0.07732884683971307,0.11570272286560383,0.9393897986310236,0.6896551724137931,0.6896551724137931
2025-12-07,adaptive,0.08036198575471253,0.11558149836348182,0.952401238650823,0.6551724137931034,0.6551724137931034
2025-12-08,adaptive,0.03127307697827677,0.04022293295557229,0.9888232232622314,0.896551724137931,0.896551724137931
2025-12-09,adaptive,0.03715912231099384,0.04428741444600024,0.9769692487947722,0.8620689655172413,0.8620689655172413
2025-12-10,adaptive,0.0345314488633813,0.04560659800499573,0.9808556001458598,0.896551724137931,0.896551724137931
2025-12-11,adaptive,0.030696537495139828,0.03880403848313273,0.9802015314303753,0.8620689655172413,0.8620689655172413
2025-12-12,adaptive,0.0403927466839087,0.05078422056886527,0.9602805240736275,0.9310344827586207,0.9310344827586207
2025-12-13,adaptive,0.03174077423621921,0.039540895773800544,0.9675477931318616,0.9310344827586207,0.9310344827586207
2025-12-14,adaptive,0.04057503016302685,0.0508735904727422,0.9789164434479283,0.896551724137931,0.896551724137931
2025-12-15,adaptive,0.03557329666085686,0.04396605521402514,0.9768346595932803,0.896551724137931,0.896551724137931
2025-12-16,adaptive,0.0290926114773911,0.036364642022763904,0.9831082710393055,0.9310344827586207,0.9310344827586207
2025-12-17,adaptive,0.03393400745093327,0.04131395817914567,0.9775379792621172,0.9655172413793104,0.9655172413793104
2025-12-18,adaptive,0.037631418603641116,0.04756572443010651,0.9752059472775875,0.896551724137931,0.896551724137931
2025-12-19,adaptive,0.03633330960161209,0.044840147857388636,0.9740053050397878,0.9655172413793104,0.9655172413793104
2025-12-20,adaptive,0.035995325586969176,0.043598286237772996,0.9644441765131422,0.9310344827586207,0.9310344827586207
2025-12-21,adaptive,0.027773029001274437,0.03500237869959071,0.9850313178850325,0.9655172413793104,0.9655172413793104
2025-12-22,adaptive,0.030128808180592617,0.03735006133646432,0.9753044121301564,0.9655172413793104,0.9655172413793104
2025-12-23,adaptive,0.02997837359496254,0.03646047728966627,0.9822451438186969,0.9310344827586207,0.9310344827586207
2025-12-24,adaptive,0.03028417641716636,0.038902219926690566,0.9739249256490636,0.9310344827586207,0.9310344827586207
2025-12-25,adaptive,0.035762559867280885,0.044454246874911646,0.9850323376666189,1.0,1.0
2025-12-26,adaptive,0.04049387637089752,0.05127867198166906,0.9630576320231493,1.0,1.0
2025-12-27,adaptive,0.03700254087760299,0.04613784097487116,0.9710161673264358,0.896551724137931,0.896551724137931
2025-12-28,adaptive,0.0319006683826297,0.03968938059473301,0.9826299787616872,0.9310344827586207,0.9310344827586207
2025-12-29,adaptive,0.037232009473330975,0.046800908038120294,0.98262292809383,0.9655172413793104,0.9655172413793104
2025-12-30,adaptive,0.03663973020959627,0.046984319799805045,0.9785738471328055,0.9310344827586207,0.9310344827586207
2025-12-31,adaptive,0.028647624554736666,0.03692631116126349,0.9839069927311176,0.9310344827586207,0.9310344827586207
