date,soc_start_kwh,soc_end_kwh,initial_contract_kwh,final_contract_kwh,settlement_cost,emergency_kwh,emergency_cost,charge_kwh,discharge_kwh,curtailment_kwh,grid_spill_kwh,total_cost,mean_lp_objective,block_0_charge_kwh,block_0_discharge_kwh,block_1_charge_kwh,block_1_discharge_kwh,block_2_charge_kwh,block_2_discharge_kwh,block_3_charge_kwh,block_3_discharge_kwh,block_4_charge_kwh,block_4_discharge_kwh,block_5_charge_kwh,block_5_discharge_kwh
2025-02-01,9538.359145880057,9522.613408287827,42853.56518497401,39970.577577466924,18992.559808717215,0.0,0.0,20593.212148185226,16815.66756234846,352.91792535781155,1285.3054496056725,18992.559808717215,4688.113434155767,1420.5004392896778,15.128587116687697,0.0,7544.49001971154,4936.263866666666,677.7272833333333,5223.880772940261,94.24061811665865,36.994091832607296,5354.090536533951,9124.948975586161,3129.9905175362865
2025-02-02,9522.613408287827,9543.650299770577,88293.16165330379,88196.71212485246,75026.50879761683,328.0037853488608,1714.5050733225203,20601.166308383272,16648.128413722236,3177.416065014182,3083.435400526085,76741.01387093935,17379.822365726417,1568.318006092673,120.68965239410943,59.400121318090555,1615.6295996868687,2324.2253681890766,6321.0261716746345,7199.506620882308,1531.76519658278,149.2827564694561,6680.512073320746,9275.88640613075,378.5057200630914
2025-02-03,9543.650299770577,9566.681647313642,90130.39048152922,89701.19330304436,75929.447582292,86.99816199777312,406.5925057400119,18643.354501075726,15002.903326830223,3565.973523986087,2361.960383477216,76336.04008803202,17821.46712751184,1522.6520228025884,102.63340826361434,29.62445273001687,1812.1791854917433,3304.4528416344383,6498.174040851982,4320.469120905101,3.042614790025482,74.18187925712084,5955.786857983378,9296.312941459606,631.0872194494804
2025-02-04,9566.681647313642,9609.766254371118,94008.04380312271,91056.80917974348,80048.45097143129,0.0,0.0,19640.943562102333,15837.64550905383,1941.6412956815502,4081.5331810134226,80048.45097143129,18372.06297010453,1375.2477303913238,3.9641441992501996,0.0,1385.6575139117924,4195.1915717323545,6520.000585259151,4786.233393072661,2209.792099587378,54.309442279177006,4925.761458744692,9189.538424753568,792.4697073515631
2025-02-05,9609.766254371118,9785.659687779236,87720.14805572706,87687.95446531754,74938.16587978503,135.7329919499336,623.421632026045,21880.997350405654,17578.751024683806,1928.8249608073293,852.7776040716108,75561.58751181107,16512.7633245349,1371.9276356316102,42.934747091012014,48.67712116434396,1589.1415592994724,4771.450487599495,6387.238416783881,5389.888619919327,1768.8206161654543,776.0331674750936,6947.978121116912,9539.621875310262,842.6375642270721
2025-02-06,9785.659687779236,9877.600093926187,93547.76327505094,88273.70531047144,75808.49897885945,21.05289999999991,152.31773149999935,19329.968139045086,15561.080566171759,1147.9264539645724,3303.622666966872,75960.81671035945,17902.52949751805,1128.4714312073813,10.532460299411582,22.69841525442913,1395.4892512127835,4877.556958546809,6431.292567662393,3958.046341286089,1970.4568865799156,0.0,4962.1184917657065,9326.593436055913,791.1909086515403
2025-02-07,9877.600093926187,9402.011060804618,43537.59242928906,40404.475794106904,19183.823945150853,205.06905957798085,736.9799270119995,18187.60276105874,15159.988366266994,4606.1788747354785,1166.0311174909957,19920.80387216285,4775.399268507119,1090.9726751166868,53.52795137808579,10.157816258522669,5291.524231169402,4765.899283333333,1115.3134500000003,3133.619049999995,62.61127582617155,73.60831323396349,5746.504221948925,9113.345623116242,2890.5072359444116
2025-02-08,9402.011060804618,9359.164409845023,35537.0536139168,36581.9163445625,17033.805611212192,300.9090746351726,1312.0992454791378,20740.008020876405,16998.368832743483,1037.6158612499262,347.8455198148238,18345.90485669133,4089.565900502854,1205.628244468303,233.65847928341793,0.0,7939.865087355322,6006.262766666667,184.84526610474035,4660.403899999998,31.388708445712496,0.0,6263.19462400906,9065.738233161135,2345.41666754523
2025-02-09,9359.164409845023,9176.35805233114,84293.30199892624,85461.06132952988,69085.93792588284,33.58048073444647,163.51630686605876,20080.360715446834,16269.217551304479,2106.520881452006,27.15019800330913,69249.4542327489,15149.831201005016,1751.507708262419,173.57389252746714,115.22646652546553,1626.422721816276,4753.5001269405075,5822.582343028274,4391.285437174695,0.0,2.657718143359994,8171.343526072404,8868.158134980698,475.2950678600617
2025-02-10,9176.35805233114,9038.449791119108,81758.4771427674,78304.46095028946,61580.012355456085,278.5955447121586,1218.6651106083004,19562.350218536663,16044.339886124575,358.44060075196944,374.3713785042262,62798.677466064386,14499.239087763746,1924.4464302636682,97.52385561159599,42.12262761389354,2370.3007458918696,4677.9910715413,4907.939501956642,4294.887827421154,23.91098867833466,4.292243170988968,8085.492742477975,8710.855418549165,559.1720515081521
2025-02-11,9038.449791119108,9078.702835798811,81788.41962958255,78655.5250260488,62845.968473610366,982.9302502255596,5253.47211195707,21710.738922631786,17522.103907202763,92.91250000000001,159.68061084532215,68099.44058556744,14107.209872604191,2004.4763261932085,74.70794506251059,80.10731234569596,3258.628398126156,3901.376779112077,5409.781216035049,6412.942190279913,93.37810700353316,523.9357811994256,8236.01389439572,8754.114261998679,449.5943465797933
2025-02-12,9078.702835798811,9078.087296343005,82105.95982723375,79598.30039949718,61664.423573690656,307.84286566290854,1730.163329860249,21703.601195661242,17592.659153947767,82.82866996268933,399.27577015061456,63394.5869035509,14629.626880823838,1962.980342000375,41.400416960054486,106.6237493341977,3473.359829708306,4744.721261379976,5210.753711027789,6129.695081937394,765.2323877150966,16.316701236154813,8097.9592868770405,8758.311220207648,3.9535216594912983
2025-02-13,9078.087296343005,9113.256581116795,77000.99283268362,75965.85341632794,58124.630131537335,421.249717815948,2269.1410996758873,20797.081821374577,16754.443824963284,1078.2091308338763,110.72902356538728,60393.77123121322,13486.252121053456,2047.9555085013722,272.233547118322,118.11113415724333,3479.1506885835865,5256.687036195139,4283.323966666667,4479.424214565469,56.33445800970685,13.8095322023926,8299.93387168062,8807.588106797746,363.4672929043794
2025-02-14,9113.256581116795,9203.485980308775,35198.90564953312,36032.01212029823,16328.423143617467,0.0,0.0,20592.706422463893,16714.426751301577,2358.06031580258,0.0,16328.423143617467,4007.6233935529553,1157.5422382788283,175.23584251094013,141.12567276243902,7679.0216187910855,5173.872783333333,213.09401666666668,5361.311842617467,25.612257773241595,0.0,6018.110865318477,8901.497105692328,2603.352150241169
2025-02-15,9203.485980308775,8935.702204844867,35338.58229203346,35312.74153118333,17014.061436901393,601.8895548641347,2657.514055773122,21007.92805918485,17416.384589189707,2690.2352685254145,167.55539752690427,19671.575492674514,3851.6170397535598,1877.3564195065446,272.85547681327023,15.246525081130585,8463.290290580648,5909.7378499999995,0.0,4756.9288166666665,191.49498613331656,49.677557772586624,5839.703407713363,8595.224672049853,2649.0404279491145
2025-02-16,8935.702204844867,8842.212007671955,82508.93634489867,82399.2867464971,69813.66181828208,0.0,0.0,20347.786838822984,16449.69011034185,1079.9770830338502,2068.8595516487726,69813.66181828208,15467.892041040892,2172.839039132243,123.0416839098906,120.77880307000362,2894.7582987946557,1521.5861042353038,5489.822016544961,7835.10803949191,318.92153004474153,0.0,7510.674773269842,8554.069412695504,112.47180777775657
2025-02-17,8842.212007671955,8932.549252230423,83030.55195918035,75385.83310327327,58578.220478616524,131.74400647158097,828.8256240358834,21208.122026705696,17085.325969609694,157.22243284194258,50.588986473576895,59407.046102652406,13682.582714272718,2244.91559008393,205.39578608531633,194.0247965785036,4408.664380203568,5109.849097366877,3998.8308933537137,4992.996204852641,463.0714448055702,43.6867618408628,7996.260987542067,8607.897289662775,13.102477619467095
2025-02-18,8932.549252230423,9207.247534499835,74437.41049690284,79758.10347569657,61531.166152026824,0.0,0.0,20226.45619330874,15989.81034930623,1320.178913491242,2134.298518202809,61531.166152026824,14189.910365602109,2140.8091730045335,124.89596042248559,23.035691076711828,3328.218396086886,2285.956173263362,4260.447883333333,6887.377257727317,499.606999522366,34.294380424076735,7768.599237494619,8674.254242218447,8.041872446540538
2025-02-19,9207.247534499835,8950.53835508855,74316.81467315477,76985.36368824946,56958.10335829534,532.3491476045,2574.0783072887198,21441.228351615235,17619.452978182755,665.5660718808645,128.67999054060317,59532.18166558406,13389.037659941414,1804.7359992066154,360.8167232485689,218.27670307859125,3628.7430262325233,4108.120195825891,4855.6033204197765,6667.931457159353,88.60183891804536,43.311122654239156,8188.844882028223,8624.803184683464,496.8431873356198
2025-02-20,8950.53835508855,8807.484781823756,76905.44694344302,75311.92173755154,56921.278056204355,444.44511383454164,2237.1454211888404,21357.52898101531,17407.32693865648,359.55179452776525,625.7652311661386,59158.4234773932,13126.347240864277,2135.9359543935498,90.2855224391999,83.28051408944418,4383.835185424573,4877.755697413081,4298.929151187153,5840.1661591335915,41.516703802807115,0.0,8191.011911069644,8394.440344992749,401.748464733099
2025-02-21,8807.484781823756,8771.988956800404,33887.53426642566,34551.54488147027,15839.50422769941,79.18525191801709,363.13980058075146,20148.92332331086,16352.574134402816,5245.3223333333335,45.053727813570276,16202.644028280161,3721.224441606968,1088.900726820022,288.8269845910086,12.327850809292727,7403.419402181469,7218.217866666667,46.48506474864971,3448.448800000001,104.81271666666686,0.0,5814.164034508627,8381.02807901488,2694.8659317063943
2025-02-22,8771.988956800404,8993.374180823497,34283.3448353835,34668.75343223374,16563.379730996166,294.5031395347432,1425.846086709201,19976.737244103962,16271.24242168414,3142.387585599641,46.210063749021174,17989.225817705366,3825.0395024123613,934.038155404075,321.1586472835325,0.0,7250.202319714136,6503.709066666666,0.0,4162.957599999998,98.64385804514461,85.46140576748326,5845.415064560161,8647.770961427112,2755.822532081168
2025-02-23,8993.374180823497,8761.404656009152,76312.11133261357,74990.80444528298,59599.83135670652,616.9620893697227,3204.3132082238835,21483.202703192444,17383.799978701594,0.0,35.56587682850159,62804.1445649304,12787.403245869136,2163.9934149809687,184.79820037214768,142.44380305938864,4446.913121019959,4489.2795492554915,4250.53958796173,5638.064064360971,0.0,361.8179887055311,8165.0845092736,8408.13871836441,336.4645600741495
2025-02-24,8761.404656009152,9004.42364260758,73339.41314725648,73655.96618520172,54029.337973710455,0.0,0.0,20433.32051987044,16363.072841229283,974.5009994262477,365.8808571343126,54029.337973710455,12562.936787156787,2361.5632682416394,78.13043768396346,90.53729299210241,4057.8985499645823,4092.9945854636203,3639.0998999999993,5322.249470088731,2.6844423564280078,14.529341521399715,8167.186725063837,8589.471633257768,418.0727861604705
2025-02-25,9004.42364260758,8797.628569077973,76360.83306785203,70396.98919411942,51950.77859204925,577.1128003835039,2780.8437278822425,21510.02605807762,17527.60134632691,1059.7166094836716,140.5153066018631,54731.6223199315,12181.652889440486,2132.5827288823107,201.84760722404008,124.42417949196494,5928.258328329063,5675.101683333334,2722.0509385768814,5001.713801520227,217.80236313612068,33.609789463628886,8135.873782578141,8441.809521197749,321.76832648265713
2025-02-26,8797.628569077973,9187.51497494003,70043.05181712596,73591.04334053105,53354.483485008845,384.6981088068413,2031.9217721495086,21868.380424130184,17477.316146567835,641.7675029220869,132.04840218678652,55386.40525715835,12326.640739947567,2344.513552787329,112.34232117876127,121.74610506588681,5744.634139326028,5191.881740965125,2978.5595745264927,5502.318240128349,178.16645501985863,35.21280176744358,8199.633467537215,8814.468191191654,263.9801889794835
2025-02-27,9187.51497494003,8995.603279227025,70173.5076507553,70719.57873290306,49648.715452634555,715.5963271900971,3791.1739755876783,21391.784436391197,17373.10999777665,16.81930197018646,618.3433195084117,53439.88942822223,11985.994247770952,1870.1168180988598,129.68503475559396,119.37322842577453,4657.61402870882,5420.292709850933,4012.9513516665697,5093.105158261871,127.53548365460267,32.901184644500404,8377.232020843687,8699.25963113157,68.09207814737795
2025-02-28,8995.603279227025,8911.556472244674,33135.456011156595,33244.03716786107,14712.441911586171,492.0301388673404,1956.9605980523736,20356.055135783583,16600.657686177867,6503.190350000002,134.55607378934997,16669.402509638545,3586.906090290351,1158.6754101678653,224.81012543372293,0.0,7729.759908106569,8612.842900000001,0.0,2053.8237666666637,39.414399999999944,7.515620540213945,5864.95063297609,8568.396080271861,2741.7226196614824
2025-03-01,8911.556472244674,8815.939105587313,36250.482468281494,34476.6200705387,15921.061987825577,333.452763097129,1393.2739354748244,17882.55365294531,14794.214348569156,7734.465808424961,201.5934875013777,17314.3359233004,3817.935620839026,1458.634893574897,90.7841229028254,305.58334845000337,6026.081433333333,6449.632250000001,27.87639999999999,1470.521274908372,137.26119999999997,0.0,6242.079495889511,8473.8488732859,2270.131696443487
2025-03-02,8815.939105587313,8581.089336383495,79026.63967263588,79663.92167694998,64482.783527703476,144.92967963751164,801.1154868085886,17976.521112954324,14512.445734175568,2417.886115965489,1558.049995176566,65283.89901451206,14150.192697667811,2299.8141656445814,77.19466920069169,10.169909790115728,3706.598519767203,3765.796000974323,3897.0478109117967,3189.3174092968875,45.8865337237321,122.78443784334411,6731.802019500048,8267.773560268199,53.916181072094105
2025-03-03,8581.089336383495,8645.057041335685,81443.89659819737,76574.4502287271,59069.0627002625,167.62117059669737,877.4127062863705,20891.035906379948,16966.644659390102,106.03297694064102,697.4307920599732,59946.47540654887,13846.322031061347,2661.079088712082,158.45446460192602,0.0,3691.6313695664235,4788.595087873332,4847.7843794538885,5132.049184330938,417.26835783329693,84.49005849259049,7787.474701010849,8351.336696451648,64.03138692371711
2025-03-04,8645.057041335685,8490.842812920357,73255.7003465365,73514.30139186587,54304.44151054797,40.11590804886339,192.63122247362483,19705.5369701896,16036.047689150942,0.6423500000000001,684.1341022094084,54497.072733021596,12537.205231383716,2456.328026772481,53.72863341419384,7.980845603722425,3224.9104287514288,4196.812624280432,4350.7896171377815,4821.2453673748205,882.9516582336776,24.391691322790393,7440.842719320632,8119.48204165458,82.82463229323525
2025-03-05,8490.842812920357,8474.783879322438,76488.39230709162,70839.26423345141,56963.776214410944,91.09013625765684,564.3791982710758,19066.322351679763,15422.939535281588,223.46497804046732,934.6336919370916,57528.15541268202,12814.05788971725,2578.767889229125,10.560521903912218,0.0,4008.1074129061503,5476.384088941428,3157.9047833333325,2818.1054978512284,941.1615389367204,42.57379281197416,7272.386821179463,8106.9915645532255,32.81845702200301
2025-03-06,8474.783879322438,8444.873786461425,71027.19036856527,70297.03044365559,50839.40017693389,0.0,0.0,20480.725862684096,16613.2951947633,0.8451833333333333,626.3752757348129,50839.40017693389,11825.440185894326,2764.9521124222474,146.9167024522169,0.0,4866.84813291054,4804.426817597821,3131.0269666666672,5024.595796318721,348.36277027522135,0.0,8053.885628002464,7883.032818338226,66.25499445619573
2025-03-07,8444.873786461425,8486.800370327566,33544.2923829319,32844.62926918563,15404.967835146668,0.0,0.0,18158.033817228155,14701.247431098047,8468.37346549679,6.4243508920621935,15404.967835146668,3701.7248327838947,1310.593573910718,69.56655269422231,73.92792591741818,6003.7500084294525,8730.207084503209,0.0,0.0,162.57720000000012,43.22320673860469,6315.732424341201,8038.321488655444,2149.6212456331723
2025-03-08,8486.800370327566,8646.261779139038,30567.296614415027,31479.803034323148,14607.80108391743,128.8722578856849,394.0844255577392,19492.914885277445,15862.691882366073,8776.220151370364,9.775037927098879,15001.885509475169,3394.0150294888963,899.6032279210265,317.03505390092784,38.795969086633306,6976.797367860091,9730.278433333335,0.0,906.275565296303,26.399999999999977,32.12866966731724,5593.935873723425,8153.667702962548,2948.5235868816285
2025-03-09,8646.261779139038,8633.768820820735,72109.81463767776,67738.89108179958,51052.00458641868,122.61999810065299,629.2798289238473,21795.71897988098,17613.94347475812,306.79755984912276,6.71511492823447,51681.28441534253,11898.238309092738,2485.3069706811025,348.88181594999764,151.13740869848573,5433.5420640065895,4783.259362661438,3054.731668566014,5927.3733118024875,35.61246631578115,77.98320960467629,8140.762061437151,8306.66789985014,600.4133984825868
2025-03-10,8633.768820820735,8331.57570967122,69956.2913566367,71740.4612043514,52586.54635803937,426.25611913255767,2181.944315794062,21436.4498120604,17451.857578377327,73.79124728910956,62.58680917844674,54768.49067383343,11929.328112866058,2481.5364553184963,74.96753626738871,21.177578893778332,5173.961289496484,4252.49674620713,3506.124124879157,6472.3619921681775,27.990965047720238,22.61485327919824,8417.985898699895,7959.545433815645,250.82776398668088
2025-03-11,8331.57570967122,8929.8334827171,61570.01810642124,69087.42602095514,49338.70599167879,25.72227233449994,127.66256348269225,21967.071257942447,17421.23578522974,285.9071503119806,374.0023202649699,49466.36855516148,11717.83137674766,2823.367783529582,65.34604336306347,50.04189523955209,6266.064424145203,5442.9950264362005,2487.971610998833,5379.9921544808785,53.1175165428358,18.457661992851676,8103.464933880394,8457.574837544425,445.2712562994134
2025-03-12,8929.8334827171,8737.465128543532,70777.2459915877,66330.4528147161,48683.83635976665,270.9519742669503,1401.016385530391,22205.249624473377,18115.523007702603,26.88923887895146,0.0,50084.85274529704,11482.345310378914,2181.36537012883,289.5041441477505,146.68989453533254,6409.167629104069,5729.7729110614255,2143.9031255715386,5640.781777049552,639.1440000000001,13.227022054039935,8269.365957303185,8439.26362880834,364.43815157605707
2025-03-13,8737.465128543532,8501.330306165957,70196.19207986185,73611.34259027183,54156.34137671727,305.15818713932106,1639.2539539954932,20925.159072462586,17026.973906687585,2438.756362668079,244.29544896805203,55795.595330712764,12261.354223231903,2354.60544412062,162.81698243447033,81.84949381556044,4883.220557601846,3547.719971858317,3205.7038593964394,6569.037443070316,60.07922207692582,39.516918889169915,8278.450299469127,8165.854143737081,436.7029857087758
2025-03-14,8501.330306165957,8798.672300110016,29581.367991111503,30643.880556756485,13841.64992677744,99.61157360792507,307.3385330747489,20041.97102281968,16088.60400440321,10728.9746786146,0.0,14148.98845985219,3255.8787301130797,1026.2289651464312,327.06894812654764,18.003711947931038,7075.373789191425,10648.662954718731,0.0,0.0,86.98675000000003,102.90703133911313,5832.375667085232,8397.051409629097,2766.7988499999997
2025-03-15,8798.672300110016,8597.327225864638,30076.788409718778,30677.503606060356,14119.05440081814,538.2545197959553,1835.4493008251777,19584.10236472506,16202.21484851321,6731.451465849213,23.592777128584203,15954.503701643318,3179.9880367437645,832.2878078895362,276.4998500791548,54.906516317352555,7261.264115974582,7808.677833333335,0.0,2833.7067263544936,3.2937500000000455,30.186274641328055,5881.8047913751925,8219.252473182929,2779.352341084283
2025-03-16,8597.327225864638,8633.553861482897,67082.76528184299,67646.77740135384,47740.00109083571,207.35613641496275,1071.9884063810655,21530.640148435305,17330.47282529123,315.85461462473023,0.0,48811.989497216775,10838.383731812635,2416.7632343226387,150.1865591649563,154.9305940653204,6529.5466648557585,5376.477692087268,2060.9332802517047,5469.845117980908,145.5214761552205,37.71397796755996,8075.690539004598,7980.1666642524315,368.5943058589893
2025-03-17,8633.553861482897,9054.281069996063,63422.54255362724,62885.41760481305,44690.56621316778,0.0,0.0,21053.395219455804,16591.219251310817,430.36352626834446,149.6893603997235,44690.56621316778,10848.401038451018,2473.6180013054372,159.22439293770333,187.5063851797419,6385.186652116565,3424.904386288231,1631.6284,6173.290037534975,140.71423333333337,120.88942404209297,8018.093435718753,8570.253171788618,256.37213720446664
2025-03-18,9054.281069996063,8983.690783848042,72041.99093677226,65499.97137328652,46903.030313257914,170.37383925519967,827.3087132107621,21723.43529849957,17579.263185807846,214.3165999923162,165.08214985769132,47730.339026468675,11065.74079257973,1832.1938833273548,33.916240026716196,264.1781785121267,5602.072515648257,5632.941041679603,3130.925577411467,5168.011252848984,142.44213206982147,49.62638220081817,8320.418069804411,8677.409666708425,349.48865084717033
2025-03-19,8983.690783848042,9503.449802399913,59258.17096256335,65184.23119984337,45280.6464114027,192.7866507497536,966.4093146017732,21832.348907584128,17176.691636893975,1078.3611594625413,199.55213710708668,46247.05572600447,10695.899106052753,2135.8400808729934,111.87685541380506,65.7218301160425,5834.6983320336385,5378.26702282013,2842.0116659169125,5288.399643846537,0.0,43.34592251599747,7794.213676155415,8871.727664755032,593.8911073741989
2025-03-20,9503.449802399913,9354.863496524158,66703.63663611484,65980.4325969095,48097.635261851174,561.8017543557359,2925.650570391054,20723.68678718148,16919.913972905182,188.60496345301715,497.5016235359052,51023.285832242225,11377.653959227187,1436.4556881014287,273.99856414632575,67.52771623367812,6194.127195526641,4377.867151380301,2223.2056199983936,5635.237969072135,112.6614929061733,72.5203825085074,7989.751100328456,9134.077879885439,126.1699999991944
2025-03-21,9354.863496524158,9178.623417767629,29159.01080763722,29240.543226094396,12882.608550456414,813.8683822442381,2699.7321405737703,20430.391480680235,16753.052218486293,14298.973358000261,32.820388144425124,15582.340691030186,3081.7243403495,952.3037441360345,1246.0463085068607,194.62148333333334,6864.69687111507,10472.045183333335,0.0,0.0,0.0,2.8506652646440975,5939.6357634029655,8865.137130852921,2702.673275461396
2025-03-22,9178.623417767629,9264.820764752798,30835.166080338982,30404.48745609943,13567.599411065285,0.0,0.0,19991.26847025639,16333.39410184535,10464.674771086733,230.68869993498538,13567.599411065285,3148.375135031606,1024.2223162855084,2718.5796041429244,70.23628333333329,5142.551929988614,10412.171595616555,0.0,0.0,33.57000000000005,41.444444444442524,5389.454290949794,8712.384266655961,3049.23827676402
2025-03-23,9264.820764752798,9028.77200529433,68768.46020070661,63697.08661652337,44446.57347441076,187.11107950882436,977.2776629931533,20609.466181163352,16664.178228879035,984.6623929489388,168.4116674655956,45423.851137403915,10303.885207529871,1808.3690881181128,153.3993377506465,45.092973499767595,5158.284969341803,5073.332393567994,2550.772233333333,4579.974271746144,94.89850832258765,72.61685518162088,8476.436303339373,8731.39756031404,230.38687679129563
2025-03-24,9028.77200529433,9059.959490881227,64836.88199998726,62783.26292712036,42631.50076382195,326.2895318419544,1670.9424121884863,21379.729237838204,17339.39393204258,847.9238227820668,240.0264637179502,44302.443176010434,9930.035092592752,2046.5298413483656,105.65496259149347,89.96841467727359,6560.396378062796,6385.999914805362,2110.407051491379,4325.989958954423,36.71179774542361,0.0,7965.98182008937,8592.823807338998,560.2419220621172
2025-03-25,9059.959490881227,8941.476149866006,71850.23444233197,65111.60207930654,49210.05262302458,395.54137332292817,1975.8062553867471,21588.893850369735,17525.027501433047,385.02114912979084,133.97175456298393,51185.85887841133,11151.767825450173,2027.6589783099016,266.7869633262891,143.22736785621657,5905.561943566254,4836.531536850692,2660.0325752951126,5840.06246142562,371.7438950355669,55.06775387848904,8115.660078067785,8601.640166517785,205.24204614203651
2025-03-26,8941.476149866006,9084.98784236037,61363.356006629925,59727.64787388161,40764.99988834048,249.62252519645168,1320.8615398086274,21642.24289300202,17447.140811812365,143.3418346355921,37.05859991947543,42085.8614281491,9463.014598708856,2185.546885094502,142.76036976760076,21.151781872113588,6630.641777217879,6579.166682293586,1981.3523081368817,4202.703230755351,93.31462956964106,9.4300302531782,7918.96402410196,8701.138840419282,680.1077030184009
2025-03-27,9084.98784236037,8881.911225277043,65244.500596311555,62819.23925467208,42756.07809039659,0.0,0.0,21000.470643749013,17143.8650828415,69.46111267430366,346.713181090264,42756.07809039659,10088.719716665626,1927.5665525001295,101.11408917191909,61.04965261278551,6117.414901477332,5177.749351723687,2361.6196000000004,5200.683913723946,0.0,140.86749843133646,7886.727947182618,8431.707879732206,676.9885450096403
2025-03-28,8881.911225277043,8947.389607322248,30070.821648615376,29714.447190662257,12759.910762758223,98.06425725094486,264.8481312264032,19716.15955845833,16045.37982999754,15275.071436119075,0.0,13024.758893984626,2927.8076865925545,999.2860768988594,2632.246309645902,94.00290069509856,4753.442540829939,10156.055155401718,0.0,0.0,0.0,24.30985126136041,5628.382887674379,8608.210674802496,3031.3080918473197
2025-03-29,8947.389607322248,8873.85771202717,28493.297883315565,29066.93892384292,12600.884085009066,463.53410543446,1559.3539817183314,19702.516885908204,16196.88615233237,18017.164883333327,134.51259570154025,14160.238066727397,2927.1506618155845,710.2667702019994,730.6008959628814,164.60080000000005,6817.365834490761,10502.065866666666,0.0,0.0,0.0,11.011631949042282,5947.781034963698,8526.508568919075,2701.138386915026
2025-03-30,8873.85771202717,8454.751248377363,64453.10428379543,59184.1112146423,40322.51922839591,87.51457686456179,493.459059581552,20738.42980058055,16890.095118041878,0.0,79.2976089681867,40815.978287977465,9607.505084001736,2293.2556171571055,328.51544930929856,57.7886181308088,5940.970793201429,4517.142472566481,2082.798849999999,5225.298850701722,347.1611025216498,205.5983274372378,8089.371509111974,8087.211547040045,101.27741389753118
2025-03-31,8454.751248377363,8865.274396981085,56060.53994424869,61346.035445328875,44325.265525761824,13.952341073427487,29.997353695440783,21638.91566191847,17279.19791651908,55.87264100291054,0.0,44355.26287945727,10518.168699651636,2570.2763113400274,91.36694826168832,104.70030826938284,7223.635934388651,6496.265032005821,1297.1399833333332,4019.056736824774,448.6030242390427,46.70827170887753,8051.278441921606,8551.473278446709,167.173584374757
2025-04-01,8865.274396981085,8999.783741084724,69515.11545175714,64656.8214279367,46472.02969087566,57.17452778264216,268.9401165847953,20377.40865974741,16341.49571861849,464.1332812571058,0.0,46740.96980746045,10467.578245674124,846.2762224404391,379.3425718275421,1360.157775034987,5520.202301541819,5635.23144150555,1632.0572833333335,3630.5859882823233,305.4586282307299,99.4378111005102,8169.511144904879,8752.451660786523,334.9237887801893
2025-04-02,8999.783741084724,8938.266288472316,65374.94954089613,64749.5232733438,44513.75753050782,342.83685483661304,1805.8001502194381,20641.642636982197,16722.64518012127,628.8296981666396,135.83630648618055,46319.55768072726,10058.826022573458,2048.349207375343,206.40224464224775,0.10278937716861947,4419.586264189958,5440.093999752646,3395.9200833333343,4473.41786175322,108.6337948410735,15.441188781083838,8236.914629101291,8599.483190948315,355.1881640133673
2025-04-03,8938.266288472316,8828.153689489316,66083.26385549022,60346.71865174316,41977.35820653518,52.75489896586116,243.0958457956943,21222.079758237625,17242.775765662904,368.0108248936272,374.53896657400446,42220.454052330875,9743.43395821162,2106.175630304726,150.18844046606068,72.27999956010046,6133.372684596162,6638.030235176115,2262.297733333334,3802.5501828238357,0.0,70.26778674980983,8202.873824650334,8475.726321654798,494.04308261701357
2025-04-04,8828.153689489316,9055.755312987447,27828.99294689874,28219.881196914343,12128.839371367796,262.2184905974821,854.6005473485434,20208.205383636065,16311.397998809414,18150.472236018508,0.0,12983.43991871634,2852.3269456505564,978.0610899914878,3582.8053762988256,227.9051246121747,4074.7624271346663,10438.76154205449,0.0,0.0,0.0,7.389124679731879,5781.776693516588,8738.302205029675,2872.05350185933
2025-04-05,9055.755312987447,8832.96057953114,27760.80876428926,28748.442938205157,13277.35539497275,87.45520226191263,305.91778440180656,19880.629785568683,16381.093873043463,12950.312375441503,161.07233583367497,13583.273179374557,2922.3418184786133,794.9978222515035,1665.0066919595795,319.72863426823267,6049.12132575284,10346.938032398435,0.0,0.0,0.0,0.0,5895.604230883723,8514.358490011191,2771.3616244473174
2025-04-06,8832.96057953114,8800.790444566683,62312.83072614095,58498.240467620206,39519.10192951031,338.75454372616423,1678.0939346999517,20890.55022326293,16833.423034573145,308.87989012192645,67.56219920132787,41197.19586421026,9047.924755190377,2316.4075823911153,179.1135719640273,50.04415218399822,5995.047848990054,5177.949236282269,1729.0060333333336,4470.4224860209815,231.0986246108422,260.51147984060844,8050.19539001717,8470.924215262678,648.9615656577197
2025-04-07,8800.790444566683,8499.40227696412,54590.724135515244,57013.33524781441,38343.87630850944,351.3835951330843,1902.552475481895,21222.547574328168,17440.970661087038,302.22122970636576,0.0,40246.42878399134,8941.294836105768,872.4622213233922,280.8644205997108,1411.7228451891406,6914.461121180606,7759.744890527533,1375.9573333333333,2907.0121610965507,251.76103333333333,72.95884025245152,8106.286622848989,8173.285844382208,511.6401297910687
2025-04-08,8499.40227696412,8475.940185853977,64072.25379246216,58706.19812988195,40111.142662682265,151.62605540311674,711.4361890711518,20658.63870493188,16799.644047718855,220.2564926078478,448.60258546419806,40822.57885175342,9588.706031573067,2561.369552094988,5.570797110974468,39.734536776861596,5932.9696985809815,5134.998667016954,2133.4674333333332,4798.344326232902,205.39921651767634,95.40723695377255,8240.574091670864,8084.377984282198,281.66281050502516
2025-04-09,8475.940185853977,8492.101083190859,62158.99560362425,63656.093518030044,42685.955511392334,0.0,0.0,19795.97880697657,16007.096677654581,650.5306023789075,108.0890029958225,42685.955511392334,9743.803686410716,2669.0346886140587,93.2868490185773,41.095728528458295,5338.9250688510665,5236.301431074071,1897.9170833333342,3685.3988109616844,0.0,28.647608547616983,8106.712794502087,8119.326035061488,570.2548819495189
2025-04-10,8492.101083190859,8260.406461133338,60046.589897749815,59830.01962423537,40349.4605079906,264.75156347365686,1256.7000516974247,21360.880102457773,17391.46498337519,1353.6057325520596,469.54878607435586,41606.160559688025,9490.76058315264,2656.5271867714387,139.1015145156099,29.58992450466269,6495.147167068992,6086.270283333333,1971.0340333333338,4568.569373740317,244.33802546620234,5.604602541854774,8371.398852005015,7866.944584075572,170.44539098602743
2025-04-11,8260.406461133338,8111.405115329953,26314.221386994803,27462.471086467132,12153.423373132686,374.69798369357926,1244.1883688673681,19389.215717434352,15873.183730606966,18994.368733333333,0.0,13397.611742000054,2847.6408605607526,1063.2083534832366,1147.5540357997634,384.6124833333334,6068.010545541669,10282.054183333335,0.0,0.0,0.0,0.0,6569.994355371462,7701.091053163576,2087.624793894076
2025-04-12,8111.405115329953,8362.617216417037,27986.6781661223,27507.664058943403,12199.103359433564,0.0,0.0,18904.06969469443,15478.415260930951,14874.019791846595,0.0,12199.103359433564,2780.1404901447113,889.2804729936981,3353.8438204514687,608.1798413224926,3498.1053989921793,9949.06390253157,0.0,0.0,0.0,0.0,5634.312389037884,7941.754983040289,2992.1536524494177
2025-04-13,8362.617216417037,7987.1888369819335,57084.672956556606,58279.746760086804,39085.069209928144,272.33575192799515,1397.6367265276222,21624.709003834534,17427.87234712863,0.0,120.08885530888939,40482.705936455764,9109.305490960622,2794.163973068604,111.12238165394751,53.710520274785594,7205.6975071462875,5513.443817907069,1436.3139455832356,5152.983083365997,118.59799192078094,2.1988160859058326,8280.46313687942,7582.248932059422,275.6773839449543
2025-04-14,7987.1888369819335,8526.510513763602,60596.09253164932,56321.532688607505,40099.307596206956,170.54500314538365,1130.1683102964387,19402.319011422547,15461.55295300299,0.0,0.0,41229.475906503394,9437.49138550989,3111.544031437615,157.5059481080442,73.24063417077491,5803.620418953241,3484.0933166666673,1491.0586,4729.270240067411,366.63191206772797,30.596725190222855,7546.936481656215,8258.838339018526,95.799592217765
2025-04-15,8526.510513763602,8509.365416098315,53147.50912299713,55935.19196358532,37249.53433705527,116.04251449723287,537.7005960646866,21167.997342448984,16930.444372428206,1267.7051512208366,403.7211901742795,37787.23493311996,8868.029038595178,2571.001936144332,56.50254487271809,24.853721245145746,7273.046265963238,7589.7019954128145,845.33375,2432.98938231958,316.37672175763726,64.19222388214052,8331.867544814695,8199.993808316309,107.31754501992899
2025-04-16,8509.365416098315,8538.186387601982,59174.10664626511,59573.32134904801,40368.91871777788,221.41455929263003,1048.1151864244027,20020.644091305603,16190.78283960425,179.45968659162105,15.74595338099698,41417.03390420228,9281.28638504343,2556.6262803219283,185.1173074146309,107.63564108584319,5525.975227781341,5465.99104625473,1550.0392499999998,3500.336017894432,279.1705546876009,236.5146750797993,8037.574697958029,8153.540430668868,612.9058017626435
2025-04-17,8538.186387601982,8519.695117958006,52869.970144452076,57093.3946446311,38286.35598187125,451.4391450602784,2453.235238929616,21387.89349699664,17340.83587524686,436.2523543639066,347.0904135776978,40739.59122080087,9067.883146135326,2585.8455303520705,130.57993097353437,101.00620956437389,7457.100122445858,6628.403674206115,1193.0376047547159,3928.1622921328744,144.50020315462837,4.995905720626865,8324.716049066647,8139.479885020577,90.90196485147676
2025-04-18,8519.695117958006,8790.197542104586,26923.30930891623,26935.790423533137,11018.914547944036,256.60111690259055,803.6984764244054,19769.185846452692,15872.882474102045,16850.404543106513,62.3443249785571,11822.613024368442,2578.9793000988534,843.4738415037139,3889.504407718349,560.0076120223569,3343.3780663836988,10059.675173560152,0.0,0.0,0.0,0.0,5887.219694430561,8433.552824560653,2752.780305569436
2025-04-19,8790.197542104586,8699.454851841267,26112.734110145262,26248.718512244443,11070.518424926682,722.6345097227686,2464.680234175065,19638.93322984018,16180.399198287107,16496.932848984277,97.3270080965292,13535.198659101747,2541.4260684593432,875.5819881394874,2685.9135275376907,171.77943333333326,4854.485670749422,10494.887233333335,0.0,0.0,0.0,0.0,6023.844826320115,8332.727613156965,2616.15517367988
2025-04-20,8699.454851841267,8481.765564686119,54101.48978887057,56233.69161973553,36948.088881184376,526.7854905534635,2690.2821352427927,21445.587622456616,17460.77943676478,772.8219854465166,35.70923915064952,39638.37101642717,8592.854423523137,2441.986517989705,216.42073648777568,30.148659997973823,6959.975470474879,6919.734404082419,1575.5426538645063,3749.409114436098,2.0062500000001364,33.98200290865171,8002.479001698057,8139.380138023608,704.3553242395677
2025-04-21,8481.765564686119,8251.721580927433,58361.85214552696,53591.99187293271,35675.51952761953,118.4909496880827,560.0449954850357,20220.43844119476,16408.4804720502,1266.1476630436434,132.696123765917,36235.564523104564,8451.22236441112,2672.8493273964173,158.43069405868903,0.5814283025052873,6360.188987646418,4055.866116666666,1148.3090333333334,5349.350705910407,92.19892167756393,78.41853167547492,8019.3587457365165,7844.712762477389,629.9940895976766
2025-04-22,8251.721580927433,8101.654150517617,52457.938694895005,56889.73926511123,37769.87272892627,166.07314751398266,773.0013775204745,20654.67885744731,16940.58539095496,1142.5834127995333,0.0,38542.87410644674,8740.043057286426,2854.728859587622,250.09298969289034,31.958320111391913,6638.823486464477,6958.663800000001,1107.84085,2923.0804158553087,264.02324158184047,288.6669144873467,8097.533953100608,7690.4630524103295,582.2708701151412
2025-04-23,8101.654150517617,8434.801211224081,50947.73414030636,55855.791474591315,36898.45000376026,94.79053530787522,399.69570665045734,21525.372032456104,17282.567451604686,330.00921238110715,0.0,37298.14571041072,8644.982567370002,2964.8175510726037,186.60104959665136,41.36150424586651,7143.770591575714,7284.8642879619465,1185.8100666666664,3277.468639073298,85.11475190557269,83.517276607986,7872.430220294857,8054.63716849571,808.8407715652262
2025-04-24,8434.801211224081,8096.56502688883,51466.89634905394,52893.95131581064,34255.56667840932,118.03752607355186,537.8499492491102,20803.599747382617,16921.937237755013,1975.3163980132417,246.1668175766789,34793.41662765843,8004.192268535336,2686.5879041663566,117.10041217354717,62.577361305651834,7077.389326976807,4307.7928833333335,1077.02905,5782.792096933768,0.0,12.862282227978312,7973.6387200948375,7662.8500298764775,676.7797285098248
2025-04-25,8096.56502688883,7887.994763999555,25730.669686147347,25684.820950697347,10410.165477288234,222.9350894690249,745.6695460281271,19301.855854798694,15822.216478987295,20318.80778333333,117.91318102163245,11155.835023316362,2422.000349054402,1200.2318114658597,1640.7215927784548,494.85411666666664,5538.374698708839,10171.812549999997,0.0,0.0,0.0,3.8520833333333258,5807.056355510842,7431.105293332839,2836.0638319891573
2025-04-26,7887.994763999555,7597.151435290816,25564.81516473143,26083.7576938777,11305.959749594205,365.3031210260337,1303.5016536893727,18561.11042838946,15407.872149755,22816.594192578574,247.03469369070126,12609.461403283578,2501.5052602248365,985.6753706564701,2436.7498877787975,788.4124,4331.122261976199,9816.871318424266,0.0,0.0,0.0,0.0,5989.886888323006,7107.946039212018,2650.1131116769975
2025-04-27,7597.151435290816,7985.876053400989,50100.1143620863,54679.45419503789,37033.267308942166,52.42817488236528,332.5003237689999,21053.537766817415,16923.714270643413,1995.9743404129256,0.0,37365.76763271117,8676.988476663108,2987.809942189002,118.31083965608457,116.24417027601248,6651.106177702475,7043.104662244132,1460.7626666666667,3572.277512035901,353.8155131751206,13.237944451767703,8296.907221830812,7592.7164193495555,42.81185161225153
2025-04-28,7985.876053400989,7761.849483882124,61970.25472542776,63708.922851722295,43939.8800736216,518.2126613266394,2541.823052616736,21778.08249446266,17534.16268943123,2760.154117292429,621.0486407250678,46481.70312623834,9361.268726774724,3287.0353474984163,194.49754211895788,104.53791543540856,6637.869370377899,3152.232880597044,2022.0958785404366,7524.340450171017,12.595131186081971,5.6428805727793785,7911.721983352406,7324.406546545382,755.3827838554414
2025-04-29,7761.849483882124,8010.481349199345,51547.927633735955,52749.48995920975,33652.303633742864,364.3838335900148,2047.6799300029975,20536.11228841347,16449.66413707805,1463.9762773662537,115.24084743142443,35699.98356374586,7985.640976402821,3396.1661308168505,37.37810614786281,65.9241451661527,6852.215286225614,5595.506716666668,748.4452499999999,3843.467600317781,165.54251748816228,116.2188657784003,8079.216461528662,7567.201499110383,566.8665156877487
2025-04-30,8010.481349199345,7979.493995359074,49267.85010716604,51013.84223886658,33157.60871684989,975.6172753593751,5277.914655684955,19359.878988858167,15646.102238091118,0.0,4.283296792234637,38435.523372534844,7772.755927211508,1091.6658587712532,246.83226610939005,156.77712058406735,6893.839761447831,4447.744143302345,0.0,5561.8298911193515,117.61155298889855,490.95708969422276,7773.04859399066,7532.771105954524,614.7700635543384
2025-05-01,7979.493995359074,7404.013794201323,51115.818597691825,54233.698051756524,37684.70739324157,1443.4444210925712,8498.876260613275,19655.2868013977,16438.714490174116,1479.0156879344,148.18664035778147,46183.58365385485,8636.811201817422,2654.8885327750586,215.0088220209492,204.77297720534807,6178.219286492798,5582.562050000001,1362.2728999999997,4313.555924411619,89.96771498525061,4.147065044590931,8591.616377367829,6895.360251961084,1.629389307286442
2025-05-02,7404.013794201323,7024.54937447575,26952.226931829762,27947.30155447113,13318.553707528692,1289.5849246099726,5398.7870570136965,18064.002491628744,14987.89190129686,11877.828922082554,0.0,18717.340764542387,2850.43389964216,943.5549216242857,547.8588893170233,272.90661296426276,5800.03301197984,10393.760053702405,0.0,0.0,0.0,0.0,6622.5620652960015,6471.721527195277,2017.437934703999
2025-05-03,7024.54937447575,7132.508078256736,26034.811786444712,27329.157350832833,12899.219251105467,1246.7365859949423,5269.536028309145,17765.284102582384,14665.145400363584,16420.918051275643,0.0,18168.75527941461,2863.8284233472327,953.3102154231225,3002.57794860327,442.5909356082449,3022.567451760313,10237.4951,0.0,0.0,0.0,0.0,6901.249053476493,6591.675642507483,1738.750946523507
2025-05-04,7132.508078256736,6913.757009952879,54354.80229130749,53897.3725340051,38051.13722863345,1297.3484392390205,7501.84833090077,19561.401754668612,16121.970881424484,0.0,0.0,45552.98555953422,8454.078302372334,4151.2368815767495,220.9932397609232,46.308820399680826,6805.911523675258,4375.97755,844.7216666666666,4656.261326520278,27.38781638826265,82.20753384085697,8222.956634933375,6348.618899947643,0.0
2025-05-05,6913.757009952879,6553.155096956209,55973.79395164507,57638.6876745636,40828.45468730274,898.4188224334843,5580.7163725915225,19189.741345368955,15833.686462139758,0.024249999999999997,153.2947471012206,46409.17105989427,9152.208271067186,4039.3500311528755,271.01959141918303,613.2898237379777,5667.794621537681,3914.4812333333334,1729.9067333333332,4210.57550349339,29.030311610192484,413.40798197412005,8129.424755747484,5955.987698459843,6.510448491885154
2025-05-06,6553.155096956209,5648.163171819621,49372.30108090352,56346.63877977294,40774.16399937439,1306.570847388784,7033.29393167968,19567.582178759716,16248.769425631484,1456.8124407001692,0.0,47807.45793105407,9218.030590013597,3312.814185640271,180.53002666087775,80.24460668860354,5739.114027472336,6610.929961848091,1646.5731549137652,4055.835085622246,119.38661781383996,24.692224067349684,8540.693772131686,4970.146520094621,22.471826638984023
2025-05-07,5648.163171819621,6073.027336790932,52258.60299880733,58480.509351165645,42002.978772138486,1057.9997851984351,6225.506814080148,20809.1485716163,17045.043316090407,678.156116867908,14.785497303611464,48228.48558621863,9575.988567820265,4830.876428226492,318.2499697779008,728.2339541744698,6533.376550786939,6560.771669968785,1466.8686666666665,3964.8453358462166,185.69136666666645,12.174075668246132,8537.650486485698,5418.433183726392,3.2062757065357803
2025-05-08,6073.027336790932,5641.400642710294,59604.154647731295,60275.35315016586,41621.29315890022,99.86209169785423,684.6545006804886,20169.10157090995,16136.116681978403,288.99715998579654,387.117109613044,42305.94765958071,9599.38238621467,5303.876115371696,118.34131095212217,94.41611652988547,5722.208913291956,5413.921352801381,1345.925733333334,3332.3262961327764,375.2154428090756,171.8338625964027,8272.556363385616,5125.172747068888,301.86891820630126
2025-05-09,5641.400642710294,6055.947250083278,27786.159678718843,28162.618739962796,12830.858204844624,356.11202552202064,1292.680808796201,17062.470217872942,13472.414383939498,16421.05841700162,50.31678121641585,14123.539013640826,2996.3996054807826,1018.702866619554,378.2863701097292,340.78268333333335,4444.123530291375,10325.883983333333,0.0,0.0,0.0,0.0,5815.3617450784095,5407.848158781904,2834.64273845998
2025-05-10,6055.947250083278,6502.390712323783,27562.2822205073,27928.16518305797,13672.52754297471,194.84200004176375,804.0644873676974,16892.232397229312,13921.969776921753,12842.580679458844,0.0,14476.592030342408,3012.7680716030136,951.0434943817152,2254.2209734036765,121.96361699894521,2939.7186493896065,10610.433750000002,0.0,0.0,0.0,83.0356956466382,6266.326944842715,5917.188742896422,2461.703209285755
2025-05-11,6502.390712323783,6440.885266333276,57962.82527005192,59190.63360887817,41289.568210261714,401.235556805647,2663.228866385117,20383.633934745638,16416.895124120147,122.97829127187254,6.628280453115963,43952.79707664683,9388.944302528545,4095.646405944035,271.9810525847811,857.4679531924636,6135.560401279909,5671.472932543745,1309.3334666666674,3529.364155237001,246.46825975780166,222.27507534045617,8453.551943830982,5823.205851481419,0.0
2025-05-12,6440.885266333276,6155.528311425402,50784.13123780367,56163.44835677322,40830.56539560497,220.01879551528876,1122.2097079146383,19653.340057806807,15659.2638653753,439.2813495805219,53.77144360981674,41952.77510351961,9418.147500482452,2694.838459853097,232.39823682606914,48.986050496848975,6234.720181756171,7712.569181136388,472.17617450116575,2954.0974855302816,0.0,38.77695498171147,8320.31215417416,5566.0931099253985,399.65711811773724
2025-05-13,6155.528311425402,6712.067125455336,60692.33492371661,58608.61552218494,40217.98734661331,114.86837823322219,567.5945634411925,18532.555326917536,14510.48488217627,980.5896650931213,597.6635072504399,40785.5819100545,9447.481894378085,5182.110946499133,17.485346947158973,0.0,4313.8713156496415,2965.9498999999996,1461.508816666667,4172.879995863751,7.072083333333353,87.09545627094667,8215.30367518693,6124.519028283708,495.2436443925375
2025-05-14,6712.067125455336,6867.7173415255675,58417.81164216592,58472.632505362155,40471.72361301794,0.0,0.0,21247.119505803883,17070.08160523795,1008.8932891043971,252.26339902514633,40471.72361301794,9468.635771548117,4136.568024435563,14.828041491574481,429.80792176867413,7337.772695723535,6757.715183333335,933.5708000000002,3447.8979128146566,109.29054613607991,221.97286665953186,8088.021131091055,6253.157596792125,586.5983907957002
2025-05-15,6867.7173415255675,7250.856325272952,55732.72652649944,57680.39938644488,41545.06874986326,61.2329497489972,311.3389329987762,21608.91270401647,17158.394204880697,475.55114700749243,207.2673400506045,41856.40768286204,9761.004637626122,3984.079894737156,65.84871128392626,79.95297458589982,7529.490886656421,6916.671928468263,797.4726335843363,3869.97467654781,213.65565371952232,274.0351429542716,8140.386433824522,6484.198086723073,411.53988581196586
2025-05-16,7250.856325272952,6777.493159583557,27170.384225574522,26453.459181391296,12580.880870312663,467.77382721283954,1761.4894593758358,18033.32802454036,15043.444746891557,21202.462230955327,0.0,14342.3703296885,2778.352944012405,1051.3255357010003,2685.6333113663154,764.8750741932511,3612.531238819869,9902.804152378003,0.0,0.0,0.0,129.97555148811756,5809.288684020928,6197.214621759506,2935.9915126844476
2025-05-17,6777.493159583557,7187.315368253922,27449.331457791857,27783.156093131445,13676.514434373534,450.7221548246382,1850.7527548172043,17484.88842254138,14378.053346077531,14516.402488158892,0.0,15527.267189190738,3029.1966732910532,905.5933414302182,3682.929451055906,976.5668591587537,2030.423427656733,9640.813916802927,0.0,0.0,0.0,8.270242187106362,6245.391136594714,6674.796793360319,2419.3093307701715
2025-05-18,7187.315368253922,7040.750117630827,60744.01263473155,58886.90282008758,39703.151265015025,0.0,0.0,19689.173167152585,15926.569334040507,1442.9719536421812,0.0,39703.151265015025,9143.836203601884,4140.7614138394065,297.7301599072315,24.758671845161075,5641.940008237831,7156.907863882669,1330.2297166666667,1717.1741739511117,40.76166666666654,36.49605192023425,7812.178146416777,6423.482822684528,803.7296361453361
2025-05-19,7040.750117630827,6525.733389369954,54447.94837896416,54745.751158169325,36216.317011845975,280.6629415818337,1452.8461592740139,18691.721830126888,15162.823485235684,3682.318176703656,304.9920448229655,37669.16317111999,8494.943905516313,4221.57085163924,65.65661761104536,37.11680070454152,5517.744350042212,4796.9792,855.9667000000004,3081.3306547760667,56.12082083107646,62.31907654175977,7871.8903086288565,5947.977774117282,795.4446881224981
2025-05-20,6525.733389369954,6279.808186535592,54080.69258030607,57505.27047864072,39659.40976648597,555.1798284046004,3208.6834130139487,19095.7508623427,15722.277614530412,69.8982700284487,99.68943920458658,42868.09317949992,9219.067799796518,4771.543476451925,104.95306983675448,107.21333762683064,5720.462352304815,3681.3089333333323,976.4611333333334,4605.656072121534,278.9490729394337,190.6516502792299,8226.789647839814,5780.595582013677,414.6623382762669
2025-05-21,6279.808186535592,6757.923002597459,50476.53531782796,55743.28930920224,39932.564909554196,504.28148106673086,2851.448499679732,18372.037924071134,15003.026166315565,1520.8608325133957,0.0,42784.01340923393,9298.402286793294,2092.4939641032106,69.63169549080612,160.0054620357257,5198.534428222072,6071.04239180264,833.273366666667,4305.597293956667,288.509805642581,227.6950816118192,8257.22907336564,6196.65901731863,355.84779692779455
2025-05-22,6757.923002597459,6325.3017346171655,52917.858710160814,54283.822093746385,35866.11674487127,617.9343445558327,3794.203786447712,20504.87121651841,16412.939310806647,0.0,165.5459825904586,39660.32053131898,8526.389072303624,4088.9219324902665,136.01060674972496,97.68931475980355,6706.235838557451,4490.667816101462,942.0987,4877.249667189864,96.22475510953052,532.889304605442,8333.186926000668,5694.779705130184,199.18248438927668
2025-05-23,6325.3017346171655,6481.815416843763,26713.958356626783,27712.676991436227,12863.386705418336,84.71859514761482,254.1100301710248,17470.879109245845,14061.741093893568,17856.89094300582,80.41459489242175,13117.49673558936,2956.5506484432094,983.593738684199,2478.5198211668226,776.2665833333335,2930.962668322827,9890.400083333332,0.0,0.0,0.0,0.0,5561.155751441553,5883.817876004079,3091.102852962365
2025-05-24,6481.815416843763,6979.790770122577,27482.717722684014,26778.558043600933,12832.558197702332,341.03401037093965,1305.0921396152614,17260.9502582988,14083.68800439741,20031.329383403816,0.0,14137.650337317593,2864.4458069161924,783.3893501118821,3337.7565984001358,752.8837826021031,2105.2855957859833,9981.514915467162,0.0,0.0,0.0,0.7972965571500481,5899.031529791892,6421.98974458064,2741.6142804194005
2025-05-25,6979.790770122577,6531.496055246577,54358.978242991376,55544.947468800514,37070.17719297548,372.5243320145122,2267.6735917092874,18010.586634072522,14390.35297445245,3334.4586390433324,462.5080854849585,39337.85078468477,8600.15040349394,4314.992911895591,56.955951745747484,34.014143914285995,4809.824434305493,5044.824220821088,773.8803166666668,1843.0239845050069,106.09950382856596,26.669834337057296,8442.508737244976,6004.237535470251,201.08403066100058
2025-05-26,6531.496055246577,7102.1042812832475,52474.177049379934,59248.22799526042,41141.62730050256,226.85242583545306,1075.7661573368334,19925.044037702144,16073.361158195867,981.0010082562653,0.0,42217.39345783939,9519.074881162329,3357.483147641836,15.071358397061545,86.21041010744875,5832.174282677413,5313.490634802835,1396.1616333333332,4987.271043685602,47.94791666666674,115.03169681854536,8322.45554556784,6618.177957843569,459.5504215535514
2025-05-27,7102.1042812832475,6671.576162563539,50280.03989854959,54206.94314783107,39049.22272092259,612.169412135691,3125.76154016878,18638.09703401302,15036.711013308155,1850.86460948594,12.262496442615088,42174.98426109137,9339.866460795207,1131.229187027203,149.74948366641297,46.2853812760402,5541.789180615647,6632.8860669401965,574.141989198487,4033.780599726472,5.294217626840236,161.76587633037698,8127.22831011762,6079.529069515044,638.5078320831441
2025-05-28,6671.576162563539,7500.687574532437,57280.22723377105,57796.861679806345,39194.76097129941,0.0,0.0,20591.153327489323,16383.145470310868,1279.8592726278878,0.0,39194.76097129941,8975.362924068713,4668.068464543663,160.75117012955434,64.69501734840321,6466.6288171382685,4888.309621866471,1132.4931666666669,4546.154806892451,5.8171745942055395,51.13175459806321,7947.417859058826,6928.980755840913,670.0372827233472
2025-05-29,7500.687574532437,7264.90916795492,55387.73395144666,59317.19383787274,43233.4104440969,123.94897691563799,759.3347232631305,21094.20740265097,16847.997016250538,1098.6819612416016,206.52838381300705,43992.74516736003,10144.821055199616,3847.5010842062843,293.7380435143932,22.038203329190196,6279.477197360433,5799.476300000001,1543.490483333333,4026.8654835939783,191.9002394566122,5.815896492163915,8460.387397187926,6836.323341428721,79.00365539783664
2025-05-30,7264.90916795492,7299.656539790026,27332.750569267984,27556.374727679606,13088.420428355672,0.0,0.0,18500.582403759443,14988.27028037257,17400.7545209594,0.0,13088.420428355672,2930.2900599117816,1032.9991012362211,3449.9095825835375,615.1661096286659,2871.596120255249,10084.041519603457,0.0,0.0,0.0,79.52203045655028,5718.708965938547,6730.91681317901,2948.055611595237
2025-05-31,7299.656539790026,7315.79487518397,28970.324305816663,27708.51648634098,13069.692896563867,64.51166624665294,100.36868653333822,18060.397182155386,14865.837227604487,15903.169231370066,0.0,13170.061583097206,2955.145841178132,940.0027875145381,3498.664007897647,622.4860687242113,2629.2893683694933,9892.156193707075,0.0,0.0,0.0,120.8442609102994,5766.140927410448,6795.3276390933015,2971.7429239268945
2025-06-01,7315.79487518397,6345.6393949821995,70421.70233015297,75386.61117959706,64661.02700412864,664.2899462695792,3955.421524047636,17035.735215758607,14472.755334357344,2286.2290444653827,0.0,68616.44852817628,13352.754342848397,3490.169338274946,1137.500786579302,19.13051366423815,3299.271747761473,3870.669385666698,2969.0535983200316,3610.935158813306,724.1270811624573,52.85302909916345,6319.705688512175,5745.89121914307,23.09643202190646
2025-06-02,6345.6393949821995,5651.57498216182,71922.29553558485,71236.76213280426,59880.46963720103,632.4891670238461,3437.805628388239,20160.819888976825,16949.25178819956,25.945365717504842,0.0,63318.27526558927,13083.167758932463,4626.986793276864,1105.5127050839515,88.19196944520502,5028.346428930062,6094.924818239714,2316.5111192748445,4343.790661673704,1056.0937836093876,0.0,7272.545538756075,4999.925284106751,170.2422125452352
2025-06-03,5651.57498216182,5325.033051345801,66591.35572156691,74205.57262652538,63348.91940072143,192.30769862974233,783.6714646021582,17908.61708941113,14736.275246139197,1196.7867094840099,1846.5038390658515,64132.59086532359,13609.191494324108,5210.496866691206,713.3917064257464,81.3684123626117,2289.5452982516736,2605.1227770457745,3385.6119833333323,5194.277964086717,869.1971204878548,0.0,7280.054877354635,4738.842014881323,198.47426028595527
2025-06-04,5325.033051345801,4929.419537603454,76316.74582876972,74162.30388301465,69760.38550625213,728.3906259869872,4569.64717901642,15819.93119245379,13477.0713193793,1034.829396824351,1852.7583891028085,74330.03268526855,14535.9900940132,5412.939601416921,855.8604676673802,0.0,4216.51312415324,3906.4757437069575,2124.8815333333337,2627.486114160489,670.8329706450418,96.10596776990121,5599.277666326185,4155.78165567559,9.705557254119482
2025-06-05,4929.419537603454,4148.067042098452,65818.76351656408,73050.14968917725,59729.062650530446,1266.325743788279,5766.912321119186,18883.28846813947,15674.887584148637,44.83059920561868,102.22886643574361,65495.97497164963,13110.246537702491,5551.7065468587725,545.6280028942277,58.14298136689456,3805.9848993376863,5357.590782538953,2830.16535,4216.662049769365,1172.8416670028084,0.0,7300.98057664092,3299.441266866173,19.2870882729937
2025-06-06,4148.067042098452,3768.2520207985067,29337.623836196897,34360.517029966904,23234.53783169736,1032.2992028895344,4545.486262596507,14587.172831370588,12217.36923362963,2167.3750351154877,0.0,27780.024094293865,5262.389568030276,949.3628644097512,1676.9643496668216,210.91819079558678,1819.1796554945681,8222.732650000002,0.0,2324.2500815511794,684.4025166666667,0.0,7955.597483333333,2953.891416280124,81.22522846824434
2025-06-07,3768.2520207985067,3586.5457726056397,31680.462745610545,33967.39879880715,23057.595891946294,279.6566606404996,896.7342880678027,14009.072951520688,11801.78186717181,721.5416750987757,0.0,23954.330180014098,4891.659762247156,893.5164886355598,753.8583250685055,146.68256514520465,2330.525097382559,6138.388383333334,0.0,4442.346641567891,165.9782333333335,0.0,8064.626233601706,2747.271160575089,486.79397778570757
2025-06-08,3586.5457726056397,4541.240703643492,70843.31701178031,70357.97969355594,53613.48213671365,13.320728845284293,93.57812013812216,18333.920796797607,14266.243486809699,687.7838993867671,455.13889635989227,53707.06025685177,12491.827054346224,7573.341660760502,42.71344303469675,552.4240156955424,4974.786269519652,6560.537632853365,724.718533333333,539.5836257018411,132.34000120278301,96.1822511285859,8250.992626458852,3351.349239469748,140.69261326038543
2025-06-09,4541.240703643492,4366.281892154998,80465.68566356091,75283.2729010131,59048.0988568787,205.30007874585218,1131.6712328420815,17881.63079700623,14195.394334133767,669.8654227078497,155.5291275119556,60179.77008972078,13209.807369395605,1856.9166282632382,115.09130760891867,5245.821939689437,2779.1519882158286,5285.799940102439,2292.610966666666,1314.3197573167226,279.57756573891743,70.93293688563865,8053.222642456278,3556.9883085994675,675.7398634471568
2025-06-10,4366.281892154998,4799.814932347696,74623.13736825653,77444.09420126825,62425.166889129345,365.9833909096973,2280.1450307522487,18254.616332850466,14888.76621772842,1133.0747311906389,1716.320445865271,64705.31191988159,13727.453571413807,2458.015874365583,112.98205325343395,4893.691251410977,4262.685964918777,4609.803271714689,3020.463083333333,2417.6474752504982,160.9249049546263,436.2102415376197,7293.045869045613,4047.528125105636,38.66434222263831
2025-06-11,4799.814932347696,4663.640336297433,79339.6873285188,84238.48600850813,70477.86015548816,0.0,0.0,17979.165975821572,14083.57665841824,2698.193804856918,1581.0680529145588,70477.86015548816,15538.117618432994,2128.257402672973,33.41903918755099,4579.872967789521,2224.2999272196225,2253.6062121903647,4689.8689,3753.242335300117,0.0,636.7287661264843,7040.25130199192,3884.1188862575823,95.73749001914939
2025-06-12,4663.640336297433,4971.185620541323,77253.67811303737,78401.11538793283,61743.800758384576,0.0,0.0,16905.913216396355,13346.770731938292,1803.7581981256417,779.1628220158009,61743.800758384576,13790.261626348252,5215.458990924684,120.45641521585287,1841.778462636892,1743.3763779153128,2840.757203809253,2613.634516666667,2204.3952136456514,705.1872645657119,521.5758859038053,7759.563936012097,4195.24595636093,404.55222156264824
2025-06-13,4971.185620541323,5227.177363391816,35902.35630798125,35476.702130157835,20271.558036567632,183.10089822809303,818.644115977804,15557.798147310954,12406.97495226758,4092.8451000092186,0.0,21090.202152545437,4765.540966350109,1086.6156870301156,354.53081385059136,126.60091516427366,3239.5344311155163,6567.932666666667,13.859816666666802,3149.539623911268,22.845786372292196,94.86110149878309,6979.155440260129,4576.13830305361,1797.048664002385
2025-06-14,5227.177363391816,5853.293816344415,35269.50466277096,34552.59310067138,20611.742974468427,120.23880827881678,577.6553201635196,15885.748971945166,13078.423344864044,5536.792265202411,0.0,21189.398294631945,4539.405186334828,833.0162538484365,1408.6480020703827,426.6158545972465,2869.141460009307,9304.337300000001,0.0,909.2773014642571,221.37276666666685,20.33238959023049,6953.259716399395,5181.6130224312365,1490.978865961351
2025-06-15,5853.293816344415,5303.641716543785,71229.13383302992,81170.30051077565,67914.72072573131,0.0,0.0,17774.741617625394,14082.2050933402,3258.9559674438588,3600.379569046593,67914.72072573131,15110.830352401132,4567.316285454528,185.9042898094907,1158.535387507833,3906.8368433294922,2278.938780305448,3328.0633666666663,4039.626344954342,117.0294229621577,245.06056043289095,6461.059537353766,4651.93095897035,218.33416697557038
2025-06-16,5303.641716543785,6344.808515405008,75467.41340403934,77934.72505638567,60388.81122718386,15.270440828143728,79.4597388492459,19060.44589725499,15109.787092936076,843.4648592075129,476.4465670207212,60468.27096603311,13816.48770874204,1560.0373078438033,112.53125422654512,4685.954925905751,3175.570694698499,5251.406169076306,3330.8536000000004,2322.033078288937,165.03202231801833,265.97933102864454,7781.174275438756,5725.499326018511,544.6252462542601
2025-06-17,6344.808515405008,6433.576554593139,76223.53624403002,81252.2267448845,65425.538397982906,157.06287617275208,925.1666469416438,18610.361565951836,14921.556054785267,1656.4977353308059,1434.9982578932165,66350.70504492454,14654.905170160378,4638.576822436195,189.09856437378073,616.247554524899,3515.0136284176115,2841.0378472148222,2667.2855499999996,4060.281229025189,161.10603437972281,509.97976603292454,8107.350325835077,5854.182077129659,281.701951779075
2025-06-18,6433.576554593139,6465.559225216053,76839.37058607399,76670.9249724056,61622.72316352247,59.8935050799485,357.6262689303026,17325.843854000264,14014.111682388158,1878.4920680612108,566.0735211455593,61980.34943245277,14172.123383549433,4682.162612022143,70.0822502215002,294.0633519609652,2717.931616379879,4546.426110021069,2298.2555000000007,1798.2889778442277,153.91178452965187,149.67507485495403,8030.652929485895,5866.292621381562,743.2776017712326
2025-06-19,6465.559225216053,5901.189473340485,72166.1869639738,73900.1269050077,56782.7989883939,285.49377999409893,1707.1853185932612,20711.55956204972,16740.40300097147,1804.7045964502888,324.47434413991584,58489.984306987164,13536.851664394755,653.0853147984612,219.2435353674507,4458.834334124071,4886.581614637163,4839.093914336442,2859.568966666666,4728.978166581004,24.402487193556226,103.209422449435,8477.612848884464,5256.885544356826,272.9935482221717
2025-06-20,5901.189473340485,5741.723688436419,34656.735833684696,33163.28348736432,18464.654602100225,284.1584200225825,1121.0092850994822,16529.54684712934,13600.115277296412,8127.554504220651,0.0,19585.663887199706,4351.060734128318,1123.592563686705,2208.3542998220623,668.8944947703837,2576.6771684074556,9558.082006015855,0.0,0.0,73.97451666666677,216.15285069986763,6773.183528042119,5046.359653818244,1967.9257643581075
2025-06-21,5741.723688436419,5971.971324555556,34401.74905925548,33851.959744717155,18724.184779396,0.0,0.0,16829.028458064076,13489.298231159712,10935.954763399217,49.2061710802418,18724.184779396,4378.905559034212,1070.4729357156002,1996.7937520459266,382.91309221453946,2940.116047456284,10261.871354674102,0.0,0.0,27.00500000000011,56.48221662881042,6163.757089271173,5137.545713936004,2361.6263423863265
2025-06-22,5971.971324555556,5925.241638522516,69173.27633126064,71228.44295500495,54430.93284142233,326.1944137192151,2040.685957228146,20885.48338670191,16826.627083315252,36.54737209143566,64.89679324607096,56471.618798650474,12607.844574670768,930.6428235238828,505.11423470725913,4778.002077381945,4246.072578735728,5158.629184796108,1652.03455,4051.4009020127028,1741.1231781594342,547.1611721140663,7954.272444432011,5255.855649906502,728.0100972808178
2025-06-23,5925.241638522516,5836.499359043775,71587.46057466858,72222.85953885215,55046.79626415074,253.4857298804992,1588.694987588501,16592.086996422528,13595.30698145581,1694.6969622536958,706.1461581788926,56635.491251739244,13183.542138930805,5440.619462318324,140.9580069735814,246.9943444214664,2290.288116566324,5573.984998449063,2303.366383333334,62.92858628644126,793.1010062818236,152.55917036858432,8021.444076608751,5208.640512137523,46.14939169199502
2025-06-24,5836.499359043775,7120.20487053564,82390.70191969608,82208.38439521562,65091.73853639476,0.0,0.0,20331.395708410288,15810.864789573421,1257.0256700944803,148.4865229509338,65091.73853639476,15059.603503441389,1247.9574364895147,358.03564958614527,4733.071102846631,414.198981031598,3372.414083102729,4940.639132887909,5023.9305361089155,1796.6473156611528,418.66487974796,7605.1271892283385,6149.88757888462,696.2165211782772
2025-06-25,7120.20487053564,7011.116690381563,72709.90009552139,74850.61671179853,57221.17084803647,424.0422641376236,2177.47353313081,16296.43014496873,13212.251584251964,1614.6544904123923,113.67735814032253,59398.64438116728,13409.335017000054,3686.949819997948,181.9261674749364,686.6088740285958,870.3465045857503,4096.853098389012,2802.9021121689334,961.0533285633153,592.2786660809302,241.19506820577774,8131.037176435776,6517.5524307083015,633.7609575056351
2025-06-26,7011.116690381563,6398.848664489147,69606.2930454218,74762.91273758988,56269.24446012083,11.66931758987107,82.08949159249333,17851.698841704125,14523.335791468444,2822.775723192338,1230.5935317517321,56351.33395171333,13295.570687795238,3933.86157597666,160.39098650086487,511.43141197590404,1830.5152117378088,3005.2377814721385,3549.5156499999994,3684.09149947313,493.2476023934462,365.4617586359632,7691.128534145837,5749.662352917159,798.5378066904889
2025-06-27,6398.848664489147,6480.910270697552,35161.760546798134,33329.261680933305,18099.506796721573,111.00739853904426,496.5524022736047,16500.246356368712,13291.344103071098,10488.227939105129,46.97308706960462,18596.05919899518,4344.817052622407,1034.1959844910289,1725.5603548961665,337.894636459168,2849.9226479385716,9166.821977561538,0.0,0.0,0.0,32.2362129768361,6697.265908241124,5929.0975448801455,2018.5951919952354
2025-06-28,6480.910270697552,6445.125102146196,33633.819889528146,33088.74856660845,17857.534045470267,175.58850437737433,661.7432947445784,17655.85326721549,14493.10006575641,8089.224019526735,0.0,18519.277340214845,4138.732269553276,1260.2925169317978,2775.162594341619,141.14190500777897,2850.8389408094654,9908.8476,0.0,434.38747376818355,113.89966666666669,266.68988685360875,6582.712181414577,5841.595449611703,2170.4866825240842
2025-06-29,6445.125102146196,7176.329571064195,67546.59603602266,73945.52943108711,57084.33509713833,125.1719245391933,509.0312655819137,19615.58792733764,15517.939391185368,734.2395028073572,0.0,57593.36636272025,13362.418321952342,1028.8543482762473,245.54792969113896,4114.702838820003,2843.749517284473,5120.820002878834,3194.489583333333,2606.01145389402,681.8197536043442,443.2062993360249,8358.928356701039,6656.804332364701,193.40425057103928
2025-06-30,7176.329571064195,6751.6314290343,74368.59784616283,74105.16884697076,56398.8806951809,8.82996351269719,61.326054351350336,18244.413633402353,14868.667039534488,497.7663972023354,219.05590274659326,56460.206749532255,13204.736496913432,759.2874617503662,215.75647831319725,3556.5385756086093,2258.323027550732,4511.306974578954,3212.5017000000007,2442.5360373164713,786.2853313921647,665.3651289117148,7779.156047648676,5949.4580585099075,616.6444546297181
2025-07-01,6751.6314290343,6019.3347748026545,65664.44856175542,81235.18164001624,74079.28610471847,552.6236811927934,3726.761517794884,18521.791814510743,15575.383909968385,0.0,0.0,77806.04762251336,16819.46795433273,641.3417835365627,2125.7468672244017,3346.7696592361226,1699.876036689015,4418.489973705909,3427.2513500000005,4605.722111749139,1080.5001667006798,0.0,7203.0759233812405,5402.882547278317,38.93356597304942
2025-07-02,6019.3347748026545,5390.372283558347,61301.17713064029,75743.96728171097,68081.06715082221,391.76049225278587,2976.9107140164015,19828.695087109154,16637.720280423255,9.446133944527901,0.0,71057.97786483861,15382.773322750467,747.927522541262,2416.3584752165425,3948.467508825701,3713.847667459397,5363.003486389307,1963.813333333333,5092.06101626574,644.1160240100498,0.0,7711.99664989312,4690.088661414264,187.58813051081134
2025-07-03,5390.372283558347,5112.112467236223,69177.74588502666,82327.33976006662,76689.42357955922,786.015530367265,4074.1507007403243,18220.136612517403,14929.154793342468,179.15322005541464,90.68548453686913,80763.57428029955,17038.862742987567,735.0744142141403,2542.334996953999,5022.13757778059,608.4272963884642,4873.775097284339,3138.392500000001,3144.099007190002,1233.247550841043,0.0,7406.752449158959,4346.79163026247,0.0
2025-07-04,5112.112467236223,5146.8164933909375,31560.807276701955,37079.76290969462,28078.975956301674,3772.095990705609,11250.98644998943,15097.86483895529,12904.346316533978,9767.748211312248,0.0,39329.9624062911,5874.758770743687,833.3333,4195.901193512601,293.66754831733897,15.250075474129744,10391.826372021089,0.0,0.0,157.0740666666668,0.0,8482.925933333334,4412.370918616866,21.88560002781792
2025-07-05,5146.8164933909375,4009.3436415559863,32279.629952537278,38620.51248042968,28925.50184790963,2941.5059533003036,7782.340043569293,14595.77481419879,12343.442434567614,10368.434354098807,0.0,36707.84189147892,6241.50119848981,0.0,3000.748435145239,464.5964775791886,683.1394889257144,10364.728312567859,0.0,0.0,155.562,0.0,8484.437999999998,3184.287944958617,50.863958016092035
2025-07-06,4009.3436415559863,3712.9650467805745,62625.26423180589,82189.50985646501,76912.7096648598,706.1432250394087,5313.435176453773,19042.329735634386,16156.963544953744,248.46197415710958,0.0,82226.14484131357,17275.048874792938,1666.57147713018,1668.8450827433785,4920.675950441888,2895.6776438467095,5460.455702940524,2718.204199999999,4528.88349252128,939.6354992595834,100.88553523342716,7814.79929974723,2940.0868659992097,119.80181935684217
2025-07-07,3712.9650467805745,3280.2773369519687,65193.32408351766,75437.3915370903,64676.661795770706,1383.909898419633,8792.021428231235,19816.637015868575,16471.39037292231,44.55783352763754,14.768025702700559,73468.68322400194,14457.0787522937,2184.251501871882,1932.3117798899416,4430.927167849352,4288.539308526278,5412.4233343048545,1412.0020261604982,5236.387271097192,164.12837846328375,133.80203997477633,8556.89801429194,2425.7784912315287,92.63097464076623
2025-07-08,3280.2773369519687,3368.376597271641,84097.75163380936,80845.35843914165,67829.92332009356,308.1489251372128,2055.5013170510583,21717.533848637027,17411.918339936627,797.4980342355589,502.3277380095918,69885.42463714462,15982.152929630089,7739.725505194711,202.7563624603123,884.6171185994392,5455.996511601108,5110.068858264272,2593.2400499999994,5320.619904414666,440.7724859274681,98.76425418590873,8078.553477535421,2471.0038225187045,665.4793433619266
2025-07-09,3368.376597271641,3672.0443532753166,83031.88020971211,79743.57171300877,67117.14614086361,162.08769516893778,941.8462065733092,18677.178359064903,14878.452677960275,1636.948125019448,407.57420205363985,68058.99234743691,15577.700785246432,4488.095427950637,210.2678337752301,4096.929022707109,3293.670788817096,6253.102176406477,1867.5727333333325,765.771154565557,794.0911973365389,350.9481656195844,8030.928101076894,2751.0227667797435,681.9220236211786
2025-07-10,3672.0443532753166,3507.0292111478393,76541.97053589199,77564.41695448116,63963.892473868655,49.57513360801465,419.6345690241752,20505.88038714482,16249.3491243876,57.328979099425936,592.6812295658643,64383.52704289283,15074.443924765426,3263.075934323002,88.4859242680584,4828.452494195147,4376.77074030383,4510.1518880277945,2219.6753833333332,3615.1401374172265,855.6034500000001,853.9018830353901,7628.207100277525,2806.852350004979,1080.606526204852
2025-07-11,3507.0292111478393,4198.567109888754,44551.43105536168,42029.56152897037,28150.51191437242,160.85815774434982,788.7574653122765,14314.777346904386,11539.706009782738,6862.546782926397,0.0,28939.269379684694,6516.110122193306,1271.8920366212149,82.06713257222145,297.7010753921834,2670.163377088669,8360.452566666665,0.0,1571.0706418481245,19.597499999999968,150.80337144920384,7626.641007803555,3355.207385563385,1134.9198064767586
2025-07-12,4198.567109888754,4200.3928060529715,42053.4186688683,42339.12074821334,27841.99453728115,440.5981470232764,1930.2378349460892,14603.021879975275,11976.013774731422,8897.044273326099,0.0,29772.232372227238,6332.117894005256,409.56485808563065,245.95931824945853,440.8384446244521,2860.6152171972967,9555.3019,0.0,770.2980602721321,4.698506468719643,59.265850201681275,7550.626452636433,3367.7527667913764,1164.9051016802705
2025-07-13,4200.3928060529715,4147.615614225016,80765.20138489795,74950.01446073389,63073.22256342076,92.05850838997901,771.8834774978319,19768.82527047826,15486.20667821529,888.6857178449085,628.6133090159826,63845.10604091859,15258.330305569129,3071.0868338657915,255.6958410276061,4577.483926109431,4968.375333333333,4634.303264309001,1851.4930666666667,3894.6265293740043,864.0561952584018,60.554991364190755,7013.700834677826,3014.0846647441335,688.4117715922362
2025-07-14,4147.615614225016,4741.509480513157,78954.76572380497,78164.91932597492,64141.27316584035,0.0,0.0,19394.70226939565,15097.367686381793,1070.8817149652018,953.5061113291847,64141.27316584035,15246.755636179818,5989.689608561649,61.392472907453,1519.5838474549892,4731.881867578031,5467.542781254513,1602.593166666666,2499.678491994503,152.94727635554136,57.17735494297193,7746.670532177777,3764.935528187823,801.8823706963276
2025-07-15,4741.509480513157,4955.052695427192,81945.48258745066,77238.63323301946,65202.28354847408,103.24222079065756,550.0291519387478,18554.61225327443,14725.795724457977,110.3047092005549,693.2624991264465,65752.31270041283,15594.62414718177,5332.028571126496,148.29869189038936,1612.8391217827445,4936.8124492591305,5456.540342666688,1177.9008333333334,1343.2775809930822,684.1061833333335,494.9057815671122,7335.431002277153,4177.673562210313,443.24656436463914
2025-07-16,4955.052695427192,5598.751241840423,77411.76869425375,77115.9652138997,64552.40892874434,0.0,0.0,19912.316642780905,15515.361238322836,31.845414721347538,531.4509780536165,64552.40892874434,15378.706923837699,2209.352529928615,65.44368196833261,4454.38136224803,5151.924064510992,4968.838339213685,1197.0075166666672,3552.944014198908,651.5274833333332,157.09105719823935,7580.9650383423605,4527.38026523072,868.4934535011496
2025-07-17,5598.751241840423,5515.339582740039,74770.7498191908,76939.48235932074,63528.02754842585,149.1925435514072,823.0906756369055,20570.152407012956,16703.78339904614,335.49265956231807,387.29766867633873,64351.11822406276,15203.12025764759,5155.933454422648,305.4433342470659,954.7589180721343,4407.815295185785,6170.386465954328,2414.696233333333,3350.455631449502,856.8746833333331,93.12060580568232,7979.434394771072,4804.620116710266,739.5194581755508
2025-07-18,5515.339582740039,5582.548298808429,44303.30340232438,41702.60456004131,27068.99415793337,0.0,0.0,16175.30069162238,13077.182616457829,7294.978401543429,0.0,27068.99415793337,6535.5040545193415,1301.0771374915587,1021.7862496033165,332.3723051678587,3300.2222666666667,8429.1773,0.0,1145.0311484565716,193.46433333333312,185.25189319749006,7543.662475014219,4826.436463735141,1018.0472918402915
2025-07-19,5582.548298808429,6393.544226942006,43844.196695419625,41733.908538031144,27671.46896176298,100.98073276302159,467.99065335441276,16605.136551181775,13453.395139626404,11326.843942572132,0.0,28139.459615117394,6397.941154084086,1150.6994066820682,1576.649953487744,606.0784492478859,3076.8859117596808,9785.496707427867,0.0,0.0,22.290833333333353,81.54503479547827,7671.039388351272,5770.6046966022295,1012.7212564997338
2025-07-20,6393.544226942006,6838.89773144916,79124.2568637905,77159.66554804904,64996.34969889306,0.0,0.0,20435.61478120306,15952.069738685612,401.8883319352454,200.11640692968223,64996.34969889306,14560.767208638219,418.63836008428495,278.70369530161224,4878.764551400374,5143.151683915435,5607.0981933102385,1609.5585666666668,3404.882864056065,611.7712333333334,181.5242157755286,7438.200449626066,5813.654394307685,964.4919060371358
2025-07-21,6838.89773144916,6264.141330784971,82694.9973539593,79834.42453436829,66811.87300047722,127.32458713743097,787.8989968776864,20835.73224375204,16841.25034848785,1285.7159482023421,666.7691280391782,67599.77199735491,15806.45489032383,964.8071179472854,206.7482040791981,3722.4851692330003,5256.747964388689,5970.595624752087,2068.8479,3863.0434380638953,664.6182833333332,5.293823069912037,7972.162119229725,5626.82370087219,672.1258774569015
2025-07-22,6264.141330784971,6411.930850328026,76826.44741812068,80798.49568215737,73094.69351525795,14.988367398514015,127.28187558050716,19784.298149124705,15876.396773589131,2039.6150275619668,1103.0458131250039,73221.97539083846,17181.47887703946,1345.4027977673911,225.85015805951434,4031.8786418658924,4446.848231003674,4265.283390011965,1504.9361499999995,4342.768310525262,1068.2125021813977,136.74966704691496,7793.268971290844,5642.617613989838,837.280761053703
2025-07-23,6411.930850328026,6424.390808880986,87181.69613081332,78829.16021029445,67894.79705824348,696.1624475134732,4613.291412733354,21815.12934419901,17677.36312510689,869.7011200602275,272.35118532223845,72508.08847097683,16504.71476145874,4536.52715515812,220.7505955795849,699.3299635808601,5596.971019227544,4830.790882261978,2012.1121666666666,5950.312245310034,1194.6417833333335,8.99012835700786,7997.909774735038,5811.799116448735,654.9777855647263
2025-07-24,6424.390808880986,6767.560416003933,85146.46223972357,78560.97115007312,66352.6884176994,0.0,0.0,20158.93385468459,16001.561456880512,609.3293220459384,370.46516355643644,66352.6884176994,15771.543729046036,4962.190263411672,167.47570659598819,106.35785832055004,4941.094202983178,6075.517433092439,1142.4290833333332,2915.532722715289,1199.22733988775,21.521340171841757,7854.615695845774,6055.194090055076,696.7194282344908
2025-07-25,6767.560416003933,6885.4183961928775,41336.13953353319,39986.98913526602,25694.330230512252,629.5494326443749,3183.6524554665657,18247.79880429965,14726.768379156798,10595.238309434208,0.0,28877.98268597882,6065.151587424528,1091.3391497284913,2603.2990740010296,221.1479629684834,3375.5590879807655,10549.307686782355,0.0,0.0,0.0,109.51568105029673,7546.505159527012,6340.8383606146235,1201.4050576479863
2025-07-26,6885.4183961928775,7494.342257921502,41526.23204442777,41399.23776730171,26852.978590471714,176.05005707459352,792.6694834786624,18053.80766874029,14584.448950122316,9444.576355758336,0.0,27645.648073950375,6157.893695068208,1075.1968290885611,2382.419615310124,575.6443115983353,3485.801416634473,9943.41129804275,0.0,0.0,37.83624999999995,84.4598867658298,7441.291614968006,7003.3622741070985,1237.100053209715
2025-07-27,7494.342257921502,7006.486812379854,76917.6090633178,78053.26737570195,63832.28048935482,226.5198316660878,1390.3970693104982,22118.14876496458,17846.026877089582,302.5687528263734,0.0,65222.67755866532,15049.79519427504,472.7657775939912,374.776260286729,3397.369841647811,5484.596882835591,5789.1090974264225,2725.6517666666664,5164.87303932617,1153.1537562118995,214.30057111700364,7647.999791231691,6451.652013755393,459.8484198570043
2025-07-28,7006.486812379854,7197.412940066017,80507.06106556329,81993.95052668647,68632.71169195579,0.0,0.0,17418.66427756225,13885.00832958451,88.5085535558774,476.17919181952055,68632.71169195579,16344.768654085283,1367.911260335875,164.8791775074751,3050.6579327080794,2319.337880597243,4443.143769076917,3060.190166666666,1734.2029085218137,91.32963331528413,271.5700633122567,7349.645553603214,6486.63979999821,899.6259178946276
2025-07-29,7197.412940066017,7433.715520636643,78910.1879988485,83412.06555475507,68501.84337946863,410.94813305967193,2836.757393297224,21365.81214934,17093.635518451825,2804.89323795616,656.4324023037556,71338.60077276586,16150.50634627301,4216.723479467625,176.73914543002377,61.8897725415596,4428.669910318162,3750.0923836135976,2894.563966666667,6344.735348674117,900.1858209250496,41.96292723866438,8187.918924816193,6950.408237804428,505.55775029573044
2025-07-30,7433.715520636643,8389.953616672217,71118.53340609532,79766.47185772912,67286.89126455237,0.0,0.0,21706.83738895591,16939.419745245556,934.1375867244263,11.297660627689424,67286.89126455237,16115.86081000729,1136.9041610816603,215.0713724464689,2991.0745082390813,4899.104673095175,4698.774338617221,2727.8983166666667,5292.087951282609,564.5307833333333,82.90912377079196,7670.144489183105,7773.600573400699,862.6701105208072
2025-07-31,8389.953616672217,8192.914835407882,74114.62105278678,79541.89997367372,65308.51981938338,392.6323783266313,2666.7550221998645,20273.79417594447,16381.61243902964,771.0878577361532,692.0259073493687,67975.27484158325,15787.931544547362,1204.6714522625678,214.72090862115147,1833.2612849526813,4025.352760865215,5534.700749810745,2697.59165,3486.9499838129973,1164.1680333333336,175.7920649939026,7672.6862799868295,7769.905372675425,607.0928062231097
2025-08-01,8192.914835407882,8618.686465271216,41299.9818553428,40833.16124108427,26552.64737837819,0.44489481393748065,1.879458141478887,19829.33861029477,15678.569807461765,15338.442701651096,100.34711474744222,26554.52683651967,6339.407600353025,930.3031514983965,4124.20984641657,586.4941901111908,2828.856186506225,9963.996091792516,0.0,0.0,0.0,105.56021548021184,7399.1843783500635,8242.984961412463,1326.3193961889115
2025-08-02,8618.686465271216,8874.348822361899,42270.89739240086,40685.550371313104,25797.576530586044,403.4620331574007,2105.2612499817315,19302.73414219421,15600.003742784816,16176.193575364585,98.30847969653166,27902.837780567774,6130.203651717585,891.1759117189841,3741.8123176832682,492.13235483590336,3143.7121373800337,9541.020914086108,0.0,0.0,68.1089166666668,91.94973792779372,7550.773120813762,8527.054247068776,1095.597250241086
2025-08-03,8874.348822361899,8542.267427925068,64418.967856237396,66071.97310598212,54625.340294066016,778.1897690371294,4609.388819419135,20939.596098264672,17065.060885598425,0.0,133.74391235300448,59234.729113485155,13298.585118679162,1133.8097493276862,139.14905705550962,791.4488368130932,7851.993762978143,5276.827194641697,475.2305748660861,5325.1252882269055,248.34882458528818,12.082321165838493,7660.269752502752,8159.703684646105,690.0689136106474
2025-08-04,8542.267427925068,9262.55114218312,70783.47451021278,72665.72151348265,60457.53307832599,0.0,0.0,20040.61288987141,15699.796504727594,2378.793982839982,532.6018288321834,60457.53307832599,14781.032666438845,2549.185307293007,32.880784039896184,122.19541418865752,6253.8809664519795,7181.3178207623205,940.3756666666668,1578.285077541178,493.4470554657173,30.59155151750565,7338.0350949631365,8721.204887413187,641.1769371401981
2025-08-05,9262.55114218312,9149.661640259845,69375.9756602254,71473.41835455329,57894.96164019455,0.0,0.0,20071.045244096236,16265.254339185163,1833.234730980514,706.1062186616891,57894.96164019455,14137.521596969422,1413.6540976044898,136.1544287790415,462.71429846247077,5960.464731099835,6186.956660516366,1338.103983333334,2960.0510366583644,281.948251736811,175.7694964015766,7763.69006764027,8755.982543016265,784.8928765958746
2025-08-06,9149.661640259845,8964.002439930397,75506.00173042712,72576.67566475776,60448.85235462604,326.4480166650547,1734.0547525676745,18811.27804717377,15407.161775704222,633.264900466015,711.4899261539227,62182.907107193714,14606.470684481585,1499.69229993012,170.7748838779438,544.850178642827,5259.929175698958,4301.922283333333,1218.978733333333,3841.765237439846,117.47898279398373,0.0,8004.602586112385,8626.669377700442,635.3974138876164
2025-08-07,8964.002439930397,8565.119429544655,75870.6882694491,69221.80983964817,57427.70182676154,348.3469601035011,2041.0487211359914,18710.811865937772,15490.556497059535,2841.871271120928,332.1075430858158,59468.750547897536,14004.795248001417,1163.7028040268463,340.3499483103411,1332.7969937656862,5167.27272883735,5085.62975,1111.0658000000003,2668.1339682162748,184.92427336862897,189.25568717509742,8129.1272976116015,8241.42127547334,557.8164489316152
2025-08-08,8565.119429544655,8429.54891154178,41360.73094745162,40464.70764664799,24947.15219082343,412.89161665823843,1672.56656060531,19489.005057355836,15909.989455834428,21344.611735406335,164.39822637847658,26619.718751428743,6016.93019292818,1400.1288123438612,3631.720962263128,768.0606635850825,3480.405233333333,9095.413868523241,0.0,0.0,0.0,107.00820082367485,7355.33244643977,8120.716836985661,1442.5308137981924
2025-08-09,8429.54891154178,8563.302764559669,40468.07842262017,40074.160640776914,25564.21808990907,167.07002046341285,515.3259430991938,19481.86929410454,16001.112798182126,17617.336343301387,49.02648868318295,26079.544033008264,5819.86713393599,1169.0079116216202,3807.972910097644,765.3681307167833,3535.209409537575,9765.115685127796,0.0,0.0,0.0,22.136393267784605,7315.865523553391,8181.447516177407,1342.064954993516
2025-08-10,8563.302764559669,8843.959983632149,70835.0435072973,69806.18830349811,58121.152703113854,0.0,0.0,21582.931936005956,17071.826615841168,0.0,0.0,58121.152703113854,13434.363481885961,873.959845541692,267.2708514761406,1745.1089792499263,7339.79865,5638.106733652725,1090.8280000000002,4554.831331276433,30.017047927839258,288.2368607915158,7445.780683568884,8287.926759372156,898.1313828683059
2025-08-11,8843.959983632149,8542.010521646525,70991.85784042014,70567.08753051932,56132.8856955441,724.3070631414324,5555.23341880989,20552.988654594996,16747.645380872305,2452.7626474486788,440.1216891560408,61688.11911435399,13517.893309847526,1086.8967304497055,254.12235201233273,1400.2123642952274,5930.568129195548,7002.214832248407,1596.6784000000002,2316.5253441772466,290.30173448516575,338.47417751695247,8140.63012346852,8196.282557590532,535.3446417107372
2025-08-12,8542.010521646525,9225.12449228131,75627.10448068613,73571.42985780965,60648.63231022025,285.59971569369094,1806.0479496459188,19103.273435784995,14958.180800630022,1475.8978370042641,530.4619680107635,62454.68025986617,14378.14011786611,1416.0066048877366,168.1631042644765,1300.4793639796737,4617.7863344570105,4835.778371843211,949.4101666666668,2512.3426884981563,536.8580166666671,244.49337961609478,8117.045505275018,8916.804991423676,568.9176733001837
2025-08-13,9225.12449228131,9260.80089003898,67691.509958723,71967.54937193083,57394.41846442818,153.78109097895222,866.7649064944462,21461.024642498694,17241.583495008053,1362.162728171178,389.9976872479599,58261.18337092263,13868.500484400265,1115.2986534549027,276.00471896227884,975.3095884081865,7071.240436710058,5828.06860147419,1041.2793666666662,4389.188069361275,163.4581000000003,45.42252616403039,7946.543882440663,8972.25855248305,743.0569902283918
2025-08-14,9260.80089003898,9446.40037858755,68566.57373436385,72056.72862150686,59420.16686110221,93.48475941628736,509.34890566674244,21560.2905214224,17293.929268324933,1543.745528779757,596.0164157125685,59929.51576676896,14255.058656652729,1202.3760146772584,344.9449478961476,933.7031789783775,6378.737070225243,6880.858183333334,1846.7398,3319.858093064736,37.10331365718912,43.18718310682243,7717.158962464361,9176.768961677311,969.2451740819932
2025-08-15,9446.40037858755,9324.249766636054,41180.364098309146,39695.044309062185,25494.335110439348,422.1028816610043,1814.0777468838505,20946.2797607964,17108.08876901607,19084.4793322762,0.0,27308.412857323197,5892.220435199515,988.6507056499272,4707.509617217539,480.3577127649526,3577.7051359273105,10263.65135,0.0,0.0,0.0,225.77038996447735,7222.544811214742,9026.944185151171,1600.3292046564836
2025-08-16,9324.249766636054,9048.06665370014,42523.59351406334,39474.56250592906,25598.912536724547,811.4319331443052,4548.876151079376,20270.405293020925,16785.667563786657,19429.544254341185,316.32365549789824,30147.78868780392,5968.169577473204,935.4633127156817,5076.437111503791,797.2321214634953,3038.2223381537915,9925.125133333333,0.0,0.0,0.0,11.344505341132592,7429.256272132778,8747.011176707245,1241.7518419962867
2025-08-17,9048.06665370014,9249.0338711526,72150.8682433382,70581.25313517389,56339.18839737119,369.934417205259,2313.9873475472564,20038.849381597578,16060.220830262107,3717.731499008047,24.388518702291933,58653.175744918444,13378.264511495729,956.2368912894601,321.7426274594483,1387.5688360306879,5851.7670024929985,7515.549453105227,985.5386833333331,1099.179231207016,152.44556175739763,123.02661366247855,8269.585079284638,8969.169006766022,479.14187593429165
2025-08-18,9249.0338711526,9367.424449759726,70400.42777660169,70917.31327257436,58026.51889209843,44.656422793539036,372.78937819201417,21462.264557702863,17128.94589412492,1858.7120524402171,407.0830626830797,58399.30827029044,13769.750348650534,1952.365774262821,233.99088764083172,68.10863468983905,6436.679501398119,7198.267066666668,1603.411366666667,2927.5235717077644,303.76734763600325,60.03028942123592,7623.0599915559815,9072.096533463198,928.0367992273177
2025-08-19,9367.424449759726,9251.469267889499,69229.31299077868,68450.29057034728,54731.09787154878,783.7469527470071,5182.603121770864,21770.51515545125,17728.049402779412,804.6774273486321,121.71672640714667,59913.700993319646,13120.73170802736,1116.822419177132,369.6864367067709,751.5421676313804,7284.570777811999,6657.103167361434,1131.449066666666,4238.330830693858,281.0736721269834,47.766104019719556,8086.583722666502,8946.076964321666,574.6857268004911
2025-08-20,9251.469267889499,9318.414109638044,77229.08266577884,75030.58844894444,63569.43372350411,152.71690834908938,1244.3814517791886,21159.42865213834,17176.302313691736,190.17797423398463,298.16457794628263,64813.8151752833,14874.526613263348,1919.5157340161463,272.27811370184486,173.51183949795185,5942.62303830717,6190.1740815134635,2565.4725166666667,3849.6062779378053,587.6049442939101,126.42660109782469,6905.065549613291,9020.460121820046,903.2581511088521
2025-08-21,9318.414109638044,9034.555734303865,72322.04134674979,68836.73341944593,55757.919756382944,610.9732083725212,4279.670403413769,19526.786644946995,15974.754257174463,16.536369221082158,258.29498749150025,60037.59015979672,13357.911178076505,1676.2544317428938,141.59398124690415,25.424399712188347,5961.110121392227,5702.32967771637,771.2317000000003,2546.270376764989,383.4602793025931,664.7394690620548,8203.678083526805,8791.502286203608,513.680091705932
2025-08-22,9034.555734303865,9103.303982855203,40289.91776044159,40297.342135538056,25605.44274745697,652.2993828788916,3521.2091753693026,20335.68856016529,16506.19524789888,15811.607683333328,49.574072817208844,29126.651922826273,6065.947003735427,888.2280164941432,4714.248179068756,597.7457025407496,3128.3753302229866,10157.88226666667,0.0,0.0,3.380833333333385,0.7175060415544294,7640.992274736644,8809.832275658215,1019.1986305371582
2025-08-23,9103.303982855203,9004.077241913696,39367.54436114426,40239.90258941624,24701.23159347444,214.6326342400466,960.2753395044858,20029.33817766493,16411.79909608744,14061.792543280506,70.22003213162418,25661.506932978926,5821.628972125121,853.1195871041934,4008.012358293544,476.3184668153147,3673.406995274155,10039.013512744708,0.0,0.0,14.918333333333294,86.46460875143899,7456.69818971171,8696.312255744942,1258.7632194747002
2025-08-24,9004.077241913696,8956.577633725796,67405.59375415626,68978.12300008374,58470.12664224519,405.7414751418592,2169.7021821430885,22224.218262462222,17968.39199160272,1408.9889553386292,8.471399027460675,60639.82882438828,13752.516191679963,1912.5408055626208,215.30009076239958,348.7315068325345,7527.558003053297,5983.327249999999,1112.4419969467037,5202.583284979429,420.5875333333332,64.82020679874447,7949.947441551839,8618.419593028666,742.5569259551427
2025-08-25,8956.577633725796,8742.793142776722,90375.60462153036,75326.25655724066,65186.047636717776,205.96827313715158,1256.5747404365395,20356.23347185329,16562.037559223438,579.693908377487,378.4528760371304,66442.62237715432,15341.418717263421,1205.0448845186236,182.1341146873459,1178.8021880570232,5714.167915436248,6262.426033816806,1071.3524499999999,3032.163160813772,832.7987666666668,124.43720834685278,8155.558619439067,8406.548150828738,606.0256929941094
2025-08-26,8742.793142776722,9559.245549074374,69369.13813204777,71357.67990886096,57591.23453269215,29.461053581690656,145.2880127525779,22388.796589153495,17400.11807154645,224.64045137568704,649.0658434599111,57736.52254544473,13824.876594986186,2431.0025859554994,117.62592312300399,61.36457726013853,7290.034961162404,7029.94048470902,1399.6703464183097,3935.114450682719,242.0978162315398,132.57416434132483,7538.483422573417,8798.800326204804,812.2056020377794
2025-08-27,9559.245549074374,9522.93075316085,69971.58355240316,73948.73138803098,61843.64921043302,567.4851750527896,3729.127337902535,21328.22471270402,17333.82759169997,2307.6652587409226,330.25620000546957,65572.77654833555,14915.903466545316,1386.9247092685919,173.60801356558306,228.85325103794833,5706.66550863682,6907.645400000001,2083.4201833333336,3526.7921269800413,680.3018333333335,49.650368494816,8185.562921065247,9259.571521228238,504.26913176566
2025-08-28,9522.93075316085,9449.301750599152,68732.47763502569,75742.9093988933,61671.63226156684,979.8766362758349,5424.786665590617,22193.5744479176,18017.779147031248,1320.345755571359,600.503395378087,67096.41892715746,14706.364786486725,1537.498778687136,156.42977209538424,156.34531581198598,7313.41022279419,4732.694102879074,1392.8113994994783,6419.142625515988,392.98775,142.20389092581354,8035.588016090154,9174.477069792005,726.5519865520434
2025-08-29,9449.301750599152,9435.541675039549,42802.42642952996,41357.033561159304,26413.56832682565,270.48235328531007,1181.7374015035195,20659.691295131255,16808.90367060995,15177.888573256634,0.0,27595.30572832917,6216.059485425471,1156.847274281968,3423.7378569950793,181.54809082342308,4610.107777829488,10080.708411790076,0.0,0.0,39.53425000000004,112.39300797441774,7182.264267708819,9204.947168965064,1553.2595180765672
2025-08-30,9435.541675039549,9196.383498000121,41100.49355879329,40746.209892385734,25942.864731456557,109.31474092966234,515.3643461128931,20626.63992850148,17017.349264277458,18425.765081640686,206.2246207840061,26458.22907756945,5827.846966725134,1080.601077668483,4635.497320669345,759.8315068336321,3635.1254781840025,9886.27765169264,0.0,0.0,45.90166666666664,116.6068563920984,7304.682149161192,8900.024765366195,1396.1426495962496
2025-08-31,9196.383498000121,9421.47914308188,68699.91074321122,70760.8498519329,58115.481284999834,411.9446637120643,2398.8637247228703,21550.41034458154,17096.548082131714,0.04231666666666667,165.77273652847987,60514.3450097227,13768.738780890364,1209.872800116917,61.0843168772966,647.3360501018391,7870.6329357924815,6084.61632277936,769.3670642075176,4170.476275950566,400.5970045614795,82.519592402493,7278.063836810384,9162.134715075117,716.8029238825567
2025-09-01,9421.47914308188,10564.776444693834,78256.89622489213,65625.52114371824,49113.98988178758,9.323812848987359,63.68164175858366,17471.03382016019,13585.868596103453,4284.333615012517,3848.787900831321,49177.67152354617,13415.2293707054,1531.6898410201327,0.0,0.0,4508.189166666667,3616.6217499999993,770.0439999999999,2899.7154927983506,0.0,0.0,7276.617776120698,9994.980530445968,1031.0176533160875
2025-09-02,10564.776444693834,10800.0,68752.6334178809,67071.92657678813,48678.790818617905,0.0,0.0,20894.105619132344,16924.22555149721,4885.596839769898,4181.114969383084,48678.790818617905,12875.528588287822,261.35950589573946,0.0,0.0,6824.615453971229,6771.685416666668,1530.127516666667,3633.337798112628,73.32583333333321,0.0,7475.048799783287,10489.082404353054,1021.1079477426899
2025-09-03,10800.0,10800.0,72243.16359489801,65532.138119449395,48900.14519726663,0.0,0.0,18038.647173285328,14611.304210361111,2487.588068114666,4140.735721743848,48900.14519726663,12768.171921298057,0.0,0.0,2.545497785574298,5816.698660978334,4220.3879333333325,545.8599500000003,3673.1860258236193,33.298149145110415,0.0,7254.6966804470085,10142.527716342798,960.75076979066
2025-09-04,10800.0,10800.0,71164.53765427567,64515.4177629762,47670.50468151439,375.4272974939897,2059.6162433562804,21022.31876627058,17028.078200679174,2532.1214506457704,4552.273894233009,49730.120924870665,12513.100874120837,0.0,0.0,0.0,7987.247228618273,6153.044849999998,652.7527713817253,4564.288215843621,41.039783333333276,0.0,7201.481085500461,10304.985700426965,1145.5573318453853
2025-09-05,10800.0,10579.293809738838,40439.265231776604,36147.07655033287,19830.235219922495,0.0,0.0,19273.94094917269,15611.89216882988,24585.421169189387,1111.3737508006848,19830.235219922495,5298.378581181881,774.5271537750182,3430.1436575106577,1049.7164316811713,3627.2818994571853,6888.627472528805,0.0,0.0,0.0,0.0,5881.190273921911,10315.840790897519,2673.2763379401254
2025-09-06,10579.293809738838,10800.0,40734.92567159395,37272.01282664205,20102.161177477516,0.0,0.0,19432.616279573318,15740.41918645439,23886.532623929485,1775.8591929269846,20102.161177477516,5333.457885237044,1240.581550579122,3563.7748960361528,638.4207976656772,3970.5004333333336,7667.801232748444,0.0,0.0,0.0,0.0,5804.016523517797,10131.04179887025,2402.1273335671094
2025-09-07,10800.0,10770.74678916728,66417.23612828023,65982.60814341994,49553.34186689381,265.58676518620746,1369.71071142398,20769.29071723952,16823.125480964016,3645.3548304245014,3703.682708572808,50923.05257831779,12565.395784009004,0.0,0.0,0.0,7441.62284851954,7107.302016666668,1198.3771514804591,3559.364650000001,0.0,0.0,7184.030475308883,10070.120482980945,999.0950056551334
2025-09-08,10770.74678916728,10127.302267130653,63548.308969677775,64569.11371034541,46318.52356033694,0.0,0.0,19486.42989470668,15784.008214712416,1154.929781396036,297.728032288442,46318.52356033694,11004.87812261116,158.05768928015038,173.26766689554904,0.0,5894.197657198366,6210.130843676471,1186.5613666666666,2697.352984634342,62.73404873865343,0.0,8368.681828833845,9705.950019297245,98.56564637933491
2025-09-09,10127.302267130653,9944.873911192766,55868.613664778,59184.193056566495,44375.58869590873,302.444306272816,1722.7027917550577,21606.019528269364,17595.489324824695,2157.1949084962725,247.73265089836903,46098.29148766379,10590.928190713541,865.036626049657,341.0442633766535,24.356051643339356,7795.115212616765,7025.118233469194,618.8206333554914,3786.8734842719846,302.7426476792916,67.9836970158699,8456.311382261825,9750.760061229714,81.45518553467045
2025-09-10,9944.873911192766,9811.107031095744,64572.42474450389,65549.37931138587,47945.13169856776,30.687772591423325,156.00659500558805,21404.19016523011,17460.24526711188,107.45386990811733,176.80196595092764,48101.13829357335,11519.804932550183,1038.7452617115916,475.15759161146696,46.53580984707685,6068.005335682634,5728.490272662185,2206.30126074191,5019.324360525915,121.53111410429358,38.02842128017471,8121.99418321155,9536.10436165769,467.2557817600208
2025-09-11,9811.107031095744,9513.973658962961,63021.816454127875,57784.945996975795,42210.857638741814,515.5561710275646,2663.318763443337,21043.138865225093,17309.90147456368,868.5736499999986,412.7686773419506,44874.17640218515,10216.679787157454,995.8423179377473,288.89952297774414,0.0,6968.444889346387,5134.527449999999,1299.2841931916118,5562.662890022534,268.12616976473396,102.55534722556172,8132.7923984430045,9244.512537584747,352.3543008402002
2025-09-12,9513.973658962961,9439.064503705938,31789.87013775328,32625.048552631524,16996.861409812056,286.2104505237678,861.7807450453035,20610.749507485816,16774.845414220956,17345.485467076345,134.24842614740987,17858.64215485736,4048.537218502716,848.1416060017868,4609.098132997085,182.90958588102706,3560.47286093103,10483.757080785641,0.0,0.0,0.0,0.0,5913.68450718114,9111.645029170606,2691.589913111703
2025-09-13,9439.064503705938,9315.819561553168,31555.567204259503,32421.121305361958,16637.988242082298,149.59702764152013,416.2658426401918,20450.486869576613,16947.439022012906,20565.464387537246,318.8909979025266,17054.25408472249,3843.742340483476,958.9258210073401,1569.3888146340946,286.84352087057374,6622.499153717191,10379.823145796092,0.0,0.0,21.195833333333326,75.17973287277613,6121.494949514611,9085.05317954632,2612.860270813673
2025-09-14,9315.819561553168,8969.703412826384,67634.31501497033,64876.31992581321,48173.013472550054,0.0,0.0,20582.90756908294,16716.44112241466,717.2854977910423,193.0698480205392,48173.013472550054,11172.18933710002,1685.6219155287754,213.9568999917899,24.677108977502826,5843.342302933433,6186.350835600837,2010.214066666667,3715.395615483017,358.6130192359111,0.0,8136.278082995864,8640.962658435239,154.03675059099066
2025-09-15,8969.703412826384,9082.17272647154,58145.10425529486,58802.25170784595,42094.98092879262,1272.2880220209006,7296.815550984052,22093.850338535023,17908.692125541016,770.9731817346442,28.73706847152789,49391.79647977667,9882.343194320998,1066.3075377230002,350.3018043426755,1344.2754355438642,7870.577267708397,6545.3160333333335,724.4262078388343,4164.457116657648,309.41517992689796,356.1365359980545,8418.55824098529,8757.969696079486,235.4134247389286
2025-09-16,9082.17272647154,8745.074843011986,68990.78089443452,63892.959791921276,47920.41201535578,93.70873124149232,376.0741044023076,20925.568098173113,17124.572943860363,659.5909608440933,72.5113080059333,48296.48611975809,11037.634745540774,1842.3374127908523,303.28500267921004,17.626070784863373,6696.029672187928,5803.215573988282,1363.1868333333332,4579.146087000111,171.9176539157421,91.36665571953927,8118.876337036817,8433.203074712354,471.2774447073347
2025-09-17,8745.074843011986,8484.587116546092,64430.72303689143,63825.38991054391,45862.30242972002,88.01043798114003,438.39853138106446,20864.231329614817,17156.28257288306,0.0,251.36070845996096,46300.70096110108,10706.376055997034,2359.8690945145677,128.26454275638707,14.945197153747358,5997.000889673982,4597.994644151132,2342.5835333333325,5315.199702259136,29.050202911037445,497.7717032133811,8010.205433611838,8105.384620515149,649.177970596487
2025-09-18,8484.587116546092,8334.91067440506,57465.88720684713,64340.86280689658,47604.2008950249,387.84418414421935,2189.455481277093,21241.869924408722,17316.311031039553,1776.566480653543,290.7990336847571,49793.656376301995,11196.405676224513,915.2527753922079,363.5908725638719,1756.200557935214,6050.388495802699,6265.223733333334,2155.261583333333,4314.3865995917995,83.21452651373897,7.897099908010773,8385.95748331974,7952.893842620461,277.89806950617367
2025-09-19,8334.91067440506,8207.03430013596,32275.28609820539,32647.927862800003,17146.30263601858,166.43527822827724,553.402996843722,19484.505187917046,15973.540411482212,12925.546417991756,199.5605966016858,17699.7056328623,3988.8458985252137,996.3725213186824,3000.5085352555166,76.4504505842637,4264.686481877104,10635.541732008242,0.0,0.0,41.218333333333476,107.34196520261247,6166.766349000792,7762.628731676346,2500.360712015465
2025-09-20,8207.03430013596,8550.22439189354,31813.704690727507,32488.613377323185,16837.236626332153,573.0596019038833,2000.4250349004842,19357.19162963095,15598.245761968712,13551.282594898166,0.0,18837.661661232636,3833.691268268111,749.0972359695414,599.9043560983275,60.89481156482759,6313.195275159365,10605.771855101837,0.0,0.0,54.98675000000003,41.323662401673005,6040.2544439459925,8181.328292431911,2589.904936765026
2025-09-21,8550.22439189354,8299.378975065247,63444.8121014395,64180.227595698736,45749.05631803651,374.11495225535805,2043.7953470864525,20358.62822821999,16446.229538178814,2109.719965395496,177.70895918408587,47792.851665122966,10500.067375441797,2432.03949520737,291.8461674360616,59.80423417046052,6323.912534573977,6824.592733333335,1095.1527833333334,2768.6972812878366,53.24880000000019,51.93734917955846,8183.175145795474,7888.198861183609,498.89410703996793
2025-09-22,8299.378975065247,8557.412848644728,68505.10829261412,64829.65485949685,48684.903587584515,0.0,0.0,20914.80516763631,16674.98780441206,0.0,47.30657960591418,48684.903587584515,11335.360631278778,2440.0893849479307,307.94042607584095,488.8131560086142,6378.264287666515,5198.870481184514,1712.6139499999997,4445.826808269498,13.506567188836243,147.0627165589782,7993.990025871616,8152.446453812669,268.67254760924106
2025-09-23,8557.412848644728,8782.098656082311,68137.78835610198,66864.68473169357,47402.903132738466,289.43821819137935,1467.0115874195608,21465.071386543637,17184.490596406536,149.83688698227635,599.7683227655655,48869.91472015803,11111.85243535427,2634.5254017148454,116.3060829673459,37.95805716570716,6316.6658399628495,5054.056662056451,1896.6157166666662,5172.416885621657,122.61807477834589,137.86985352313593,8217.7711790342,8428.244526461853,514.5137029971283
2025-09-24,8782.098656082311,8988.835877343397,59429.532315598866,65313.73728521742,47379.132188385265,341.5122561624862,1777.8170115864602,21644.05652863647,17345.622289060575,185.80926869293754,120.05424977774032,49156.94919997173,11085.484430587569,932.0854888079606,435.42033715064406,1234.1399563661528,6091.104420076962,5332.151388602978,2052.0066438375134,5368.606945395777,167.35092760576458,121.58323699747939,8078.8192110650025,8655.489512466125,520.9207493246877
2025-09-25,8988.835877343397,8798.55105186557,62874.19953180176,65219.16537787194,48250.97702329255,31.596347408519954,158.2486135302256,20741.40215129639,16971.792085480123,1014.4570666659254,293.5922427982623,48409.225636822775,11163.340821328791,1836.3435197555925,337.91151745343586,0.0,5903.214599055473,6737.536233333334,1757.6831499999998,3420.4123751363454,300.66493146107143,245.73170620451936,8216.413692302714,8501.378316866605,455.9041952074284
2025-09-26,8798.55105186557,8582.793603508333,33570.338204177075,31640.778825574067,15671.116706780043,663.5810703004431,2274.6530138449716,20086.900734440835,16520.34945746436,10993.73898824992,38.16868064812161,17945.769720625016,3744.3857270933354,1106.348762176568,2584.7887175337664,66.19671744544098,5150.049726508264,10167.757166666668,0.0,432.712782554556,0.0,178.0255779201779,6380.037485958253,8204.721652425287,2405.473527464076
2025-09-27,8582.793603508333,8419.803617475913,32042.976055238458,33312.52539441471,18223.474808188395,773.1342708298384,3075.0389572828094,19396.1327932174,16109.951358720888,12764.25498824181,49.645942506230426,21298.513765471205,4066.4919143150896,825.1956487726204,2780.197906484057,211.6218714592776,4566.414399585417,10496.636878424855,0.0,0.0,141.43508333333335,152.2704353721154,6241.240996894895,8022.00401941768,2380.662972423187
2025-09-28,8419.803617475913,8627.767098455644,62919.81326806938,69265.129557907,56152.5241429705,29.968755380751734,141.28769724255406,21431.40842470194,17102.5780486661,1473.5378705852488,0.0,56293.81184021305,12076.438654260231,2670.4533901355585,289.0261386141134,76.09855679407246,5908.521916174634,5693.95405,2524.982277952582,4973.245671514112,371.63631590832426,95.92165587196087,8000.842432524037,7835.691097348312,7.568967492410252
2025-09-29,8627.767098455644,8354.671479504977,68352.41470710436,66372.30953506831,49200.4410001809,917.1559397699065,4836.531105440856,21623.31950745379,17522.38680917362,238.09477442532204,157.80390213272563,54036.97210562175,11514.498951529818,886.5438914013729,267.48194010908037,1808.6969691973916,6838.476078883778,4250.392992878906,1762.1774667022212,6105.881911987666,216.22069010210373,302.37643124099577,8033.026337660237,7975.244534303571,405.00429571620236
2025-09-30,8354.671479504977,8281.268710990145,66767.95422849298,70250.43271729298,51518.90074178009,422.74671460676143,2279.0807965462636,21287.98838979427,17309.145810945593,1335.272908976807,17.471044074255474,53797.981538326356,11880.45651227417,994.3038475447161,309.5062437412573,1742.8886745430837,5790.859695402223,5145.33456357053,2568.7798718021186,5537.153753096132,0.0,0.0,8069.913850277981,7868.076345544608,570.0861497220185
2025-10-01,8281.268710990145,9971.291309268036,62869.748418638614,60298.33841994101,41503.30843354111,88.74937049256577,429.8352150004217,22190.807683535557,16655.804616169225,4965.001040267663,190.1650327995676,41933.14364854153,10022.49559314099,2752.0151656328576,83.3038511392233,211.39881470230296,7654.122249982626,9106.022333333334,1036.0810628407676,1696.5948888888906,110.11994999999968,33.66272537874263,7386.828174306342,8640.830707396368,385.3493279002689
2025-10-02,9971.291309268036,10800.0,68162.95740791532,61260.144558908825,42632.611768162446,0.0,0.0,20619.401524708344,16428.60665539948,3773.336393583333,1781.8552460166206,42632.611768162446,10403.121859272893,976.29097420925,281.0553688728677,117.59390780253523,6619.236922594163,7276.1745742040575,1702.9469833333335,3216.369572334532,35.9304166666667,94.7334687291,7731.936389240701,9521.855375631945,57.50057469174726
2025-10-03,10800.0,10800.0,31354.866306955188,31352.257581886468,14694.373609572944,142.59876375804564,546.794959630226,20748.42594315321,16806.225013954107,18314.246024741333,1386.3127417040794,15241.16856920317,3580.3041170976194,100.04697894966154,1729.7892437059058,243.4113319044165,6991.248809243322,10423.255334762249,0.0,0.0,0.0,0.0,5445.024590631187,9981.712297536886,2640.162370373695
2025-10-04,10800.0,10626.309657894273,34027.95919684814,32338.30833510216,15966.63925420785,280.92853843276293,945.5575173297224,20922.116209378804,16946.914129596833,14646.773732153139,721.9854949331458,16912.196771537572,3725.8916015419604,115.46174944210514,2699.9969131327916,65.02496666666661,6033.527103915314,10601.6417,0.0,0.0,0.0,77.28977355044705,5516.956966575862,9869.70875071323,2696.4331459728714
2025-10-05,10626.309657894273,10800.0,67420.51479392982,60430.18940295438,43075.4359405414,117.14474093078597,601.7840748701182,20674.05021478416,16745.980673975177,457.85408443042263,1428.286018645752,43677.22001541152,10382.318857127078,307.74239563401443,464.93452684458214,9.275008166393718,6807.393436602715,4629.948296368369,1468.1348257358802,6115.502712551067,72.69546025103557,10.963139538630962,7434.835953835974,9793.607931532048,497.98647070498805
2025-10-06,10800.0,10800.0,60123.90033228826,63183.20337015761,45108.261757970824,263.72323100015086,1347.1720874870707,20956.308475683705,16974.60986530379,278.4211277535763,1465.4683463576002,46455.4338454579,10702.101955957849,79.74643341969134,196.47065584716597,76.21805328348103,6966.658542715885,6208.236442842911,1603.2020356665164,4563.189027185972,212.39571743034128,195.001515588628,7875.829112577561,9833.917003363022,120.05380106632242
2025-10-07,10800.0,10800.0,63270.72178478108,64615.159483032694,45429.06442684673,328.77906378703165,1727.0093477209207,20534.98542268226,16633.33819237264,1076.2505055337967,2199.3365943096364,47156.07377456765,10672.790635393701,183.33107498912568,178.06199947966877,36.498553998115916,6428.310530453699,5840.417266970541,2211.6894695463016,4956.4262841604905,165.44144813533694,114.56825178172329,7422.769176421004,9403.74399078227,227.06556833663012
2025-10-08,10800.0,9982.991739791956,57275.21300072848,59874.77674445648,41335.61744701494,886.8354173767965,4660.355633466804,21468.338625341727,17471.159183123935,97.04527196663732,199.09774764883812,45995.973080481745,9547.01895506686,67.40870029833407,289.9214334620797,66.61506469065205,7354.218502882821,4659.602423595872,1104.4193132961848,6022.0076996476,82.5999334828499,87.0317699452315,8333.919751792972,9758.87971087995,306.080248207026
2025-10-09,9982.991739791956,9865.38257770487,65909.63386540202,59014.15236534009,43384.025554654,990.7329123026218,5544.955597215298,21263.401050685814,17307.705661524,164.47070343294635,252.2838517146173,48928.981151869295,10179.010738569226,918.4520186034937,268.12482650875427,19.0757745920439,7214.058846205982,3980.6117833333337,1181.9064055864098,6686.054883333333,322.6919597947252,0.0,8317.308040205276,9632.6665471077,3.6155832228547524
2025-10-10,9865.38257770487,9555.708276010766,30316.372955625564,30906.36508797414,14340.723943915678,439.2687979197463,1571.5541037597375,20752.570052418276,17141.848352614343,18325.274816145607,63.317953277667584,15912.278047675416,3313.4956006753637,855.7583615334258,2606.4570235162587,105.53206614560679,5885.551569260206,10561.134600521058,0.0,0.0,49.79291666666654,5.323082753474807,5912.473981014427,9290.94507557686,2687.5728621567855
2025-10-11,9555.708276010766,9243.980277912831,31287.45773686854,31437.069603191958,14522.174469712285,151.33891425421712,605.5610677704633,20384.069615928885,16869.114995147644,13624.178564679758,217.89228198517196,15127.735537482748,3337.8320999835614,830.7628583231985,298.4771935548934,41.85104353120266,7864.185805466261,10587.294185320245,0.0,0.0,15.181666666666729,44.149959729293755,5964.702775834797,8975.645406009027,2726.5675536250274
2025-10-12,9243.980277912831,8864.22299706392,59943.11380733359,62328.324993750895,42786.745503248334,347.85070223953505,2240.3912925898535,21235.686993004878,17416.787298558742,242.81778346938927,75.6993014082384,45027.13679583819,9799.71998593232,1766.6509015310196,165.4876546650372,75.5226838874429,6480.327129600502,6842.529000068029,2085.928070044968,3809.3371547857514,346.10969845562965,0.0,8281.901886975931,8586.214266881729,57.03285881667284
2025-10-13,8864.22299706392,9062.361670761207,63079.72243777678,60571.390356273594,43288.627220387454,624.2558849495922,3194.821047132315,21147.022223727898,16995.166529459693,0.0,54.40409695497986,46483.44826751977,10285.64719220766,2290.0809739126275,112.76628622675537,0.0,6921.000945417655,5988.633322942397,1718.9990545823425,4153.38173625443,378.9368885908724,12.32885470452004,7846.081681669215,8757.416267478935,17.381672972851746
2025-10-14,9062.361670761207,8985.363726083988,66745.46897678137,64632.76392983976,47401.07082435305,878.7326538456134,4674.075630252829,21391.073040279112,17398.480131133994,582.2372193271314,124.66130521313451,52075.146454605885,11113.640939395631,2047.8577480532576,212.5728802752576,62.23950267702321,6525.532082835474,3270.61955,2047.1993136658793,7307.25858994574,180.5742499999999,47.399094079802694,8204.89654870945,8658.677343546036,227.70505564793908
2025-10-15,8985.363726083988,9018.34343550578,69186.9673594738,65217.17046400545,47384.51881074952,803.99054789991,4219.060954379783,21594.257780425367,17476.239043343543,0.5939081568795928,0.0,51603.5797651293,11035.564417655618,2072.598820229812,158.71638213239942,48.29231132391533,6687.346103114534,5421.431550681722,1878.6866847871752,5323.411738211749,172.09120205951808,59.46519667372729,8353.864594783472,8687.048261673091,225.5340764664415
2025-10-16,9018.34343550578,9117.322078636762,64060.37392310094,67112.14832789236,48407.25528065749,217.0701360661587,1097.8694862754978,21596.389847859267,17337.484437354735,173.93015146136636,81.64468532594105,49505.12476693299,11186.201046937076,1874.0059381890069,293.7341900356547,0.0,5529.126773059914,5323.619427914587,2731.5929387927245,5422.375542166403,297.25488591229487,26.397571925479497,8428.383073112947,8867.879564462086,57.39257644120412
2025-10-17,9117.322078636762,9080.228159761991,29713.78893009223,30768.45056451531,14237.995244292515,888.567647211903,3487.4212547076595,20255.570499477217,16552.499604663175,11933.57339739643,48.51003618340792,17725.416499000174,3406.0012281666422,911.9300924620418,603.0112299023128,85.87880534144773,7278.47878170049,10602.067819270234,0.0,0.0,60.36041666666665,38.28344822268025,6255.233776416789,8755.809066402211,2355.4153999769173
2025-10-18,9080.228159761991,8917.85065194968,31578.061831742845,31865.076412121074,15742.439996521194,141.07919721907967,510.523132937365,19750.581919960394,16244.542049893433,12061.329233333334,189.61267260652608,16252.96312945856,3632.1958885168847,741.8993671301644,2995.465758184952,37.325214472770256,4727.911496699215,10666.666666666668,0.0,0.0,83.24848333333324,14.078574013853256,5570.898564574474,8414.60090964538,2867.0177471014604
2025-10-19,8917.85065194968,8991.242304292451,66522.03525924946,67414.97493029851,49426.2846845536,599.1864022019789,3114.18031109509,20933.260358441614,16841.026042607788,0.0,0.0,52540.46499564869,11023.166338797608,1990.6538950797512,264.5232300256542,27.88692844240859,6187.940883459518,5600.4851241608385,2128.6195403224847,4536.369116982651,315.48818516881204,38.208852373068794,7886.884939056896,8679.33253940114,57.56926457442019
2025-10-20,8991.242304292451,8807.944629875525,71779.55249667863,68786.65134869717,48711.403896796255,9.856366389482488,48.06075973722785,21572.023816103054,17531.27783293382,309.58216053741876,37.516138046672324,48759.464656533484,11309.20472521413,1887.3229255781825,192.21733342400557,389.79511952950776,4857.406923365914,4825.509935033051,3806.959433610517,5836.528443651342,46.22857368863515,32.26875781925264,8206.784971080995,8468.463615868404,421.680597763759
2025-10-21,8807.944629875525,9167.505818527205,71266.42092657133,71184.99784306473,50851.447988786815,186.23875395392523,963.5875592289256,21538.488373883225,17221.158519406472,402.4133105669032,172.2746986416661,51815.03554801574,11552.232327087682,2290.8730594647654,62.75734505443086,27.52823898976501,5315.065727535633,4283.136078320125,3347.232146046075,6399.98210264804,13.325726584212816,10.891424940263239,8032.580567056368,8647.79105760369,450.1970071297503
2025-10-22,9167.505818527205,9087.24287354358,67592.17908860845,69658.30358881864,50103.81354905064,599.1242475686421,3139.0398769142316,21576.560515573463,17433.088067522924,428.72392445569164,133.393013881052,53242.85342596487,11591.661659506897,1893.1460310017474,110.72949607037015,68.86728270822508,4791.357751915515,4267.771939497162,3857.898772793675,6398.894727169501,0.0,5.6447771487930565,8258.909315053359,8798.82514005193,414.1927316900011
2025-10-23,9087.24287354358,9075.676773935389,78138.37624857412,67043.26246905765,52020.37433526954,695.9102139774157,3712.044270202528,21357.94064809015,17271.2738237422,0.0,446.9540420204541,55732.41860547206,12176.89869947852,1964.8705826047835,205.40974755687785,85.05619301623767,5780.491524196121,6090.515616367998,2773.058002689251,4499.134638215797,171.98668902998418,76.54381692648019,8218.370813964313,8593.588207306766,121.95704630565808
2025-10-24,9075.676773935389,9048.76014202118,31857.447706813997,33126.644885983646,15703.378242051549,261.5758899818069,1055.3668640430758,20417.87930012137,16562.707201821104,10930.70056666667,201.46217766517816,16758.745106094626,3767.8775056498516,1015.8269248459883,221.3071195236442,0.0,7689.621786143456,10666.666666666666,0.0,0.0,173.40185000000008,14.541106362968549,6012.658430740764,8720.844602245754,2465.7180154132425
2025-10-25,9048.76014202118,9027.6189366885,31893.909617189896,32272.680560435256,14603.053973429605,547.9914719147698,2064.250353437948,20158.780805084974,16655.52249191422,9530.843083333333,175.66916917926392,16667.304326867554,3436.0921115222327,1124.6649638416368,280.51582079661455,2.792485014333181,7696.608840595785,10500.132833333335,0.0,166.53383333333394,122.93643333333324,31.51976317690827,6035.8706196347475,8713.239339960706,2519.5907775537407
2025-10-26,9027.6189366885,9320.190611485395,72659.53376256913,68565.0540258407,51355.64012650612,638.5218218897135,3326.097595946764,21814.88658357333,17247.14271102448,111.47389184821975,0.0,54681.73772245288,11841.713223245733,2044.7334732967215,218.76476103760183,153.14312295999207,6173.86041350636,5172.170311386255,2432.51191144362,5624.003142161281,112.59005122138626,28.81429119352051,8076.141243540651,8594.984076708026,233.27433027486302
2025-10-27,9320.190611485395,9361.417837488812,66452.82213098195,69479.48707229615,50279.602011086645,0.0,0.0,21618.457383128487,17348.842563388127,1641.1976817139125,7.4238375085438975,50279.602011086645,11762.88965865718,1759.8847118534345,151.15046067639173,20.508365176970756,5637.227925602375,6359.099933333334,2923.0172333333335,4325.688806350447,63.34678177611022,36.35474754351813,8144.008182622366,8962.595616965993,430.09197937755584
2025-10-28,9361.417837488812,9400.2881202891,66468.37478867138,70113.33297563082,50504.77753669754,28.76458980649629,133.84806037451955,20828.67416843636,16883.213499562953,19.044000719719634,225.00296251084967,50638.62559707206,11711.462756917586,1615.2686478333592,188.03567481421658,253.1075618877038,4481.234191939857,5592.955353598598,3554.106066666666,4302.471790637387,20.420757000330923,11.428060639275259,8184.343685968254,9111.431244765668,455.07312317362386
2025-10-29,9400.2881202891,9356.57414366287,74241.86142302988,74207.18729471066,54174.42274473138,10.643721898746048,50.369476497226316,21557.65509429076,17449.479332199855,496.7179161090918,282.4848717427393,54224.79222122861,12274.49679905305,1637.3140038018403,151.51721099236465,114.76048677117956,4111.892367704472,4551.460977002892,4405.359934695216,6124.125491409271,137.89517164613846,3.474873039093735,8135.404394055391,9062.860159625414,507.4102531062743
2025-10-30,9356.57414366287,9251.971005471265,64748.63731649435,68675.18343561082,49680.53847938975,399.6162462931712,2014.8633624344616,21502.912218420737,17492.81628968238,126.75660638505428,323.2401967805745,51695.401841824205,11425.285653224053,1706.8871046823142,201.13000962415254,103.2431745338364,5707.2734060298335,4874.3597597553535,2898.7188398076833,5815.846598956143,140.9600083842398,0.0,8197.732385974547,8979.507146405595,347.0016398619219
2025-10-31,9251.971005471265,9245.209744551252,34209.73088106811,33186.43586543374,15348.721669276223,507.293772697319,1792.8377658428242,20519.942892637082,16680.995761667375,5881.038911270049,84.72171255798298,17141.55943511905,3651.731863994947,968.0109005081558,231.52828132488884,0.0,7799.3344530108525,8511.492833333334,0.0,2156.371956945917,54.487908627297884,11.311786673384404,5696.96107738003,8939.121938390279,2898.684041324313
2025-11-01,9245.209744551252,9320.981683230137,33226.71681600321,33476.76990999881,15643.176746711933,151.61083793939008,598.4740846132414,20228.4562833337,16591.237619089832,7084.000597394285,174.05258630005312,16241.650831325174,3663.8531303732993,971.156702044641,2180.6002391038783,85.99535796994388,5916.381699604062,9496.129033333333,0.0,1170.5376333333327,93.47856729952719,1.1872925300660881,5441.241427786803,8842.194430048967,2959.5356852955656
2025-11-02,9320.981683230137,9053.22892269616,70629.32654160826,73191.85540258526,54472.597692251264,498.8511246605373,2718.0023156847788,21702.351285791676,17530.562196705636,734.860638159766,0.0,57190.600007936046,12362.705718240852,1683.317604555736,173.65624357466402,67.81875177484608,4484.677255260551,5425.297169974945,4068.97046469968,5351.192848994979,88.95691536563731,43.7898748773822,8329.609426317846,8773.75006121107,384.69189148725627
2025-11-03,9053.22892269616,9267.245684641553,76511.55324162522,74303.14880239771,56198.64749534616,0.0,0.0,21193.565511874534,16954.38466158466,390.10749000236757,142.15834543880476,56198.64749534616,12342.130008087926,1969.6758688345576,212.46281475913986,99.79461415270612,4450.777970848614,5699.236884862205,3870.1396833333324,4712.559246863581,4.351519403030579,0.0,8070.124380378837,8687.868875824612,346.52829286170527
2025-11-04,9267.245684641553,9257.094816622666,70612.18273151733,71981.432872904,52655.52192396188,320.247020389858,1814.5075437897483,21320.069650073936,17270.42195795587,496.6058087074159,204.49184246836842,54470.02946775163,12267.996293607266,1857.492280996285,194.4397962678379,45.38100263720332,4582.951433785085,5111.47091051239,3653.7691499999996,5242.026579695603,197.7810147170485,91.34115544539804,8508.555511018569,8962.517918538886,132.92505216732698
2025-11-05,9257.094816622666,9321.809804460074,78662.36410352816,73380.53742968441,58188.799774599174,819.4754279371001,4581.004863955863,21559.040144044524,17419.022532230436,332.4914060270478,61.724206447046186,62769.80463855504,13037.479186641956,1675.9784881424107,240.11571606375855,165.0885598645092,5047.030189052679,5161.34136693943,3455.5037387295665,5563.453455423007,260.29312286326194,43.39234502662396,8099.4688244744775,8967.617415818964,316.61094104669644
2025-11-06,9321.809804460074,9107.209175175269,72679.94921123303,75198.31901890112,56187.16460494468,962.1205691540607,5096.631279204323,21228.145059740542,17362.43328830436,791.5915112779937,297.3113220076593,61283.795884149,12831.189949941485,1681.5360196980089,319.0027455197072,60.75611442777779,3909.337726062695,5111.900665193003,4492.5449810735545,5554.766001473663,0.0,1.910908207903276,8032.715311159501,8785.787972416967,608.8325244889027
2025-11-07,9107.209175175269,9362.862512974261,33057.24363306188,34222.69263534753,16266.022170041433,426.2220611167074,2016.2923423317911,20414.679585440528,16396.564451763443,7227.335758641979,20.921837478513226,18282.314512373225,3854.5221525323846,904.3365729565611,388.69050468099056,11.050538612867967,7469.261313347991,7522.295816666668,20.13499999999999,3169.2288746913555,246.46356666666668,2.5922105650525964,5955.7096489750875,8917.227413399512,2316.3044180927122
2025-11-08,9362.862512974261,9155.258105042965,33512.37868407561,33681.87225745415,15451.739864163406,199.25703631409488,779.7682932556257,20339.34308818474,16782.138798642045,6216.4867380982505,241.08706612730043,16231.508157419032,3556.0225227575825,1008.948277007003,1451.94261947316,21.541891161439764,6588.388857893862,8001.972316666666,49.7587666666667,2552.1226785684153,240.39765,64.25747482513418,5890.792937986101,8839.17567226996,2560.8579666222568
2025-11-09,9155.258105042965,9250.056560152963,75324.32099839025,75901.96652890147,56411.1820742719,0.0,0.0,21579.464430439737,17230.66225112574,117.56126725143858,50.457165669370184,56411.1820742719,12994.48955692833,1921.0617226526738,215.20256595865806,109.88828940572796,3893.312390528774,4507.90800604716,4545.3632333333335,6088.626347783782,202.81944705924718,12.271431381873299,8200.076346435893,8737.99835177168,173.88826780983618
2025-11-10,9250.056560152963,9307.931503620672,76522.31269320182,79550.3189772774,64501.18613473583,489.5212845866419,2524.4265375701752,21674.519658657468,17523.765391977246,1815.6827637259119,204.99333145791672,67025.612672306,13745.656304507404,1807.8339815466327,107.30515882285772,84.5116421048051,3783.8841791130267,4146.7837556729055,4886.661521359445,6519.88291099376,0.0,72.75399538342744,8261.012268225399,9066.81746874068,484.9022644565221
2025-11-11,9307.931503620672,9484.234660292976,78705.68956728783,76225.3921315248,57621.8802014082,99.17140416675747,519.0896100213231,21633.84299726079,17297.44447547201,376.53250672769207,65.25859050842118,58140.969811429524,13225.933399329244,1763.8418649223038,135.9076116593909,98.69370208480954,3802.156321708393,4778.163523225696,4867.728229166576,5857.443146428021,0.0,77.48384706592572,7910.7080064259335,8975.136035380767,580.944306511718
2025-11-12,9484.234660292976,9429.479469303782,75425.15571027441,76213.14870980327,57504.14326513214,124.91231575286741,725.0555024800979,21075.70482660167,17123.0248659421,1131.226171432982,295.5533434635837,58229.19876761224,13678.31469733479,1503.1164394602185,33.33551022645804,111.05061157913495,3299.256590594934,5301.147181063079,5049.895299999999,4948.447780820639,272.91462661042215,39.31325020263921,8243.712658883858,9175.62250730864,223.9101796264296
2025-11-13,9429.479469303782,9490.223247564101,73025.88080791794,76725.33424004159,57953.95856531023,0.0,0.0,20271.961301597592,16363.19496935528,0.0,588.9655077992779,57953.95856531023,13670.37094138204,1605.3758330371575,192.84566997544664,187.5614006016615,3502.9843089854444,4678.882299878564,4163.860566666667,4573.259247269912,463.40974074288977,21.796929673642012,8010.74887988034,9202.092647303982,29.345803104494507
2025-11-14,9490.223247564101,9599.654935161783,34683.163717892676,34660.53062795425,15856.119392008646,312.0862575229211,1087.7838634787797,20972.119820073673,16937.220089503087,3220.5866918828547,112.96856302371839,16943.903255487425,3858.7106544756743,1007.4598955436072,166.7664976979234,24.662532475385092,8100.275404714023,7079.943433333335,30.17818709113019,3586.7232333333327,86.89376730677645,0.0,5629.985352630208,9332.949927957536,2923.120880063018
2025-11-15,9599.654935161783,9266.942342805874,35849.779386871836,35393.68703420252,16532.461152615873,238.25542214478753,758.6865853875246,20060.842714814175,16605.36293223328,3487.260507340324,303.7143330927606,17291.147738003398,3822.6884282235983,822.4006556665086,453.5870624642518,17.712778978410995,7128.011060072618,6854.320816666667,291.4173333333334,3359.0546551385323,148.65020457492466,114.00923007787782,5721.841716494146,8963.269269784303,2861.8555552940115
2025-11-16,9266.942342805874,9333.395251946808,75541.23296360776,80978.58972501295,62948.6278221383,0.0,0.0,21349.326148776163,17148.463493232863,1557.8621482833012,813.8546545196823,62948.6278221383,14427.84949798688,1838.9925664262312,121.44974860344826,46.50237210456737,3206.7869076027464,3189.578542096547,5317.362186971895,7313.130271782307,9.094304799016754,18.07836686239807,8090.699331212597,8838.497030678202,403.0710140431614
2025-11-17,9333.395251946808,9575.09577421829,73311.03675540848,80524.63142905782,66836.25240049741,0.0,0.0,21036.167296365387,16833.19827301732,2153.6282846487165,1438.4680043943722,66836.25240049741,14779.480823381256,1737.4199800935844,205.91562426117093,251.8108614573049,2834.386666738487,2993.8490067745943,5359.274350000001,7016.328687782582,0.0,32.74052113623509,7870.079805493485,9018.133341597262,563.5418265241831
2025-11-18,9575.09577421829,9533.98357212772,76945.81126520762,81705.10557435009,69776.44695462605,354.6184616967613,1774.5192508281864,18278.07056901257,14810.557424630199,1017.9625,2699.8226749978057,71550.96620545424,15495.812263975555,1564.94182991705,180.21142757519226,125.66585534400508,4141.766337011384,3806.1921462115306,4585.000657271339,3531.2418830702954,246.1479260923977,33.482004680210935,5551.471035382714,9177.434852071581,105.96004129717039
2025-11-19,9533.98357212772,9474.628739967977,75594.24469857229,81271.67997178694,68205.56815929367,116.34140436754679,554.9092291006583,20176.346952571144,16404.34569273961,2220.022474182302,18.88087547400778,68760.47738839433,14834.01491224595,1372.222579583497,259.13721197227824,149.76875829891674,1702.459316744894,4368.6468971337035,5680.740933333333,4987.010629573288,80.29747673735255,114.64802161389196,8010.019725415995,9194.031933297749,671.6910285357612
2025-11-20,9474.628739967977,9226.564741359827,75571.4010894265,81637.09058850497,67650.54296803738,143.92218485416998,716.8807926135488,18291.467467471943,15031.260935186387,1184.9788081808879,2723.3831662260304,68367.42376065093,15217.605671267134,1588.6945963723138,181.52356853915137,91.47088963046917,3646.0772569504743,5057.012984067841,4967.241328005476,2482.6542544007402,71.47955516343518,77.56845620307217,6111.739113658934,8984.084419867606,53.20011286891679
2025-11-21,9226.564741359827,9060.14018883732,34672.73859186855,35713.61459490785,16984.539325604415,0.0,0.0,20186.517780523613,16559.182250046553,3058.2080201770664,139.33334425372277,16984.539325604415,4018.6394197110935,982.8318087058924,427.7446246321097,0.0,7212.162169750868,6987.403638021013,267.8821166666666,3553.3823541739503,67.81168322237556,64.0501533719779,5505.3041908674695,8670.850752858396,3078.2774649070657
2025-11-22,9060.14018883732,9064.695815370163,37717.0288551642,36324.41669492127,17691.704373983,0.0,0.0,20158.109852321293,16502.50068445515,2155.6650969299308,136.52938012519326,17691.704373983,4122.483740249647,1298.3504516498126,251.60272647313985,21.160705579866544,7293.679084845452,5785.320083333334,406.13419999999996,4644.909304332054,78.8028882082574,0.0,5679.900366483676,8628.778897493467,2792.381418444625
2025-11-23,9064.695815370163,8988.555840148516,76546.50200447286,81160.55100678356,63789.588259151824,332.411753531005,1652.5228485536852,20961.451981986516,16979.835428703664,2151.923178352433,106.49031201262618,65442.11110770551,14594.808290877316,2062.5746364053275,252.53565577587426,128.98063637998132,2147.520356561604,2833.1137650760274,5908.777806778797,6951.506807965755,0.0,234.91845176548557,8176.127243488164,8667.065518461968,494.87436609922844
2025-11-24,8988.555840148516,8606.83935673655,74809.55404686829,77623.76449566716,58095.68777511417,434.4562569690323,2345.590996297817,21218.236725423187,17367.672600036174,86.2952605825152,0.0,60441.27877141199,13651.901599623145,821.1498386850454,210.61358347661576,1423.4134044771051,3666.3622215423825,4879.580567636146,4950.820678076008,5471.597409135525,143.03749554778574,186.49192470130515,8051.167131565109,8235.20854050735,345.67148982827155
2025-11-25,8606.83935673655,8507.96839581903,86399.19020412966,82278.35402660715,64604.71712654378,201.06566809581392,971.7003217444873,20526.850945133723,16708.991248909726,1673.1015029781008,836.9884288341914,65576.41744828827,15088.233262601649,2269.5841470351497,157.9783416101577,358.91302895941385,1944.7023700607356,3052.661008328403,5750.631450000001,6608.859314167991,127.75743316967078,63.749902100037225,8111.096005315748,8164.760234080569,616.8256487534137
2025-11-26,8507.96839581903,9040.054888369043,81829.84910882266,83997.96368430558,69742.33336663514,10.752160772402135,58.51325892341242,21417.81993454332,17003.172479269033,2419.5960220682186,405.6068010688149,69800.84662555855,15188.803634344022,2689.1703996096185,115.39957992091945,181.65544405592317,3171.5992065224505,3958.431102526862,5615.541703162851,6056.191269426122,37.91354403128321,126.89931677715276,7991.47172103624,8570.43064360931,71.24672459528779
2025-11-27,9040.054888369043,8812.459185586195,78814.96842479946,82502.09304228832,64854.65588727989,0.0,0.0,20883.568761521336,16986.910653752893,2057.35756048299,924.0288407035536,64854.65588727989,14912.632462123334,2085.3660145995773,109.31698354089622,34.10485837133281,3089.507257954267,3585.4886988851194,5096.7409333333335,6465.500454797731,17.647359876519204,89.74923324870974,7981.224571665033,8458.401260157198,692.4735473828495
2025-11-28,8812.459185586195,9020.040711504455,35910.830767732215,36600.19722320684,16642.32835437336,138.36142610735533,504.1198560221491,20842.44978302549,16718.991784590336,1600.532768182371,70.50864936332368,17146.44821039551,4052.4451770559276,1652.9857262700255,83.92122117359366,31.666061690096285,7495.9793847542915,5604.852961992179,487.2436333333333,4884.45480091903,151.820958538509,8.483063403678955,5874.190646231297,8688.934123893836,2625.8359405593114
2025-11-29,9020.040711504455,8760.647370300676,44263.859884327045,39033.72588824269,19219.59008082384,152.77389719273197,462.87095736230964,17985.693751548366,14991.213178002974,757.2359817165263,345.9931468401807,19682.46103818615,4616.338194866816,2108.5620904741327,119.91265026222891,76.09721137520714,5651.685802889317,4275.401433333333,493.2887999999999,3290.039399382689,86.32592485143164,68.63633166793642,5665.226526315027,8400.719300334084,2974.7734736849725
2025-11-30,8760.647370300676,8597.658282930359,81734.6160381109,86130.3954277208,70349.31498070271,281.7007143268778,1615.03588262874,20037.1509815574,16346.650297317057,2073.4334254305395,336.462649043458,71964.35086333145,15678.20839839921,2322.5979818815404,180.3606936978597,114.55109191199358,2815.2374792647797,4421.170855617494,5783.075210080731,4741.654295426551,11.937449300768549,56.39639607265826,7455.632003863766,8343.580142896888,100.40746110915609
2025-12-01,8597.658282930359,9073.883160201653,85556.89022658423,93037.42504693246,84487.55117096328,1441.9602714127138,9061.224351421595,20804.68631812101,16470.828018120166,3384.145061130785,496.8036405468648,93548.77552238488,18049.238223137938,2324.314973356293,1061.3228809476564,0.0,1807.1746355486157,2431.335765700492,5685.666667659566,7273.276802612237,0.0,312.97164616896976,7893.751589755039,8521.595142611797,22.912244209288815
2025-12-02,9073.883160201653,9055.683478168969,88848.7923727468,93121.05228813356,81848.80245438161,1328.491102578409,8465.680733055773,20782.66737751761,16797.272856091382,1847.5091526190863,0.0,90314.48318743739,17722.50530988021,1579.4103234502502,788.2395388069272,0.0,1559.6052101771088,4577.79814989535,6018.984437768645,5564.085518881908,15.548451828745556,248.21802503652805,8237.70380724685,8747.64001021987,177.1914102631024
2025-12-03,9055.683478168969,8825.277979589751,78956.2632129906,91880.52802953761,82481.06304556146,566.7493024339907,3751.7083131234303,20925.127850206158,17034.558913183482,1215.3554351217965,152.35689316047439,86232.77135868488,18671.16301676598,1402.9849161655386,920.4503513045614,219.10064483981967,1310.4003445700157,4669.766347304511,6153.646590246203,6054.816562919932,46.419305927429605,39.972103315515874,8067.1977094513795,8387.67296182775,536.4446116838931
2025-12-04,8825.277979589751,8946.341801843184,85403.83457393722,91135.64725577485,82959.24782035286,1441.0739994391595,9273.770805199649,21019.879515451154,16862.091615779325,1700.4581913732131,152.4541641689666,92233.0186255525,18264.2750803201,2010.9422461411546,1208.0392497265361,36.71086195630585,1437.4018408972868,3741.601970650785,5875.908108565897,6601.720582126224,113.7170288240693,170.39809792868164,8059.388218313841,8390.538655773913,167.63716945169972
2025-12-05,8946.341801843184,8793.707025471876,39677.43727299776,45147.2521837634,24624.809202539018,915.9854076606695,4543.768372929055,21003.08227957961,17202.547750580914,862.8581372244507,33.94584186758401,29168.577575468073,5803.16870347979,1995.5432230209676,928.4737135304681,0.0,6981.8931431027195,6459.237633333334,677.7307756726638,4252.309086739891,36.352843259309225,0.0,5780.499150033644,8361.029133259794,2797.598124982102
2025-12-06,8793.707025471876,9015.313287346922,41610.23923357173,48297.06430958232,27339.974456372194,288.9822569478942,1450.44046259797,21024.768418152315,16976.309520590574,671.278229726296,74.51843924218429,28790.414918970164,6289.280173100097,1921.6956734154396,1006.8767590884852,0.0,5926.490766250604,5423.96721815796,1457.5422930521058,5292.718785441975,40.51566291594304,48.02890507489968,5682.253559857134,8518.225413314813,2862.630479426302
2025-12-07,9015.313287346922,8885.800111657234,88673.54033007122,94445.89687959634,90463.69087842053,953.0107825557778,5779.764943664137,21222.799727743237,17108.65709463075,2695.4940728229158,957.2363228834023,96243.45582208467,19084.527326734038,1717.5786577409913,995.7947886731401,0.0,1765.4552026341282,1914.741890207665,5822.824859512984,8555.122023349322,13.449917376919075,250.67488057673722,8170.762834199556,8539.77790184137,340.36949223402337
2025-12-08,8885.800111657234,9175.74476777324,96752.70251764492,92790.71528891509,80234.30245975338,32.760169044732265,150.28727549270928,19758.87924776095,15771.868295317192,569.6444811373543,405.9403743787105,80384.58973524609,18586.650338845622,2194.219163460166,96.14531880034235,265.4940176022207,276.52864896542394,5749.786540481705,6197.4183045726595,2656.569180522976,508.64363882741236,65.59553598932212,7904.244608749368,8861.938630859153,788.8877754019827
2025-12-09,9175.74476777324,9383.870967317718,95565.94153707594,93085.50164150374,77873.93985553691,237.27824333042204,1507.0784854674134,20771.313394005916,16651.90802777487,1518.908979120049,297.83548948306276,79381.01834100432,18694.094660157334,1892.3033823540284,112.35654907736978,188.97382330149168,488.26997244144195,4309.915376929425,7300.554391161231,5188.4429458378845,505.4061340111556,106.62496749408592,7533.579403740061,9102.901982311352,711.7415773436071
2025-12-10,9383.870967317718,9255.56364214819,90757.18176407524,93453.36006208556,80375.20438883368,96.59958864290402,359.2538701629601,21166.16397178088,17260.888060103403,898.8809127117472,297.07577633923773,80734.45825899663,18663.77731179964,1671.1215844589215,146.62208828489406,170.69936018019962,1395.4925976796046,4870.373882691562,7315.244149779139,5381.843609702861,14.468832447400928,132.3368931136937,7717.779166682913,8940.799321026614,671.2812252294491
2025-12-11,9255.56364214819,8893.043170569692,94630.53295258619,91431.64388112834,75556.92708831502,109.60999836718888,601.9330614036295,19716.887058281827,16253.544237965301,1186.542934334872,1190.3140415107878,76158.86014971865,18279.780012083775,1759.6267712276676,35.30496262778183,92.13078643808788,727.0061549340937,4727.95646528194,7349.681067122541,4382.405523625608,431.9466678890899,150.37968021765357,7009.423504987917,8550.804246720965,700.1818804038764
2025-12-12,8893.043170569692,9100.393134959784,48153.27158511355,48870.53008402357,25696.997490547023,130.9982606451938,401.4395930070165,20074.28545912531,16282.288971928587,1260.9288002719716,165.47580720007574,26098.43708355404,5979.53166115898,2347.788206087809,185.44730044384806,66.04888917086885,5805.737281578555,5900.7076166666675,1598.6587999999995,3200.197649775543,44.75710754659076,33.83916161418904,5637.496328433775,8783.39864937588,3010.1921539258196
2025-12-13,9100.393134959784,8985.027840411465,49346.45777231098,48421.18489708462,24978.769807677523,155.45606225235446,587.4055224592288,20871.028411233707,17001.539255164076,383.65300216667606,382.2559177673261,25566.175330136753,5927.255202150304,2042.6870752855716,124.9303524451181,0.0,6396.8997746898185,5527.711988684898,1675.5021666666669,4613.131107639982,141.6809666666668,0.0,5803.669844850301,8677.840803785331,2858.8561498454987
2025-12-14,8985.027840411465,9205.143114720971,89659.705823294,94447.22203772442,82870.17189014587,612.166048926646,3579.3904995577896,22173.76320585393,17636.12791053722,1350.6689868481612,412.4249211528665,86449.56238970366,18346.088574310594,2094.3827681272974,62.9750985534331,146.36059409143542,1397.249643461014,4595.519718954189,7361.302437753046,6447.566751827283,304.9000413329926,53.438975001807876,7776.55693528494,8680.301139424873,733.1437541517984
2025-12-15,9205.143114720971,9416.558066292648,90027.5634635753,94905.89566706421,81527.1512955625,0.0,0.0,21871.763996034922,17506.27204847328,740.9890885444731,330.0664809581037,81527.1512955625,19040.451109794674,1850.5383134418737,63.56483713679188,73.52589894842187,356.36499075054735,4910.796450240768,8155.770692555019,5741.400867890743,780.8140583649887,315.0780826025326,7415.048478727292,8956.24742994701,734.7089909386475
2025-12-16,9416.558066292648,9400.600954982352,95712.13503985094,94555.11343493802,80928.95678910892,0.0,0.0,23525.476167732362,19095.69055096124,172.5102835667371,502.8736679334811,80928.95678910892,18470.936477677507,1589.711646233056,48.553337648799356,127.84031023197305,459.57093877261116,4119.755623700876,7725.548144228365,7808.965904171261,2248.5982962949365,836.2544316620179,7766.210587165033,9074.668566447692,847.2092468514854
2025-12-17,9400.600954982352,9376.910482750927,94963.43177745052,93419.0112332659,78506.62334744583,145.54870203557152,916.873570093379,20580.531119516072,16612.732370596386,1196.3680831387414,256.2554199097127,79423.4969175392,18945.43448863717,1690.4690560869624,148.63846782415237,159.30887968822842,717.0302564045893,4483.304313821916,7321.308428762893,4927.67249932802,568.6298023246927,113.64923006896674,7029.953088270926,9108.819410620847,827.1723270091381
2025-12-18,9376.910482750927,9219.08808696304,89744.12965863907,93209.45486334717,83534.05835966958,108.21340259529609,496.85064361222635,20827.84168990532,17010.90740760051,1912.0854482827642,367.34188535490136,84030.9090032818,18643.879963685173,1718.0610603877417,387.0869255387248,266.2770823401829,577.2486135702255,4426.658596983086,7608.836700553575,5329.871908770038,451.54080462343757,174.79551587040498,7291.561570409901,8910.09787440338,694.6327929046449
2025-12-19,9219.08808696304,9025.951937960392,45481.63876271648,47188.100236360435,25235.937204618607,73.47120248099664,305.8855923522144,19796.707153699885,16262.649973116408,428.21057341831863,354.70923483962815,25541.82279697082,6081.2835646367785,1789.9373984494132,99.81891589257782,113.96088327041059,5821.9331798143685,6603.3593500000015,1621.1751166666668,2634.2914671342173,236.33631973396558,13.857224022788103,5647.876182597931,8707.34360183183,2835.510258410894
2025-12-20,9025.951937960392,8978.646088652948,48029.472290912774,47178.252888274044,23852.922576101417,0.0,0.0,21018.535789142097,17214.868846021116,0.0,370.02046181973935,23852.922576101417,5667.759070679057,2067.2393443303636,117.56409289583132,151.52461439617133,6405.745110051387,5639.912829412029,2062.894616666667,4802.06292793818,136.39044999999987,48.3284328711369,5615.582868368434,8491.294297526703,2876.6917080388002
2025-12-21,8978.646088652948,8853.282154644327,93926.99134696853,95317.20616229365,84209.35512345495,269.3285436265668,1577.3158733821092,24577.825324012465,19932.296728002573,1436.0664562462432,438.9428036640897,85786.67099683706,18609.339166345224,2136.367240452813,315.67018800471294,160.40380310294006,988.6809791586434,3740.62948058903,7477.455874148544,9209.874425691118,2484.8704147717417,698.4136554192921,8038.125563667402,8522.791873010001,627.4937082515213
2025-12-22,8853.282154644327,8959.071791625907,91652.87520957016,93878.53781838712,81692.28532417891,419.6853737426596,2124.0640577422882,21137.608574380163,17026.467367855996,1298.7792522722782,0.0,83816.3493819212,18628.18246355384,2297.928979257419,225.1141715706077,256.5622368101443,869.8988851325595,4037.0624712839744,7282.7321711320055,5752.238128445926,179.90095955610923,165.0407694714911,7956.857019218546,8629.04153959452,511.96416124616036
2025-12-23,8959.071791625907,9210.651234431061,94832.93811533836,93420.81364443214,81669.15781254282,36.10663333333332,260.5635194499999,22650.950635684585,18134.4565061164,1254.9288715825587,371.7443599480604,81929.72133199283,18779.52730512613,2101.885343193378,134.3925176156664,204.0163584022919,256.6703833246223,4134.127497108287,7748.7454009414,6972.2965573848605,2462.452530196261,530.2925942494962,6831.577302549266,8725.132272675317,700.618371489187
2025-12-24,9210.651234431061,9222.867024432398,92614.41641354436,93374.24625752002,80712.42754402367,127.51176948332254,584.44386607688,20029.029505714356,16131.785349572292,1434.6447576170274,356.65677991090183,81296.87141010055,18567.064241413518,1811.541952209669,113.0554888655613,223.65104580022623,738.1791572211064,3686.201566143216,6996.434901096772,5135.283799977567,53.39376633780216,147.88681513561755,7614.964594530598,8924.7923029232,615.7574415204509
2025-12-25,9222.867024432398,9165.699469862011,88931.40050167308,93051.23922964477,82215.70606799166,133.96354306258723,626.2083218277378,22195.829836796995,17984.77930844491,759.1940572868449,580.1292370684104,82841.9143898194,18249.90420914362,1987.6977797672112,213.45889446707554,212.78485419371935,1707.773373322234,4229.004160117029,7081.7389877082,6767.852965127176,267.45427144780797,70.90071896388837,8040.38324090376,8871.67126174648,673.9705405958296
2025-12-26,9165.699469862011,9341.401918033478,45839.95868104526,47016.8701456606,23740.68162518822,0.0,0.0,20255.21277222743,16289.937812457689,1.1054509789204303,64.97043491193085,23740.68162518822,5730.436200553048,1941.912691218474,159.37926693485343,164.7690463935769,5959.590630431806,6062.79657156127,1738.878866666667,3054.5422816346554,324.43352037606365,159.23139796812643,5019.763722831631,8923.007290004156,3087.89180521666
2025-12-27,9341.401918033478,9651.222514006997,47139.9432491527,48019.45760788692,24244.702926245027,0.0,0.0,20044.90191489413,16100.039919452036,16.42426374754362,478.2360486972831,24244.702926245027,5661.002957769819,1745.259851513363,244.47019208271809,167.96622355839253,5679.788216396336,5375.361560890101,1699.5235666666665,3821.6709949788847,178.48084453216688,114.08171270981416,5327.114367079562,8996.49725613735,2970.662732694589
2025-12-28,9651.222514006997,9837.52035530409,91344.54279150181,91767.77507985121,78715.65610781012,0.0,0.0,20796.415942698317,16493.573281346526,523.7739906150318,182.92486121770526,78715.65610781012,17861.478581027703,1312.447220325894,197.5578241215419,332.70285105470646,1149.3389260676445,3872.5490551847492,7044.426756374154,5703.57663438009,70.75019668786854,47.23741945165875,7119.169865288693,9300.920570854632,912.3297128066213
2025-12-29,9837.52035530409,9608.424822500874,92056.25112058691,93480.04927032952,78734.02243424817,10.30445625970711,49.21408309636115,23852.6788864527,19526.85587754959,876.3115596492393,751.3523580368725,78783.23651734453,18458.965969012337,1164.6556233599545,83.08757760217804,151.561261309126,1596.1148717056037,4958.499339039509,6930.879434084465,7684.188704509455,2276.7739941573473,551.0797110114725,7775.822473475453,9342.694247223193,864.1775265245461
2025-12-30,9608.424822500874,9505.782823957563,92691.20501814541,93018.0029952728,79901.7888830022,448.10273208479555,1930.9344668249819,23653.260516055198,19284.27248676393,2213.359745945923,642.5956854537293,81832.72334982718,18084.618396953352,1394.9970397538202,74.92722989462436,231.46193448306286,650.6865486573308,2988.852713176557,8202.110885878343,8762.233717785426,1716.5478223336372,1087.5041583976126,7900.920563445296,9228.64758217507,739.0794365547047
2025-12-31,9505.782823957563,9453.414509000748,93431.32553325273,93882.81493276746,79054.62866409129,180.6240179737542,798.6871731136837,21454.570628507034,17392.58002248159,1195.7941221861336,159.2312891963037,79853.31583720497,18650.371281019747,1653.575911071407,242.1969912084095,304.3599888299113,848.7944949223047,4266.391842457586,7354.723950120824,5913.962918421475,236.24955167070345,89.02877163562887,8008.691745810462,9186.814566374678,701.9232887488861
