date,soc_start_kwh,soc_end_kwh,initial_contract_kwh,final_contract_kwh,settlement_cost,emergency_kwh,emergency_cost,charge_kwh,discharge_kwh,curtailment_kwh,grid_spill_kwh,total_cost,mean_lp_objective,block_0_charge_kwh,block_0_discharge_kwh,block_1_charge_kwh,block_1_discharge_kwh,block_2_charge_kwh,block_2_discharge_kwh,block_3_charge_kwh,block_3_discharge_kwh,block_4_charge_kwh,block_4_discharge_kwh,block_5_charge_kwh,block_5_discharge_kwh
2025-02-01,10800.0,10800.0,54004.80708204655,54004.80708204655,25304.389275383408,0.0,0.0,16133.592838764826,13068.210199399513,10866.649794540563,5517.965031474007,25304.389275383408,26873.51943999528,15.053716019224188,12.193509975571999,0.0,5051.57955,6910.16545,677.7272833333333,198.1505788065806,28.429149999999936,0.0,4885.2455,9010.223093939017,2413.0352060906052
2025-02-02,10800.0,10800.0,101935.81674202898,101935.81674202898,75555.69193298761,0.0,0.0,18910.764874001983,15317.719547941606,11245.064981507174,8786.87988446143,75555.69193298761,80852.81042815413,59.44705049777931,48.15211090320122,1.4212693969238899,18.660623912820483,5011.258098271074,5453.450523049953,3925.7918631502403,1768.0505500000002,0.0,7315.051890075632,9912.846592685966,714.35385
2025-02-03,10800.0,10800.0,98621.28521387992,98621.28521387992,74705.78381608098,0.0,0.0,17133.42347710201,13878.073016452625,7540.919159273231,7605.209210623974,74705.78381608098,76915.92196529054,62.287579983499164,50.452939786633465,0.0,464.81222956997647,3056.8792984086267,5412.821859788196,4199.459083515043,0.0,0.0,7238.3320039744885,9814.797515194843,711.6539833333333
2025-02-04,10800.0,10800.0,101162.43625169166,101162.43625169166,76728.63674412831,0.0,0.0,17188.52483629102,13922.70511739573,8721.26428537271,7945.015597423656,76728.63674412831,78864.95447427461,0.0,0.0,5.871658758607509,177.471169099701,4484.989373035592,5909.916056514769,3024.4318393347735,0.0,0.0,7131.456341781259,9673.231965162047,703.86155
2025-02-05,10800.0,10800.0,97930.48876071608,97930.48876071608,73909.95673443818,0.0,0.0,20617.848957820665,16700.457655834747,6410.609155488399,6862.64973657509,73909.95673443818,74503.45937749653,0.0,0.0,0.9276561997446858,544.0180476773403,3564.526448451752,6123.452904361466,7050.637934902583,1931.5635999999997,0.0,7387.836087129275,10001.756918266592,713.5870166666667
2025-02-06,10800.0,10800.0,99265.39228992244,99265.39228992244,75842.3793599456,0.0,0.0,18913.80123792575,15320.179002719866,5685.901974864149,9911.546563185735,75842.3793599456,76130.45831451518,10.13237081274599,11.724496747771695,4.518065975310795,34.58358896937557,4806.8175908252815,5452.831953214101,4618.219683082816,2147.0070067326374,0.0,6959.948190389308,9474.113527229601,714.0837666666666
2025-02-07,10800.0,10800.0,53838.327898469055,53838.327898469055,24711.21358179664,0.0,0.0,16983.362281158323,13756.523447738244,13748.251247837035,5053.51735054527,24711.21358179664,26501.31388844707,37.589861060468635,30.447787458978155,0.0,4768.203399999999,6558.9967000000015,1115.3134500000003,704.6043493827084,0.0,0.0,4954.249816666666,9682.171370715145,2888.3089936125984
2025-02-08,10800.0,10800.0,48305.45349528642,48305.45349528642,22125.984569184424,0.0,0.0,15981.00032261019,12944.610261314263,9805.54958090424,3707.78900308625,22125.984569184424,21828.404468938425,47.4710838734775,38.45157793751565,5.264376938385055,4901.122959230304,6510.763124168983,376.8593166666667,0.0,0.0,0.0,4940.1019,9417.501737629347,2688.074507479773
2025-02-09,10800.0,10507.091316489523,92186.85985157981,92186.85985157981,69009.03803763268,588.8700915435303,3763.1743200089304,17560.330672978595,14223.867845112663,2042.8574497671734,7846.582098823572,72772.2123576416,65208.05034352829,0.43429126725742306,0.3517759264786946,42.92684849116217,803.404064758392,1390.06695710984,5961.096956178881,3826.6078447363925,71.19794766297173,1633.6280647072786,7382.365599082099,10341.212573877248,5.451501503842951
2025-02-10,10507.091316489523,10800.0,95052.40189259578,95052.40189259578,69350.07498316134,0.0,0.0,15600.130949621427,12636.106069193356,10226.784094170596,7529.358734663767,69350.07498316134,69372.07847536361,325.4540927894191,0.0,10.049777133699536,486.23625726156183,4478.683992946801,4260.9980002205775,1372.0492638480655,0.0,0.0,7293.815488643221,9739.34791569286,595.0563230679957
2025-02-11,10800.0,10800.0,94314.41407146933,94314.41407146933,70102.52156997961,0.0,0.0,16711.68128251812,13536.461838839674,8274.56529127758,7667.402186513318,70102.52156997961,68887.56924297933,0.0,0.0,0.0,447.8921269873192,3855.5992824559808,5067.223602041627,2953.18556819704,0.0,0.0,7407.321347194938,9902.896431865094,614.0247626157868
2025-02-12,10800.0,10800.0,94052.1202089368,94052.1202089368,68245.31601786298,0.0,0.0,15754.48710329099,12761.134553665695,10722.705077969971,5022.965798008204,68245.31601786298,68444.79947410597,0.0,0.0,1.949770951608419,210.0141666842983,4966.66739922139,4531.448240762302,885.0401229709555,0.0,0.0,7294.416179552432,9900.82981014704,725.2559666666666
2025-02-13,10800.0,10800.0,93403.02240138991,93403.02240138991,68301.27309996207,0.0,0.0,15516.864790837015,12568.66048057798,10410.939104787576,8888.352003009975,68301.27309996207,67302.91302087258,30.123108499502713,24.39971788459559,2.4630578570132555,723.2258101947835,5245.035340135758,3665.3953304573115,170.55239293573928,0.0,0.0,7452.190888707959,10068.690891409002,703.4487333333333
2025-02-14,10800.0,10800.0,45383.94216962101,45383.94216962101,20676.775117884612,0.0,0.0,16923.874201596394,13708.338103293077,8645.658777964212,3727.0751600201475,20676.775117884612,20806.052198636884,46.911927999512535,37.99866167960613,0.0,6000.795124820908,6893.825368047526,213.09401666666668,777.6427078630553,0.0,0.0,4926.1739333333335,9205.4941976863,2530.2763667925656
2025-02-15,10800.0,10800.0,45987.40302622375,45987.40302622375,21451.350430534734,0.0,0.0,17191.214005905917,13924.883344783793,10216.763882838606,3039.0115322630195,21451.350430534734,20342.976180122037,40.75586511782805,33.01225074544146,0.0,6055.985624934183,7672.83050403397,159.00708333333336,0.0,0.0,0.0,5005.6151,9477.62763675412,2671.2632857708372
2025-02-16,10800.0,10800.0,92326.86716947384,92326.86716947384,68382.44419374377,0.0,0.0,16924.59709311565,13708.923645423674,8156.816409581823,5602.023928866719,68382.44419374377,64818.63273704672,5.366352577736204,4.346745587966552,75.10553116087682,718.2764072762565,4353.747109750957,4945.229031322212,2563.1293820492383,0.0,0.0,7427.987031354339,9927.24871757684,613.084429882903
2025-02-17,10800.0,10063.222729564917,80783.65089088061,80783.65089088061,56064.402969245486,124.5990870428941,804.2689836128629,19515.290084797747,15826.315220075134,5778.386478481837,253.91900138572603,56868.67195285835,54202.60503044276,166.42083042871775,259.06476949127466,190.1034746739626,2921.555878075597,5532.416850082091,3862.3517337417984,2806.086476060499,0.0,163.3357993773119,8120.0761502926,9861.655923307737,663.2666884738682
2025-02-18,10063.222729564917,10100.184522914384,80516.24965141295,80516.24965141295,55031.60793340443,0.0,0.0,19879.48042310992,16083.448891330088,4196.415650532381,456.82226910072416,55031.60793340443,54641.89338122046,922.8956921493561,130.79324407344257,245.4766253693253,2934.2703081900427,5061.364681127655,4281.821204083092,3827.0739243321145,136.03254787439414,32.715661882369545,7811.005110766158,9807.651816799182,789.526476342953
2025-02-19,10100.184522914384,9772.13396971035,80388.91380029882,80388.91380029882,55380.20240998015,0.0,0.0,21046.80298156024,17335.791071715787,3515.8014847679397,260.40900568642746,55380.20240998015,54868.08477923411,858.0229359863214,402.28635471057294,288.4332580772134,3009.9400490732223,5196.960723370384,5120.273186332824,5113.448839111285,141.26978890078976,67.60895629522021,7884.227560927593,9513.235872137566,777.7941317707924
2025-02-20,9772.13396971035,9366.083892616743,77387.45280914818,77387.45280914818,52694.149767164316,156.41394338419158,996.9140378726047,20531.76789115336,16958.375858827152,2281.2523688338047,868.3745680390202,53691.06380503692,51212.76758491735,1254.7607605237133,102.57098230833356,65.44404875398027,3509.2909001417192,4320.222886520084,4687.648813730046,5747.955172647629,0.0,6.893685026924345,8019.175681430647,9089.823186580632,639.6894812164059
2025-02-21,9366.083892616743,9584.46047951592,35265.48084410138,35265.48084410138,15063.009179492403,0.0,0.0,21375.19295396604,17117.36736450324,5394.7776231954995,68.87274810974395,15063.009179492403,14762.411608473656,1585.0229675005346,151.47770006365124,0.0,8235.334930177156,7218.217866666667,125.67031666666679,3299.237491206137,89.79311212882664,196.68896897774158,5271.955515872955,9076.025659614963,3243.1357895939823
2025-02-22,9584.46047951592,9522.65969935432,35293.44622187801,35293.44622187801,15547.301893365146,0.0,0.0,20560.500004967387,16904.80295618434,3192.7290014650516,375.8560716299023,15547.301893365146,14972.738971233812,937.8699857221052,252.1893983871032,0.0,7863.6785466714355,6503.709066666666,144.09510000000006,4106.505655628775,125.82494552364375,167.21350592683245,5320.457130863193,9086.16135894315,3198.557834738959
2025-02-23,9522.65969935432,9158.428749931185,80402.54468820913,80402.54468820913,55296.63320639336,71.07779740140161,294.27268324931833,20291.95297533979,16569.11251449074,3385.4440158433645,1892.5400755847827,55590.90588964268,53881.49779878755,1609.8862730764477,177.73849876650866,305.7562202612436,3046.4787507850388,3698.8345078122547,4646.274420606355,5255.277983700742,32.55250650508947,313.3086982047445,7879.4249006809105,8867.929724364225,786.6434371468388
2025-02-24,9158.428749931185,9250.81463386963,77337.51620579607,77337.51620579607,52182.33084534312,144.15396866626133,745.417174804275,19896.118957995095,16062.183504287184,4961.106502136754,441.2915686176679,52927.74802014739,51260.8314886813,1916.1281527060305,74.64967862995059,125.5381966734488,3629.278894254092,5233.725208652218,3639.0998999999993,3650.4870465384906,60.443827378008336,2.4989803905692725,7867.885332441872,9004.1295753254,790.8258715832643
2025-02-25,9250.81463386963,9129.232885442314,77493.36799318856,77493.36799318856,51274.15625449487,0.0,0.0,19564.06296705339,15926.840133042066,7768.864528311889,295.83526419868156,51274.15625449487,50901.69606373957,1872.1694257741383,211.33092195144275,160.72094604864287,3967.1285446091138,5812.485950059283,3066.2635666666665,2820.043261753188,0.0,7.38462557299095,7841.802300487568,8854.87055555408,840.314799327276
2025-02-26,9129.232885442314,9305.346833261858,77183.11158986826,77183.11158986826,52250.40835143309,43.56119032267534,290.6719089526934,19273.38508972138,15491.20512011154,4251.275486191167,382.3560577232559,52541.08026038579,50749.250313386285,2013.9864641109764,127.63863282797547,102.49363589896234,3201.349253484683,5081.754478755312,3363.257683333334,2983.83597421056,120.97792864147891,128.89050225205074,8015.671537537418,9009.665701746357,662.3100842866492
2025-02-27,9305.346833261858,9175.8614906451,76062.80357951469,76062.80357951469,49665.869757340806,225.6492887817033,1406.3912943881048,21183.48039762159,17236.89017995377,4871.459156070277,689.0654945582926,51072.261051728914,50383.93029803861,1765.0291701051665,103.77619240083163,98.30474601362558,3646.103466051626,5989.585515960022,4618.7245,4198.380036780942,257.08665066258254,185.92617340788922,8003.364657526585,8899.013088101115,607.8347133121487
2025-02-28,9175.8614906451,9145.848361496855,34326.48078039377,34326.48078039377,13972.744326501155,83.30929688090396,318.83104825333146,20052.931768970433,16313.273233900476,7143.772412168097,183.43569670328588,14291.575374754486,14312.775187877924,1168.3533697303756,512.5890612426589,26.43122757093073,7068.9369504624965,8612.842900000001,45.653383333333295,1413.2417044985689,39.414399999999944,29.62786286742471,5408.101471402991,8855.99851269943,3238.577967458993
2025-03-01,9145.848361496855,8996.212263526595,34475.82824831093,34475.82824831093,14478.179467334347,143.61744623055722,596.318320751576,18263.694284724934,15149.672839585319,7267.422670984268,452.32734508427234,15074.497788085922,14398.35672255759,1258.8686540652784,361.3559961052315,218.6707954836395,6113.189460104203,6449.632250000001,27.87639999999999,1938.4558694168409,87.06321080565067,5.20293797045116,5494.602017370202,8666.206963942914,3065.585755200034
2025-03-02,8996.212263526595,8549.894928140322,75148.53755308363,75148.53755308363,50510.75407741945,2592.7856007976225,16115.361992842534,18581.191854927547,15187.656338753068,888.6023593697707,1090.3454116703338,66626.11607026198,48940.764733947624,2049.392867865635,36.59926014509915,8.122262264482236,2475.121682434231,3964.2032658896187,4012.6648886077437,4037.287522515003,2241.424172179942,0.0,6398.575827820059,8195.278941842324,23.270507565991082
2025-03-03,8549.894928140322,8568.921271756864,73855.69059031225,73855.69059031225,49191.37682060488,2748.108613052568,16433.011339092413,20030.240471499885,16404.642270522814,64.78106585368474,899.2035532007362,65624.3881596973,48500.511712474436,2612.910875213652,91.36324424935094,0.0,4164.285415153413,3683.0126765034884,4475.714584846588,5704.168773975447,906.4244969611811,56.68926168385849,6743.110779890681,8217.003572842932,23.743749421596863
2025-03-04,8568.921271756864,8204.881781757702,72556.33796622207,72556.33796622207,48058.73679984872,1006.6167560467258,6310.636703299916,19341.798333695726,15797.220993429997,0.6392833333333334,817.5865320030622,54369.373503148636,47050.56407274635,2526.833362604195,38.76416829057791,23.136261697810987,3492.2726954978098,3529.056735965717,4370.5409666666665,5141.795233828707,336.00818471617754,94.23007114901861,7559.634978258763,7783.201979730781,0.0
2025-03-05,8204.881781757702,8331.477421834225,74241.38132001644,74241.38132001644,48607.56912086299,0.0,0.0,19851.719494412155,15980.101825736365,3283.236437976162,957.6543300311629,48607.56912086299,48593.37565159082,2883.4646869358903,0.0,0.0,3727.3952658989256,5108.815285665774,3157.9047833333325,3923.1805413497286,430.6165706502974,34.221566670869294,7748.017760859641,7919.500514199023,916.1674449941672
2025-03-06,8331.477421834225,7974.236872695916,71585.0062874786,71585.0062874786,47319.64316217742,617.8498560787541,3899.242876593824,17343.367952173765,14355.499424153833,3115.758702682111,296.8495961886408,51218.88603877124,46428.027764806364,2740.470746414149,144.502049641815,157.086888970132,2411.6320564857997,4355.356954226417,3131.0269666666672,2521.0762193577575,484.8822230078081,4.143327405025502,8082.820220732938,7547.770715391163,100.63590761881218
2025-03-07,7974.236872695916,7913.7356342016465,33113.68832745471,33113.68832745471,13555.789604519185,12.246224605427813,36.02672370885483,17417.684433725655,14230.259437338249,8922.061255264543,103.40323374151853,13591.81632822804,13541.216940228642,1377.197455898706,38.968764229743044,279.5844166128514,5463.8183666666655,8276.519294735455,0.0,0.0,162.57720000000012,88.83153007304372,5347.211812656505,7478.8652319310595,3217.6832937853346
2025-03-08,7913.7356342016465,8329.544217384211,32260.08980039457,32260.08980039457,13565.927629924674,0.0,0.0,18792.89495887246,15115.652244609222,9312.279228821602,78.11075730973403,13565.927629924674,13247.294480521889,885.2972261920696,780.5032402771392,0.0,5902.027694602688,9730.278433333335,0.0,841.4229381268699,0.0,50.55366927172549,5245.708823753868,7615.756337364293,3187.4124859755207
2025-03-09,8329.544217384211,8203.947929745867,73970.05762618217,73970.05762618217,49407.00824379557,38.130525206822206,69.93062514511807,19297.878326834394,15662.537771494246,6713.022004643528,293.60269140532864,49476.93886894069,49001.71869314432,2796.3160049660964,579.8773268826938,9.619767568353609,3216.2219154653867,4625.682033333334,3177.3516666666674,3922.53171680993,0.0,0.0,7838.858594742469,7842.765431173805,850.2282677370333
2025-03-10,8203.947929745867,7955.953958444532,73677.48812328288,73677.48812328288,50092.06937299699,80.2804924049816,519.8964688146608,19735.19724900702,15958.445962558117,1781.1905495286346,154.07974637698402,50611.96584181165,48751.966280565844,2604.3461886354953,183.2127669661778,9.463028292417448,3139.4143751820857,4240.466363375292,3932.3368181325004,4986.972349955413,0.0,15.853493621677924,8038.873362606424,7569.134858078853,664.6086396709286
2025-03-11,7955.953958444532,8499.90670290726,73556.23083377467,73556.23083377467,48686.59206295866,0.0,0.0,18371.985407147407,14607.229898399213,5629.79933336751,254.27264165897537,48686.59206295866,48230.91837313527,3313.5745834393774,212.0524510319932,9.217272325669569,3159.935688499264,4896.7392500000005,2513.6938833333325,2258.433870852263,41.828170795511824,21.014744454197952,7878.940662153048,8139.0293757379595,800.7790425860671
2025-03-12,8499.90670290726,8353.09791067003,70394.66681909672,70394.66681909672,46022.64307707803,22.588407798317576,142.10740913201624,20611.75329179441,16812.03637365218,4060.581916051338,72.16745936811857,46164.75048621005,45414.41248112851,2575.077382870801,514.670122111368,28.893664403651883,5074.203332264557,5387.510966666667,2414.235483333334,4444.558609630143,0.0,77.77552516223655,7984.370968187932,8078.6634323019025,824.556467754993
2025-03-13,8353.09791067003,7919.997995742294,68337.94024765457,68337.94024765457,44415.71192286152,2701.0859614947394,16794.504252414532,19011.26961691398,15585.970561486281,0.0,278.46335372159183,61210.21617527605,43119.35037717783,2895.7142636820445,161.05477549474688,69.16556256984047,5181.048489717076,3301.5551809083427,3497.237513655229,4785.763069872835,125.61463333333336,189.99489612821458,6579.009015663272,7518.523863939119,42.00613362262273
2025-03-14,7919.997995742294,7972.147192199564,30064.165735948125,30064.165735948125,12440.82331641108,254.85748022003872,795.2388157086847,18915.3506061324,15520.20044265429,10728.543466666668,134.1791526900497,13236.062132119765,12334.17983558314,980.9555580246308,316.93323180888507,17.57249999999999,6525.638966359126,10649.094166666664,0.0,0.0,86.98675000000003,46.45462282256665,5427.935306512976,7524.607991332847,3162.7061879733
2025-03-15,7972.147192199564,7753.052147224711,31378.26439685356,31378.26439685356,13354.983656720971,184.00211545177072,691.3833810206405,18258.076995934556,15141.512803899785,7286.111699728338,80.76425387555378,14046.367037741611,12613.401464916631,657.4142881764776,1006.8692344222864,62.545838195070075,5494.233838246607,7808.677833333335,0.0,2639.4738917633667,0.0,0.0,5464.592846790079,7281.674893497696,3175.8168844408133
2025-03-16,7753.052147224711,7410.142502444233,67949.84984679501,67949.84984679501,43585.693161748,8.370196473475744,40.43223406512458,19756.293933590703,16287.214529482462,1134.9121596864918,16.116879473756452,43626.12539581313,41982.97319429287,3519.0363044703786,135.58482114632,132.4959612006104,5027.247792021684,5091.168450000001,2268.2894166666674,4004.6986173308433,282.22832203096686,44.04493612530473,7891.251156813421,6935.217273070434,682.6130208034009
2025-03-17,7410.142502444233,7669.707711673415,71171.49102390192,71171.49102390192,44622.93159348999,0.0,0.0,18000.491697293943,14312.513211633017,9267.564393047676,372.75939519332735,44622.93159348999,45471.52845567501,3755.3349823344106,123.25567915206386,169.61784749608364,3887.609292608383,5754.296833333334,1631.6284,1053.299867157943,0.0,133.63957593900966,7786.003436478688,7091.986078849447,884.0164033938852
2025-03-18,7669.707711673415,7423.889464368893,69908.20068778232,69908.20068778232,44053.63517443627,454.6531926959432,2276.3539043301575,21602.150122752522,17376.27100868685,4618.804334127689,371.3960822848798,46329.989078766426,43590.23013442836,3489.425183837072,146.6802977461873,266.779195359642,5871.9359659385045,5711.564315723875,2846.646223970724,5077.385731796252,99.04953849130197,11.018811314111694,7678.162710835498,6622.881806552717,733.796271704629
2025-03-19,7423.889464368893,8100.050920788051,69895.06882081684,69895.06882081684,43944.288267503325,0.0,0.0,21760.296585494543,17041.42027005443,5372.632249730802,360.1129723125754,43944.288267503325,43419.67737366843,3866.96576213503,134.61277795949377,106.49985508795619,5431.883711696246,5874.818920923274,3034.7983166666663,4822.5318750039905,243.5670062613035,2.367527876071904,7488.516312426511,7116.897022963387,708.0421450442045
2025-03-20,8100.050920788051,7996.316684945046,69622.93664848569,69622.93664848569,44354.05931061144,96.694459578332,612.7356099527343,19613.693991877448,15956.327599098362,3565.008340396814,444.90142488811034,44966.79492056417,44055.56881736186,2800.6665527583245,236.62824440177792,157.5408646857635,4201.467792075734,5035.024268222869,2777.3772166666668,3914.703406228021,139.06661170518896,86.76089082765077,7897.841546954174,7589.213630659664,703.9461872948216
2025-03-21,7996.316684945046,8254.436295745185,30178.299308911028,30178.299308911028,12023.462870418913,88.89285644313325,245.99139860893573,19122.106268194628,15495.743927133184,14582.778762219754,12.772462072971166,12269.454269027849,12368.86856632536,990.7653756022,1801.395247363054,242.97701957758989,5156.977707683114,10472.045183333335,0.0,0.0,0.0,1.8811475690017687,5270.7534165410925,7709.67889966271,3266.6175555459276
2025-03-22,8254.436295745185,8607.711671184175,30791.5243720104,30791.5243720104,12794.867505631999,0.0,0.0,18583.527384751338,14875.521132887785,10977.429041798532,54.83946168165198,12794.867505631999,12814.518350409575,927.7085614902613,1355.9297550877277,86.0237749466541,5125.361597240029,9816.266041534804,0.0,0.0,33.57000000000005,94.42556714605024,5210.486463893364,7832.945154614186,3150.173316666667
2025-03-23,8607.711671184175,8603.600545074349,68089.5496972406,68089.5496972406,43412.68179233059,110.34233130899504,528.8608885220367,21332.133499362793,17101.840160641048,5110.625530973933,73.13747552057266,43941.54268085263,42752.754874275306,2304.8316416474554,271.4287953536807,0.0,5821.995436422175,4847.312784966582,2440.4299020243384,5819.353881700086,0.0,9.985717337131064,7781.611231598105,8127.330970820601,786.3747952427444
2025-03-24,8603.600545074349,8672.401927388055,63898.7033504624,63898.7033504624,40353.73855656023,172.43971306827723,880.2494222251138,21426.898482426594,17255.446580047363,1855.4472755018987,62.977018982880054,41233.98797878534,39473.96210429515,822.4496788804003,286.2423237844647,1538.0585480927516,6024.752960365647,5915.095016666668,2264.256870265056,4983.2158105857725,187.63177007447314,0.0,7735.307655433937,8120.647395317241,757.25500012378
2025-03-25,8672.401927388055,8536.966191648033,65240.92983216874,65240.92983216874,40969.652240085896,0.0,0.0,20990.31578748051,17141.334344154624,290.3286241375638,177.3355647052869,40969.652240085896,40297.10555133148,2567.5403572019,229.77919171389806,91.48905137693731,5296.7712907429795,3991.4148790292766,2944.2986333333342,6175.208501492465,316.615039485083,120.58761430974926,7552.044376264656,8065.416611390415,801.8258126146652
2025-03-26,8536.966191648033,8861.654766978796,64514.73679334714,64514.73679334714,40051.856983811624,0.0,0.0,20212.424431579955,16077.359375409633,4508.347429730609,269.55642411287226,40051.856983811624,39789.722058200176,2597.8388400584595,72.91599166957542,69.59548671764377,5490.188929096625,6783.156350000001,2230.9748333333337,2836.7061798303353,121.9002722349112,8.85758208864825,7435.435124308587,7913.202466499137,725.9442247666025
2025-03-27,8861.654766978796,8504.993656675431,65624.55225218582,65624.55225218582,41085.26156292511,0.0,0.0,20304.758202223966,16592.398090545026,2969.1933503106548,396.53939019621464,41085.26156292511,40826.18463361031,792.8317616861099,373.2902930814714,1014.7695442818904,5281.286105366751,5187.527400000001,2361.6196000000004,5055.126489300288,0.0,0.0,7766.844604194574,8037.896769265055,809.3574879022314
2025-03-28,8504.993656675431,8889.918073592049,29797.83684377644,29797.83684377644,12125.558413322071,0.0,0.0,19591.525651809,15720.217279161274,14923.060967039246,136.80722075613812,12125.558413322071,11791.739189720232,1065.0019836920453,2211.5373334870396,60.92567169864708,5175.77997253953,10544.224215002738,0.0,0.0,0.0,0.0,5141.955577666595,8165.217579466109,3190.9443954681083
2025-03-29,8889.918073592049,8849.63424429458,29967.66070920695,29967.66070920695,12202.298404934452,0.0,0.0,19408.140245388,15887.018604131974,18453.818860671407,119.55539061283662,12202.298404934452,11879.981750941351,697.3444955019963,2320.1080056049555,164.60080000000005,4814.097933728376,10068.029609560333,0.0,0.0,0.0,117.34316802815886,5465.954516279027,8521.525331556735,3286.858148519614
2025-03-30,8849.63424429458,8557.72009144781,62673.89674929525,62673.89674929525,38145.94043109783,0.0,0.0,21192.961459909828,17101.338484668144,3086.644035020818,151.6362390327532,38145.94043109783,38072.20540723964,2246.140559342436,492.31730725991576,0.0,5657.767197512233,5796.92355,2082.798849999999,4555.52511623637,216.64473781180834,21.893064284854013,7904.29276592904,8167.932212736401,747.5176261551468
2025-03-31,8557.72009144781,8727.502476905875,62383.921407646296,62383.921407646296,38725.54758531418,78.78400205276996,441.40767994297295,18982.964942091403,15363.984806597931,1678.7107922323687,220.61708197322707,39166.95526525716,38030.698088698606,927.9741690539857,191.78483422503064,1313.061957843116,4971.271090397109,5991.137780728157,1297.1399833333332,2404.3569963225245,153.46418689677762,124.76681017691102,8004.48385065559,8395.231858110108,745.8408610900959
2025-04-01,8727.502476905875,8915.930927048015,65722.21605176853,65722.21605176853,42004.39234805423,0.0,0.0,19728.17624031133,15807.392431532715,1406.2959361579328,181.1865734986368,42004.39234805423,40385.267359106736,755.806041562245,540.6328459411387,1203.7412714107372,5019.559722697112,4576.491176832039,1632.0572833333335,4646.057340758311,0.0,1.7494807734692586,7737.2955301210095,8540.81893145412,877.8470494401225
2025-04-02,8915.930927048015,8771.234944180447,61587.73968867664,61587.73968867664,38011.77727115386,2504.3161264995615,15418.126640788065,18809.138107781906,15294.483172902948,0.0,168.70421363056897,53429.90391194192,36930.44619343337,2170.2062957013486,145.22854794228704,19.77321107820785,5524.003439025099,3808.9106876202973,3048.98924786727,3785.6907628612494,77.34643078668148,514.3524716403637,6490.9062461320655,8422.37124803944,8.009261149544614
2025-04-03,8771.234944180447,8651.58381323324,64208.099635577004,64208.099635577004,40221.870004735574,0.0,0.0,20863.676222908198,16940.66620496471,4281.014479910194,326.45537105665636,40221.870004735574,39213.658089691366,1870.0917940648965,293.93742674312375,86.82629908211925,5699.237932248183,6283.513916666668,2262.297733333334,4237.293005394568,25.595619756438623,0.0,7894.523918056131,8303.732005917956,765.0735748274959
2025-04-04,8651.58381323324,8869.011336548625,29115.297803253172,29115.297803253172,11454.558570276722,0.0,0.0,19392.51196290093,15681.398801909305,18960.279525662383,9.085049932483571,11454.558570276722,11363.935338862866,1064.618882299535,2757.778924046578,208.7309333333332,4408.703848565407,9961.288876591901,0.0,0.0,0.0,0.0,5269.302472501513,8366.699052087746,3245.6135567958017
2025-04-05,8869.011336548625,8744.361014815819,29214.77551401938,29214.77551401938,12108.517552375093,8.422409200532229,23.07740120945831,19722.31929217721,16151.49932528197,13231.699545803434,195.70089385456754,12131.594953584552,11528.08766018915,846.6400035554208,2915.937993897294,295.3697999999998,4671.95061187636,10371.296866666666,0.0,0.0,0.0,0.0,5280.688734389486,8288.315596101915,3282.9219851188277
2025-04-06,8744.361014815819,8648.562574130945,61489.05817596059,61489.05817596059,38122.5348069923,51.317591351069154,224.24902676446794,20988.29562369872,16949.378592846988,2992.610412404095,105.42259072249894,38346.78383375677,36658.916508590286,2307.722371371343,359.2111627343364,8.479552276736399,6173.534412437884,6199.696616666667,1729.0060333333336,3972.70708654082,3.943862581694475,0.0,7857.643112144405,8330.110417873568,826.0400096153353
2025-04-07,8648.562574130945,9120.69787196958,63695.967945935314,63695.967945935314,39300.363614221016,0.0,0.0,18497.818559902396,14574.401385708356,6424.577586072255,67.05248566902225,39300.363614221016,38596.01361298992,911.9290036206013,176.93879088173526,1746.5973326444037,4638.835274877434,7376.072530864195,1375.9573333333333,272.865996031465,221.02145678548754,0.0,7361.402564358506,8210.218042719738,800.2459654718614
2025-04-08,9120.69787196958,9275.678907103471,64249.98373832711,64249.98373832711,39505.90255030456,0.0,0.0,20861.325787251753,16668.28268568198,5543.741167201605,183.22901955573442,39505.90255030456,40097.69603075871,1868.2272977206976,52.120862450190316,0.0,5977.730104405129,5867.836883333334,2133.4674333333332,4207.997936743531,0.0,90.5231701756702,7687.675497686908,8715.742634622422,817.2887878064208
2025-04-09,9275.678907103471,9279.637855335937,64334.71193961186,64334.71193961186,40096.19566503223,0.0,0.0,19425.204498932486,15708.645907818443,1330.3611680173774,179.20039714709515,40096.19566503223,39151.24787548691,1063.0565457405874,140.2091925124637,400.4797427775054,4699.317610838329,5029.78411782181,1897.9170833333342,3681.927976770498,591.5120174398685,366.72903786604616,7560.089502254011,8855.811420045356,819.6005014404367
2025-04-10,9279.637855335937,9145.351976976159,61868.31384298772,61868.31384298772,38151.07770048952,0.0,0.0,20899.236743859183,17049.239053049743,3094.951984104034,621.1626180742358,38151.07770048952,38069.68313124416,1715.7649118108125,332.1585364599822,0.0,6037.576341732143,5609.763816666667,1971.0340333333338,4663.360782681269,20.756134859494068,88.85910901628483,7782.670553929382,8821.488123684156,905.0434527354045
2025-04-11,9145.351976976159,8911.620985769787,28204.740172059297,28204.740172059297,10935.148821918743,0.0,0.0,19819.790779243012,16316.765869538904,19325.569866447782,49.377045907406455,10935.148821918743,10773.151750753994,954.1457108363243,3243.7351318079477,405.4998402643938,4437.355582456443,9961.680294560827,0.0,0.0,0.0,24.657352146750668,5437.882199062363,8538.471095343768,3197.792956212148
2025-04-12,8911.620985769787,9406.154649675975,28612.317389452295,28612.317389452295,11746.122863436703,0.0,0.0,19389.850246965892,15554.729626939576,15439.788448615276,129.4184874773748,11746.122863436703,11338.267058653772,872.7224581951124,3693.7097246313906,763.3148760401987,3542.5758850286893,9395.847508316876,0.0,0.0,0.0,92.21799077064452,5098.964736360333,8628.748925263768,3219.479280919164
2025-04-13,9406.154649675975,9166.31360811026,59804.07257493569,59804.07257493569,36892.09083461424,0.0,0.0,21070.98025906715,16980.211659809313,1416.4109925877008,61.73598309016063,36892.09083461424,36294.9382950446,1527.6931953021071,263.6713281612507,14.487623582657648,6345.175051448737,5347.116286164345,1701.5809833333337,4919.206818697736,0.0,45.585036208027645,7779.7839665827505,8842.64526523052,890.0003302832409
2025-04-14,9166.31360811026,9509.664826997769,58801.77402158527,58801.77402158527,35731.36628947818,0.0,0.0,20665.38681560237,16456.00591223671,1926.3967968956113,114.68468799065658,35731.36628947818,35082.386691180465,1640.3916549981893,121.17229105267666,71.69965334605706,6351.455381939993,5866.339721765515,1491.0586,4068.4875201290574,0.0,0.0,7618.832221793768,9050.639485854364,873.4874174502743
2025-04-15,9509.664826997769,9943.041109447691,59768.041523635075,59768.041523635075,36149.57116589277,0.0,0.0,18457.10702665671,14490.889965554567,5212.4309068425755,447.13838902368184,36149.57116589277,35889.30678700715,1288.2443840228366,11.873550745368107,166.58734564344536,5070.3064670857275,7296.792250004221,845.33375,57.367409781996116,243.9521775572142,255.5890661036671,7594.2266188495,9306.936358961737,725.197401316754
2025-04-16,9943.041109447691,10445.540563508159,61876.88001173478,61876.88001173478,38502.13244188631,0.0,0.0,18041.97129370594,14517.733719404741,1943.9883682623508,638.985052504551,38502.13244188631,37839.40920645913,1115.6006586914623,155.18476742176097,109.76279635043855,4547.627310445851,4954.391458830418,1550.0392499999998,2797.755755902418,255.37192470651655,20.922768646341485,7258.944737779074,9483.027336960597,750.565729051535
2025-04-17,10445.540563508159,10205.553111927018,60088.31093874734,60088.31093874734,36801.82716440282,0.0,0.0,19857.191599759604,16084.325195805277,2787.3567633523608,813.654371440652,36801.82716440282,36660.08722124506,419.3337304197845,372.8944940744824,0.0,6010.307714551585,6081.760592874043,1400.9938499999998,3502.868085926818,0.0,10.41598206607211,7534.294042900448,9576.160484493837,765.8350942787613
2025-04-18,10205.553111927018,10446.337450677634,28317.069632295792,28317.069632295792,11104.887660440036,0.0,0.0,20836.836035655782,16877.837188881193,17127.529392855737,847.2020926654623,11104.887660440036,11019.104175784743,669.1006353490102,4856.301781604066,716.2101828267373,3801.6731417403544,9964.043654182404,0.0,0.0,0.0,5.194331384805587,5070.763332203439,9749.825386080187,3149.0989333333337
2025-04-19,10446.337450677634,10131.109114959156,27857.7387981132,27857.7387981132,11197.870016729717,193.1458208757702,627.6125262999875,20742.48600659162,16921.883704501313,16736.575670087084,575.1475134782557,11825.482543029704,11056.099353065561,438.3663853378014,2788.701785832064,171.77943333333326,5888.078691901428,10494.887233333335,0.0,0.0,0.0,0.0,5089.698010101158,9435.927691643295,3155.4052166666665
2025-04-20,10131.109114959156,10111.459685296997,61000.321364514944,61000.321364514944,37166.681101170325,0.0,0.0,18875.80583971214,15168.932691004728,4877.300692547031,449.0098232605031,37166.681101170325,36423.1221523327,880.0924542833591,150.85063058251262,134.15414924177435,4582.183305486959,6632.041983333335,1957.4118166666667,1356.7330789105392,0.0,45.88754178046312,7788.1534216019245,9656.33548912804,690.3335166666667
2025-04-21,10111.459685296997,10059.927240192328,60472.794560272065,60472.794560272065,36252.20148202604,0.0,0.0,17709.847685184184,14356.248603675309,8150.904291785464,468.61012031105383,36252.20148202604,35883.483068317015,919.5955621736476,125.18612212795483,0.0,4572.065505001627,6248.106725752427,1148.3090333333334,814.0840623154226,0.0,1.2159819166400767,7684.10798467051,9683.503103744453,826.579958541883
2025-04-22,10059.927240192328,10136.454956820766,58284.06226517285,58284.06226517285,35756.8226024869,0.0,0.0,20537.108006211998,16623.785506355605,1829.1409896372986,342.4632423458254,35756.8226024869,34896.68420402878,1046.6324603646417,274.6735221035867,30.893932789457722,6756.537274902393,6281.618675562324,1107.84085,3592.0140130193085,65.3217253730553,51.8895479025338,7730.487619640747,9605.174149770632,688.9245143358254
2025-04-23,10136.454956820766,10363.018152837327,62608.203109743816,62608.203109743816,38212.80394692428,0.0,0.0,17241.378817673944,13965.5168423159,7102.42307035552,852.1498473635781,38212.80394692428,37726.453720868114,939.7660746541673,164.01998160856772,114.99197611598504,4154.774605845999,6478.32243439348,1185.8100666666664,0.0,0.0,0.0,7709.92544138322,9960.035216973156,750.986746811444
2025-04-24,10363.018152837327,9872.354617410218,60012.97989830936,60012.97989830936,36261.93002299687,0.0,0.0,17749.233018744428,14536.759616513791,9133.362664605631,758.3007148064253,36261.93002299687,36074.450677682216,644.2517871022949,128.56028510645183,36.11823682651815,4831.495100337109,6786.837612075069,1077.02905,471.51841077385245,0.0,20.04583419884111,7824.221740833485,9442.663223504158,675.453440236747
2025-04-25,9872.354617410218,9689.88030856065,27614.87652216391,27614.87652216391,10369.902358139207,0.0,0.0,19915.212439573996,16295.548954019549,21654.406479893518,349.4108567159358,10369.902358139207,10344.141719391351,1124.26192413418,2091.8664840529327,494.85411666666664,5705.064590141587,9037.441883304493,0.0,0.0,0.0,0.0,5268.237696491696,9258.654515468663,3230.3801833333328
2025-04-26,9689.88030856065,9290.139189930313,27414.48163842631,27414.48163842631,10936.241644216409,190.31574001649597,739.9475971841363,19842.818559629075,16517.883007942648,23507.58425770756,540.0839190488191,11676.189241400545,10222.549346492127,1050.7930972912095,2340.122988493792,788.4124,5537.760019448854,9120.042317817506,0.0,0.0,0.0,0.0,5599.873006683164,8989.043544367012,3040.126993316838
2025-04-27,9290.139189930313,9316.418779554526,58016.66095607721,58016.66095607721,34355.553178893395,344.7613340482674,1917.296422664721,20031.241049433298,16140.405938844931,5783.308929051542,81.19371715223565,36272.84960155812,34124.59307369913,1876.5834290520413,196.81334006407621,74.95757939245681,5704.030655194592,7332.813433333335,1460.7626666666667,1561.879726525257,64.96828533745065,91.14937232363411,8008.935696853683,9018.243088393916,704.8952947284612
2025-04-28,9316.418779554526,9288.88964718399,57538.90368169521,57538.90368169521,34825.97507852643,3186.3692549381612,19511.783857160663,18588.74883007782,15057.47748415499,0.0008500000000000001,591.9877907105405,54337.758935687096,33641.55449584793,1824.9878795468421,145.92823966091987,47.06445492380621,6801.856938044142,3558.9632531026873,1873.3541148152387,3919.1271005787034,264.78197003899606,110.31315724835724,5881.8248738141,9098.434605243438,89.7313477815935
2025-04-29,9288.88964718399,9633.87229464463,59010.79712180612,59010.79712180612,34798.219345923564,358.73058923620204,2283.7684034620634,19086.23981920545,15180.003263251654,6983.626342994945,1031.456295426916,37081.987749385626,34869.84034414242,1688.8043642398704,11.319444008847654,4.181761122175279,5609.298957652461,7849.066923027727,748.4452499999999,0.0,131.67340034815254,205.56846097177277,8183.420911878061,9376.437312818987,495.84529936413367
2025-04-30,9633.87229464463,9565.275898737042,56939.937491575576,56939.937491575576,33796.73117071696,0.0,0.0,19902.268770624658,16151.941068112988,4714.925149551446,203.2851728457921,33796.73117071696,34185.62120170597,1344.0867764660325,155.1522063366217,47.13931011971408,6886.797901107253,6379.931973369914,583.3332666666661,2938.4694819336914,0.0,0.0,7693.784900221513,9154.822225760228,832.8727937809317
2025-05-01,9565.275898737042,8691.928653103107,52466.41072915522,52466.41072915522,32141.53095648021,3092.6849428213004,18578.451861287962,20600.878904611953,17472.72443380622,1338.159336265875,259.4140315715946,50719.98281776817,31009.537504814227,1487.6750084475582,151.20897112968623,46.199762727032066,7666.751808532661,6205.304441332674,953.2260938524078,4465.112105788139,277.4258944270872,0.0,8365.611508740776,8396.587586316547,58.50015712360764
2025-05-02,8691.928653103107,8334.611195626505,26576.817792697384,26576.817792697384,10788.992985829405,3025.6451487528125,13548.214998493244,19624.307251441853,16217.274585396852,11855.249349999998,57.23395873852064,24337.20798432265,9629.647883441954,1030.2948118568547,1520.3176483233747,272.8761999999998,6056.9569370734735,10393.790466666665,0.0,0.0,0.0,0.0,7221.345136251016,7927.345772918337,1418.6548637489855
2025-05-03,8334.611195626505,8286.455403888613,27219.246595792993,27219.246595792993,11019.610296257018,1707.8928387518854,6752.120627878674,18992.14497280947,15808.87857824117,16629.47518118514,59.560675458111746,17771.730924135692,10326.497478760512,1047.6402873426925,3960.0325857877256,433.5153376603631,3160.5977213635533,10049.066882512281,0.0,0.0,0.0,59.56576677764232,6244.003718469229,7873.839337654015,2444.2445526206607
2025-05-04,8286.455403888613,7751.939299902104,54976.2125916308,54976.2125916308,34273.27089128161,1766.602316428517,9727.039270610274,19484.714289420193,16176.03951229222,1670.0407334784932,8.809297452854025,44000.31016189188,32951.800374583494,2630.122374339773,319.1204146420465,0.0,6372.197430983509,5348.816496430345,844.7216666666666,4117.640942553918,0.0,0.0,8588.527825972924,7279.9325554467805,51.472174027075724
2025-05-05,7751.939299902104,7086.779428411257,61895.110872366284,61895.110872366284,37701.83506062502,1972.6561367208371,12112.075160228507,18335.815324313295,15438.683887467758,5669.927616384617,272.9753391903094,49813.910220853526,36681.183468127456,3373.839133362448,282.42717380719637,470.9564072689175,4762.86720068277,6120.382016666668,1729.9067333333332,1786.0023660493791,0.0,28.991085980813182,8663.48277964446,6540.866031568064,0.0
2025-05-06,7086.779428411257,6061.87755713127,56912.85391629688,56912.85391629688,35248.8068692487,2655.7135366504954,14316.139140988358,20544.195506880737,17290.405058828554,3437.192571561868,0.0,49564.94601023706,33223.51769195086,586.8462190772065,345.20649968158193,3488.1060730113863,7504.00284069257,6446.52825,749.6035017877391,4283.832511316874,51.592216666666786,0.0,8541.0836858002,5402.086174590299,98.91631419980338
2025-05-07,6061.87755713127,6101.038582458539,56746.05531469273,56746.05531469273,34774.12281861305,3599.8429804432994,22337.77852783045,20527.789074208275,17120.03040723369,1856.677361494781,0.0,57111.9013464435,32866.36405910275,5413.06982625534,326.95931323400987,16.912481411210592,6686.202427333012,6209.525466666668,1466.8686666666665,4094.246060006968,1028.0571660050364,0.0,7611.94283399497,5445.598424953932,0.0
2025-05-08,6101.038582458539,5295.095867616146,59685.692317608926,59685.692317608926,37644.061563983356,307.8034807930711,2141.831911491395,20658.69866486506,16921.646195468522,51.679332509328866,538.6479131627923,39785.89347547475,36621.64603238683,5266.323444480509,114.67893117874678,96.32372461339315,6342.734179371144,5706.917798763994,1345.925733333334,3209.6721495879983,849.7796318088423,1000.1931916586685,7589.558145227398,4715.9990144884705,678.9695745490511
2025-05-09,5295.095867616146,5432.698930468508,29427.658678516796,29427.658678516796,12573.17496511206,54.40020822497368,209.19691373424078,15991.554636077239,12848.581196835032,17587.03849432876,294.74721983747554,12782.371878846301,12662.904595101962,1016.4605127104827,374.6442223902805,340.78268333333335,3833.9369744447486,9955.096206401242,0.0,0.0,0.0,0.0,5442.764499999999,4702.998811631676,3197.235500000002
2025-05-10,5432.698930468508,6252.669984937793,28931.16271440858,28931.16271440858,12745.384384297317,0.0,0.0,16020.205146282236,12967.21668837973,13508.279066203557,59.73130696918679,12745.384384297317,12286.178110748855,955.4926752862184,1264.837853387075,84.15711185651497,3043.3477274246197,10242.765698523983,0.0,0.0,0.0,58.65908278345828,5670.7110296740875,5488.680299832565,2915.2308838008767
2025-05-11,6252.669984937793,5528.280101297913,60541.130405168646,60541.130405168646,38285.57634082043,104.45569102155045,697.9159199457522,20202.253734529313,16267.687253151564,1180.7446436213431,34.751187857776365,38983.49226076618,36950.312005758504,4283.137947305442,238.22775622248128,856.9152655136911,5822.02965449173,5233.546005371395,1309.3334666666674,4013.0587811583673,291.66236084937395,173.06232262717813,7846.188585690337,4809.200112553235,833.3346233240491
2025-05-12,5528.280101297913,5903.908433292978,62531.58867913871,62531.58867913871,39272.01599314527,0.0,0.0,15568.201896452332,12272.178037330832,6909.445024028099,429.781629322447,39272.01599314527,38325.49526062871,5832.8163540435,342.8109461273689,282.3165452710821,2922.3749579029723,4431.7557379638765,533.245983333333,18.457592592593652,14.95065000000011,47.69656206274575,7571.6687283654155,4955.159104518536,887.1267716017438
2025-05-13,5903.908433292978,6679.242717765285,59964.102610762915,59964.102610762915,37539.347052516605,0.0,0.0,20647.456907077525,16026.639238707727,1319.0621338406884,901.0625252190929,37539.347052516605,36817.878954822794,5516.981141548974,62.27231461834822,0.0,5996.482764698523,5299.633752288323,1461.508816666667,3907.763261742773,0.0,144.57822211204484,7733.385952588354,5778.500529385415,772.9893901358339
2025-05-14,6679.242717765285,7117.315693906494,61303.71799672568,61303.71799672568,38216.30788618235,0.0,0.0,19531.19368183245,15426.001203757203,3710.0542360841014,454.033365899669,38216.30788618235,38182.77367322853,4586.0235741239085,103.80832646184263,143.89261590671424,6053.60013488989,5776.958422747386,933.5708000000002,2826.039974089858,0.0,27.476745751460484,7442.57020482497,6170.80234921313,892.4517375805029
2025-05-15,7117.315693906494,7298.469133460895,60669.001007161736,60669.001007161736,37849.04371014782,0.0,0.0,19463.076842609524,15602.054146914748,3604.9968141604677,594.6861473064873,37849.04371014782,37548.321566982784,4152.315394381466,48.95959396482931,93.95289492215502,5799.339144077151,6439.143683333335,858.7055833333335,1752.7054754153387,97.5930000866922,291.7818676086422,7764.768292377482,6733.177526948589,1032.6885330752593
2025-05-16,7298.469133460895,8707.23602249182,31440.120190538564,31440.120190538564,14428.33182168779,0.0,0.0,17023.810293463313,12521.396137577454,23989.005668757465,219.81286589523438,14428.33182168779,13970.46787435979,1105.3406276105648,265.2065722259737,762.2713706702809,4930.1413272006075,8436.987605807764,0.0,0.0,0.0,0.0,5348.511316666667,6719.210689374703,1977.5369214842067
2025-05-17,8707.23602249182,8852.222718723579,29288.43547295739,29288.43547295739,12912.21546908113,64.41771494547683,219.03696628712638,19323.413744916896,15847.066598363399,15000.018630104752,265.84672791128435,13131.252435368257,12515.38506501124,930.0162044612975,4650.598146744013,903.8408333333334,2492.4240188218946,9309.982153962492,0.0,0.0,0.0,37.23850541290062,5827.61573114782,8544.298383042296,2876.4287016496687
2025-05-18,8852.222718723579,9382.717567203345,61102.44597548635,61102.44597548635,38083.27132706516,0.0,0.0,19993.561621614866,15558.74603869385,2858.941149760194,127.36220947180345,38083.27132706516,38030.219163314214,2322.53448670113,241.07548227655525,124.12986208931079,5891.255122014335,6716.661105486257,1330.2297166666667,2213.9089582002534,0.0,1.3320862110433356,6911.263319890243,8419.200664676984,1184.9223978460514
2025-05-19,9382.717567203345,9370.721362116537,59735.62768196734,59735.62768196734,37125.73803766086,0.0,0.0,16370.518354345535,13103.920471191119,8391.794046672636,567.0302188069543,37125.73803766086,37321.76083454937,1574.7582586629528,194.86004929897388,228.58656186856774,3440.730695139101,5316.546085585846,855.9667000000004,0.0,6.053662969527295,7.473657987070005,7457.947922447302,9036.985913195555,1148.3614413362116
2025-05-20,9370.721362116537,9091.128726602426,59032.00905408028,59032.00905408028,36737.17557971175,8.917404180220935,52.93371121379147,16655.121252400317,13782.656455009073,1465.809873754134,185.26243711511847,36790.109290925546,36800.8853141687,1608.8773811833416,260.26670351499774,337.2226870852978,3521.1275943541477,4735.015222898227,976.4611333333334,1036.5526529749177,243.2021872806672,76.07233156990752,7746.135469481678,8911.226493481363,1035.4633670442477
2025-05-21,9091.128726602426,8997.048820408701,60139.12610416392,60139.12610416392,37766.88111775312,0.0,0.0,15872.626588459829,13043.975050339015,5705.688231639464,247.08813440365475,37766.88111775312,37089.35032120976,1951.516605228162,151.76453904468292,82.0857612564962,2982.2287829335955,4668.731774771535,833.273366666667,271.86740421414686,442.2696181511544,384.9666479834307,7656.018951603904,8639.971479095204,978.4197919390105
2025-05-22,8997.048820408701,8843.18210059285,59149.90504385109,59149.90504385109,36373.3431676321,125.43424172691212,804.4202993959638,18695.108888379433,15138.66778070729,4618.279644294746,456.33998361111543,37177.76346702806,36815.183707501346,2099.005538806877,272.711439638516,115.48873353339275,5140.5653910687715,6583.872600000001,942.0987,1179.1943593408414,143.29224999999997,48.764499602160214,7958.3382411884,8492.42455621428,681.6617588116029
2025-05-23,8843.18210059285,9059.566848828128,28569.22940808817,28569.22940808817,11923.207894574993,0.0,0.0,20202.700054340876,16209.260928861953,17706.34036415585,418.49788512006194,11923.207894574993,11899.227133072714,857.4626376645485,5127.86606434034,854.0306783873484,2399.811864951027,9756.178336735513,0.0,0.0,0.0,0.0,5554.487493065504,8784.18909076037,3127.0955065050825
2025-05-24,9059.566848828128,9232.056328558683,29208.897750809774,29208.897750809774,12880.154966225671,0.0,0.0,19372.085958663876,15737.917388832318,21302.337161735148,361.39160257639617,12880.154966225671,12575.628803166257,1018.39621302418,2982.934604891579,695.4963360663317,4434.635459873724,9377.415970440343,0.0,0.0,0.0,0.0,5442.061183333333,8529.874098481272,2878.2861407336823
2025-05-25,9232.056328558683,9255.616159265808,59791.08591070907,59791.08591070907,36814.28363870476,581.5582601630989,3644.9871243567604,15963.963424084173,12693.808211011565,7938.251207727893,663.966333405008,40459.27076306152,36275.07873621263,1796.8810849520175,91.53260900409578,139.8249164558298,3047.272231132122,4635.9291357527345,773.8803166666668,0.0,76.56528875371475,112.99692853208035,8221.579805794254,9011.913685724596,482.97795966071334
2025-05-26,9255.616159265808,9436.27113327069,56187.38136007078,56187.38136007078,34681.42690296624,2532.6775297800536,15628.000309226969,19144.25768011179,15365.96043786622,68.90119291293786,230.46392135900066,50309.42721219321,34619.519943696585,1209.3690450791019,184.96042333936066,16.09666918612504,7217.600182895,4287.882235825875,840.1211656596994,4179.104624945514,199.28392050470688,193.2242235913352,6815.487057829105,9285.37247849626,108.50768763834913
2025-05-27,9436.27113327069,9790.196402143685,62048.199124452745,62048.199124452745,38037.28399493902,0.0,0.0,16367.891131300044,12891.967743317808,8525.128149435723,692.5481537014585,38037.28399493902,38193.876916487476,1519.5157646800933,299.3728339446528,228.65819096773703,3198.192112217105,5257.121282481557,949.3682166666665,1.7035596707824474,3.83451345608853,132.60192273666064,7462.068227258841,9169.659137862554,979.131839774454
2025-05-28,9790.196402143685,9946.41341269055,58102.66356412901,58102.66356412901,36580.83690657841,243.2090088017182,1252.9414605045615,21324.772986348242,17196.173128665327,1518.6394200558655,389.63874519194496,37833.778367082974,36241.39349884692,1066.7234766139256,322.1431720978255,3.280279001053259,7395.457207348005,4282.83517118898,889.2841578649488,6394.948450210194,0.0,106.95520413903871,7724.4073131012765,9548.675243732612,864.8812782532684
2025-05-29,9946.41341269055,9510.136994612518,55097.05815015207,55097.05815015207,34286.343844736424,2902.190536072623,18401.461278651714,18734.685901835506,15504.042037541554,0.0,878.8827385974084,52687.80512338814,34358.437891576155,912.7839822798751,240.9281947153437,8.053639223866298,7609.862133694999,3401.444588247921,766.8602164291788,4975.650313556512,50.265171202353145,122.11471571236507,6834.094618986251,9235.993824277402,2.031702513429491
2025-05-30,9510.136994612518,9225.377369094776,28236.98263703692,28236.98263703692,12245.451043227135,0.0,0.0,20137.82894151694,16602.097643449524,17785.564710816114,272.37854482005014,12245.451043227135,11665.300695457056,880.0591745518922,5379.813743235397,588.6806239176736,2504.6096739151644,9698.297389183881,0.0,0.0,0.0,59.33851317157814,5723.154537385577,8953.641559031215,2994.51968891339
2025-05-31,9225.377369094776,9523.119410457115,27870.89894960903,27870.89894960903,11885.447719055825,640.9108014662165,2017.927148045335,20281.918967825422,16431.0691395089,15758.711306733481,226.94964935857706,13903.37486710116,11816.767692075766,791.1449816607035,5823.3212371206055,602.08345,2040.3458302098657,10064.583216666666,0.0,0.0,0.0,60.98458645932571,5565.308552376839,9097.29879821948,3002.0935198015923
2025-06-01,9523.119410457115,8396.92500484818,54075.13545380792,54075.13545380792,36935.01614936113,18320.020545728803,108693.32779254168,10130.928226353557,8937.464426816838,0.0,0.0,145628.3439419028,33956.37312666432,456.96891647994823,1408.7184205789126,0.0,6452.233871181252,609.7428726920509,0.0,719.2844545384099,1076.512135056674,0.0,0.0,7996.583338720201,0.0
2025-06-02,8396.92500484818,7408.754757106506,62821.88621388577,62821.88621388577,41906.00986318814,9006.351675097376,57887.099129781134,17229.897931990647,14964.54201057767,931.1441342368412,0.0,99793.10899296927,38299.724766309686,2183.8804583083424,1224.8401870175448,0.0,5028.412276968772,5802.238300000001,1992.9232116068006,2492.0411259068514,2367.988517385906,0.0,4350.377817598645,6898.616396785006,0.0
2025-06-03,7408.754757106506,6384.647385663863,60174.58658544122,60174.58658544122,40528.607644501084,10129.26096146529,64012.456944891244,15504.809290198546,13383.209676625369,0.0,0.0,104541.06458939234,37160.656111115626,3301.9447493229236,843.3406618687038,72.02679734650576,6081.483994822184,3671.1688500223736,1395.9715775072011,2538.2531070916466,960.5440233039566,40.47118168509496,4101.869419123323,5760.719317404291,0.0
2025-06-04,6384.647385663863,5812.441359314766,60083.3663715936,60083.3663715936,40697.05744058854,10955.491870754298,72179.28740687852,12713.1855475539,11334.574155206003,0.0,0.0,112876.34484746706,37150.26465635252,4297.612804683844,872.704647403472,0.0,4645.742567425799,3190.9794756323186,2124.8815333333337,743.9898284597967,2564.1566447889363,0.0,1127.0887622544622,5124.934843683073,0.0
2025-06-05,5812.441359314766,4483.83696406937,59971.65095960451,59971.65095960451,41463.33363271348,13126.910799299048,82648.63646588294,13335.470806161016,11431.285141700557,0.0,233.3610111097637,124111.97009859642,38355.78915662867,4735.053561145735,984.817258779812,61.77005253360369,6742.151576980493,2884.482740993304,309.655514703252,1259.6386015319936,3356.738287445491,21.26350443821184,17.223438594951563,3674.2621393320806,20.699065196551988
2025-06-06,4483.83696406937,4152.0588236361455,30753.754529919566,30753.754529919566,15735.513085051301,4581.881354452799,20672.11207227101,14684.476352301255,12370.897401262224,2166.419333333338,0.0,36407.62515732231,14503.992333322816,843.7631005166972,1960.7481916075433,129.68041547721998,1687.0244550099608,8222.732650000002,0.0,2325.2057833333292,684.4025166666667,0.0,7955.597483333335,3382.688513478087,83.12475464471947
2025-06-07,4152.0588236361455,3996.646218713109,28579.253474232875,28579.253474232875,13556.126451300366,5313.347707681025,25615.218217638176,14466.928769022554,12613.028653775313,720.4783666666632,0.0,39171.344668938546,11953.864574590603,707.4089387952865,1294.6797851249155,249.4758891456289,2068.5065167797584,6138.388383333334,0.0,4443.409950000004,165.9782333333335,0.0,8356.303130236354,3541.98479724422,469.7447253563302
2025-06-08,3996.646218713109,5332.922907729063,77520.88395393723,77520.88395393723,54185.126174762794,0.0,0.0,17032.20602111944,12263.401962350126,4226.920359035836,3364.459219465405,54185.126174762794,52969.879995908996,7892.359659015389,269.7929206442634,46.52531740577948,2982.8277531344074,4530.69232020871,724.718533333333,17.2835688529346,683.3585014915353,156.3775275791022,7059.277373036313,4299.807588924633,801.2431436549022
2025-06-09,5332.922907729063,5429.600882734522,77731.35408640152,77731.35408640152,55323.27890117132,61.74097187663019,398.6475193358508,17290.393886153102,13962.421291641214,3469.694219882199,18.486277217399568,55721.92642050717,53423.488430886944,1337.2364765788902,327.1572543291521,4928.862559787462,2442.8330432802677,4761.066825484143,2298.0523282365043,1574.1840070116505,218.68138488857494,2.83840282096412,7736.13850686343,4740.788850719509,939.5587740432865
2025-06-10,5429.600882734522,5549.827624407141,79097.64750081375,79097.64750081375,55740.457496126335,49.16545815878021,337.8260234415316,17090.92891137719,13726.040254177808,4131.416181012043,55.67582076111364,56078.28351956786,54318.43893604006,1155.508908035425,153.59750626581888,4847.601119428041,1815.1339390711928,5742.397912743791,3020.463083333333,740.4739982196039,346.3004192142264,112.0751612582228,7377.218823954319,4481.256877701537,1013.326482338921
2025-06-11,5549.827624407141,4888.665723311576,80723.13709539823,80723.13709539823,57633.46127079618,1861.8011865250978,12224.321784857413,18520.08611543682,15030.911278071364,2627.9088282502157,404.21978297431735,69857.78305565359,55479.81835502895,1199.9882412506777,13.801776642934442,4654.019364701563,2782.3564087420245,4648.370314275671,4371.937376195498,2994.9664819995387,756.8065302895509,100.08867827322115,7003.863565301966,4224.623175160255,102.14562089938883
2025-06-12,4888.665723311576,5655.974120249813,83430.83587628188,83430.83587628188,59291.39762020705,18.370997655014023,101.24705867917984,19560.756278530316,15538.829782865525,6853.17999656769,315.04849837108395,59392.64467888623,57987.04464464012,1794.507327969346,99.08289987010994,4895.966436091998,3612.0129134369326,5465.865181468577,2613.3074333333334,2829.4134629320656,493.85535519425207,29.464052178127304,7775.983699683158,5021.0888975203015,944.5874813477366
2025-06-13,5655.974120249813,7758.489173569825,38390.82612009076,38390.82612009076,20663.368894414307,0.0,0.0,17030.563453516905,11465.489370238067,4099.503524748962,310.1137787296275,20663.368894414307,21015.813827747,610.4079241133607,880.5335766439872,187.8133979391468,3209.5810517820787,6567.932666666667,13.859816666666802,3416.065439512804,0.0,117.33809911964227,6579.676560286907,5591.49545811268,781.8383648584263
2025-06-14,7758.489173569825,9776.982230413407,44779.007161947135,44779.007161947135,24136.913857601776,0.0,0.0,14540.37937444631,10373.353544799229,14191.345869162396,91.92144647099246,24136.913857601776,23103.791436710006,1477.961950463251,0.7283068725904513,645.791817630789,2854.6189333333327,4780.82275535421,0.0,0.0,0.0,0.0,6423.7653666666665,8144.8028542782395,1094.2409379266392
2025-06-15,9776.982230413407,9716.347338318343,76945.00426464062,76945.00426464062,54373.34462292919,0.0,0.0,17721.017662116614,13988.826900486645,2262.890325699848,331.49472731081187,54373.34462292919,53011.607203945685,1192.1242140231602,44.90462073082142,16.370031694077056,2287.121353647942,4296.684111922319,2991.91026903884,2687.6680429823014,391.5533484581606,0.0,7260.717101955345,9009.938164317762,1012.6202066555352
2025-06-16,9716.347338318343,10349.124747744025,81675.15701117183,81675.15701117183,59057.70301473327,0.0,0.0,18205.879626035912,14433.582125540623,3613.99840031827,1609.4358436915927,59057.70301473327,58176.11602886474,1283.4253950825482,218.23314946922073,190.05675921709638,2493.610638749228,5605.757667274877,3301.4565833333336,1830.408078957047,401.7896934785716,259.3068875277483,7097.75806083793,9353.368414439112,920.7339996723347
2025-06-17,10349.124747744025,10302.01610408594,81399.50746365727,81399.50746365727,58893.55204274216,1.1075021557799118,7.475085800436515,17601.75891827209,14257.424723800405,2882.7879477299675,544.5047069447207,58901.02712854259,57981.06917991941,709.4961329692027,411.7212300633364,498.85895219138763,1922.1945416618933,3996.9653919537886,2489.586044487824,2427.4435113714503,1118.0108619212465,203.4093512236406,7667.367997335959,9713.24264116475,648.5440483301438
2025-06-18,10302.01610408594,10308.723965550713,85036.99672306907,85036.99672306907,63230.46146770678,3.7461359323471015,26.427115934742627,15730.636893459912,12741.815883702524,8308.206338901518,2769.1947936758415,63256.88858364152,61709.43767650439,571.4994314684393,268.47558047680366,484.1720244739844,1883.8150581081932,4915.349093326282,2236.0505000000003,0.0,0.0,6.154703504635108,7427.693289124619,9760.914820091873,925.781455992911
2025-06-19,10308.723965550713,9721.757282108276,80654.58502381698,80654.58502381698,57999.45606000841,121.29791547791376,839.0802402334372,16913.825188969688,13995.616876168004,8328.055349373986,1444.334093785888,58838.536300241845,58013.16658304098,683.0079084843447,349.28342984240385,442.68081093453384,2187.4466833924835,5483.045165076348,2859.568966666666,599.2260055120722,0.0,11.202486812073605,7607.393748542051,9407.191772649525,991.9240477243987
2025-06-20,9721.757282108276,10154.114953987253,37440.72887693595,37440.72887693595,19197.389218965684,0.0,0.0,17517.561855632634,13893.806629959878,11078.891702265262,347.62611566459464,19197.389218965684,19583.92241941138,1002.0989695126389,3336.7256114346606,574.8211558306452,2627.0034946347714,6983.7558649925,0.0,2.1182919612537034,12.840167749600482,20.645999898810665,6292.944791729495,9049.804822311511,1624.292564411352
2025-06-21,10154.114953987253,10508.556221738612,36325.8015443739,36325.8015443739,18757.321680023724,0.0,0.0,20084.390355755222,16268.356188161732,12038.596789537583,944.1020039094974,18757.321680023724,19298.15597400081,768.3842291855235,5283.662962522418,344.45425000000006,3057.50690957322,9902.552154773874,0.0,0.0,0.0,3.1536277742007868,6206.351555163769,9459.669724856467,1720.8347609023197
2025-06-22,10508.556221738612,10456.054865806676,77474.37870662706,77474.37870662706,54966.789623522236,109.06048553554581,760.3098857519325,16368.873638474253,13258.78764716414,6565.5862067099315,513.4300941425568,55727.099509274165,54222.318428089944,380.62563780084196,743.9002430449393,556.2505910647163,1397.590702529848,4070.315000776463,1652.03455,1342.9520526902322,1087.7911626790874,3.4994120432232876,7306.367319210084,9956.8961041744,1071.1036697001848
2025-06-23,10456.054865806676,9981.147345341702,80825.07315490182,80825.07315490182,57637.282830773955,0.0,0.0,15524.15875109069,12636.536004575937,9162.921535874402,1695.8067391793327,57637.282830773955,58521.24808634529,434.78270726908414,406.2783048116911,683.1050457292347,1446.4155043429573,4395.212016460899,2303.366383333334,44.311110374514506,35.89199940335652,16.61402806302658,7530.629545220331,9498.961803408736,913.954267464266
2025-06-24,9981.147345341702,10540.853159927337,81604.21564613284,81604.21564613284,60340.8082213753,0.0,0.0,18457.09779716318,14888.2817995097,916.36770203741,836.6906631086135,60340.8082213753,59251.73927344331,1038.7015222207538,478.86755428388085,415.8116996665789,401.63925610413094,3607.858618343113,4720.2786029955405,3885.82706655594,1071.131955876884,198.5723999456099,7251.060510367474,9855.718857017118,965.3039198817899
2025-06-25,10540.853159927337,10236.234328628769,81073.20766551733,81073.20766551733,58572.82733603423,0.0,0.0,15146.149746709434,12268.381294834644,7433.049534539214,300.24111243665345,58572.82733603423,59331.89528076069,441.42760828300555,485.75099830060583,667.0244512520499,178.8630138573941,3707.2783589796127,3002.895470773487,192.77601507090384,156.1485722074326,63.63850937471544,7458.339385122264,9735.539435639625,986.3838545734594
2025-06-26,10236.234328628769,9938.529560329298,77882.4230100123,77882.4230100123,54447.48710059599,3.185372504519478,22.224343964032396,17004.71424739386,13874.141963092661,7025.127319189641,337.0590290259686,54469.71144456002,55269.19236268039,797.3186733414801,409.8683162261384,385.83544659336144,1740.861983456582,4703.476758491753,3414.647366666666,1610.612048219692,0.0,13.813002604274516,7439.875049963531,9286.73131966689,868.8892467797434
2025-06-27,9938.529560329298,10158.218930224768,34450.643323243705,34450.643323243705,17202.898971696493,0.0,0.0,20929.91211245507,16852.905388384977,9933.802024219518,743.6687749540922,17202.898971696493,17960.252553003687,946.9951364814397,5518.052071632924,306.47393994747154,2951.5777089241064,10160.05336339907,0.0,0.0,0.0,70.47234461386338,6346.176832470564,9566.160550485196,2037.098775357384
2025-06-28,10158.218930224768,10800.0,37220.734718736196,37220.734718736196,19716.892260423858,0.0,0.0,19450.31587180144,15754.755856159161,9115.960535210683,2396.854317883238,19716.892260423858,20019.143883335204,1068.0159565849924,5436.620644252015,93.56148972486693,2918.783216819321,9866.826039948224,0.0,0.0,63.50853887051187,199.14126774590935,6231.217704670345,8935.861195325475,1104.625751546968
2025-06-29,10800.0,9816.523258138746,73600.54482475089,73600.54482475089,51054.563810585925,0.0,0.0,18653.90515677139,15319.792271659959,358.8651631096243,668.7534598631715,51054.563810585925,51801.235871000084,256.8107606206172,331.2250270458752,34.00060948498049,2836.4842647431988,5189.19954655602,3194.489583333333,2566.271286353658,211.1021499999997,325.3123446734554,7925.8633481180095,9448.977309082658,820.6278984195442
2025-06-30,9816.523258138746,10150.991797416833,75412.007466159,75412.007466159,52798.02072662005,0.0,0.0,17357.282273718494,13897.66829374941,1329.0166168117603,601.9469527114903,52798.02072662005,53552.78162717579,1302.5060304846982,169.90081701748397,46.18082557989874,2405.191927966343,4392.60745,3212.5017000000007,2356.161754174258,81.62517292118514,256.76985884518416,7279.555339188144,9175.020968693341,748.8933366562508
2025-07-01,10150.991797416833,8405.272833838162,81537.22965572245,81537.22965572245,63637.34019135695,2169.838098805598,16847.669276015786,16421.8536127605,14842.549594113176,1182.4990166666666,2103.8673025474036,80485.00946737273,59929.48367010178,661.3686859411124,1998.298033947713,174.29958299461157,1288.3427029609609,4130.149722254868,3011.1542890254104,3238.0860541790357,159.76816551303182,174.68481443040992,8384.986402666063,8005.858704264625,0.0
2025-07-02,8405.272833838162,7169.43597917881,75471.90326236028,75471.90326236028,57526.46540651865,3537.0945788347713,26569.252709157576,16863.16638073077,14757.739917683093,1764.13466327431,2204.129881539724,84095.71811567622,53758.8548390914,698.7747346369557,2426.1755424880075,1553.3897948681656,1958.6572078430054,4362.139643907878,1963.813333333333,3599.2691194619883,106.52957216191226,0.0,8302.564261856834,6632.706643532011,0.0
2025-07-03,7169.43597917881,5929.398509968288,70351.77464352461,70351.77464352461,55012.65592433272,10940.33431021088,80665.7589119847,13858.041638711455,12245.733031603942,0.0,127.26557996129804,135678.41483631742,50488.251156532395,715.6611789607276,3154.234286906771,2617.6903488420016,3222.496477830399,3343.021136031686,1695.7763540439678,1809.109620539671,2892.7619281435705,0.0,1280.4639846792295,5254.887233298097,0.0
2025-07-04,5929.398509968288,5694.6758821993535,35272.602345035615,35272.602345035615,21302.03125030948,5668.282817331099,21508.87113167486,15934.391776758966,13646.151965264173,9762.053184205253,0.0,42810.90238198434,19081.02337822539,833.3333,4686.713335719309,268.08161666666683,244.7452962521522,10398.585049999996,0.0,0.0,155.47859035879173,31.468173043520437,8137.254445470276,5054.830132230715,421.9602974636429
2025-07-05,5694.6758821993535,4441.716926777193,38471.53962898878,38471.53962898878,22697.97272501993,3456.262421069568,14647.921302417659,14718.074069160215,12842.926777262697,10953.376364239846,158.02669392098153,37345.894027437585,20410.892625736884,181.42680481806656,1982.7369556837011,300.3842882682824,2212.0112106956603,10369.4727,0.0,0.0,0.0,10.097050473253603,7558.750447291419,3601.9076964191026,1089.428163591915
2025-07-06,4441.716926777193,4081.986036418088,73561.86454197939,73561.86454197939,56386.593387826346,8665.33131502316,70459.63693850065,15671.209282275337,13377.665313169897,171.82697123045136,0.0,126846.230326327,51688.80692726263,4072.80273583935,1500.236461013411,2050.1388766192968,2248.4645198646604,4741.837120912757,2718.204199999999,1345.135316666667,3601.5803204901777,0.0,2739.090113262063,3897.507566236848,563.1936958755671
2025-07-07,4081.986036418088,3769.9930710443095,78143.6000504755,78143.6000504755,59529.48231524242,1093.3008817648808,8641.47564952657,17555.32640246201,14526.134882894716,2753.849876709025,37.13060263072438,68170.957964769,55871.5569257904,1666.1980468239803,1989.1103925248083,5406.931099825917,1384.6576489055328,4850.0152937917965,1955.2662499999997,2231.218309537445,116.52729189575211,151.1687396422841,8273.813185421846,3249.794912840587,781.233286082684
2025-07-08,3769.9930710443095,5691.283384334973,96243.0229031842,96243.0229031842,74271.82545458272,0.0,0.0,19510.614846589753,13949.458668600015,13657.359480999374,1476.4411608617575,74271.82545458272,73826.06943309086,4816.044088464779,187.2631497339138,3226.2637952315617,1746.2391666666667,4923.611883333334,2593.2400499999994,2325.9134047325088,1532.6362666666664,0.0,7150.830800009089,4104.5159409411735,771.6720662517876
2025-07-09,5691.283384334973,7366.70683275487,86254.24356715099,86254.24356715099,67427.74104063278,0.0,0.0,20570.19059689537,14571.528551355326,5437.909606089648,755.26051552129,67427.74104063278,67147.8122991442,4585.073980373665,158.47647675966198,1308.473375744613,4748.364460930951,5354.875922915111,1867.5727333333325,2842.7952058594137,41.62834764070021,0.0,7011.766625324866,5759.9045458889705,743.7199073658136
2025-07-10,7366.70683275487,9370.258665869313,88736.27638800634,88736.27638800634,70172.22793053655,0.0,0.0,16896.577774372512,11883.03134743874,9758.591113142718,1256.688231263185,70172.22793053655,70821.19746089158,1825.0731966018086,173.70006044433615,2296.234934737171,1663.5251087529568,4701.98125514403,2219.6753833333332,14.008779392455835,27.03225166046218,19.364370805645496,7006.0485010088305,8039.915237691404,793.0500422388236
2025-07-11,9370.258665869313,10800.0,48733.04033215051,48733.04033215051,30679.1748869503,0.0,0.0,19816.724104484114,15439.779296914521,9532.71405205213,2270.579905862114,30679.1748869503,30740.963424744175,1268.2195876851715,3735.1114302454225,260.35239310526924,4069.3744176207047,8360.452566666665,0.0,1334.7446483252916,0.0,0.0,6957.095415715059,9426.288208701719,678.1980333333333
2025-07-12,10800.0,10800.0,48365.46136137024,48365.46136137024,30210.456391908607,0.0,0.0,19990.878655184613,16192.61171069953,11042.355600532394,2269.1722996860994,30210.456391908607,29788.96831866188,201.99637830057105,4693.868495266815,514.849971706209,3569.518050000001,9484.865434273244,0.0,54.638996581113865,44.25758723070237,0.0,7159.7992282020095,9734.52787432347,725.16835
2025-07-13,10800.0,10800.0,89042.96115224896,89042.96115224896,68974.98944297072,0.0,0.0,14136.400326860406,11450.484264756928,13793.301921421338,3321.5878187241456,68974.98944297072,70491.71893623809,140.17103098299486,113.5385350962257,27.051567037522343,1496.4840859670585,4106.2535596707785,1851.4930666666667,0.0,0.0,0.0,7213.982054758765,9862.92416916911,774.986522268214
2025-07-14,10800.0,10800.0,85208.7123349302,85208.7123349302,66642.31988156757,0.0,0.0,14407.642491883164,11670.190418425365,6758.053837882251,3870.009506923494,66642.31988156757,66790.20640499232,5.176630086597369,61.50094721831363,132.55983266419966,2134.2678756278588,4551.599326771222,1602.593166666666,22.374341563786906,18.12321666666662,0.0,7082.780329480931,9695.932360797358,770.9248827649302
2025-07-15,10800.0,10800.0,87369.17797009961,87369.17797009961,68461.04492812957,0.0,0.0,17365.92653972484,14066.400497177125,7300.218099255632,4059.9421116295957,68461.04492812957,69521.41495927551,204.1610320451074,268.19467279167225,151.14843877169434,4233.413099615178,5303.804177689678,1177.9008333333334,2473.170818411372,907.6418124632818,0.0,3808.0452882006084,9233.642072806986,3671.204790773052
2025-07-16,10800.0,10800.0,85580.61797518088,85580.61797518088,67644.98527640037,0.0,0.0,16210.348952792894,13130.382651762242,7004.08250236752,3340.8557551160507,67644.98527640037,67831.47905295594,188.54318819908704,152.7199824412603,127.58631604541006,2937.945411568338,4977.293842269411,1197.0075166666672,1236.0320164609057,1001.1859333333332,0.0,7021.096693660234,9680.893589818079,820.4271140924085
2025-07-17,10800.0,10800.0,83929.99008259107,83929.99008259107,65560.06385288927,0.0,0.0,19764.798840050746,16009.487060441108,4648.251162114843,3026.911574199937,65560.06385288927,66623.84720089733,278.45915920706244,385.753963773132,315.60234789340234,4364.870085044009,5593.395881384163,2414.696233333333,3999.8869104665705,1086.4286,26.98259861108204,6958.021247680831,9550.471942488466,799.716930609806
2025-07-18,10800.0,10800.0,47196.07648875906,47196.07648875906,28698.748653146613,0.0,0.0,18367.90223652492,14878.000811585187,9081.699739171278,3314.9672413147246,28698.748653146613,30298.42698505583,515.3235676561794,3670.1476386712516,139.81360246703105,3409.2863889245136,8084.9048392542745,0.0,0.0,193.46433333333312,387.0631247171725,6908.502667322757,9240.797102430262,696.5997833333332
2025-07-19,10800.0,10800.0,46467.74402697756,46467.74402697756,28390.76770089567,0.0,0.0,19005.584743202005,15394.523641993621,13087.199322846247,2413.1796862562705,28390.76770089567,28684.055583651847,285.8056320119689,4304.2625551729225,677.8166534692579,2976.635971061411,8025.141327153751,0.0,0.0,22.290833333333353,203.94305629866244,7355.686732425955,9812.878074268361,735.64755
2025-07-20,10800.0,10800.0,86143.94209703722,86143.94209703722,66083.34363783506,0.0,0.0,17896.406722451724,14496.089445185908,7176.144068554679,3493.364984550048,66083.34363783506,64373.980738945254,19.0825416864802,15.456858766048185,60.04917630384322,4515.845632806114,4606.843272575288,1609.5585666666668,3973.366665696314,873.2056833333335,0.0,6708.999804872545,9237.065066189802,773.0228987411984
2025-07-21,10800.0,10800.0,90150.13425634865,90150.13425634865,70920.77265829554,0.0,0.0,14982.890848462072,12136.141587254278,8650.990610009267,4637.61223513159,70920.77265829554,70373.30886585478,51.65326469777641,41.83914440519709,2.1024334213527456,1567.1922877379625,4486.836069958844,2068.8479,1183.6668724279841,958.7701666666666,0.0,6780.982333786558,9258.632207956114,718.509754657896
2025-07-22,10800.0,10800.0,90153.19061277813,90153.19061277813,70092.94625573802,0.0,0.0,14832.289700778747,12014.154657630792,10190.445807267695,3381.6879290291417,70092.94625573802,71100.74309475359,118.15662240948278,95.70686415168029,91.96043143332847,1099.0817144356818,2995.0513266791327,1401.397809635417,1965.0620781892985,1591.7002833333336,0.0,7019.357729445858,9662.059242067504,806.9102566288211
2025-07-23,10800.0,10800.0,88755.97002085038,88755.97002085038,69074.06302859997,0.0,0.0,16540.447013312212,13397.762080782892,8147.673879745987,3220.1070752417286,69074.06302859997,70207.20973893114,183.48669140774086,148.6242200402703,0.0,1824.3686692515912,4736.3960937262445,2012.1121666666666,1807.0802134659916,1463.7349729074522,0.0,7191.781849922707,9813.484014712236,757.140201994203
2025-07-24,10800.0,10800.0,88858.20560900222,88858.20560900222,68547.81910570856,0.0,0.0,17624.07196946759,14275.498295268751,8665.49573198957,3420.3319361471504,68547.81910570856,69639.92439359595,102.31610318220845,82.8760435775888,14.984162793021419,3437.957171178851,5513.161400000001,1142.4290833333332,2118.985186188399,1740.3974083347402,156.30587181724775,7103.42577841079,9718.319245486715,768.4128104334446
2025-07-25,10800.0,10800.0,45339.79641763125,45339.79641763125,27521.620741308416,0.0,0.0,19445.4542359987,15750.81793115895,12331.574322587338,2813.315956870829,27521.620741308416,28600.58330344881,197.91742529068216,4530.301605851692,279.78613687283917,3306.2254890864015,9197.021246402028,0.0,0.0,0.0,63.29774368700868,7199.670086220853,9707.431683746145,714.62075
2025-07-26,10800.0,10800.0,45432.09007082945,45432.09007082945,28226.066376849965,0.0,0.0,20386.974317417877,16513.44919710848,10087.667393595546,2809.5448069244985,28226.066376849965,28074.967150333236,242.37427471646936,5227.311970504268,732.4372136470205,3470.1155500000004,9762.753351765243,0.0,0.0,37.83624999999995,107.25136679789848,7081.230193270874,9542.158110491247,696.9552333333334
2025-07-27,10800.0,10609.30362230126,80009.63610302024,80009.63610302024,61676.99047037074,0.0,0.0,22176.695405589817,17963.123278527753,805.3426755269923,1285.624733764513,61676.99047037074,61209.85645241507,368.3504152249957,734.0429042060704,101.75594124911038,5352.796844306976,5352.733816666668,2725.6517666666664,5497.733971187566,1443.8174166666665,525.022909770479,6965.741924256312,10119.213487381294,741.072422425061
2025-07-28,10609.30362230126,10681.745004836202,82621.36985264474,82621.36985264474,64486.49126698609,1028.9658067742562,8409.666701040622,16536.600066976636,13394.646054251081,153.35201446061063,2459.4227988994962,72896.15796802672,65422.15485938815,378.541668588389,134.9920116277292,40.4213820108103,1742.2048373243115,3882.634876878663,3060.190166666666,1368.0569875610925,1360.0752000000002,412.16334938072725,7097.1838386323725,10535.272227595779,0.0
2025-07-29,10681.745004836202,10800.0,83670.66439337531,83670.66439337531,64875.089359114645,0.0,0.0,16906.964813779912,13694.641499161731,313.86787678172067,4054.961785308734,64875.089359114645,66583.75367048923,421.6084548608153,235.0733527898425,36.55978288720257,1598.9485164024109,3084.8196501586267,2957.2743333333337,3187.734390139291,1175.7521500000003,889.8773467614807,6972.802838967945,9417.759628043383,754.7903076681974
2025-07-30,10800.0,10800.0,83099.77712804865,83099.77712804865,64171.505071204694,0.0,0.0,20029.911188054346,16224.228062324019,1987.3676171751952,3253.1074184764648,64171.505071204694,65116.29567941598,172.68749771675496,154.03533156311767,93.46575227815836,4627.8895811597795,4393.6676515356985,2727.8983166666667,5276.387205854737,909.7949342897402,363.255211182538,7053.281750570186,9730.447869486463,751.3281480745286
2025-07-31,10800.0,10800.0,82558.18967893763,82558.18967893763,63453.2923582845,0.0,0.0,18944.138220510882,15344.751958613808,1706.427758203689,2673.1388088368653,63453.2923582845,65029.3179885778,224.29488818546747,222.01616862420406,167.86426146813426,2825.335669009608,5017.152016666668,2697.59165,3028.059880582032,1377.2826885175791,539.1209503797062,7453.78904968577,9967.64622322887,768.7367327766484
2025-08-01,10800.0,10800.0,47664.645011920795,47664.645011920795,29065.177379077133,0.0,0.0,17770.604387688112,14394.18955402737,20593.782615353095,2450.4000462402923,29065.177379077133,29858.303711066754,250.96502917790326,3577.2541496656236,688.977102823942,2951.135840968285,7119.798597175821,0.0,0.0,0.0,0.0,7179.9388467268,9710.863658510452,685.8607166666667
2025-08-02,10800.0,10800.0,47037.546641601744,47037.546641601744,28395.166321243163,0.0,0.0,18143.65231367774,14696.358374078962,20346.811835766068,2131.6609162369123,28395.166321243163,28982.09846689673,296.5295630493339,3554.3562971259935,722.7505519127341,3128.9097,7231.665560502121,0.0,39.46300737615578,31.96503597468643,0.0,7277.304307644949,9853.243630837389,703.8230333333332
2025-08-03,10800.0,10800.0,79289.3347836892,79289.3347836892,59219.98807993544,13.943636029180311,116.15287843878093,16206.911570940027,13127.59837246142,10728.076295361943,2654.0051758778445,59336.14095837422,60978.87681086961,73.60169875684412,71.7571707121516,59.84679271758289,3970.0428966335207,5898.832867388544,844.3478333333337,22.664403292181103,18.358166666666648,3.4416268073396674,7430.6584563584665,10148.524181977535,792.4338487572809
2025-08-04,10800.0,10800.0,82024.54186466194,82024.54186466194,62496.211614809145,0.0,0.0,13025.369069097811,10550.548945969229,10167.357412533936,3968.855012332753,62496.211614809145,64983.10944814582,8.213486074374373,112.49096226080451,245.59431453829384,1326.3026432900842,2683.438214470732,940.3756666666668,361.6012345678995,292.8969999999997,13.430149975348387,7097.697561655379,9713.091669471163,780.7851120962964
2025-08-05,10800.0,10800.0,81376.29219973981,81376.29219973981,61818.04152426774,0.0,0.0,13153.742756165944,10654.531632494422,9526.613935256555,4222.180640811734,61818.04152426774,63945.24706162003,99.22495747790882,80.37221555710607,80.70958008840239,1446.595862710894,3357.19146441064,1338.103983333334,499.7788271604946,404.8208499999996,75.87743852310703,6542.420305287002,9040.96048850539,842.2184156060829
2025-08-06,10800.0,10619.820482482648,79954.68681937814,79954.68681937814,60824.48729858558,211.70424058515414,1779.2682899979282,17158.622325437907,13898.4840836047,6428.584258584171,2323.415976212591,62603.75558858351,62308.67766567755,126.16986420782445,102.19759000833824,53.84987993721859,3567.9174177700756,5855.898454758348,1218.978733333333,0.0,1635.1591106494172,440.7048068682726,6787.03473082452,10481.799855758078,587.196501019018
2025-08-07,10619.820482482648,10800.0,81549.97872010201,81549.97872010201,61546.33653719876,0.0,0.0,15993.667394629363,12954.870589649787,12771.929783967731,2563.3295144880376,61546.33653719876,63604.19072924346,632.485298083397,405.5182346244635,198.12497409592987,3271.124170728229,5280.340062534632,1111.0658000000003,432.933456790125,350.67610000000013,0.0,7030.636085846084,9649.983067033449,785.8501984510093
2025-08-08,10800.0,10800.0,43905.62935751471,43905.62935751471,26382.72204672367,0.0,0.0,20013.184851784117,16210.679729945145,21399.57924064134,2913.9712950343924,26382.72204672367,27651.384214023223,407.60659647576523,5139.289026403237,816.3481158161272,3480.405233333333,9417.643139234735,0.0,0.0,0.0,16.74008073564134,6884.712953541906,9354.84691952185,706.2725166666667
2025-08-09,10800.0,10800.0,43071.941569972434,43071.941569972434,26380.355737011214,0.0,0.0,20381.89393042959,16509.334083647973,17737.52168384055,2367.748706016918,26380.355737011214,26187.85623391755,368.30700144822714,5333.603102489861,798.38074719685,3536.1312433842313,9783.601567248865,0.0,0.0,0.0,10.621096297468638,6945.548142594328,9420.98351823819,694.0515951795602
2025-08-10,10800.0,10800.0,73979.83549998551,73979.83549998551,56799.17654613626,0.0,0.0,19635.11446200032,15904.442714220262,2077.4610248246036,2876.61974404751,56799.17654613626,55867.69526595574,432.8009732331163,356.41185579796445,7.213663554492895,6507.408030098489,7130.307966666667,1090.8280000000002,2260.5029244403886,145.44542032423237,213.40098952233893,7077.049711106345,9590.887944583323,727.2996968932312
2025-08-11,10800.0,10800.0,76906.4436907613,76906.4436907613,58008.508374438585,0.0,0.0,17460.376690850597,14142.90511958898,5971.945830855701,3023.8593053106506,58008.508374438585,59380.706941585886,446.42549963355697,361.60465470318445,40.31436095516923,4177.247049040353,6802.538015104887,1596.6784000000002,455.62885122260445,137.84434505859736,10.514733192552134,7083.677532342673,9704.955230741827,785.8531384441744
2025-08-12,10800.0,10800.0,76567.18787739406,76567.18787739406,58228.43205779175,343.0691974022397,2815.7404376788822,18750.929475698613,15188.252875315879,3157.430855095343,2484.5724859848815,61044.17249547064,58595.72552010782,333.06788931091705,269.7849903418428,7.762946112262499,4996.393931205575,5244.533083333334,949.4101666666668,2258.51161568658,917.5801672400615,240.38727458885887,7668.526938946296,10666.666666666668,386.55668091543765
2025-08-13,10800.0,10800.0,77945.4388751443,77945.4388751443,59055.925083192094,0.0,0.0,17970.27059939007,14555.919185505956,5434.358954056362,2946.999607203837,59055.925083192094,60599.412975822626,437.1870758728377,370.1255584897052,47.618055354708076,5177.050518117077,5517.578416666667,1041.2793666666662,2194.8961298139507,51.34109567016276,46.87290968685071,7163.374434156038,9726.118011995057,752.7482124063084
2025-08-14,10800.0,10800.0,73978.23213233148,73978.23213233148,55718.11215279423,135.17494802227583,693.7119514660841,21595.219979536156,17492.128183424284,2195.34629127128,2070.8788096372655,56411.82410426031,56490.93730872363,295.10231936228917,398.1362543822262,231.85447970399943,6957.133900883743,6470.215833333334,1711.5648519777242,4199.724594696045,2.6517467037915594,0.0,7652.7915624900625,10398.32275244049,769.8498669867353
2025-08-15,10800.0,10800.0,43013.428919429105,43013.428919429105,26150.982693982958,55.27309606155457,164.98372112977327,20531.589460345494,16630.587462879852,19557.123332049534,2416.099819308821,26315.966415112733,26061.120084529666,247.91661550035536,5020.312458109747,474.2742400810344,3878.2197284111785,10263.65135,0.0,0.0,0.0,32.62634756815744,7025.029243025592,9513.120907195951,707.0260333333334
2025-08-16,10800.0,10800.0,42951.92486002852,42951.92486002852,25728.131126317938,0.0,0.0,20527.63288359611,16627.382635712853,19732.84220555542,2263.443606589842,25728.131126317938,25916.24591694546,157.9833620275022,5046.18875682644,800.3161413554272,3588.246674430354,9701.497325329161,0.0,0.0,0.0,36.84183127571992,7266.762279398981,9830.994223608302,726.1849250570767
2025-08-17,10800.0,9923.109814188125,74820.04509667133,74820.04509667133,55620.13945317037,189.03232359831838,1568.1665433158246,18446.284184847213,15097.34229007042,7961.63459501598,468.06194714354126,57188.3059964862,55698.16980131037,118.90483767709716,418.1154206617125,71.38982526121413,4788.179320143375,7394.398616666668,985.5386833333331,272.90080369347754,172.81778333333364,113.27643977119043,7926.934205583505,9693.501233522613,805.7568770151612
2025-08-18,9923.109814188125,9897.88518636277,75649.63330346404,75649.63330346404,56229.05821442872,48.06790403710659,401.6907783822761,18939.842097342225,15349.720616592022,7080.786294000712,663.9375160835566,56630.74899281099,56644.62511663412,1143.799876404749,343.7627844671139,22.79045534295119,4692.552296146448,6849.120850000001,1603.411366666667,1280.2254084081471,100.78102351532698,98.53072380467444,7655.15860315647,9527.77768795206,954.0545426399949
2025-08-19,9897.88518636277,9916.892764310991,77758.02030319566,77758.02030319566,57990.25196385964,158.59388956468013,1348.6238061984081,17614.566745375105,14223.294984784958,9978.16345808901,282.00135741452004,59338.87577005805,59007.860224173506,1221.2217328032434,295.8916701441633,108.12669889145911,4007.159973822679,6382.261497820132,1131.449066666666,583.8135596707814,472.8889833333334,0.0,7450.301411892357,9285.319479874082,865.6038789257578
2025-08-20,9916.892764310991,9613.110090213198,76213.35978455262,76213.35978455262,57415.702096508205,316.58101674034197,2649.4870191195564,21432.741371221124,17672.654381071898,1839.0651840532803,218.95216042379175,60065.18911562776,56723.57530662564,1271.9034715669766,259.0114964657039,64.57304055276421,5442.671965388625,5604.275066666667,2565.4725166666667,5023.734068095604,629.2808833333335,89.64725266867572,7970.549306992735,9426.422624380035,805.6682122248424
2025-08-21,9613.110090213198,9142.838535122908,77570.71558106146,77570.71558106146,56971.958471468315,143.72305221165766,1166.7991136183864,17531.876279966204,14585.334722659114,8612.249093080525,534.8050995521711,58138.7575850867,57901.83718591828,1346.8923056178814,156.3333134334332,47.60479868784864,4455.886186822621,6570.505511822878,771.2317000000003,552.7674897119341,447.7416666666668,0.0,7884.31799207488,8966.292021416064,869.8238636615115
2025-08-22,9142.838535122908,9961.315509225507,42063.057139868855,42063.057139868855,24871.819774826545,213.81573543902203,668.9123656407078,21389.799354241663,16623.647996460655,15811.607683333328,440.1473841935332,25540.73214046725,25278.24911297867,1007.1846336056356,4587.30048507758,628.0299752521771,3473.662665707867,10157.88226666667,0.0,0.0,3.380833333333385,18.776756347510855,7903.240141303616,9620.567446094667,656.063871038258
2025-08-23,9961.315509225507,10800.0,41852.70709313259,41852.70709313259,24898.246984136513,386.6812117154121,1203.4238582907426,21070.70738258285,16952.917114977823,13852.736166666664,1563.878303909637,26101.670842427255,25520.844001561436,1048.9780711169415,5490.093106852335,476.73490741232246,3280.9308505593285,10234.583316666665,0.0,0.0,14.918333333333294,20.891013380945537,7498.231690899492,10080.211650280979,668.7431333333333
2025-08-24,10800.0,9583.422410482119,73919.54737705308,73919.54737705308,55227.67741935428,845.4298677293544,6687.164398177648,18347.389903128344,15319.863058636462,7758.276056149964,268.59649414058464,61914.84181753193,54207.96312802004,156.02009188418134,300.26389115480333,50.65553576504806,4890.2612661415005,7577.874433333334,1297.5173333333335,260.9432450310934,808.1173353637306,162.79693814691836,7942.568720723793,9353.368062099129,81.13451191930167
2025-08-25,9583.422410482119,9354.176559061845,74945.45252367972,74945.45252367972,56181.30698567378,972.0052389489484,7855.393565360914,18498.87804568873,15151.855103749722,1466.499580087426,324.05310726891605,64036.70055103469,56404.30433009433,1312.463651995804,172.5067646623528,327.4837477129542,5072.168332914329,5958.698183333335,1071.3524499999999,1594.5555368932737,932.3377710346014,185.6309205968373,7893.568803653718,9072.444302025164,9.92098148472428
2025-08-26,9354.176559061845,9338.242204130102,77287.89381156233,77287.89381156233,56594.200331477936,125.18893634265154,983.440322057119,19078.240896495972,15467.716045600311,7570.0706306530865,707.7311163562359,57577.640653535054,57433.25678072113,1743.6915911208393,111.1490919635412,94.31884279070539,4761.359634993937,6758.760233333334,1429.1314000000004,1331.4091769548932,438.9444500000001,0.0,7907.26814973323,9150.061052296205,819.8633189096016
2025-08-27,9338.242204130102,10416.491741949354,74710.42665564585,74710.42665564585,56304.97394566456,1217.6451799109723,10254.294850584847,21043.193229731383,16404.40447279951,1983.1694080408115,1422.2156872507992,66559.26879624941,57859.58710247948,1598.630653235547,164.17373972900248,272.306758224045,5412.738459052608,6358.788466666669,2083.4201833333336,2851.649922364917,1441.5238905565138,128.48406257354657,7302.548200128054,10240.546379943728,0.0
2025-08-28,10416.491741949354,10403.58137195254,71097.74535232496,71097.74535232496,54334.096537733516,4173.146145525776,34454.9019811767,15533.679125710423,12582.280091825442,0.0,1693.3508806324198,88788.99851891022,55290.30174466782,479.33400182008535,207.9324998141459,206.76720253963026,5464.5655067905855,1168.7730166666665,2268.2126000000003,3247.2579412780215,652.7767150583112,186.66824106513275,3985.283572820697,10230.533866788872,3.5091973417003146
2025-08-29,10403.58137195254,10436.02591774224,42030.86581965673,42030.86581965673,24770.293867481978,153.18054218937496,445.56789323035076,21237.523150672518,17202.393752044743,14827.84640367854,722.2308428731139,25215.861760712327,24750.220347131573,816.2705124856044,4543.837326499279,201.7579915755133,4455.203256047515,10532.363283333332,0.0,0.0,37.66267792710062,70.66465584094118,7189.493709970726,9652.51620275902,976.1967816001242
2025-08-30,10436.02591774224,9695.264607619176,40722.845568869045,40722.845568869045,23953.80454847436,382.90839998896956,2297.8154340437463,21202.414179683998,17619.3475395778,18490.527413161104,417.91564892403517,26251.619982518107,23176.035366978384,801.1593525834446,5253.843585773153,759.971285457261,3638.5229663473356,9821.515320172224,0.0,0.0,45.90166666666664,107.3839351324807,7771.964420964749,9439.18289735464,909.1148998258933
2025-08-31,9695.264607619176,9739.19527847405,70671.32854345546,70671.32854345546,53620.54929002439,816.4187381545285,5792.769754201136,20254.626762365904,16240.57989985599,0.0,920.5832191000694,59413.31904422553,54354.92716859387,1137.9584622447637,73.65608930878204,50.65039514636453,7900.254728175405,5157.177430887653,634.6005038598832,4055.239136177531,839.2056571572786,205.2782119143767,6405.104020055042,9492.606861932247,387.75890129959856
2025-09-01,9739.19527847405,10800.0,75863.85248924041,75863.85248924041,51178.86530467152,0.0,0.0,12039.348905267121,9472.148336893017,9748.100049199016,9931.993655000619,51178.86530467152,58464.275537329006,1178.6719128066118,0.0,17.478863692159948,3617.8237178290005,5399.641775602898,770.0439999999999,16.864135802469615,13.659949999999753,0.0,4455.090951035927,6260.025517362981,615.52971802809
2025-09-02,10800.0,10800.0,71878.38506328707,71878.38506328707,48307.576695699405,0.0,0.0,17696.104449400034,14333.844604014028,4214.509808940033,10266.280708961041,48307.576695699405,54553.93859039221,0.0,0.0,0.0,6995.937871706482,6348.916000000002,1530.127516666667,4392.24869758002,174.27801666666664,0.0,5003.132904266411,6954.939751820016,630.368294707802
2025-09-03,10800.0,10800.0,72574.44185374757,72574.44185374757,50035.19794683457,0.0,0.0,15153.140981109598,12274.044194698781,4469.055435713552,9749.818264956539,50035.19794683457,55147.320803007766,0.0,0.0,9.003673764880887,5766.270220447249,6385.977929126312,545.8599500000003,1482.2518902514876,499.7370196683504,532.4790872469442,4809.928007665966,6743.428400719971,652.2489969172118
2025-09-04,10800.0,10800.0,73525.20072160386,73525.20072160386,49976.82954905178,0.0,0.0,14361.600231825312,11632.89618777851,6505.651279727364,10478.636247829692,49976.82954905178,55720.82745506484,0.0,0.0,21.771194773567686,4660.655450693051,6942.48892953884,980.3952499999999,233.31713034188465,205.20348826795566,20.02050949509794,5105.091917080078,7144.002467675923,681.5500817374234
2025-09-05,10800.0,10800.0,43514.59201046155,43514.59201046155,22503.519725151913,0.0,0.0,16515.383772023415,13377.460855338968,26333.953640926862,7254.482602850248,22503.519725151913,25984.420678013972,861.0227651193452,3230.4555053389654,1131.206185419623,3626.2828666666665,6472.880150702553,0.0,0.0,0.0,0.0,5965.876050000001,8050.2746707818915,554.8464333333334
2025-09-06,10800.0,10800.0,43126.485452491375,43126.485452491375,22170.89539793067,0.0,0.0,17261.753235820677,13982.020121014746,24388.172197216423,7541.156223802367,22170.89539793067,25733.140991433207,748.110878605033,3608.255070674609,719.614588040457,3970.5004333333336,7888.7628099075255,0.0,0.0,0.0,0.0,5848.341100340141,7905.264959267665,554.9235166666666
2025-09-07,10800.0,10800.0,70635.20156147152,70635.20156147152,46698.31507479922,0.0,0.0,17666.424563047312,14309.803896068324,5542.767617510441,6782.82114364876,46698.31507479922,50558.70994220983,0.0,0.0,0.0,5842.9359487088705,6624.369183333335,1463.9639166666666,2396.494847994492,0.0,0.0,6287.942183074787,8645.560531719488,714.9618476179992
2025-09-08,10800.0,9537.965708821412,60540.62505037976,60540.62505037976,39334.2809716297,3429.8299466228254,21769.69985578743,19690.567199039007,16412.263758356454,933.0183569886469,345.09898266470395,61103.98082741712,39923.425244481674,176.62032238114068,173.6278833123498,14.55787828998848,7882.162324717472,5700.520600000001,739.0641345137996,3669.4931333333325,1541.850639396564,0.0,6047.860484603431,9298.601765126055,27.69829181283569
2025-09-09,9537.965708821412,9175.287616617921,61603.82573271828,61603.82573271828,39858.650684222055,1243.1424049260283,8030.437357791164,19822.754978660527,16380.768377624056,6074.533179474964,259.26875713286415,47889.088042013216,39978.301216021755,1540.9594078168411,142.9193091922341,12.589104358132204,6607.43031796759,7976.311283333334,818.8077833333338,1217.0393064100722,590.0830502219734,98.86407682172762,8129.996852003628,8974.431999828916,91.53106490529228
2025-09-10,9175.287616617921,9108.591156323702,60241.32122087939,60241.32122087939,39618.96114402694,4989.616302315832,30141.930025461064,19541.499059751313,15893.064844170876,188.72839564285982,41.90856197192511,69760.891169488,40209.970734792274,1717.7676663529996,525.9447796922665,289.8675243406509,8277.998579725723,5585.7364311547635,0.0,2787.871795228456,608.1499642877426,244.35628670483584,6372.401291313582,8921.360826966531,108.57022915155775
2025-09-11,9108.591156323702,9838.723061210738,59027.497959322056,59027.497959322056,38967.8941840149,1214.6813053421217,6741.888693045721,21864.410491137653,17048.629991915655,1415.8444549863962,724.6318604557814,45709.78287706062,40272.4522187717,1655.7072231562822,187.91669289677964,0.0,7757.1161038932605,5590.586454155328,513.8220946578786,5177.003339104718,316.9764004648398,62.46491874217543,7510.897190258476,9373.187084982223,761.9015097444192
2025-09-12,9838.723061210738,10800.0,33751.27512922155,33751.27512922155,16781.69898719045,1356.8756068069647,4476.148587951885,19564.471330541815,15657.072505828539,17290.791943674183,2314.338950974383,21257.847575142336,17078.635574922715,842.6772764227612,4964.036040629485,186.93486494741023,3496.96782697002,10484.157133333336,0.0,0.0,0.0,65.62483874300999,5775.952136048506,8818.410517095304,1420.116502180529
2025-09-13,10800.0,10800.0,34062.73803355492,34062.73803355492,16617.90556166474,475.60053587683154,1532.205407235947,20506.08055625196,16609.925250564098,20554.829100000006,1904.039063743879,18150.110968900684,16560.353435087003,178.5922412253978,1865.6984324331454,276.20823333333334,6918.961282959428,10390.458433333331,0.0,0.0,21.195833333333326,310.09842944786453,6077.491414285493,9350.723218912033,1726.5782875526932
2025-09-14,10800.0,9419.328249837627,58719.060087588245,58719.060087588245,38565.27639634907,4486.41218182328,28523.01769803902,19129.55114122893,16112.133764034994,0.0,88.55675888425242,67088.2940943881,37775.22690238309,226.92484749965092,378.33749556050475,6.876537860248845,7694.457725515934,5508.873396731915,756.5839010650823,3456.6399760130507,841.706784274866,0.0,6420.3590476485515,9158.128684967802,20.68880997005658
2025-09-15,9419.328249837627,10674.698077826664,67390.8452214924,67390.8452214924,44755.43097846233,0.0,0.0,19402.70240070573,15098.991604932078,5963.135980786713,2034.3271782653894,44755.43097846233,44300.56289858267,1747.1551693788354,172.5911120507178,0.0,5541.028405012544,8072.434433333335,1482.477583333333,647.5317118992728,561.3949584567634,95.12242670053342,6536.901911477276,9473.34199957965,804.5976346014497
2025-09-16,10674.698077826664,9994.474246985525,62889.74783142476,62889.74783142476,42891.262148840644,891.2957540586602,5881.909038303455,19587.24187334528,15915.639122122708,0.0,655.8697342608439,48773.1711871441,41744.2253155926,265.1809246157974,146.8105925443483,55.2910784710558,6907.088131111592,4615.903240998625,1363.1868333333332,4038.003398199725,830.1459485780854,68.98429545052761,6605.1207440425815,9849.769993579925,63.28687251276758
2025-09-17,9994.474246985525,9547.547628317025,67681.17876480479,67681.17876480479,44807.772988392535,8.415280570034653,43.322919958756344,20395.025338459836,16950.143664939664,4103.8565651515355,186.76492336979732,44851.09590835129,44785.89544301093,990.6573582643645,392.80651173647834,0.0,5528.343992456531,4880.081761006098,2342.5835333333325,5226.430282259622,0.0,12.603280227837482,7771.369681171573,9319.745476437161,915.0399462417502
2025-09-18,9547.547628317025,9208.101716770554,62759.99729374844,62759.99729374844,40386.689804763184,1503.1009489612477,9156.687222565308,21241.339253078895,17483.04693140018,1129.8149165505615,639.2084211470759,49543.37702732849,40091.11345477737,1516.2442942420614,159.8459764840362,66.35568829042302,6811.031520627217,5820.427233333334,1823.821354225381,4785.615039799002,501.6472504974346,49.777937843672476,8129.56712039313,8968.42623983516,57.13370917298016
2025-09-19,9208.101716770554,10800.0,34997.56826536583,34997.56826536583,17284.883539369588,447.6389357464594,1399.4165025414368,19980.736760055952,15426.688293738838,12924.75481666667,1788.1125681284927,18684.300041911025,17308.865374857014,949.2500112419378,3080.4904816853864,70.0651834498808,4927.876371108488,10636.33333333333,0.0,0.0,41.218333333333476,341.87817873213567,5992.831724773033,8816.543353298675,1384.2713828385936
2025-09-20,10800.0,10800.0,34495.073007897925,34495.073007897925,17098.338681868594,1242.9405686696848,4118.07358982485,20024.887860211875,16220.159166771622,13673.140989877364,2508.69937658333,21216.412271693443,16776.255914596393,4.6744046092717895,2554.9300312149735,71.16299256598063,6097.758197996983,10606.493749999998,0.0,0.0,54.98675000000003,184.6942059027872,5814.179973447925,9157.862507133836,1698.304214111741
2025-09-21,10800.0,9770.235283891112,66285.21451261813,66285.21451261813,43537.4550861623,379.92424384762535,2475.925645858922,18534.979378932996,15275.598375143849,4257.531510114944,793.7113092283213,46013.38073202122,42269.387947446216,151.27080194683236,128.40863964776725,20.52972225910767,5328.685601015846,5711.154603074859,1095.1527833333334,2207.802715048401,1.2668282897047902,57.12221134313813,8196.40349897127,9566.700354532413,525.6810238859254
2025-09-22,9770.235283891112,9497.526932120229,65328.57109847512,65328.57109847512,43102.61887874306,922.6681391837061,6340.808489852289,20833.49585316588,17110.092350948045,1493.4065389814677,491.89827979285053,49443.427368595345,41695.47739789415,1286.1786488509797,172.94629058224405,86.68293174727063,6444.032956697206,6125.897051130174,1712.6139499999997,3948.423740532403,285.48505188029867,86.13757079489767,8440.122660217388,9287.241580838412,54.891441570908455
2025-09-23,9497.526932120229,9390.126437031166,65735.6730825382,65735.6730825382,43190.49859392905,2319.4380328934694,14965.805853791671,20176.10439592047,16439.30500627574,1317.4455597739375,876.9292160129975,58156.30444772072,42604.85026781262,1647.7536445574121,162.45469099970705,4.224537299170253,6504.876956921357,5012.541816666668,1896.6157166666662,4286.842542081331,823.6236481769602,35.20465288561218,6979.322652870569,9189.53720243028,72.41134064047648
2025-09-24,9390.126437031166,9539.477929733093,68780.26289047208,68780.26289047208,44932.36193216196,148.1228334121377,948.6933601507176,21151.57216128664,16998.357107210453,3269.608254313901,454.6106321607846,45881.05529231268,44101.390984834485,1655.8200242114356,140.05929043701565,121.1857498129425,5736.985236308748,5888.023933333335,2393.5189,4134.648937414177,18.290068847517887,55.904532783072455,8193.532319894237,9295.988983731682,515.9712917229297
2025-09-25,9539.477929733093,8901.621957788819,63676.171096052145,63676.171096052145,41796.36367376281,996.7254016641784,6351.985335057492,20739.641611712337,17373.180080236853,537.9017273767914,595.4308888640454,48148.3490088203,40742.96572874856,1374.7902129440668,368.3823385220327,85.3778304860009,6384.430942131348,6248.1690333333345,1757.6831499999998,4217.625988475891,480.55501918704533,97.26264199844445,8253.29150978193,8716.415904474607,128.83712061449373
2025-09-26,8901.621957788819,9018.982811688578,33523.82454777215,33523.82454777215,15204.243434375807,0.0,0.0,20567.51766329713,16613.0385773057,11580.232851260196,283.21166052052564,15204.243434375807,15545.347044422797,1280.1056140770993,2520.068235699677,63.16058333333342,5374.795201800112,10167.757166666668,0.0,345.03055628074435,0.0,110.15620732781882,5800.1087279355315,8674.114990605056,2918.0664118703753
2025-09-27,9018.982811688578,8636.426649712377,33546.87940284675,33546.87940284675,16011.556422415233,726.7914230736021,2642.2017973703264,20116.924657234104,16764.517740448504,12701.76702793397,233.91958120079732,18653.75821978556,15268.052051568266,851.726747971164,2928.8367855363945,127.97835073149395,4815.810729432476,10560.496116666662,0.0,0.0,127.12631629379302,456.99313871896794,6289.50925290317,8274.678725751126,2603.234656282673
2025-09-28,8636.426649712377,8520.985664249663,66375.39804260287,66375.39804260287,43690.857030757856,2478.7399895842414,16471.010457604556,19687.52945666622,16025.818849790427,1433.7874078841298,265.909950760529,60161.86748836241,41884.482235082345,2581.8583975390848,163.8751401973783,95.77841565092584,5972.3696990826575,5076.587833333334,2554.9510333333337,3662.8227325596563,882.5983866296037,87.35223736690841,6437.553414822589,8152.294164876004,14.471175724866043
2025-09-29,8520.985664249663,8486.965929276485,70001.30303860139,70001.30303860139,45985.48306434733,433.0363939200355,2878.629893638098,21644.150204098707,17402.874062966344,2622.361898324544,778.0672930644997,48864.11295798543,44976.840185346744,2697.050362151753,133.49789116761474,73.01086566642851,6085.608720416913,5460.201866666667,2411.2514333333324,4962.827038235724,239.29964765595207,142.51370047511068,8098.953658297852,8111.626168644431,434.26271209467916
2025-09-30,8486.965929276485,9330.549296220359,71339.18637090968,71339.18637090968,47486.07230802922,438.8176301666659,2439.023144757078,22422.468831261973,17402.97472307272,1026.5855992624358,390.3313936246477,49925.0954527863,46352.426306667316,1191.5879247781922,112.18742391210719,1516.9529240653458,6167.627733333334,4933.272666666667,2485.187803166668,5815.334883133799,371.63281646267956,423.655479893836,7359.967492868201,8541.664952724137,906.3714533297363
2025-10-01,9330.549296220359,10800.0,70580.76780519294,70580.76780519294,43729.79887163473,0.0,0.0,18021.00867731435,13949.511368222953,13851.04297848849,2961.308867613048,43729.79887163473,45275.039748343246,1671.3800383463247,31.312197658847367,50.21232891479148,5152.003409217425,7698.965254481203,1124.8304333333335,59.89748800951197,48.51696528770253,44.504695672876,7024.682524917206,9329.382171889645,568.1658378084369
2025-10-02,10800.0,10800.0,63835.6019525297,63835.6019525297,40097.44800439053,366.66613907252065,1851.3930258687083,20356.643476990805,16488.881216362563,5854.938810959081,2965.408970014886,41948.84103025924,41498.26458891207,127.49412526251683,421.20260844097754,73.37055424667369,7045.216937700657,6873.041783333334,1336.2808442608125,3793.624883333334,0.0,40.11227909469517,6987.558159293443,9448.999851720257,698.6226666666666
2025-10-03,10800.0,10800.0,35052.340581431265,35052.340581431265,15939.580832477815,372.0104976630751,1184.2749509788646,18335.064263214095,14851.402053203421,18816.091138382555,5272.5010807011095,17123.855783456682,16776.101587327794,60.88139054339803,1654.822143969685,179.38888864171645,7067.228935670258,10527.694016666665,0.0,0.0,0.0,0.0,4935.330016666668,7567.099967362317,1194.0209568968128
2025-10-04,10800.0,10800.0,35466.65872654137,35466.65872654137,16340.192792897225,0.0,0.0,19585.986638081155,15864.649176845742,15282.916960314084,3187.1287383251974,16340.192792897225,16311.467218709176,164.88228949784843,3261.237983636207,95.18479719601322,5414.3360894490115,10450.518188719987,0.0,0.0,0.0,18.966205219648042,5028.8026428945805,8856.435157447664,2160.272460865943
2025-10-05,10800.0,10800.0,70021.05917398902,70021.05917398902,43904.55877363094,0.0,0.0,18971.32063345168,15366.769713095864,9138.750195634912,2544.633557998306,43904.55877363094,44410.66409785429,260.1950428168162,241.3932251409566,58.17307436510305,5824.934718540356,6558.072416666669,1585.2795666666664,2580.5800027198056,8.579124272420358,16.938096537251113,6976.163395142133,9497.36200034604,730.4196833333334
2025-10-06,10800.0,10800.0,67275.40395328598,67275.40395328598,43957.441198227614,0.0,0.0,19527.61436930433,15817.367639136512,3296.207744249558,2547.610962201935,43957.441198227614,43798.32907494906,195.77564168796005,227.50420693294984,108.0332649673147,6011.300241616064,6404.938600000001,1866.925266666667,3353.757592579107,44.89941516416752,88.38832419089812,7124.651458832082,9376.72094587905,542.0870499245766
2025-10-07,10800.0,10800.0,71817.15937830869,71817.15937830869,47199.30728670242,0.0,0.0,17683.14710938169,14323.34915859917,7695.923864782983,2994.733346076524,47199.30728670242,47529.09872425274,30.621038200581097,287.58126522928956,51.286206905320455,4107.23253755219,5717.831833363459,2540.4685333333327,2762.3378796970746,0.0,0.0,6688.744622484356,9121.070151215255,699.3222000000001
2025-10-08,10800.0,10036.389457125211,61506.43071143601,61506.43071143601,38550.73494390572,917.0517961443597,5007.183927709454,21495.247601349594,17423.400072680477,1181.2310810731528,702.11419783811,43557.91887161518,37499.874818024444,131.68725988553004,106.6666805072773,13.168538863755998,7499.991676970469,6421.884633333334,1150.674839509174,4272.257650565154,22.255249957770843,0.0,8130.231533982539,9822.91621870183,513.5800917532539
2025-10-09,10036.389457125211,9854.053849790336,61235.21148543582,61235.21148543582,37774.087935506686,2360.1687528417806,14176.680142861609,21248.575520725528,17375.448218389076,3467.5781663770767,622.2394362307393,51950.768078368295,36937.35003252105,954.1174697931779,85.58566194516686,12.175995609759411,7331.196163665392,6044.009333333335,1318.666392778513,4622.6573333333345,693.2580820404875,0.0,7946.741917959518,9615.61538865593,0.0
2025-10-10,9854.053849790336,9770.272954224743,31218.672478803714,31218.672478803714,12997.578601676916,720.977858770061,2579.07508088404,21164.152724226216,17281.280676549362,18323.731350000002,386.7275232302418,15576.653682560956,12854.755460139977,904.8599482011391,3293.2533278126134,199.56979497701906,5305.752462972997,10562.678066666664,0.0,0.0,49.79291666666654,52.191216992285206,5579.1408657677475,9522.525504694158,3053.3411033293346
2025-10-11,9770.272954224743,9664.346134049603,32012.33069300647,32012.33069300647,13586.986661729878,279.6110723543226,1073.986128912953,20686.16896479301,16948.760275998233,13892.599673780505,430.55035278551054,14660.97279064283,13288.753909046673,1035.385114211973,128.43964266489968,47.6117073413231,8180.320633333334,10318.8730762195,0.0,0.0,15.181666666666729,0.0,5653.806105687657,9404.829037832893,2971.0122276456777
2025-10-12,9664.346134049603,9433.759774966233,63950.73414955428,63950.73414955428,39826.452881661564,335.4960602130264,2031.1126048642946,21599.912607303067,17542.913494815166,1087.7037513633236,602.7684292494109,41857.565486525855,38530.25347210302,1326.3322268876673,52.240624423653,0.0,6657.717948825758,6308.475766666667,1982.282051174241,4532.107467392774,140.87241958814946,60.3133911375387,8171.171691542006,9174.481977100704,538.6287592613606
2025-10-13,9433.759774966233,9499.546151980883,66743.0203639472,66743.0203639472,41476.01306934202,344.79581023584615,2168.2484526681187,21398.59548234667,17273.65460138762,5041.833412672305,931.6554305516954,43644.26152201014,40997.93599257243,1520.1082856116616,1.6715088150580186,122.51347039381642,6239.433420264873,6540.822500000001,2267.0011166666673,3967.9244557380416,150.4072830529483,4.193039212269127,8216.352213846765,9243.03373139089,398.78905874131294
2025-10-14,9499.546151980883,9471.067213482653,67421.14737816613,67421.14737816613,42196.77537930437,1597.30181495285,9421.300834420048,21421.61632466176,17377.14026762444,3278.206582421234,883.761403660427,51618.07621372442,41283.78976414508,1501.5041056840305,45.80986238686137,63.370870663677906,6429.807978192142,5689.608950000001,2261.522427045437,4977.057716666666,379.40544989657246,0.0,8260.594550103428,9190.074681647393,0.0
2025-10-15,9471.067213482653,9328.373475509354,63072.654892881066,63072.654892881066,39491.7617456441,3226.3759343436204,19194.368525121663,20394.697424028745,16648.12927763926,389.4329860682742,260.481328100258,58686.13027076576,38935.57955649485,1743.1527444133058,282.1568943267863,15.96363258109136,6855.831354204116,5475.732353880322,1730.856508968946,4014.349005011595,894.5843095053141,0.0,6792.381591197137,9145.499688142436,92.31861943695658
2025-10-16,9328.373475509354,9262.55461774864,64868.2724517174,64868.2724517174,40509.15618642146,4131.2110873415995,25173.244857290905,21492.31011523625,17468.008165326013,1619.3573037594656,541.0860687226191,65682.40104371237,39475.05555270264,1737.724163727908,102.5262546838444,61.72515041763904,6918.192191683485,5991.845750000001,1752.3716260489805,4674.82091666667,1967.2578031687503,18.912906253346705,6688.061650896463,9007.281228170694,39.59863884448578
2025-10-17,9262.55461774864,9458.862158587637,32536.651349794574,32536.651349794574,13638.09452825595,0.0,0.0,20992.284477920883,16827.07364036081,11944.093213376462,455.4834155247049,13638.09452825595,13504.699049421273,1083.011336542578,143.7226085215529,3.1508333333333667,7932.323500986038,10592.537772758433,0.0,0.0,47.77579128233731,229.71569210714273,5475.820423082879,9083.868843179398,3227.431316488006
2025-10-18,9458.862158587637,9367.187476604005,32616.24676393697,32616.24676393697,14103.668498683975,51.266260087360834,201.75490055711418,20637.92004730753,16873.754518923382,12061.329233333334,592.8444289735194,14305.42339924109,13476.42148792425,900.7019853719737,2739.7456761166763,116.89338138108997,5517.482513682183,10666.666666666668,0.0,0.0,83.24848333333324,52.19245402532596,5368.435916799047,8993.480457169891,3164.841928992142
2025-10-19,9367.187476604005,9458.019660192234,66321.1000916363,66321.1000916363,42614.069979181564,3040.125985168159,18827.512148695172,21761.813045103598,17519.440842711094,926.1895212918309,270.7373364534493,61441.58212787674,40866.68500084443,1670.6339240847544,397.4958758611167,141.0110912173434,6618.728082566312,5643.608566666668,1801.6772329108796,5007.532831944602,1966.1357951116106,85.47744554235965,6730.525468652825,9181.600100964642,4.878387608348248
2025-10-20,9458.019660192234,9415.552973931934,67021.68571945258,67021.68571945258,43321.25674558935,1906.8579362904607,10782.82705712529,21215.076781936223,17173.77890277702,68.74223324898945,409.84011000151173,54104.08380271464,42294.646550742764,1533.416567576434,200.42466473508568,221.83162797195718,6230.030117543776,4756.0544831646475,2423.5139502883458,5228.459732089364,416.19284294230863,267.73604700705664,7585.874798729632,9147.51251150258,317.74252853787203
2025-10-21,9415.552973931934,9545.969908030962,70393.30293174906,70393.30293174906,45586.22083793018,1242.7755757538755,7097.385638286667,21870.134793043686,17650.488029864955,160.37937348901323,776.8336375018729,52683.606476216846,44397.74950265567,1575.575652148246,30.21395477881856,41.484405661596874,5871.564025308815,4533.482186688282,2802.038343277076,5954.737883244156,952.3715315873063,513.671155079847,7731.6420041253195,9316.6823845286,262.658170787626
2025-10-22,9545.969908030962,9193.050763966015,72206.36582382703,72206.36582382703,46556.8378941791,2876.609514199726,16726.55826087678,21179.124292872755,17419.663818696692,5485.220723956981,286.45568989370474,63283.39615505588,45399.25704142301,1443.136437103864,124.94812341662998,57.487220794278414,6325.764691169707,5119.298160320807,2276.165265539027,5547.368506345858,261.85257338768747,0.0,8372.287090797812,8946.335094000908,58.64607438582182
2025-10-23,9193.050763966015,9717.773163723778,72505.95944986842,72505.95944986842,46952.4167581544,898.9624499356969,4862.8826527227275,21219.056360002134,16715.18549181974,5230.699541528031,464.799673427022,51815.29941087713,46661.2544670792,1815.5620878742006,214.3436621596262,22.643615181039536,5898.34287815356,6082.378450000001,2570.0057667309698,4584.288216666664,0.0,0.0,7316.0034159817715,8714.18399028023,716.4897687938128
2025-10-24,9717.773163723778,9539.011836181771,32842.597553696076,32842.597553696076,13916.628540818958,621.5330852431005,2492.014593233076,21094.932566152336,17247.780573371198,10930.70056666667,285.3921461580412,16408.643134052036,14029.01934421293,1093.5745043334196,157.6474095893637,0.0,8394.14378627211,10666.666666666666,0.0,0.0,173.40185000000008,69.12268828361903,5596.367448349665,9265.568706868637,2926.220079160067
2025-10-25,9539.011836181771,9252.912273057666,33138.97876398775,33138.97876398775,14110.428672702656,163.5603768717142,628.0144259121232,20422.338076316395,17061.54770742964,9901.731030504865,429.1162748011752,14738.443098614778,14220.418141402122,1196.7076247209304,211.130602289985,0.41640339373799407,7963.723335486762,10296.386200543557,0.0,0.0,106.21945246875407,304.5602094480109,5624.651144365966,8947.680303397408,3155.823172818172
2025-10-26,9252.912273057666,9701.241360263248,72620.47449918259,72620.47449918259,47662.00257608824,0.0,0.0,21762.695124392212,17069.09475831799,3035.7320905764755,366.78395919855376,47662.00257608824,46155.05712400077,1848.1931342727535,104.65748451282661,80.74107675113629,5539.003306858534,5049.070133333334,3071.033733333333,5581.7220905639315,66.30493333333334,9.04723254906446,7617.224095157299,9002.326254508824,670.8712051226642
2025-10-27,9701.241360263248,9790.455619141154,73243.45705732038,73243.45705732038,47651.3987654466,749.7911143714578,4840.679872410152,20550.886175624342,16459.1528244186,5842.519129065199,497.74495808757126,52492.07863785675,47100.77958277333,1291.0625815417084,56.877915285705626,57.59944215656799,4638.623282233994,6140.690821010837,2923.0172333333335,3137.068398026832,995.4918159464448,247.69678217971796,7845.142577619127,9544.950687934614,0.0
2025-10-28,9790.455619141154,10061.227684291343,74348.15919086151,74348.15919086151,49182.6215381284,0.0,0.0,21285.129979557,17024.399866744865,3248.427304346801,886.4118403692396,49182.6215381284,48064.987639981366,1176.3720182751902,52.982525117116325,51.33919932034284,4745.708016549843,5631.67582973489,3554.106066666666,4678.046009808449,122.15040171742146,83.18109779086495,7796.009866523648,9698.021308502395,753.4429901701665
2025-10-29,10061.227684291343,10101.930215741098,74293.07713501545,74293.07713501545,49809.18373211394,659.6393596723069,4187.829128817263,21910.919270661994,17730.81005615959,702.021473376029,740.1333401426574,53997.0128609312,48331.485125541345,902.9692543872958,66.51001191592002,152.0792626987535,4194.199539217154,4523.123325020285,4519.638797143393,6003.897607852863,1009.9348870906988,462.01097016100687,7800.440823582244,9891.033573045666,140.08599721017455
2025-10-30,10101.930215741098,10002.037845117364,73492.12787163304,73492.12787163304,48863.0846061074,4.064287242873114,20.23202189502236,21360.42254918179,17345.108231231625,4140.336276873755,725.8346140519991,48883.316628002416,47298.62806295023,939.2621896409646,167.67412138557847,90.82541881675846,5038.399594913249,5992.759743871392,3239.0714,4218.832712718733,237.21841766379146,238.98940962647202,7851.564474022094,9822.05286812848,811.1802232469132
2025-10-31,10002.037845117364,10047.67584736501,34733.28395322645,34733.28395322645,14938.428309751214,0.0,0.0,20945.369703715623,16924.67525798679,6405.336268604911,418.2313555593653,14938.428309751214,15012.139027945128,1070.9934283574346,262.53110532541547,12.048949402814799,8065.097808991222,8511.492833333334,46.735616666666544,1630.811048631934,104.02896448336406,97.36464748640918,5260.489562520121,9622.658796503703,3185.7922000000003
2025-11-01,10047.67584736501,10413.961298584554,34594.774754337835,34594.774754337835,14963.071987236659,0.0,0.0,20906.825166962328,16932.436620868,7283.208886656403,604.0684215870995,14963.071987236659,14809.828566415523,915.8985512159738,2138.7850316302065,52.837517481512634,6482.095128453906,9496.129033333333,18.27256666666659,1077.0394149185522,47.67444053550207,84.82985615389794,5045.88178691505,9684.492203397456,3199.7276666666667
2025-11-02,10413.961298584554,10160.674247914278,74243.67215865622,74243.67215865622,49514.168723046525,948.2369800457317,5299.744489488129,22025.45860434575,17840.621469520072,1599.408688823302,623.606515052955,54813.91321253465,48165.15785484507,484.79412068274155,45.24840647911901,91.95795087424176,5263.975003808784,5191.262348753506,3450.5109363993524,5569.911124528806,440.8871228328155,449.7982833014052,8054.989466666667,9956.304719904752,585.0105333333339
2025-11-03,10160.674247914278,10397.98749977343,74601.48763335343,74601.48763335343,50400.38014628773,85.37035004302345,443.13728219280625,21396.56896699055,17331.220863262355,252.49736053236924,837.3104024692279,50843.51742848054,48965.236888483494,786.8862220706062,70.21719479022943,185.70295765598183,4923.680930620845,4332.812655623994,3858.5059332903093,6219.212845857084,39.91883600599783,175.23106260889742,7716.566878926367,9960.404614128603,722.3310896285966
2025-11-04,10397.98749977343,9962.755085335191,74869.11634304673,74869.11634304673,50618.395099868416,231.94645234236316,1461.050693136439,20317.962158230803,16536.069798365283,3215.6772964686425,552.5585890549214,52079.44579300485,50120.15354261747,570.047384922619,221.74392651753453,184.61551192500337,3869.455082385417,4359.094622042111,3735.708616666667,5039.335176810189,50.5772679518999,18.87785210925358,8118.653613798388,9759.338866228929,539.9312910453734
2025-11-05,9962.755085335191,10451.877770857758,77476.9109834764,77476.9109834764,54347.468501081035,0.0,0.0,19875.118295541248,16020.325369190088,3361.404125531333,594.9342982605671,54347.468501081035,53362.025076725986,844.7716145650843,583.825898232464,210.16019656950982,3074.5413026151946,5152.056525646814,4202.8827025110095,4428.530584893892,0.0,98.4983567030605,7426.932072013527,9587.63184033818,732.143393817896
2025-11-06,10451.877770857758,9745.644566774965,73357.63053078603,73357.63053078603,50503.921021711954,1827.2801903681968,10385.36839970569,20634.480422770448,16987.849059346598,0.0,332.4543743970413,60889.28942141765,49255.05853764457,544.608437586281,301.1221452353062,155.95044789445035,4456.669884026273,3848.1099123205577,4136.350661749793,5991.976042641461,2.1414555419009957,137.74478711666677,7748.6976326523645,9509.559972035746,342.8672801409535
2025-11-07,9745.644566774965,9928.757141080268,36039.64867027532,36039.64867027532,15906.142726714388,0.0,0.0,21235.88006349261,17064.627235571206,8302.983832779088,182.87004290815918,15906.142726714388,15589.118501122073,929.5862969163511,1267.2673284733396,166.24629678988822,6943.380483333333,7522.295816666668,325.6137333333333,3091.9721267166456,0.0,0.0,5267.462757097864,9560.798910374617,3260.9029333333333
2025-11-08,9928.757141080268,10065.970570571726,35471.53976790712,35471.53976790712,15716.380772066255,0.0,0.0,20742.478129847736,16836.3888309422,7202.855032695687,496.2442363058905,15716.380772066255,15275.84467908947,1097.5066389167673,1445.6007466009585,20.76068798330914,6866.9035032344345,8001.972316666666,49.7587666666667,2171.5894793095786,0.0,0.0,5324.848781106808,9646.295466610733,3149.2770333333333
2025-11-09,10065.970570571726,9704.76862885381,76497.19478924411,76497.19478924411,52393.86618435285,580.130088047282,3655.979814873971,20479.84770373248,16726.919054244638,1545.3158200660748,393.93449107080465,56049.845999226825,51552.91494631012,893.0145711313787,262.495299200051,288.36645554152506,3213.6967361863735,4580.17406255418,4498.681766666667,4912.02510854918,757.5124319941443,70.0408187255374,7789.515257547729,9505.560843619816,205.01756264967503
2025-11-10,9704.76862885381,9544.41472167288,77889.06157296836,77889.06157296836,53924.07488778657,423.61046325532055,2750.243241869246,20996.54848197932,17174.05707506107,20.69577186203258,601.0749574433937,56674.31812965582,52857.60279952623,1264.3023670349332,123.37778099149364,229.56791642107513,3162.4148069136454,4026.959126985351,5174.954186475728,6118.5868587327095,258.059589211074,73.5527962017419,8088.032540969191,9311.399525486202,367.21817049993643
2025-11-11,9544.41472167288,9956.163003628075,78730.29970385862,78730.29970385862,55378.86797340963,0.0,0.0,20405.515906249802,16135.3601421077,2668.8409482866227,244.92907476320568,55378.86797340963,54506.61183037101,1358.4378555614953,288.1975103954916,220.71989476327917,2963.104424034601,4968.450847967608,4817.479612394784,4824.035499891696,12.223422209819091,7.381599199197808,7397.2919807697035,8998.670099983849,657.0631923032977
2025-11-12,9956.163003628075,9803.024149537432,79361.87815947607,79361.87815947607,55387.14353639503,18.304599079195306,119.06226471062587,20405.8418039097,16666.55682984844,4470.261417102153,212.03481739184366,55506.20580110566,55586.66213316586,966.7666770886229,178.0941289179193,231.57876212797623,2599.163398586441,5479.308979905356,4992.121926389162,4060.3170112523817,168.92410797495688,87.20336009834188,7884.58688679826,9580.667013437025,843.6663811816995
2025-11-13,9803.024149537432,9653.77764296904,78973.85058696487,78973.85058696487,55288.90368861209,671.7017621982176,4296.5403219008995,18443.109513724536,15073.240562028426,3140.2070717321667,907.8739257348233,59585.44401051299,54527.53460650238,1245.27316145838,111.39299536497924,69.01375677141104,2289.4546550803307,5121.231945320614,3951.0191943079985,2540.1839114127465,678.593047085402,74.32046879578229,8012.065972864981,9393.0862699656,30.714697324736655
2025-11-14,9653.77764296904,9682.352406148513,36437.37839068257,36437.37839068257,15485.649716505013,0.0,0.0,19288.95929121331,15645.167076947522,4838.936613875687,350.48766254110456,15485.649716505013,15889.054319457657,1099.0750868713226,122.22506185512253,16.54485902369322,6914.7603713645,7079.943433333335,132.81046666666657,1929.6168938755495,168.21319233202405,94.38164006637265,5222.238285739897,9127.208906347076,3084.919698989313
2025-11-15,9682.352406148513,9783.55717629889,35744.21922838938,35744.21922838938,16060.29800458471,0.0,0.0,20648.407326814773,16681.795556165758,3044.1359008662835,347.983723540754,16060.29800458471,15676.656599146441,839.643892321171,1022.3887525943203,93.8516683068836,7062.7599385320755,6854.320816666667,291.4173333333334,3795.4538189102987,57.62052293810552,79.70958571827099,5193.844692310542,9044.27929128794,3053.7643164573847
2025-11-16,9783.55717629889,9704.258998730347,81598.49663279558,81598.49663279558,57032.898951254494,0.0,0.0,21892.536539431818,17738.78862919842,2897.715529174261,141.02292672123397,57032.898951254494,55921.193271683114,1283.7146404230002,173.91387156876408,199.11841675615767,3107.264910998018,4921.451036217285,5723.517021472224,6063.899089557308,179.73403282254378,166.22256438220086,7733.598529581943,9177.224214869879,820.7602627549338
2025-11-17,9704.258998730347,10091.592753561434,83754.75044919341,83754.75044919341,58586.83877959864,0.0,0.0,21443.918766458548,17029.444347734392,5419.358326146148,1191.351587656423,58586.83877959864,58266.17346069174,1332.0578598938837,92.79996537136071,115.45505635205498,3117.389613337282,6184.947711661624,5407.597575050237,4233.914897539813,7.810120710808178,0.0,7649.592566065687,9588.000680827157,754.2545071990203
2025-11-18,10091.592753561434,10058.785050096641,80630.05492477232,80630.05492477232,57287.1009617143,0.0,0.0,19711.259074017908,15966.1198499545,1175.9332259937696,834.556758048472,57287.1009617143,56340.03017165359,943.2163967966031,161.7556498611699,135.6913373411532,2299.4621492283686,4435.055608475806,4695.792823157191,4404.683107798106,506.9121424184482,111.42429314472145,7440.7100603527415,9644.735326611752,861.4870249365799
2025-11-19,10058.785050096641,10145.831302150766,80697.93777646606,80697.93777646606,57659.19862052812,0.0,0.0,21358.686220475323,17300.535838585012,1014.0029229078515,248.66770500123943,57659.19862052812,56237.82647853042,987.974208758833,339.93741684936003,433.00927968233316,2615.2845652902924,4271.422021786571,5770.558432353032,5943.971803744571,41.02007656750459,59.87474568651837,7676.961554482345,9759.152218654406,856.7737930424732
2025-11-20,10145.831302150766,10102.916348149589,82969.60435846467,82969.60435846467,58443.48698275709,0.0,0.0,21187.05480212725,17161.51438972307,3105.0240899398987,1226.59558945393,58443.48698275709,58103.29185673464,807.6619950667551,99.01616304997481,202.36220923977905,3270.0619855789264,5743.701807947075,5028.179900000001,4566.784457674699,269.05590685916786,105.49667025981643,7636.852752490371,9713.364379715596,858.3476817446333
2025-11-21,10102.916348149589,10800.0,38041.779559425726,38041.779559425726,17224.541597461495,0.0,0.0,19954.02032205584,16162.756460865236,3074.9449687649744,2286.833029470142,17224.541597461495,17228.77103705853,825.0353724828426,1046.6517301166773,116.57346293117052,7222.87856703701,6907.003083333334,267.8821166666666,3465.940797901692,261.6700078418785,52.22433545477014,5172.677303268331,9361.780660896933,2190.9967359346683
2025-11-22,10800.0,10436.803442284207,37922.57049909662,37922.57049909662,17300.188712409796,0.0,0.0,20377.145352931857,16505.487735874805,2734.7079037908557,939.5919282487041,17300.188712409796,16968.817058505374,194.3042124194195,423.3057732799337,1.7468741973126498,7349.174231340179,5797.6562249726185,406.13419999999996,4137.635116139402,27.77316184017468,127.98862479158412,5053.859452747849,9714.262569616198,3245.240916666666
2025-11-23,10436.803442284207,10282.8365179703,84623.50715064413,84623.50715064413,59896.4575748234,234.13119735622953,1349.4151559626291,21644.03821909439,17531.670957466464,4466.409554034428,1025.9288156713424,61245.872730786024,58963.02023293395,578.4211298470785,141.64421323191903,182.99918373580834,3008.640491934886,5013.780722085482,5779.588846891124,5652.885944581185,0.0,0.0,7776.892607925544,10044.876878496052,824.9047974829886
2025-11-24,10282.8365179703,9746.068252527339,83397.49756803212,83397.49756803212,59435.227943737606,12.856646367511233,60.05339518264498,19621.082143468306,16166.615135934728,5712.850636805619,121.67520339377256,59495.28133892025,59302.677110057164,739.2808326527771,326.6913216482843,371.40693847809234,2228.1396178690557,5893.294453132009,4754.660512460595,2789.9250026444643,344.40911660137033,61.227974325609125,7642.866860015711,9507.239733379472,869.8477073397102
2025-11-25,9746.068252527339,10021.110172378469,84737.36593850717,84737.36593850717,60703.51338787362,525.0512276578975,2832.1109909179313,21646.944648698947,17286.487437580137,1845.0554430107422,2905.4344453688386,63535.62437879155,59790.521454836744,1220.118709983031,39.75758236086085,85.15742840619117,3331.4343083390722,5646.662995361066,5467.05726032411,4907.05087959722,23.194053583021287,264.23100359268244,7666.347833269719,9523.723631758761,758.6963997033521
2025-11-26,10021.110172378469,10689.15439105434,84221.93290714739,84221.93290714739,60820.853068937315,0.0,0.0,19449.24147901855,15727.884726145656,1992.9772070036483,1738.7333806041838,60820.853068937315,60376.76297364472,933.0432787933997,69.73601054660969,235.59805603539053,1871.7991526073322,4923.489300680529,5498.775148181217,4048.6656813754685,98.90941606884712,79.01823778161793,7471.169015408308,9939.598436634744,717.4959833333334
2025-11-27,10689.15439105434,10418.196454825786,84981.1668959682,84981.1668959682,62293.42420993678,0.0,0.0,20562.347822432475,16655.50173617031,2202.918081423023,3247.354194949679,62293.42420993678,60656.190530554624,173.22290611382283,40.549505901102066,98.70407769475969,3163.3488403866127,5117.096824740099,5162.0992890111875,4357.125173230077,75.87746784504145,632.9099669060745,7493.9157999279105,9882.224500160366,719.7108330984593
2025-11-28,10418.196454825786,10195.237379586928,40087.39094243279,40087.39094243279,17046.238193029516,0.0,0.0,20607.221312834194,16691.8492633957,4002.958718215723,1225.0009414452325,17046.238193029516,17477.784523288858,493.25381455653167,55.912399133998065,61.742330677405334,7440.144082584939,6940.8160626126,487.2436333333333,2825.4351601685626,78.29633958092768,48.7215865322666,5408.211825429173,9989.520052465887,3222.0409833333333
2025-11-29,10195.237379586928,10252.79335244148,41392.165234967666,41392.165234967666,18190.10906613745,0.0,0.0,20369.335291323463,16499.16158597201,1160.129408224522,1273.0720380583539,18190.10906613745,18151.6028289438,754.4174521546364,66.79177787349073,56.47882900237224,7419.384082261098,6489.040627192423,493.2887999999999,3234.340990427305,353.4789637615987,363.894036521126,4947.823578742494,9535.114436975111,3218.3943833333333
2025-11-30,10252.79335244148,9946.474343328458,85016.79689419828,85016.79689419828,62064.23373945977,1425.0573083210336,9382.64517069558,19050.201665461635,15576.213289339445,1969.4589778549941,686.7074652088037,71446.87891015536,60149.81742716515,745.3404756619399,281.37927413791556,312.8142733912601,1423.3336556441511,3429.782990682481,6003.997554818958,4481.167760198964,811.0109874224505,191.54696313272404,7047.921040258429,9728.886032164392,8.570777057543728
2025-12-01,9946.474343328458,9927.028594528332,86153.36418043045,86153.36418043045,67082.55957120386,7031.403036720398,48488.03807562238,20152.00156231324,16288.245617082712,2132.607419355895,923.8255358977485,115570.59764682624,60974.34652580123,933.8078550562747,785.1465628370185,0.0,5614.870540376851,4847.803065014348,2548.257623644711,3963.358011643792,1375.7136163907267,633.7385404212534,5954.591618176198,9708.631346583581,9.665655657201114
2025-12-02,9927.028594528332,9873.538996878733,85913.56484359468,85913.56484359468,68143.8916331376,11028.879615419044,76869.78159711199,13673.748124679496,11174.623407853363,2111.491743532396,3715.188281988515,145013.67323024958,61683.40291695551,833.3333,853.5400259465144,0.0,3539.4700776849154,1808.7862039800384,4201.818606840912,1332.4309486530717,908.857163846992,99.12643557775141,1650.318140206965,9662.721593232009,20.619393327067087
2025-12-03,9873.538996878733,9519.691204448345,86955.70758366876,86955.70758366876,69626.2778579637,8180.165180776844,57934.80773637009,14815.219525296223,12351.496037021581,2358.670247738789,3124.4829617655137,127561.08559433378,63595.40905882261,793.5092654583146,967.9160600439853,0.0,2870.1106006460936,2630.7570658743807,4710.828078542214,1941.3623315709142,1320.4982680120306,206.80970012938224,2450.507164003257,9283.157962688292,31.635865774004902
2025-12-04,9519.691204448345,9034.441514356637,86978.84475874352,86978.84475874352,68235.76850374663,9246.403046442529,63555.4515129165,15698.485900970272,13069.046303545823,4254.290160086912,2775.497047674685,131791.22001666314,63759.89945326247,1185.1156344584479,1301.6112804580162,0.0,3886.6864097292655,2668.0990667624083,3351.6486065426147,2949.312318416242,103.55651604241598,58.41013171274926,4401.578363824576,8734.521592431985,23.965126948933403
2025-12-05,9034.441514356637,8654.6591998226,41071.498176094436,41071.498176094436,18789.423407034486,3627.214941399153,17125.090334187928,19424.149471891033,16209.894552327836,0.0,118.55911459706294,35914.513741222414,18325.29091924805,1950.4859262641246,844.3820975129048,0.0,7786.5088656820135,5305.554539320049,0.0,3720.301106240249,300.8905665683855,293.2430553405117,5321.401823003173,8320.65052005383,1956.7111995613568
2025-12-06,8654.6591998226,8653.723917751162,44732.30005891595,44732.30005891595,21348.060794075544,2864.553987283478,13376.404818948204,19361.51674840999,15877.017664946417,151.82136363961217,168.7425990962388,34724.46561302375,19736.13138224544,703.7222088163855,965.7383802201463,1196.1887926041768,7142.6983901536505,4932.059646972946,139.68442061719585,4220.415051679151,204.31825713643326,265.91600993484786,5426.195407983084,8281.91546416796,1998.3828088359073
2025-12-07,8653.723917751162,8386.964814582132,91038.83027685713,91038.83027685713,72320.57114038883,3140.950423626258,21442.20298434595,19843.0834357965,16149.050524862492,2684.6586848096586,169.05447140640456,93762.77412473477,66414.94965296314,2204.8264969762013,939.9309446141167,26.105261982195884,2598.332733341569,3978.819399912354,5016.9959868221595,5179.3005577765425,312.97459784444675,265.33245754946597,7280.168444453119,7986.316235692596,0.647817787083909
2025-12-08,8386.964814582132,8961.74570916756,98171.07346540545,98171.07346540545,78690.58049296554,0.0,0.0,19703.424892436982,15377.037705172663,4392.5629414713585,1591.243686669769,78690.58049296554,77423.28592809968,2707.626076240908,70.06253841177488,134.919770441635,407.5929379798308,4159.768036543909,6598.086908988322,4414.320749188376,0.0,9.576409536935747,7479.12325394664,8196.431563356318,822.1720658460933
2025-12-09,8961.74570916756,9342.834695692807,99187.9331056857,99187.9331056857,79216.47677237085,9.50630000000001,65.75507710000007,19595.24005739355,15482.682432029513,6680.2381969669905,1018.0135333546821,79282.23184947085,79843.94907464129,2069.2440906677284,220.89124333322127,587.2653303200528,276.45252591768553,5364.600495800922,6568.517051008473,2744.6798140860838,0.0,28.1346294049672,7512.280533081302,8743.930602562514,904.5410786888312
2025-12-10,9342.834695692807,9729.172665345635,97320.81485182076,97320.81485182076,78419.87034046502,0.0,0.0,19461.946647714463,15444.671343943199,4129.232389036902,725.5801090125769,78419.87034046502,77605.3654866878,1665.9727031425314,298.31441737054206,666.2373557992843,396.33335450242714,4513.46217641687,6412.992814968993,3575.9136564762966,22.395211667895182,15.855514408601822,7585.626791727558,9059.318490831409,729.0087537057793
2025-12-11,9729.172665345635,9770.92196197233,97603.80225487065,97603.80225487065,76875.19747732482,0.0,0.0,18661.63702196366,14998.121977104758,6604.5898908201925,1634.6432358582135,76875.19747732482,77979.03132117068,1309.7871266125405,102.17247512361394,283.6333515006008,224.75351095910332,4368.072332228923,6455.373005203285,3601.523970491178,0.0,33.45368045004711,7429.097391865592,8966.117617813967,786.7255939531614
2025-12-12,9770.92196197233,10077.106841356435,53136.39530475117,53136.39530475117,26102.082493720394,0.0,0.0,18661.797526812512,14903.426991784712,4744.03342526339,850.8640944599745,26102.082493720394,25779.89308567861,1466.4664433677306,261.66758490295973,102.98783165856435,4573.7704645968215,5278.815283333333,1598.6587999999995,2399.1844338930705,130.17065000000014,0.0,4986.750696417731,9492.044011735454,3352.4087958671976
2025-12-13,10077.106841356435,10205.588587898295,55328.82769372803,55328.82769372803,27651.623770973056,0.0,0.0,17850.827135098843,14420.628723138585,7030.893225055214,926.4931733792292,27651.623770973056,27346.01231980841,1011.4590601040015,168.67799590503256,50.03172905041353,4020.062705148446,5169.198900000001,1675.5021666666669,2085.6915377995165,221.4220833333335,42.21490080650693,5032.710288751776,9587.406705605314,3302.253483333333
2025-12-14,10205.588587898295,10800.0,98641.90877132032,98641.90877132032,78966.07953366904,215.1149036800067,1642.187174693171,19789.89688113865,16029.816473722307,4129.41210626501,2208.872277985632,80608.26670836221,76354.92278256208,813.2486203259772,123.76111157250682,117.30282500662814,911.3356574433874,3715.035127570503,7328.710286584515,4963.822500295464,80.31169378804975,174.2782658308696,7034.358478013857,10666.666666666668,551.3392463199933
2025-12-15,10800.0,10800.0,99647.825763922,99647.825763922,78608.89284649215,0.0,0.0,22414.099468727378,18155.42056966917,2785.882775162916,3133.915939700868,78608.89284649215,78803.79593321183,259.233328375726,209.97899598433412,82.09320178292518,970.7655935194138,3904.9595082054902,7542.517565177245,7991.247731038278,1620.184175942858,622.2757171518035,7092.968839045324,9554.289982173159,719.0054
2025-12-16,10800.0,10522.857663576067,99957.5706050494,99957.5706050494,79630.06876320847,0.25385000000005675,1.7282108000003864,21472.74688306107,17392.924975279468,3214.175656289781,3213.8830243113607,79631.79697400848,79192.68258259461,71.64685918090132,66.29075042644934,73.67656866514862,51.42122612885123,3871.4228219340434,7412.634180014397,7344.79366761319,1672.5011765188644,11.204166143454813,7463.719625524237,9792.066870164404,726.3580166666667
2025-12-17,10522.857663576067,10800.0,99188.69320239527,99188.69320239527,78241.40416685757,2.4444666666668127,16.722596466667667,19874.572946717966,16098.404086841545,4162.489379194398,3108.3417466577907,78258.12676332424,79174.51614879844,565.5984016057952,208.7066025191533,80.70822653200742,1198.5641835397537,4434.5883540012055,6998.036125322084,5603.963060036964,0.0,22.479201068147326,6988.712958793887,9475.17163283377,704.3842166666667
2025-12-18,10800.0,10800.0,96780.10561938208,96780.10561938208,75470.44610542773,303.1159345537192,2181.758155739618,20908.636669884152,16935.995702606164,3424.0506776667758,2465.2232589910236,77652.20426116735,75656.80609710357,313.95999696796673,446.9644677118272,93.59005586241233,1169.5976025275522,4224.898739348766,7379.500477774367,6165.566091553863,150.7431405910371,204.1943047808204,7064.245614001378,9906.427481370334,724.9444
2025-12-19,10800.0,10122.720168818661,54614.61036234745,54614.61036234745,27110.60238226643,0.0,0.0,19247.884858249527,15603.203036284523,6563.9666776015,1461.367412780939,27110.60238226643,27538.312449792338,102.47786274463964,124.9625672786957,67.40064545550203,5195.640769005822,5995.163166666668,1621.1751166666668,2812.846230011194,330.31075,0.0,5040.657299999999,9532.792574407566,3290.4565333333335
2025-12-20,10122.720168818661,10082.25898128985,54859.55158991038,54859.55158991038,26876.990125716504,0.0,0.0,19652.8752827228,16006.218607410148,6519.7378225905695,1688.5916086738232,26876.990125716504,27132.0484883259,792.5534953518866,64.35823358239992,135.9460288950823,5222.218884331634,5827.812983333334,2062.894616666667,3411.814837247565,277.1595666666664,64.41291113962836,5145.41617282945,9483.266581852527,3234.1711333333337
2025-12-21,10082.25898128985,10046.45961670884,98963.47760209617,98963.47760209617,79382.61621961114,0.0,0.0,19920.802441785247,16052.656618540756,4678.977399231481,1350.3575296202143,79382.61621961114,78450.11986713004,885.3703183444535,300.86905448034236,383.65856176999506,114.80925403320202,4405.78870846056,6959.0551117091145,4271.591876958803,35.89133002059407,0.0,7884.649195525074,9831.908053500569,757.3826727724306
2025-12-22,10046.45961670884,10800.0,100265.06061628833,100265.06061628833,79888.63767958718,23.45918333333327,162.8067323333329,19535.39547765107,15807.057766695589,4735.478236626492,2936.4011187063743,80051.44441192051,80494.71312511926,1097.7953685082693,268.9812419173676,229.97483480732774,486.5721077781932,4648.510891876386,7069.360959030691,4615.78255450083,76.47090256288698,21.066421858449758,7160.952138739782,9739.023152717415,744.7204166666667
2025-12-23,10800.0,10800.0,100874.0060146015,100874.0060146015,79517.26289658158,0.0,0.0,22300.90893323744,18063.736235922326,5343.561594688245,3979.5188059314746,79517.26289658158,79720.12963785602,93.62172658382602,147.3996211076684,179.49881446791468,73.82801714424022,4639.813915883194,6652.991866666665,7643.107493624428,3691.8764703817915,615.4185619484242,6767.011425367145,9129.448420729665,730.6288352548211
2025-12-24,10800.0,10800.0,98493.66995948413,98493.66995948413,77250.64049735724,0.0,0.0,19931.982656618668,16144.905951861116,3863.51005271106,3029.870868682191,77250.64049735724,78656.6218759082,175.3659725175303,144.96529549812806,98.27379505033619,762.4081766614936,4339.395434630784,7148.664024016717,5519.992809677646,151.71519344345847,116.231146044162,7214.585512241325,9682.723498698211,722.56775
2025-12-25,10800.0,10800.0,98261.41129620398,98261.41129620398,78024.93617163537,79.99501129261989,606.0822030585347,21092.856422618923,17085.213702321333,3767.9893661779593,2930.945271021049,78631.01837469391,77310.63785936328,336.6729535270963,273.1362605784901,133.11595684817087,664.2993552008055,3699.4917426325337,6632.365073341587,5577.319942995997,1563.7237725282798,679.5891599484564,7309.506951964788,10666.666666666668,642.18228870738
2025-12-26,10800.0,10688.117778902413,55015.34238633691,55015.34238633691,26895.065395741178,0.0,0.0,20432.09872577176,16549.99996787513,6517.827822341881,1629.8965060983965,26895.065395741178,28102.058839477297,186.54962987786647,253.18959656648548,39.60084448736035,6174.713170816335,5997.066783333335,1738.878866666667,4424.436364584754,457.8177999999999,23.870501357914943,5193.838614176098,9636.261023133211,2731.5619196495413
2025-12-27,10688.117778902413,10338.754816262777,54937.125680152305,54937.125680152305,26866.66186325739,0.0,0.0,20004.06208290249,16203.290287151012,6147.010425273774,1409.4081591270547,26866.66186325739,27083.197354024964,248.5618374650817,310.47700751604555,26.990785436941735,5794.218271271847,5158.458200000001,1699.5235666666665,4608.5352607717095,229.54948333333328,9.282758024276461,4919.777225029787,9564.052171604882,3249.744733333333
2025-12-28,10338.754816262777,10603.325070757308,99087.62106345994,99087.62106345994,78780.307514537,12.272299999999973,87.31127834999981,19122.4890309245,15489.216115048854,6315.19466375123,2393.1922171663946,78867.61879288699,78288.82063050212,809.3327447139411,331.42165598346696,204.99414110697197,137.6681171194217,4890.867444304994,6910.980243437574,3724.930355576236,5.210313514774953,43.051464887790566,7231.041971326864,9743.27982977294,872.8938136667538
2025-12-29,10603.325070757308,10647.480706974582,100203.38077612205,100203.38077612205,78861.23836960222,0.0,0.0,21451.692925483152,17375.87126964136,4918.461330613424,3672.2309896668316,78861.23836960222,80571.93171431067,297.4270668847065,72.22543534976637,113.02100638356626,83.23006767911045,4669.888234875643,6306.324583333334,6628.945180762215,2845.730483333333,0.0,7316.627166612484,9791.47325459622,751.7335333333334
2025-12-30,10647.480706974582,10654.210344721208,99113.45935134623,99113.45935134623,77268.88328752997,0.0,0.0,21291.793747132542,17246.35293517736,4125.398594822262,4701.457677902123,77268.88328752997,78952.88373606482,204.09630182059578,47.814409752431516,273.3494674989782,566.3530481977652,4516.859304533604,7106.430651092591,6381.112379925565,1356.222664795116,0.0,7431.806587246021,9923.853668627835,737.725574093441
2025-12-31,10654.210344721208,10800.0,98305.59070461121,98305.59070461121,78294.08047942896,0.0,0.0,18442.84777796916,14938.706700155019,2734.5807003357977,3420.445993127936,78294.08047942896,78534.40341069175,323.1323636783367,130.52652482854023,281.2810688894393,227.83766580044744,3915.374715169798,6927.837576822258,4760.810253096959,99.87224747381174,7.494193854221925,6794.269229003693,9316.743689145735,758.3634562262674
